experiment,unit_id,scenario_id,case_id,family,search_space,hag_edge_cost,grid_edge_cost,engine,od_id,od_band,area_graph_time_s,cell_size_m,cost_model,cta_hops,cta_narrowest_width_m,executor,git_branch,git_dirty,git_sha,grid_cols,grid_rows,hag_build_time_s,hag_edges_per_area_mean,hag_hop_diameter_lb,hag_n_areas,hag_n_edges,height_delta_m,n_areas_selected,n_cells_selected,n_path_cells,n_valid_cells,n_workers,numpy,objective_sum_abs_dh_m,path_cost,path_found,path_i_max_percent,path_length_m,path_r_min_m,peak_memory_bytes,periods,platform,python,python_free_threaded,relief_amplitude_m,relief_m,run_id,scipy,search_n_edges,search_n_nodes,search_nodes_expanded,search_nodes_pushed,search_nodes_reached,search_space_percent_of_full,search_space_reduction_percent,search_time_s_max,search_time_s_median,search_time_s_min,selection_time_s,start_i,start_j,straight_line_m,target_i,target_j,terrain_seed,terrain_slope_percent_p50,timestamp_utc,timing_mode,timing_repeats,break_even_queries,hausdorff_to_full_m,length_ratio_to_full,memory_ratio_to_full,nodes_expanded_ratio_to_full,objective_ratio_to_full,path_cost_ratio_to_full,query_time_saving_s,search_time_ratio_to_full
X3,syn_s0_n120_p4_a200_d1,syn_s0_n120_p4_a200_d1__od1__full_grid__climb_tiebreak__native,syn_s0_n120_p4_a200,synthetic,full_grid,,climb_tiebreak,native,od1,,0.0,10.0,height_tiebreak,0,nan,serial,article_2_HAG_applications,True,6f060dbaf1c69bc25c1517ab2245b48bb8526299,120,120,0.09352599998237565,7.909598781107161,92,11814,46722,1,11814,14400,122,14400,1,2.5.3,253.59333762091273,253.59487070749128,True,56.751596574720224,1533.0865786510144,26.22136284816086,165144,4,Windows-11-10.0.26300-SP0,3.14.7,True,200.0,296.10683349374466,20261002T115338Z,1.18.1,0,14400,11498,22933,11902,100.0,0.0,0.0034810000215657055,0.0023111000191420317,0.0018524999904911965,0.0,109,68,1076.1505470890213,19,9,0,80.09442547061653,2026-10-02T11:53:38+00:00,serial_calibration,5,,,,,,,,,
X3,syn_s0_n120_p4_a200_d1,syn_s0_n120_p4_a200_d1__od1__hag_cta__shared_border__climb_tiebreak__native,syn_s0_n120_p4_a200,synthetic,hag_cta,shared_border,climb_tiebreak,native,od1,,0.016871999978320673,10.0,height_tiebreak,97,20.0,serial,article_2_HAG_applications,True,6f060dbaf1c69bc25c1517ab2245b48bb8526299,120,120,0.09352599998237565,7.909598781107161,92,11814,46722,1,98,168,122,14400,1,2.5.3,254.64708340922436,254.64863306434535,True,56.751596574720224,1549.6551211459382,15.676362995495106,164896,4,Windows-11-10.0.26300-SP0,3.14.7,True,200.0,296.10683349374466,20261002T115338Z,1.18.1,0,168,163,170,165,1.1666666666666667,98.83333333333333,0.0002643000043462962,0.00014489999739453197,0.000135900016175583,0.002862599998479709,109,68,1076.1505470890213,19,9,0,80.09442547061653,2026-10-02T11:53:38+00:00,serial_calibration,5,inf,10.0,1.0108073103800195,0.9984982802887177,0.0141763785006088,1.0041552581712019,1.0041552983856268,-0.0006963999767322093,0.0626974151678318
X3,syn_s0_n120_p4_a200_d1,syn_s0_n120_p4_a200_d1__od1__hag_cta_ring1__shared_border__climb_tiebreak__native,syn_s0_n120_p4_a200,synthetic,hag_cta_ring1,shared_border,climb_tiebreak,native,od1,,0.016871999978320673,10.0,height_tiebreak,97,20.0,serial,article_2_HAG_applications,True,6f060dbaf1c69bc25c1517ab2245b48bb8526299,120,120,0.09352599998237565,7.909598781107161,92,11814,46722,1,484,690,122,14400,1,2.5.3,253.59333762091273,253.59487070749128,True,56.751596574720224,1533.0865786510144,26.22136284816086,166336,4,Windows-11-10.0.26300-SP0,3.14.7,True,200.0,296.10683349374466,20261002T115338Z,1.18.1,0,690,652,1198,666,4.791666666666667,95.20833333333333,0.00046270000166259706,0.00024090000079013407,0.00022230000467970967,0.0029192999936640263,109,68,1076.1505470890213,19,9,0,80.09442547061653,2026-10-02T11:53:38+00:00,serial_calibration,5,inf,0.0,1.0,1.0072179431284212,0.0567055140024352,1.0,1.0,-0.0008490999753121287,0.10423607753660326
X3,syn_s0_n120_p4_a200_d1,syn_s0_n120_p4_a200_d1__od2__full_grid__climb_tiebreak__native,syn_s0_n120_p4_a200,synthetic,full_grid,,climb_tiebreak,native,od2,,0.0,10.0,height_tiebreak,0,nan,serial,article_2_HAG_applications,True,6f060dbaf1c69bc25c1517ab2245b48bb8526299,120,120,0.09352599998237565,7.909598781107161,92,11814,46722,1,11814,14400,164,14400,1,2.5.3,287.4218554698374,287.42372157156746,True,73.04721462191864,1866.101730552664,14.1538618238051,168008,4,Windows-11-10.0.26300-SP0,3.14.7,True,200.0,296.10683349374466,20261002T115338Z,1.18.1,0,14400,12573,24764,12852,100.0,0.0,0.002830399986123666,0.0024967000063043088,0.0024277000047732145,0.0,25,10,1188.023568789778,110,93,0,80.09442547061653,2026-10-02T11:53:38+00:00,serial_calibration,5,,,,,,,,,
X3,syn_s0_n120_p4_a200_d1,syn_s0_n120_p4_a200_d1__od2__hag_cta__shared_border__climb_tiebreak__native,syn_s0_n120_p4_a200,synthetic,hag_cta,shared_border,climb_tiebreak,native,od2,,0.016871999978320673,10.0,height_tiebreak,125,20.0,serial,article_2_HAG_applications,True,6f060dbaf1c69bc25c1517ab2245b48bb8526299,120,120,0.09352599998237565,7.909598781107161,92,11814,46722,1,126,170,161,14400,1,2.5.3,287.80917147084637,287.81098686189836,True,81.99960685954352,1815.3910524340095,14.15317309818328,167584,4,Windows-11-10.0.26300-SP0,3.14.7,True,200.0,296.10683349374466,20261002T115338Z,1.18.1,0,170,170,171,170,1.1805555555555556,98.81944444444444,0.000367900007404387,0.00020830001449212432,0.00016950001008808613,0.0033724000095389783,25,10,1188.023568789778,110,93,0,80.09442547061653,2026-10-02T11:53:38+00:00,serial_calibration,5,inf,22.360679774997898,0.9728253410366667,0.9974763106518737,0.013521037143084388,1.0013475523647144,1.0013473671839381,-0.0010840000177267939,0.0834301333625005
X3,syn_s0_n120_p4_a200_d1,syn_s0_n120_p4_a200_d1__od2__hag_cta_ring1__shared_border__climb_tiebreak__native,syn_s0_n120_p4_a200,synthetic,hag_cta_ring1,shared_border,climb_tiebreak,native,od2,,0.016871999978320673,10.0,height_tiebreak,125,20.0,serial,article_2_HAG_applications,True,6f060dbaf1c69bc25c1517ab2245b48bb8526299,120,120,0.09352599998237565,7.909598781107161,92,11814,46722,1,504,657,163,14400,1,2.5.3,287.6335104320349,287.6353541073581,True,74.3077212436583,1843.6753236814711,14.173726322844358,169056,4,Windows-11-10.0.26300-SP0,3.14.7,True,200.0,296.10683349374466,20261002T115338Z,1.18.1,0,657,647,1136,655,4.5625,95.4375,0.00041530001908540726,0.00025320000713691115,0.00023750000400468707,0.0031005000055301934,25,10,1188.023568789778,110,93,0,80.09442547061653,2026-10-02T11:53:38+00:00,serial_calibration,5,inf,10.0,0.9879822163475775,1.0062377982000856,0.05145947665632705,1.000736391329224,1.0007363085226004,-0.0008570000063627958,0.10141386890598263
X3,syn_s0_n120_p4_a200_d1,syn_s0_n120_p4_a200_d1__od3__full_grid__climb_tiebreak__native,syn_s0_n120_p4_a200,synthetic,full_grid,,climb_tiebreak,native,od3,,0.0,10.0,height_tiebreak,0,nan,serial,article_2_HAG_applications,True,6f060dbaf1c69bc25c1517ab2245b48bb8526299,120,120,0.09352599998237565,7.909598781107161,92,11814,46722,1,11814,14400,158,14400,1,2.5.3,291.750182737492,291.7519681285445,True,51.40425143021603,1785.3910524340095,14.153095128426568,169384,4,Windows-11-10.0.26300-SP0,3.14.7,True,200.0,296.10683349374466,20261002T115338Z,1.18.1,0,14400,13743,27419,13971,100.0,0.0,0.002807800017762929,0.0023225000186357647,0.0021735999907832593,0.0,111,93,1155.2056094046636,35,6,0,80.09442547061653,2026-10-02T11:53:38+00:00,serial_calibration,5,,,,,,,,,
X3,syn_s0_n120_p4_a200_d1,syn_s0_n120_p4_a200_d1__od3__hag_cta__shared_border__climb_tiebreak__native,syn_s0_n120_p4_a200,synthetic,hag_cta,shared_border,climb_tiebreak,native,od3,,0.016871999978320673,10.0,height_tiebreak,125,20.0,serial,article_2_HAG_applications,True,6f060dbaf1c69bc25c1517ab2245b48bb8526299,120,120,0.09352599998237565,7.909598781107161,92,11814,46722,1,126,181,158,14400,1,2.5.3,291.750182737492,291.7519681285445,True,51.40425143021603,1785.3910524340095,14.153095128426568,167512,4,Windows-11-10.0.26300-SP0,3.14.7,True,200.0,296.10683349374466,20261002T115338Z,1.18.1,0,181,181,184,181,1.2569444444444444,98.74305555555556,0.0002800000074785203,0.00018630002159625292,0.00015700000221841037,0.0026891000161413103,111,93,1155.2056094046636,35,6,0,80.09442547061653,2026-10-02T11:53:38+00:00,serial_calibration,5,inf,0.0,1.0,0.9889481887309309,0.01317034126464382,1.0,1.0,-0.0005529000191017985,0.08021529390802135
X3,syn_s0_n120_p4_a200_d1,syn_s0_n120_p4_a200_d1__od3__hag_cta_ring1__shared_border__climb_tiebreak__native,syn_s0_n120_p4_a200,synthetic,hag_cta_ring1,shared_border,climb_tiebreak,native,od3,,0.016871999978320673,10.0,height_tiebreak,125,20.0,serial,article_2_HAG_applications,True,6f060dbaf1c69bc25c1517ab2245b48bb8526299,120,120,0.09352599998237565,7.909598781107161,92,11814,46722,1,507,661,158,14400,1,2.5.3,291.750182737492,291.7519681285445,True,51.40425143021603,1785.3910524340095,14.153095128426568,168584,4,Windows-11-10.0.26300-SP0,3.14.7,True,200.0,296.10683349374466,20261002T115338Z,1.18.1,0,661,656,1050,660,4.590277777777778,95.40972222222223,0.00035539999953471124,0.00022230000467970967,0.00021229998674243689,0.002988699998240918,111,93,1155.2056094046636,35,6,0,80.09442547061653,2026-10-02T11:53:38+00:00,serial_calibration,5,inf,0.0,1.0,0.995277003731167,0.04773339154478644,1.0,1.0,-0.0008884999842848629,0.09571582471301274
X3,syn_s0_n120_p8_a100_d5,syn_s0_n120_p8_a100_d5__od1__full_grid__climb_tiebreak__native,syn_s0_n120_p8_a100,synthetic,full_grid,,climb_tiebreak,native,od1,,0.0,10.0,height_tiebreak,0,nan,serial,article_2_HAG_applications,True,6f060dbaf1c69bc25c1517ab2245b48bb8526299,120,120,0.2006522000010591,7.589886219974716,37,3955,15009,5,3955,14400,122,14400,1,2.5.3,307.8813738738868,307.8827744121251,True,108.5070029773874,1400.5382386916242,18.958279111410878,166384,8,Windows-11-10.0.26300-SP0,3.14.7,True,100.0,154.1516516827075,20261002T115338Z,1.18.1,0,14400,13757,25715,13927,100.0,0.0,0.007294099981663749,0.0069275000132620335,0.006535099993925542,0.0,109,68,1076.1505470890213,19,9,0,76.8896380243889,2026-10-02T11:53:38+00:00,serial_calibration,5,,,,,,,,,
X3,syn_s0_n120_p8_a100_d5,syn_s0_n120_p8_a100_d5__od1__hag_cta__shared_border__climb_tiebreak__native,syn_s0_n120_p8_a100,synthetic,hag_cta,shared_border,climb_tiebreak,native,od1,,0.02821140000014566,10.0,height_tiebreak,38,20.0,serial,article_2_HAG_applications,True,6f060dbaf1c69bc25c1517ab2245b48bb8526299,120,120,0.2006522000010591,7.589886219974716,37,3955,15009,5,39,378,144,14400,1,2.5.3,353.00927372144787,353.01094396531363,True,92.89006459108367,1670.243866176395,11.70512368126947,166944,8,Windows-11-10.0.26300-SP0,3.14.7,True,100.0,154.1516516827075,20261002T115338Z,1.18.1,0,378,373,440,374,2.625,97.375,0.0012919000000692904,0.0009139999747276306,0.0008336000028066337,0.004117500007851049,109,68,1076.1505470890213,19,9,0,76.8896380243889,2026-10-02T11:53:38+00:00,serial_calibration,5,120.70864783621236,80.62257748298549,1.1925728409505822,1.003365708241177,0.027113469506433088,1.1465756089098336,1.146575818148179,0.0018960000306833535,0.1319379246449463
X3,syn_s0_n120_p8_a100_d5,syn_s0_n120_p8_a100_d5__od1__hag_cta_ring1__shared_border__climb_tiebreak__native,syn_s0_n120_p8_a100,synthetic,hag_cta_ring1,shared_border,climb_tiebreak,native,od1,,0.02821140000014566,10.0,height_tiebreak,38,20.0,serial,article_2_HAG_applications,True,6f060dbaf1c69bc25c1517ab2245b48bb8526299,120,120,0.2006522000010591,7.589886219974716,37,3955,15009,5,219,1189,125,14400,1,2.5.3,307.88137387388684,307.8828002699895,True,108.12538681630303,1426.3961030678931,17.220929229622623,166472,8,Windows-11-10.0.26300-SP0,3.14.7,True,100.0,154.1516516827075,20261002T115338Z,1.18.1,0,1189,1171,1932,1184,8.256944444444445,91.74305555555556,0.005570000008447096,0.0015178000030573457,0.0012827000173274428,0.006910000025527552,109,68,1076.1505470890213,19,9,0,76.8896380243889,2026-10-02T11:53:38+00:00,serial_calibration,5,inf,40.0,1.0184628049859068,1.0005288970093278,0.08512030239150978,1.0000000000000002,1.0000000839860705,-0.001500300015322864,0.21909779865054688
X3,syn_s0_n120_p8_a100_d5,syn_s0_n120_p8_a100_d5__od2__full_grid__climb_tiebreak__native,syn_s0_n120_p8_a100,synthetic,full_grid,,climb_tiebreak,native,od2,,0.0,10.0,height_tiebreak,0,nan,serial,article_2_HAG_applications,True,6f060dbaf1c69bc25c1517ab2245b48bb8526299,120,120,0.2006522000010591,7.589886219974716,37,3955,15009,5,3955,14400,138,14400,1,2.5.3,255.93267841542755,255.93440878122658,True,81.07475074470557,1730.365799264593,15.956113614709007,167424,8,Windows-11-10.0.26300-SP0,3.14.7,True,100.0,154.1516516827075,20261002T115338Z,1.18.1,0,14400,14322,26895,14377,100.0,0.0,0.015893800009507686,0.014007499994477257,0.011607199994614348,0.0,25,10,1188.023568789778,110,93,0,76.8896380243889,2026-10-02T11:53:38+00:00,serial_calibration,5,,,,,,,,,
X3,syn_s0_n120_p8_a100_d5,syn_s0_n120_p8_a100_d5__od2__hag_cta__shared_border__climb_tiebreak__native,syn_s0_n120_p8_a100,synthetic,hag_cta,shared_border,climb_tiebreak,native,od2,,0.02821140000014566,10.0,height_tiebreak,34,20.0,serial,article_2_HAG_applications,True,6f060dbaf1c69bc25c1517ab2245b48bb8526299,120,120,0.2006522000010591,7.589886219974716,37,3955,15009,5,35,491,173,14400,1,2.5.3,308.17156647437787,308.17372554075337,True,81.5995915187615,2159.066376115481,11.74725127250879,168936,8,Windows-11-10.0.26300-SP0,3.14.7,True,100.0,154.1516516827075,20261002T115338Z,1.18.1,0,491,491,594,491,3.4097222222222223,96.59027777777777,0.0012442000152077526,0.0009684999822638929,0.0009253000025637448,0.0032937999931164086,25,10,1188.023568789778,110,93,0,76.8896380243889,2026-10-02T11:53:38+00:00,serial_calibration,5,23.48475142149135,382.7531841800928,1.2477514159336056,1.0090309633027523,0.034282921379695575,1.2041118327771987,1.20411212782327,0.009745200019096956,0.06914153008357977
X3,syn_s0_n120_p8_a100_d5,syn_s0_n120_p8_a100_d5__od2__hag_cta_ring1__shared_border__climb_tiebreak__native,syn_s0_n120_p8_a100,synthetic,hag_cta_ring1,shared_border,climb_tiebreak,native,od2,,0.02821140000014566,10.0,height_tiebreak,34,20.0,serial,article_2_HAG_applications,True,6f060dbaf1c69bc25c1517ab2245b48bb8526299,120,120,0.2006522000010591,7.589886219974716,37,3955,15009,5,288,1786,164,14400,1,2.5.3,266.52025898650413,266.5222824893881,True,95.90323409383903,2023.5028842544407,14.314633131935102,170056,8,Windows-11-10.0.26300-SP0,3.14.7,True,100.0,154.1516516827075,20261002T115338Z,1.18.1,0,1786,1769,2955,1783,12.402777777777779,87.59722222222223,0.001319299975875765,0.0009051999950315803,0.0008331999997608364,0.0035752999829128385,25,10,1188.023568789778,110,93,0,76.8896380243889,2026-10-02T11:53:38+00:00,serial_calibration,5,24.022630377248085,388.329756778952,1.1694075813995117,1.0157205657492354,0.123516268677559,1.04136861551494,1.041369481183017,0.009527000016532838,0.06462252331882734
X3,syn_s0_n120_p8_a100_d5,syn_s0_n120_p8_a100_d5__od3__full_grid__climb_tiebreak__native,syn_s0_n120_p8_a100,synthetic,full_grid,,climb_tiebreak,native,od3,,0.0,10.0,height_tiebreak,0,nan,serial,article_2_HAG_applications,True,6f060dbaf1c69bc25c1517ab2245b48bb8526299,120,120,0.2006522000010591,7.589886219974716,37,3955,15009,5,3955,14400,145,14400,1,2.5.3,250.1799891330116,250.1817149403695,True,82.02853781690138,1725.8073580374357,19.179347282485622,169040,8,Windows-11-10.0.26300-SP0,3.14.7,True,100.0,154.1516516827075,20261002T115338Z,1.18.1,0,14400,12244,23342,12732,100.0,0.0,0.0086777999822516,0.00827319998643361,0.007841400016332045,0.0,111,93,1155.2056094046636,35,6,0,76.8896380243889,2026-10-02T11:53:38+00:00,serial_calibration,5,,,,,,,,,
X3,syn_s0_n120_p8_a100_d5,syn_s0_n120_p8_a100_d5__od3__hag_cta__shared_border__climb_tiebreak__native,syn_s0_n120_p8_a100,synthetic,hag_cta,shared_border,climb_tiebreak,native,od3,,0.02821140000014566,10.0,height_tiebreak,33,20.0,serial,article_2_HAG_applications,True,6f060dbaf1c69bc25c1517ab2245b48bb8526299,120,120,0.2006522000010591,7.589886219974716,37,3955,15009,5,34,466,163,14400,1,2.5.3,285.5401532181151,285.54219157381283,True,81.5995915187615,2038.3556979968262,11.82586330096245,168176,8,Windows-11-10.0.26300-SP0,3.14.7,True,100.0,154.1516516827075,20261002T115338Z,1.18.1,0,466,456,546,456,3.236111111111111,96.7638888888889,0.0017985999875236303,0.0008205999911297113,0.0007422999769914895,0.00303580000763759,111,93,1155.2056094046636,35,6,0,76.8896380243889,2026-10-02T11:53:38+00:00,serial_calibration,5,51.81660945487566,242.0743687382041,1.1811026813066878,0.9948887837198296,0.037242731133616466,1.1413388984772233,1.1413391727763615,0.004416799987666309,0.09918773781309902
X3,syn_s0_n120_p8_a100_d5,syn_s0_n120_p8_a100_d5__od3__hag_cta_ring1__shared_border__climb_tiebreak__native,syn_s0_n120_p8_a100,synthetic,hag_cta_ring1,shared_border,climb_tiebreak,native,od3,,0.02821140000014566,10.0,height_tiebreak,33,20.0,serial,article_2_HAG_applications,True,6f060dbaf1c69bc25c1517ab2245b48bb8526299,120,120,0.2006522000010591,7.589886219974716,37,3955,15009,5,273,1738,155,14400,1,2.5.3,254.6688485005565,254.67076543489804,True,94.75522043062819,1916.9343417595167,14.201738569098142,169424,8,Windows-11-10.0.26300-SP0,3.14.7,True,100.0,154.1516516827075,20261002T115338Z,1.18.1,0,1738,1629,2666,1642,12.069444444444445,87.93055555555556,0.0009624999947845936,0.0007757999992463738,0.0007347999780904502,0.003073300002142787,111,93,1155.2056094046636,35,6,0,76.8896380243889,2026-10-02T11:53:38+00:00,serial_calibration,5,51.731109327291875,242.0743687382041,1.1107464183832358,1.0022716516800758,0.13304475661548515,1.0179425196359664,1.0179431598172493,0.00442409998504445,0.0937726636027813
X3,syn_s0_n240_p4_a200_d3,syn_s0_n240_p4_a200_d3__od1__full_grid__climb_tiebreak__native,syn_s0_n240_p4_a200,synthetic,full_grid,,climb_tiebreak,native,od1,,0.0,10.0,height_tiebreak,0,nan,serial,article_2_HAG_applications,True,6f060dbaf1c69bc25c1517ab2245b48bb8526299,240,240,0.2640769999998156,7.2579880534749215,75,10547,38275,3,10547,57600,194,57600,1,2.5.3,218.77895921327942,218.78144840158907,True,25.180030379864036,2489.1883092036787,26.18307927958081,624592,4,Windows-11-10.0.26300-SP0,3.14.7,True,200.0,296.1841242937474,20261002T115338Z,1.18.1,0,57600,36860,73336,37844,100.0,0.0,0.008497800008626655,0.007820999977411702,0.007012599991867319,0.0,111,229,2048.4628383253626,190,40,0,40.121942980120465,2026-10-02T11:53:38+00:00,serial_calibration,5,,,,,,,,,
X3,syn_s0_n240_p4_a200_d3,syn_s0_n240_p4_a200_d3__od1__hag_cta__shared_border__climb_tiebreak__native,syn_s0_n240_p4_a200,synthetic,hag_cta,shared_border,climb_tiebreak,native,od1,,0.030584099993575364,10.0,height_tiebreak,47,20.0,serial,article_2_HAG_applications,True,6f060dbaf1c69bc25c1517ab2245b48bb8526299,240,240,0.2640769999998156,7.2579880534749215,75,10547,38275,3,48,1187,247,57600,1,2.5.3,286.36343587579506,286.36649234332475,True,54.70264164177617,3056.4675298172574,10.849546260901642,650056,4,Windows-11-10.0.26300-SP0,3.14.7,True,200.0,296.1841242937474,20261002T115338Z,1.18.1,0,1187,1164,1688,1172,2.060763888888889,97.9392361111111,0.0007461000059265643,0.0003719999804161489,0.0003487000067252666,0.0023674999829381704,111,229,2048.4628383253626,190,40,0,40.121942980120465,2026-10-02T11:53:38+00:00,serial_calibration,5,57.987031226654544,162.78820596099706,1.227897270172805,1.0407690140123473,0.031578947368421054,1.3089167116689226,1.3089157898693424,0.005081500014057383,0.04756424772926023
X3,syn_s0_n240_p4_a200_d3,syn_s0_n240_p4_a200_d3__od1__hag_cta_ring1__shared_border__climb_tiebreak__native,syn_s0_n240_p4_a200,synthetic,hag_cta_ring1,shared_border,climb_tiebreak,native,od1,,0.030584099993575364,10.0,height_tiebreak,47,20.0,serial,article_2_HAG_applications,True,6f060dbaf1c69bc25c1517ab2245b48bb8526299,240,240,0.2640769999998156,7.2579880534749215,75,10547,38275,3,290,3704,192,57600,1,2.5.3,221.17975184284634,221.18221274688474,True,46.845750933220884,2460.9040379562166,26.307892613996056,650176,4,Windows-11-10.0.26300-SP0,3.14.7,True,200.0,296.1841242937474,20261002T115338Z,1.18.1,0,3704,3612,6680,3659,6.430555555555555,93.56944444444444,0.0011905999854207039,0.0008895999926608056,0.0007295999967027456,0.002611500007333234,111,229,2048.4628383253626,190,40,0,40.121942980120465,2026-10-02T11:53:38+00:00,serial_calibration,5,68.21016725705131,30.0,0.9886371508564129,1.040961139431821,0.09799240368963646,1.010973599281211,1.010973345148026,0.004319899977417663,0.11374504478073297
X3,syn_s0_n240_p4_a200_d3,syn_s0_n240_p4_a200_d3__od2__full_grid__climb_tiebreak__native,syn_s0_n240_p4_a200,synthetic,full_grid,,climb_tiebreak,native,od2,,0.0,10.0,height_tiebreak,0,nan,serial,article_2_HAG_applications,True,6f060dbaf1c69bc25c1517ab2245b48bb8526299,240,240,0.2640769999998156,7.2579880534749215,75,10547,38275,3,10547,57600,211,57600,1,2.5.3,193.05823629469802,193.06064281273424,True,35.599027745352664,2406.518036156091,15.569257570904538,621832,4,Windows-11-10.0.26300-SP0,3.14.7,True,200.0,296.1841242937474,20261002T115338Z,1.18.1,0,57600,38659,79711,39613,100.0,0.0,0.0085325000109151,0.008225700003094971,0.007628499995917082,0.0,218,167,2082.5465180878914,27,84,0,40.121942980120465,2026-10-02T11:53:38+00:00,serial_calibration,5,,,,,,,,,
X3,syn_s0_n240_p4_a200_d3,syn_s0_n240_p4_a200_d3__od2__hag_cta__shared_border__climb_tiebreak__native,syn_s0_n240_p4_a200,synthetic,hag_cta,shared_border,climb_tiebreak,native,od2,,0.030584099993575364,10.0,height_tiebreak,45,20.0,serial,article_2_HAG_applications,True,6f060dbaf1c69bc25c1517ab2245b48bb8526299,240,240,0.2640769999998156,7.2579880534749215,75,10547,38275,3,46,538,301,57600,1,2.5.3,318.53298688675045,318.53663305990716,True,30.012606370705825,3646.173157302028,10.706209401207632,652144,4,Windows-11-10.0.26300-SP0,3.14.7,True,200.0,296.1841242937474,20261002T115338Z,1.18.1,0,538,538,607,538,0.9340277777777778,99.06597222222221,0.000405599974328652,0.00035119999665766954,0.0003304000128991902,0.002378799981670454,218,167,2082.5465180878914,27,84,0,40.121942980120465,2026-10-02T11:53:38+00:00,serial_calibration,5,53.61666369442932,420.0,1.5151239685392204,1.0487462851702711,0.013916552419876355,1.649932129290349,1.649930448894665,0.0054957000247668475,0.042695454067803146
X3,syn_s0_n240_p4_a200_d3,syn_s0_n240_p4_a200_d3__od2__hag_cta_ring1__shared_border__climb_tiebreak__native,syn_s0_n240_p4_a200,synthetic,hag_cta_ring1,shared_border,climb_tiebreak,native,od2,,0.030584099993575364,10.0,height_tiebreak,45,20.0,serial,article_2_HAG_applications,True,6f060dbaf1c69bc25c1517ab2245b48bb8526299,240,240,0.2640769999998156,7.2579880534749215,75,10547,38275,3,241,2234,262,57600,1,2.5.3,249.33096428269687,249.3341334710059,True,25.687455201069724,3169.1883092036783,26.1903388268072,651720,4,Windows-11-10.0.26300-SP0,3.14.7,True,200.0,296.1841242937474,20261002T115338Z,1.18.1,0,2234,2227,4021,2232,3.8784722222222223,96.12152777777779,0.0006466999766416848,0.000600800005486235,0.0005810000002384186,0.0025070999981835485,218,167,2082.5465180878914,27,84,0,40.121942980120465,2026-10-02T11:53:38+00:00,serial_calibration,5,57.57573567284501,400.0,1.3169185776250376,1.0480644289776018,0.05760624951499004,1.2914805867287635,1.291480903815575,0.005117799999425188,0.07303937722749192
X3,syn_s0_n240_p4_a200_d3,syn_s0_n240_p4_a200_d3__od3__full_grid__climb_tiebreak__native,syn_s0_n240_p4_a200,synthetic,full_grid,,climb_tiebreak,native,od3,,0.0,10.0,height_tiebreak,0,nan,serial,article_2_HAG_applications,True,6f060dbaf1c69bc25c1517ab2245b48bb8526299,240,240,0.2640769999998156,7.2579880534749215,75,10547,38275,3,10547,57600,243,57600,1,2.5.3,192.66244882101145,192.6655646997961,True,27.9219204206926,3115.8787847868007,26.527027234427344,620816,4,Windows-11-10.0.26300-SP0,3.14.7,True,200.0,296.1841242937474,20261002T115338Z,1.18.1,0,57600,30013,60060,30894,100.0,0.0,0.006543700001202524,0.006087499990826473,0.005962299997918308,0.0,196,20,2040.0980368599937,194,224,0,40.121942980120465,2026-10-02T11:53:38+00:00,serial_calibration,5,,,,,,,,,
X3,syn_s0_n240_p4_a200_d3,syn_s0_n240_p4_a200_d3__od3__hag_cta__shared_border__climb_tiebreak__native,syn_s0_n240_p4_a200,synthetic,hag_cta,shared_border,climb_tiebreak,native,od3,,0.030584099993575364,10.0,height_tiebreak,46,20.0,serial,article_2_HAG_applications,True,6f060dbaf1c69bc25c1517ab2245b48bb8526299,240,240,0.2640769999998156,7.2579880534749215,75,10547,38275,3,47,1433,280,57600,1,2.5.3,253.5490284767825,253.5525847718726,True,46.67137013250577,3556.295090390226,10.850248835178252,652008,4,Windows-11-10.0.26300-SP0,3.14.7,True,200.0,296.1841242937474,20261002T115338Z,1.18.1,0,1433,1344,1987,1362,2.4878472222222223,97.51215277777779,0.0005367000121623278,0.0004607000155374408,0.0004295000107958913,0.0026852000155486166,196,20,2040.0980368599937,194,224,0,40.121942980120465,2026-10-02T11:53:38+00:00,serial_calibration,5,100.1703508383899,120.41594578792295,1.1413457762714476,1.0502435504239582,0.0447805950754673,1.3160272280787644,1.3160244030475723,0.002941599959740415,0.07567967412430232
X3,syn_s0_n240_p4_a200_d3,syn_s0_n240_p4_a200_d3__od3__hag_cta_ring1__shared_border__climb_tiebreak__native,syn_s0_n240_p4_a200,synthetic,hag_cta_ring1,shared_border,climb_tiebreak,native,od3,,0.030584099993575364,10.0,height_tiebreak,46,20.0,serial,article_2_HAG_applications,True,6f060dbaf1c69bc25c1517ab2245b48bb8526299,240,240,0.2640769999998156,7.2579880534749215,75,10547,38275,3,225,3929,241,57600,1,2.5.3,198.40675829625528,198.4098790278537,True,39.73818592223707,3120.731598529186,24.216729282344488,653792,4,Windows-11-10.0.26300-SP0,3.14.7,True,200.0,296.1841242937474,20261002T115338Z,1.18.1,0,3929,3784,7464,3839,6.821180555555555,93.17881944444444,0.001269300002604723,0.0009508999937679619,0.0009209999989252537,0.002447500010021031,196,20,2040.0980368599937,194,224,0,40.121942980120465,2026-10-02T11:53:38+00:00,serial_calibration,5,109.57610405480399,40.0,1.0015574462543535,1.0531171877013479,0.12607869923033352,1.0298154077787127,1.0298149507775722,0.00268909998703748,0.15620533802068431
X3,syn_s0_n240_p8_a100_d5,syn_s0_n240_p8_a100_d5__od1__full_grid__climb_tiebreak__native,syn_s0_n240_p8_a100,synthetic,full_grid,,climb_tiebreak,native,od1,,0.0,10.0,height_tiebreak,0,nan,serial,article_2_HAG_applications,True,6f060dbaf1c69bc25c1517ab2245b48bb8526299,240,240,0.188218199997209,6.053973013493254,26,1334,4038,5,1334,57600,223,57600,1,2.5.3,220.31898705024412,220.3217289593328,True,30.390302834861725,2741.9090885901005,16.794077768663712,634520,8,Windows-11-10.0.26300-SP0,3.14.7,True,100.0,154.5561645206515,20261002T115338Z,1.18.1,0,57600,47855,93851,48867,100.0,0.0,0.011792399978730828,0.01128679999965243,0.010140600003069267,0.0,111,229,2048.4628383253626,190,40,0,38.79862527022945,2026-10-02T11:53:38+00:00,serial_calibration,5,,,,,,,,,
X3,syn_s0_n240_p8_a100_d5,syn_s0_n240_p8_a100_d5__od1__hag_cta__shared_border__climb_tiebreak__native,syn_s0_n240_p8_a100,synthetic,hag_cta,shared_border,climb_tiebreak,native,od1,,0.023106300010113046,10.0,height_tiebreak,20,20.0,serial,article_2_HAG_applications,True,6f060dbaf1c69bc25c1517ab2245b48bb8526299,240,240,0.188218199997209,6.053973013493254,26,1334,4038,5,21,2998,347,57600,1,2.5.3,426.5530115265692,426.5571922581668,True,77.89559881392354,4180.731598529185,10.672696710194794,658552,8,Windows-11-10.0.26300-SP0,3.14.7,True,100.0,154.5561645206515,20261002T115338Z,1.18.1,0,2998,2567,3676,2586,5.204861111111111,94.79513888888889,0.0008135999960359186,0.0007207000162452459,0.0006855000101495534,0.00033170002279803157,111,229,2048.4628383253626,190,40,0,38.79862527022945,2026-10-02T11:53:38+00:00,serial_calibration,5,20.648450404584736,367.6955262170047,1.5247520845700002,1.0378742986824687,0.05364120781527531,1.9360701373835432,1.936065018520716,0.010234399960609153,0.06385335225816346
X3,syn_s0_n240_p8_a100_d5,syn_s0_n240_p8_a100_d5__od1__hag_cta_ring1__shared_border__climb_tiebreak__native,syn_s0_n240_p8_a100,synthetic,hag_cta_ring1,shared_border,climb_tiebreak,native,od1,,0.023106300010113046,10.0,height_tiebreak,20,20.0,serial,article_2_HAG_applications,True,6f060dbaf1c69bc25c1517ab2245b48bb8526299,240,240,0.188218199997209,6.053973013493254,26,1334,4038,5,118,11422,243,57600,1,2.5.3,235.58240021462444,235.58540011361177,True,42.47201337794726,2999.8989873223336,15.717060532647611,653448,8,Windows-11-10.0.26300-SP0,3.14.7,True,100.0,154.5561645206515,20261002T115338Z,1.18.1,0,11422,9680,17136,9761,19.82986111111111,80.17013888888889,0.003004400001373142,0.0020241000165697187,0.0018720999942161143,0.00037250001332722604,111,229,2048.4628383253626,190,40,0,38.79862527022945,2026-10-02T11:53:38+00:00,serial_calibration,5,23.770500182926064,219.31712199461307,1.0940913394269,1.029830422996911,0.20227771392748928,1.0692787007090745,1.0692790095029454,0.008890199969755486,0.1793333820597556
X3,syn_s0_n240_p8_a100_d5,syn_s0_n240_p8_a100_d5__od2__full_grid__climb_tiebreak__native,syn_s0_n240_p8_a100,synthetic,full_grid,,climb_tiebreak,native,od2,,0.0,10.0,height_tiebreak,0,nan,serial,article_2_HAG_applications,True,6f060dbaf1c69bc25c1517ab2245b48bb8526299,240,240,0.188218199997209,6.053973013493254,26,1334,4038,5,1334,57600,240,57600,1,2.5.3,214.2857947600802,214.28874394838942,True,36.037777934973576,2949.1883092036787,26.185163600676763,627968,8,Windows-11-10.0.26300-SP0,3.14.7,True,100.0,154.5561645206515,20261002T115338Z,1.18.1,0,57600,48206,95391,49158,100.0,0.0,0.011698200018145144,0.010933100013062358,0.01044539999566041,0.0,218,167,2082.5465180878914,27,84,0,38.79862527022945,2026-10-02T11:53:38+00:00,serial_calibration,5,,,,,,,,,
X3,syn_s0_n240_p8_a100_d5,syn_s0_n240_p8_a100_d5__od2__hag_cta__shared_border__climb_tiebreak__native,syn_s0_n240_p8_a100,synthetic,hag_cta,shared_border,climb_tiebreak,native,od2,,0.023106300010113046,10.0,height_tiebreak,16,20.0,serial,article_2_HAG_applications,True,6f060dbaf1c69bc25c1517ab2245b48bb8526299,240,240,0.188218199997209,6.053973013493254,26,1334,4038,5,17,3188,325,57600,1,2.5.3,372.95403798354573,372.9579241567024,True,45.09697600480636,3886.173157302029,10.65453063496612,656208,8,Windows-11-10.0.26300-SP0,3.14.7,True,100.0,154.5561645206515,20261002T115338Z,1.18.1,0,3188,3128,4306,3145,5.534722222222222,94.46527777777777,0.0013376999995671213,0.0008891000179573894,0.0007670999912079424,0.00037719999090768397,218,167,2082.5465180878914,27,84,0,38.79862527022945,2026-10-02T11:53:38+00:00,serial_calibration,5,21.860853634663574,310.16124838541646,1.3177093999641376,1.0449704443538523,0.0648881881923412,1.7404515236351272,1.7404457055687805,0.009666800004197285,0.08132185902398534
X3,syn_s0_n240_p8_a100_d5,syn_s0_n240_p8_a100_d5__od2__hag_cta_ring1__shared_border__climb_tiebreak__native,syn_s0_n240_p8_a100,synthetic,hag_cta_ring1,shared_border,climb_tiebreak,native,od2,,0.023106300010113046,10.0,height_tiebreak,16,20.0,serial,article_2_HAG_applications,True,6f060dbaf1c69bc25c1517ab2245b48bb8526299,240,240,0.188218199997209,6.053973013493254,26,1334,4038,5,115,10738,245,57600,1,2.5.3,242.54673892645684,242.54971740408786,True,29.651741975954,2978.477631085024,26.18491376113764,657712,8,Windows-11-10.0.26300-SP0,3.14.7,True,100.0,154.5561645206515,20261002T115338Z,1.18.1,0,10738,9671,17469,9721,18.64236111111111,81.3576388888889,0.002983400016091764,0.0019309000053908676,0.0019019999890588224,0.0003696000203490257,218,167,2082.5465180878914,27,84,0,38.79862527022945,2026-10-02T11:53:38+00:00,serial_calibration,5,24.479820716547255,235.3720459187964,1.0099313162845318,1.047365470852018,0.20061818030950504,1.1318843565809777,1.1318826781797973,0.008632599987322465,0.17661047672516655
X3,syn_s0_n240_p8_a100_d5,syn_s0_n240_p8_a100_d5__od3__full_grid__climb_tiebreak__native,syn_s0_n240_p8_a100,synthetic,full_grid,,climb_tiebreak,native,od3,,0.0,10.0,height_tiebreak,0,nan,serial,article_2_HAG_applications,True,6f060dbaf1c69bc25c1517ab2245b48bb8526299,240,240,0.188218199997209,6.053973013493254,26,1334,4038,5,1334,57600,260,57600,1,2.5.3,219.84380791617042,219.8470648000058,True,26.470611124178966,3256.883835420683,16.823640744413694,626328,8,Windows-11-10.0.26300-SP0,3.14.7,True,100.0,154.5561645206515,20261002T115338Z,1.18.1,0,57600,45407,89332,46393,100.0,0.0,0.010553000000072643,0.009855399985099211,0.009457999985897914,0.0,196,20,2040.0980368599937,194,224,0,38.79862527022945,2026-10-02T11:53:38+00:00,serial_calibration,5,,,,,,,,,
X3,syn_s0_n240_p8_a100_d5,syn_s0_n240_p8_a100_d5__od3__hag_cta__shared_border__climb_tiebreak__native,syn_s0_n240_p8_a100,synthetic,hag_cta,shared_border,climb_tiebreak,native,od3,,0.023106300010113046,10.0,height_tiebreak,7,20.0,serial,article_2_HAG_applications,True,6f060dbaf1c69bc25c1517ab2245b48bb8526299,240,240,0.188218199997209,6.053973013493254,26,1334,4038,5,8,2237,293,57600,1,2.5.3,349.0164185530671,349.0199847262239,True,48.51480795548356,3566.1731573020284,10.834334460781461,652656,8,Windows-11-10.0.26300-SP0,3.14.7,True,100.0,154.5561645206515,20261002T115338Z,1.18.1,0,2237,2055,2715,2059,3.8836805555555554,96.11631944444444,0.0006675999902654439,0.0005428000004030764,0.00052299999515526,0.00031480001052841544,196,20,2040.0980368599937,194,224,0,38.79862527022945,2026-10-02T11:53:38+00:00,serial_calibration,5,23.48624114939488,367.6955262170047,1.0949647999470005,1.0420354830057095,0.04525733917677891,1.5875653804457028,1.587558082905161,0.00899779997416772,0.05507640493777607
X3,syn_s0_n240_p8_a100_d5,syn_s0_n240_p8_a100_d5__od3__hag_cta_ring1__shared_border__climb_tiebreak__native,syn_s0_n240_p8_a100,synthetic,hag_cta_ring1,shared_border,climb_tiebreak,native,od3,,0.023106300010113046,10.0,height_tiebreak,7,20.0,serial,article_2_HAG_applications,True,6f060dbaf1c69bc25c1517ab2245b48bb8526299,240,240,0.188218199997209,6.053973013493254,26,1334,4038,5,64,8979,274,57600,1,2.5.3,236.8617904901693,236.8651790897333,True,22.220886247293095,3388.5995641732216,16.802734956536867,655512,8,Windows-11-10.0.26300-SP0,3.14.7,True,100.0,154.5561645206515,20261002T115338Z,1.18.1,0,8979,8501,15069,8533,15.588541666666666,84.41145833333333,0.001811699999962002,0.0017244000046048313,0.0016784000035841018,0.0003234000178053975,196,20,2040.0980368599937,194,224,0,38.79862527022945,2026-10-02T11:53:38+00:00,serial_calibration,5,27.06651224668287,56.568542494923804,1.0404422556678399,1.0465953941066022,0.18721782985002314,1.077409424151205,1.077408876507898,0.0078075999626889825,0.1749700679030809
X3,syn_s0_n480_p4_a200_d5,syn_s0_n480_p4_a200_d5__od1__full_grid__climb_tiebreak__native,syn_s0_n480_p4_a200,synthetic,full_grid,,climb_tiebreak,native,od1,,0.0,10.0,height_tiebreak,0,nan,serial,article_2_HAG_applications,True,6f060dbaf1c69bc25c1517ab2245b48bb8526299,480,480,0.3945188000216149,2.1193181818181817,59,352,373,5,352,230400,394,230400,1,2.5.3,210.46955693691052,210.4746508770217,True,14.973619397424187,5093.940110268399,14.263824626086285,2399840,4,Windows-11-10.0.26300-SP0,3.14.7,True,200.0,296.23574061756295,20261002T115338Z,1.18.1,0,230400,139177,279460,141233,100.0,0.0,0.038740399992093444,0.033216700016055256,0.03193729999475181,0.0,222,463,4186.167698504206,384,77,0,20.07028636779883,2026-10-02T11:53:38+00:00,serial_calibration,5,,,,,,,,,
X3,syn_s0_n480_p4_a200_d5,syn_s0_n480_p4_a200_d5__od1__hag_cta__shared_border__climb_tiebreak__native,syn_s0_n480_p4_a200,synthetic,hag_cta,shared_border,climb_tiebreak,native,od1,,0.08470340000349097,10.0,height_tiebreak,25,44.721359549995796,serial,article_2_HAG_applications,True,6f060dbaf1c69bc25c1517ab2245b48bb8526299,480,480,0.3945188000216149,2.1193181818181817,59,352,373,5,26,49856,392,230400,1,2.5.3,210.90806710546877,210.91314104557995,True,14.973619397424187,5073.940110268398,14.263628151344744,2578144,4,Windows-11-10.0.26300-SP0,3.14.7,True,200.0,296.23574061756295,20261002T115338Z,1.18.1,0,49856,35763,68816,36180,21.63888888888889,78.36111111111111,0.007979099988006055,0.00775330001488328,0.007482699991669506,0.00017929999739862978,222,463,4186.167698504206,384,77,0,20.07028636779883,2026-10-02T11:53:38+00:00,serial_calibration,5,18.9535004193777,22.360679774997898,0.9960737661678266,1.0742982865524369,0.25696056101223624,1.0020834850176916,1.002083339569545,0.025284100003773347,0.23341572194515803
X3,syn_s0_n480_p4_a200_d5,syn_s0_n480_p4_a200_d5__od1__hag_cta_ring1__shared_border__climb_tiebreak__native,syn_s0_n480_p4_a200,synthetic,hag_cta_ring1,shared_border,climb_tiebreak,native,od1,,0.08470340000349097,10.0,height_tiebreak,25,40.0,serial,article_2_HAG_applications,True,6f060dbaf1c69bc25c1517ab2245b48bb8526299,480,480,0.3945188000216149,2.1193181818181817,59,352,373,5,43,64412,394,230400,1,2.5.3,210.46955693691052,210.4746508770217,True,14.973619397424187,5093.940110268399,14.263824626086285,2581856,4,Windows-11-10.0.26300-SP0,3.14.7,True,200.0,296.23574061756295,20261002T115338Z,1.18.1,0,64412,46737,90791,47344,27.95659722222222,72.04340277777777,0.014341300004161894,0.011678299983032048,0.011061299999710172,0.00015359997632913291,222,463,4186.167698504206,384,77,0,20.07028636779883,2026-10-02T11:53:38+00:00,serial_calibration,5,22.409477701667598,0.0,1.0,1.0758450563370892,0.3358097961588481,1.0,1.0,0.021384800056694075,0.3515791748544363
X3,syn_s0_n480_p4_a200_d5,syn_s0_n480_p4_a200_d5__od2__full_grid__climb_tiebreak__native,syn_s0_n480_p4_a200,synthetic,full_grid,,climb_tiebreak,native,od2,,0.0,10.0,height_tiebreak,0,nan,serial,article_2_HAG_applications,True,6f060dbaf1c69bc25c1517ab2245b48bb8526299,480,480,0.3945188000216149,2.1193181818181817,59,352,373,5,352,230400,425,230400,1,2.5.3,195.88727718745696,195.89215093420748,True,19.286941465425137,4873.746750430836,18.9975044528292,2400712,4,Windows-11-10.0.26300-SP0,3.14.7,True,200.0,296.23574061756295,20261002T115338Z,1.18.1,0,230400,159892,332735,161897,100.0,0.0,0.04754210001556203,0.04095719999168068,0.039122399990446866,0.0,440,337,4250.423508310672,50,168,0,20.07028636779883,2026-10-02T11:53:38+00:00,serial_calibration,5,,,,,,,,,
X3,syn_s0_n480_p4_a200_d5,syn_s0_n480_p4_a200_d5__od2__hag_cta__shared_border__climb_tiebreak__native,syn_s0_n480_p4_a200,synthetic,hag_cta,shared_border,climb_tiebreak,native,od2,,0.08470340000349097,10.0,height_tiebreak,13,44.721359549995796,serial,article_2_HAG_applications,True,6f060dbaf1c69bc25c1517ab2245b48bb8526299,480,480,0.3945188000216149,2.1193181818181817,59,352,373,5,14,29665,522,230400,1,2.5.3,241.12809629186867,241.1344826583853,True,13.633363145951495,6386.366517139591,26.14278657479252,2584392,4,Windows-11-10.0.26300-SP0,3.14.7,True,200.0,296.23574061756295,20261002T115338Z,1.18.1,0,29665,28127,55552,28150,12.875434027777779,87.12456597222223,0.0067980999883729964,0.006731800007401034,0.00655459999688901,0.000670900015393272,440,337,4250.423508310672,50,168,0,20.07028636779883,2026-10-02T11:53:38+00:00,serial_calibration,5,14.281905570622948,800.0,1.3103607643493254,1.0765106351782305,0.17591249093137867,1.2309533306806746,1.2309553063173673,0.033554499968886375,0.16436182182298625
X3,syn_s0_n480_p4_a200_d5,syn_s0_n480_p4_a200_d5__od2__hag_cta_ring1__shared_border__climb_tiebreak__native,syn_s0_n480_p4_a200,synthetic,hag_cta_ring1,shared_border,climb_tiebreak,native,od2,,0.08470340000349097,10.0,height_tiebreak,13,40.0,serial,article_2_HAG_applications,True,6f060dbaf1c69bc25c1517ab2245b48bb8526299,480,480,0.3945188000216149,2.1193181818181817,59,352,373,5,28,44468,519,230400,1,2.5.3,235.94989377305234,235.95624599743348,True,12.396116901385312,6352.224381515861,26.366321038800105,2590224,4,Windows-11-10.0.26300-SP0,3.14.7,True,200.0,296.23574061756295,20261002T115338Z,1.18.1,0,44468,41961,83467,41989,19.30034722222222,80.69965277777777,0.03260119998594746,0.013617000018712133,0.01188839998212643,0.0001703999878372997,440,337,4250.423508310672,50,168,0,20.07028636779883,2026-10-02T11:53:38+00:00,serial_calibration,5,17.638046665318168,800.0,1.303355448445147,1.078939914492034,0.26243339253996445,1.204518727100673,1.204521186133088,0.02716979998513125,0.3324690169610727
X3,syn_s0_n480_p4_a200_d5,syn_s0_n480_p4_a200_d5__od3__full_grid__climb_tiebreak__native,syn_s0_n480_p4_a200,synthetic,full_grid,,climb_tiebreak,native,od3,,0.0,10.0,height_tiebreak,0,nan,serial,article_2_HAG_applications,True,6f060dbaf1c69bc25c1517ab2245b48bb8526299,480,480,0.3945188000216149,2.1193181818181817,59,352,373,5,352,230400,497,230400,1,2.5.3,191.23944595155453,191.24582670407324,True,14.393561947900082,6380.752518939717,26.139792405793493,2401856,4,Windows-11-10.0.26300-SP0,3.14.7,True,200.0,296.23574061756295,20261002T115338Z,1.18.1,0,230400,122189,244705,123980,100.0,0.0,0.03520330000901595,0.03202489999239333,0.029794200003379956,0.0,396,37,4170.191842109905,392,454,0,20.07028636779883,2026-10-02T11:53:38+00:00,serial_calibration,5,,,,,,,,,
X3,syn_s0_n480_p4_a200_d5,syn_s0_n480_p4_a200_d5__od3__hag_cta__shared_border__climb_tiebreak__native,syn_s0_n480_p4_a200,synthetic,hag_cta,shared_border,climb_tiebreak,native,od3,,0.08470340000349097,10.0,height_tiebreak,21,40.0,serial,article_2_HAG_applications,True,6f060dbaf1c69bc25c1517ab2245b48bb8526299,480,480,0.3945188000216149,2.1193181818181817,59,352,373,5,22,33728,495,230400,1,2.5.3,191.380859994134,191.3872207466527,True,14.393561947900082,6360.7525189397165,26.139819246944548,2579184,4,Windows-11-10.0.26300-SP0,3.14.7,True,200.0,296.23574061756295,20261002T115338Z,1.18.1,0,33728,31059,59568,31104,14.63888888888889,85.36111111111111,0.011714799999026582,0.00886589998845011,0.007077899994328618,0.00022119999630376697,396,37,4170.191842109905,392,454,0,20.07028636779883,2026-10-02T11:53:38+00:00,serial_calibration,5,20.892247724956206,20.0,0.9968655734663527,1.0738295717978097,0.2541881838790726,1.000739460637296,1.0007393313883823,0.022937800007639453,0.2768439555019991
X3,syn_s0_n480_p4_a200_d5,syn_s0_n480_p4_a200_d5__od3__hag_cta_ring1__shared_border__climb_tiebreak__native,syn_s0_n480_p4_a200,synthetic,hag_cta_ring1,shared_border,climb_tiebreak,native,od3,,0.08470340000349097,10.0,height_tiebreak,21,40.0,serial,article_2_HAG_applications,True,6f060dbaf1c69bc25c1517ab2245b48bb8526299,480,480,0.3945188000216149,2.1193181818181817,59,352,373,5,36,46126,497,230400,1,2.5.3,191.23944595155453,191.24582670407324,True,14.393561947900082,6380.752518939717,26.139792405793493,2588208,4,Windows-11-10.0.26300-SP0,3.14.7,True,200.0,296.23574061756295,20261002T115338Z,1.18.1,0,46126,39664,77151,39811,20.01996527777778,79.98003472222223,0.00961710000410676,0.00955789998988621,0.009306899999501184,0.0003418999840505421,396,37,4170.191842109905,392,454,0,20.07028636779883,2026-10-02T11:53:38+00:00,serial_calibration,5,21.6596625382639,0.0,1.0,1.0775866663113858,0.3246118717724181,1.0,1.0,0.022125100018456578,0.29845214168214224
X3,syn_s0_n480_p6_a120_d5,syn_s0_n480_p6_a120_d5__od1__full_grid__climb_tiebreak__native,syn_s0_n480_p6_a120,synthetic,full_grid,,climb_tiebreak,native,od1,,0.0,10.0,height_tiebreak,0,nan,serial,article_2_HAG_applications,True,6f060dbaf1c69bc25c1517ab2245b48bb8526299,480,480,0.3893147000053432,2.054176072234763,56,443,455,5,443,230400,441,230400,1,2.5.3,179.8880586999972,179.89309658888362,True,12.254807432873633,5037.888886054567,26.370462041215685,2435208,6,Windows-11-10.0.26300-SP0,3.14.7,True,120.0,186.44937647001905,20261002T115338Z,1.18.1,0,230400,198209,402452,200703,100.0,0.0,0.08622259998810478,0.06031860000803135,0.0575511000060942,0.0,222,463,4186.167698504206,384,77,0,17.438571834612326,2026-10-02T11:53:38+00:00,serial_calibration,5,,,,,,,,,
X3,syn_s0_n480_p6_a120_d5,syn_s0_n480_p6_a120_d5__od1__hag_cta__shared_border__climb_tiebreak__native,syn_s0_n480_p6_a120,synthetic,hag_cta,shared_border,climb_tiebreak,native,od1,,0.04946010001003742,10.0,height_tiebreak,7,44.721359549995796,serial,article_2_HAG_applications,True,6f060dbaf1c69bc25c1517ab2245b48bb8526299,480,480,0.3893147000053432,2.054176072234763,56,443,455,5,8,10538,618,230400,1,2.5.3,372.73647822498515,372.7438535864496,True,22.820741992067468,7375.361466505707,26.28135742768909,2578096,6,Windows-11-10.0.26300-SP0,3.14.7,True,120.0,186.44937647001905,20261002T115338Z,1.18.1,0,10538,6343,11443,6471,4.573784722222222,95.42621527777779,0.00251280001248233,0.002463399985572323,0.0023935000062920153,0.00017260000458918512,222,463,4186.167698504206,384,77,0,17.438571834612326,2026-10-02T11:53:38+00:00,serial_calibration,5,7.606709820282891,1342.1251804507656,1.463978589706796,1.0586758913406986,0.032001574096029946,2.072046810214373,2.072029781322265,0.057682600017869845,0.040839807045328046
X3,syn_s0_n480_p6_a120_d5,syn_s0_n480_p6_a120_d5__od1__hag_cta_ring1__shared_border__climb_tiebreak__native,syn_s0_n480_p6_a120,synthetic,hag_cta_ring1,shared_border,climb_tiebreak,native,od1,,0.04946010001003742,10.0,height_tiebreak,7,44.721359549995796,serial,article_2_HAG_applications,True,6f060dbaf1c69bc25c1517ab2245b48bb8526299,480,480,0.3893147000053432,2.054176072234763,56,443,455,5,17,30447,436,230400,1,2.5.3,194.32677240166305,194.33203781363594,True,14.296782351798925,5265.41197284454,24.142708950057635,2569376,6,Windows-11-10.0.26300-SP0,3.14.7,True,120.0,186.44937647001905,20261002T115338Z,1.18.1,0,30447,16908,32683,17038,13.21484375,86.78515625,0.005117599997902289,0.004535599990049377,0.0042394000047352165,0.00017179999849759042,222,463,4186.167698504206,384,77,0,17.438571834612326,2026-10-02T11:53:38+00:00,serial_calibration,5,7.890043729709985,707.1067811865476,1.0451623868521163,1.0550950883867005,0.08530389639219207,1.0802649926071277,1.0802640095620242,0.055611200019484386,0.07519405273738891
X3,syn_s0_n480_p6_a120_d5,syn_s0_n480_p6_a120_d5__od2__full_grid__climb_tiebreak__native,syn_s0_n480_p6_a120,synthetic,full_grid,,climb_tiebreak,native,od2,,0.0,10.0,height_tiebreak,0,nan,serial,article_2_HAG_applications,True,6f060dbaf1c69bc25c1517ab2245b48bb8526299,480,480,0.3893147000053432,2.054176072234763,56,443,455,5,443,230400,446,230400,1,2.5.3,205.25380874686576,205.25904575263414,True,17.962542175305032,5237.005768508881,15.960746562948374,2408144,6,Windows-11-10.0.26300-SP0,3.14.7,True,120.0,186.44937647001905,20261002T115338Z,1.18.1,0,230400,179960,363866,181664,100.0,0.0,0.11136010001064278,0.04594630000065081,0.04415020000305958,0.0,440,337,4250.423508310672,50,168,0,17.438571834612326,2026-10-02T11:53:38+00:00,serial_calibration,5,,,,,,,,,
X3,syn_s0_n480_p6_a120_d5,syn_s0_n480_p6_a120_d5__od2__hag_cta__shared_border__climb_tiebreak__native,syn_s0_n480_p6_a120,synthetic,hag_cta,shared_border,climb_tiebreak,native,od2,,0.04946010001003742,10.0,height_tiebreak,11,72.11102550927978,serial,article_2_HAG_applications,True,6f060dbaf1c69bc25c1517ab2245b48bb8526299,480,480,0.3893147000053432,2.054176072234763,56,443,455,5,12,32057,725,230400,1,2.5.3,347.7810474403648,347.7894762332877,True,19.31082453235169,8428.792924010782,16.839695539108828,2598272,6,Windows-11-10.0.26300-SP0,3.14.7,True,120.0,186.44937647001905,20261002T115338Z,1.18.1,0,32057,29226,56936,29238,13.913628472222221,86.08637152777779,0.007418699999107048,0.007061699987389147,0.006668000016361475,0.0002103000006172806,440,337,4250.423508310672,50,168,0,17.438571834612326,2026-10-02T11:53:38+00:00,serial_calibration,5,11.345384399250284,1714.0595088852663,1.6094679472561837,1.0789520892438327,0.16240275616803734,1.6943950982623381,1.694392931420049,0.03867430001264438,0.1536946388999576
X3,syn_s0_n480_p6_a120_d5,syn_s0_n480_p6_a120_d5__od2__hag_cta_ring1__shared_border__climb_tiebreak__native,syn_s0_n480_p6_a120,synthetic,hag_cta_ring1,shared_border,climb_tiebreak,native,od2,,0.04946010001003742,10.0,height_tiebreak,11,44.721359549995796,serial,article_2_HAG_applications,True,6f060dbaf1c69bc25c1517ab2245b48bb8526299,480,480,0.3893147000053432,2.054176072234763,56,443,455,5,37,58518,735,230400,1,2.5.3,285.29296932721905,285.3018957651622,True,13.418906510580594,8926.437943888955,16.79100040232903,2603648,6,Windows-11-10.0.26300-SP0,3.14.7,True,120.0,186.44937647001905,20261002T115338Z,1.18.1,0,58518,55923,110236,56019,25.3984375,74.6015625,0.018621700000949204,0.01197880000108853,0.011696200002916157,0.0001647000026423484,440,337,4250.423508310672,50,168,0,17.438571834612326,2026-10-02T11:53:38+00:00,serial_calibration,5,12.980427658518266,1714.0595088852663,1.704492669755175,1.0811845138828908,0.3107523894198711,1.3899521332588938,1.38996015848671,0.03380279999691993,0.26071304981943827
X3,syn_s0_n480_p6_a120_d5,syn_s0_n480_p6_a120_d5__od3__full_grid__climb_tiebreak__native,syn_s0_n480_p6_a120,synthetic,full_grid,,climb_tiebreak,native,od3,,0.0,10.0,height_tiebreak,0,nan,serial,article_2_HAG_applications,True,6f060dbaf1c69bc25c1517ab2245b48bb8526299,480,480,0.3893147000053432,2.054176072234763,56,443,455,5,443,230400,473,230400,1,2.5.3,158.9006847773921,158.90654386468898,True,12.697358820723888,5859.087296526013,16.79826101527672,2417856,6,Windows-11-10.0.26300-SP0,3.14.7,True,120.0,186.44937647001905,20261002T115338Z,1.18.1,0,230400,143934,295263,145954,100.0,0.0,0.0385041999979876,0.03548990000854246,0.03453959999023937,0.0,396,37,4170.191842109905,392,454,0,17.438571834612326,2026-10-02T11:53:38+00:00,serial_calibration,5,,,,,,,,,
X3,syn_s0_n480_p6_a120_d5,syn_s0_n480_p6_a120_d5__od3__hag_cta__shared_border__climb_tiebreak__native,syn_s0_n480_p6_a120,synthetic,hag_cta,shared_border,climb_tiebreak,native,od3,,0.04946010001003742,10.0,height_tiebreak,13,40.0,serial,article_2_HAG_applications,True,6f060dbaf1c69bc25c1517ab2245b48bb8526299,480,480,0.3893147000053432,2.054176072234763,56,443,455,5,14,18820,480,230400,1,2.5.3,192.10859134761358,192.1145080085033,True,12.710703814681128,5916.6608896548205,14.328964410834006,2576600,6,Windows-11-10.0.26300-SP0,3.14.7,True,120.0,186.44937647001905,20261002T115338Z,1.18.1,0,18820,18154,34950,18186,8.168402777777779,91.83159722222223,0.00449220000882633,0.004357500001788139,0.004152800014708191,0.00016840000171214342,396,37,4170.191842109905,392,454,0,17.438571834612326,2026-10-02T11:53:38+00:00,serial_calibration,5,14.170481848079397,111.80339887498948,1.0098263757160513,1.0656548611662564,0.12612725276863007,1.2089852955432085,1.20897795229938,0.03096400000504218,0.12278141107017161
X3,syn_s0_n480_p6_a120_d5,syn_s0_n480_p6_a120_d5__od3__hag_cta_ring1__shared_border__climb_tiebreak__native,syn_s0_n480_p6_a120,synthetic,hag_cta_ring1,shared_border,climb_tiebreak,native,od3,,0.04946010001003742,10.0,height_tiebreak,13,40.0,serial,article_2_HAG_applications,True,6f060dbaf1c69bc25c1517ab2245b48bb8526299,480,480,0.3893147000053432,2.054176072234763,56,443,455,5,27,30704,478,230400,1,2.5.3,175.16476206832124,175.17068358202496,True,12.710703814681128,5921.513703397206,16.788880348188528,2579944,6,Windows-11-10.0.26300-SP0,3.14.7,True,120.0,186.44937647001905,20261002T115338Z,1.18.1,0,30704,29682,58862,29760,13.32638888888889,86.67361111111111,0.00826290002441965,0.006867400021292269,0.0066550000046845526,0.00022349998471327126,396,37,4170.191842109905,392,454,0,17.438571834612326,2026-10-02T11:53:38+00:00,serial_calibration,5,15.450360927363084,63.245553203367585,1.0106546299298538,1.0670379046560259,0.20621951727875276,1.1023537268811263,1.1023503458182635,0.028399000002536923,0.19350294082652467
X3,syn_s0_n480_p8_a100_d3,syn_s0_n480_p8_a100_d3__od1__full_grid__climb_tiebreak__native,syn_s0_n480_p8_a100,synthetic,full_grid,,climb_tiebreak,native,od1,,0.0,10.0,height_tiebreak,0,nan,serial,article_2_HAG_applications,True,6f060dbaf1c69bc25c1517ab2245b48bb8526299,480,480,0.6157278000027873,4.979772439949431,44,1582,3939,3,1582,230400,458,230400,1,2.5.3,226.41507890446357,226.4207051490477,True,14.852798934036459,5626.244584051393,14.198336487871726,2431824,8,Windows-11-10.0.26300-SP0,3.14.7,True,100.0,154.58826757566064,20261002T115338Z,1.18.1,0,230400,199409,398576,201267,100.0,0.0,0.05335679999552667,0.05124749999959022,0.05042769998544827,0.0,222,463,4186.167698504206,384,77,0,19.447260694424898,2026-10-02T11:53:38+00:00,serial_calibration,5,,,,,,,,,
X3,syn_s0_n480_p8_a100_d3,syn_s0_n480_p8_a100_d3__od1__hag_cta__shared_border__climb_tiebreak__native,syn_s0_n480_p8_a100,synthetic,hag_cta,shared_border,climb_tiebreak,native,od1,,0.07769189999089576,10.0,height_tiebreak,28,20.0,serial,article_2_HAG_applications,True,6f060dbaf1c69bc25c1517ab2245b48bb8526299,480,480,0.6157278000027873,4.979772439949431,44,1582,3939,3,29,13657,1067,230400,1,2.5.3,721.9715717063552,721.9841867943665,True,27.787914790711834,12615.08801440101,11.659979170604887,2609224,8,Windows-11-10.0.26300-SP0,3.14.7,True,100.0,154.58826757566064,20261002T115338Z,1.18.1,0,13657,11361,18110,11435,5.927517361111111,94.07248263888889,0.00428039999678731,0.003910900006303564,0.003831300011370331,0.00043089999235235155,222,463,4186.167698504206,384,77,0,19.447260694424898,2026-10-02T11:53:38+00:00,serial_calibration,5,14.783271542261835,1950.5896544378575,2.2421862089253564,1.0729493581772365,0.056973356267771266,3.188707992416852,3.188684472646176,0.0469057000009343,0.0763139666585655
X3,syn_s0_n480_p8_a100_d3,syn_s0_n480_p8_a100_d3__od1__hag_cta_ring1__shared_border__climb_tiebreak__native,syn_s0_n480_p8_a100,synthetic,hag_cta_ring1,shared_border,climb_tiebreak,native,od1,,0.07769189999089576,10.0,height_tiebreak,28,20.0,serial,article_2_HAG_applications,True,6f060dbaf1c69bc25c1517ab2245b48bb8526299,480,480,0.6157278000027873,4.979772439949431,44,1582,3939,3,134,32061,977,230400,1,2.5.3,562.982595772348,562.9940623322211,True,16.609830381597845,11466.559876977153,16.85536978515649,2607752,8,Windows-11-10.0.26300-SP0,3.14.7,True,100.0,154.58826757566064,20261002T115338Z,1.18.1,0,32061,24859,45125,25036,13.915364583333334,86.08463541666667,0.007251700008055195,0.007136600004741922,0.006678599980659783,0.00041909998981282115,222,463,4186.167698504206,384,77,0,19.447260694424898,2026-10-02T11:53:38+00:00,serial_calibration,5,15.870705713973022,1981.161275615895,2.038048596301908,1.0723440512142326,0.12466338028875326,2.486506634171216,2.4864954906028345,0.043691800005035475,0.13925752485094858
X3,syn_s0_n480_p8_a100_d3,syn_s0_n480_p8_a100_d3__od2__full_grid__climb_tiebreak__native,syn_s0_n480_p8_a100,synthetic,full_grid,,climb_tiebreak,native,od2,,0.0,10.0,height_tiebreak,0,nan,serial,article_2_HAG_applications,True,6f060dbaf1c69bc25c1517ab2245b48bb8526299,480,480,0.6157278000027873,4.979772439949431,44,1582,3939,3,1582,230400,477,230400,1,2.5.3,217.3907571524827,217.3966728083218,True,18.832099328092653,5915.655839020937,15.953400713560455,2410136,8,Windows-11-10.0.26300-SP0,3.14.7,True,100.0,154.58826757566064,20261002T115338Z,1.18.1,0,230400,198356,398893,200281,100.0,0.0,0.09905430002254434,0.06353810001746751,0.0611786000081338,0.0,440,337,4250.423508310672,50,168,0,19.447260694424898,2026-10-02T11:53:38+00:00,serial_calibration,5,,,,,,,,,
X3,syn_s0_n480_p8_a100_d3,syn_s0_n480_p8_a100_d3__od2__hag_cta__shared_border__climb_tiebreak__native,syn_s0_n480_p8_a100,synthetic,hag_cta,shared_border,climb_tiebreak,native,od2,,0.07769189999089576,10.0,height_tiebreak,22,20.0,serial,article_2_HAG_applications,True,6f060dbaf1c69bc25c1517ab2245b48bb8526299,480,480,0.6157278000027873,4.979772439949431,44,1582,3939,3,23,11480,1549,230400,1,2.5.3,1000.5416594002207,1000.5600596058295,True,36.71423509069404,18400.205614730323,10.871423990293213,2635536,8,Windows-11-10.0.26300-SP0,3.14.7,True,100.0,154.58826757566064,20261002T115338Z,1.18.1,0,11480,10426,16256,10495,4.982638888888889,95.01736111111111,0.01025719998870045,0.006901499989908189,0.005128999997396022,0.0005681999900843948,440,337,4250.423508310672,50,168,0,19.447260694424898,2026-10-02T11:53:38+00:00,serial_calibration,5,12.367388752491884,1889.0473789717398,3.1104253045551795,1.0935216933816183,0.05256206013430398,4.602503218195328,4.602462616748607,0.05606840003747493,0.10861986726091699
X3,syn_s0_n480_p8_a100_d3,syn_s0_n480_p8_a100_d3__od2__hag_cta_ring1__shared_border__climb_tiebreak__native,syn_s0_n480_p8_a100,synthetic,hag_cta_ring1,shared_border,climb_tiebreak,native,od2,,0.07769189999089576,10.0,height_tiebreak,22,20.0,serial,article_2_HAG_applications,True,6f060dbaf1c69bc25c1517ab2245b48bb8526299,480,480,0.6157278000027873,4.979772439949431,44,1582,3939,3,133,37143,1132,230400,1,2.5.3,654.1764068367588,654.1900364327036,True,18.80343822606889,13629.595949289333,16.858165324336547,2615384,8,Windows-11-10.0.26300-SP0,3.14.7,True,100.0,154.58826757566064,20261002T115338Z,1.18.1,0,37143,32011,58983,32130,16.12109375,83.87890625,0.010776300012366846,0.009845399996265769,0.008178299991413951,0.000578600011067465,440,337,4250.423508310672,50,168,0,19.447260694424898,2026-10-02T11:53:38+00:00,serial_calibration,5,13.055284752285685,1894.9670181826384,2.303987304228483,1.0851603394995137,0.16138155639355503,3.0092190459500765,3.009199855645912,0.05311410001013428,0.15495269757136476
X3,syn_s0_n480_p8_a100_d3,syn_s0_n480_p8_a100_d3__od3__full_grid__climb_tiebreak__native,syn_s0_n480_p8_a100,synthetic,full_grid,,climb_tiebreak,native,od3,,0.0,10.0,height_tiebreak,0,nan,serial,article_2_HAG_applications,True,6f060dbaf1c69bc25c1517ab2245b48bb8526299,480,480,0.6157278000027873,4.979772439949431,44,1582,3939,3,1582,230400,527,230400,1,2.5.3,228.31639988618645,228.32303093307763,True,14.454085999640789,6631.046891454946,14.16750629581865,2412560,8,Windows-11-10.0.26300-SP0,3.14.7,True,100.0,154.58826757566064,20261002T115338Z,1.18.1,0,230400,189292,378967,191220,100.0,0.0,0.071662300004391,0.0518210000009276,0.04857929999707267,0.0,396,37,4170.191842109905,392,454,0,19.447260694424898,2026-10-02T11:53:38+00:00,serial_calibration,5,,,,,,,,,
X3,syn_s0_n480_p8_a100_d3,syn_s0_n480_p8_a100_d3__od3__hag_cta__shared_border__climb_tiebreak__native,syn_s0_n480_p8_a100,synthetic,hag_cta,shared_border,climb_tiebreak,native,od3,,0.07769189999089576,10.0,height_tiebreak,15,20.0,serial,article_2_HAG_applications,True,6f060dbaf1c69bc25c1517ab2245b48bb8526299,480,480,0.6157278000027873,4.979772439949431,44,1582,3939,3,16,7452,1292,230400,1,2.5.3,750.6715291669298,750.6867421943306,True,24.793491707297516,15213.02740679441,10.938130008153692,2622040,8,Windows-11-10.0.26300-SP0,3.14.7,True,100.0,154.58826757566064,20261002T115338Z,1.18.1,0,7452,7191,11528,7198,3.234375,96.765625,0.004590299999108538,0.0033887000172398984,0.003175799996824935,0.0003708000003825873,396,37,4170.191842109905,392,454,0,19.447260694424898,2026-10-02T11:53:38+00:00,serial_calibration,5,14.427758189705957,1686.801707374047,2.294212008423372,1.086828928606957,0.03798892716015468,3.287856367484475,3.2878275096757967,0.04806149998330511,0.06539240881455859
X3,syn_s0_n480_p8_a100_d3,syn_s0_n480_p8_a100_d3__od3__hag_cta_ring1__shared_border__climb_tiebreak__native,syn_s0_n480_p8_a100,synthetic,hag_cta_ring1,shared_border,climb_tiebreak,native,od3,,0.07769189999089576,10.0,height_tiebreak,15,20.0,serial,article_2_HAG_applications,True,6f060dbaf1c69bc25c1517ab2245b48bb8526299,480,480,0.6157278000027873,4.979772439949431,44,1582,3939,3,61,22673,606,230400,1,2.5.3,278.1439237336584,278.1511998058021,True,16.479910999490894,7276.072144624362,15.954385185853809,2581336,8,Windows-11-10.0.26300-SP0,3.14.7,True,100.0,154.58826757566064,20261002T115338Z,1.18.1,0,22673,21832,39060,21911,9.840711805555555,90.15928819444444,0.006158400006825104,0.00547889998415485,0.005268099979730323,0.00040989997796714306,396,37,4170.191842109905,392,454,0,19.447260694424898,2026-10-02T11:53:38+00:00,serial_calibration,5,15.096592355860391,749.5331880577404,1.0972735170973718,1.06995722386179,0.11533503793081588,1.218238917013016,1.2182354038884904,0.045932200038805604,0.10572740749998606
X3,syn_s1_n120_p4_a200_d3,syn_s1_n120_p4_a200_d3__od1__full_grid__climb_tiebreak__native,syn_s1_n120_p4_a200,synthetic,full_grid,,climb_tiebreak,native,od1,,0.0,10.0,height_tiebreak,0,nan,serial,article_2_HAG_applications,True,6f060dbaf1c69bc25c1517ab2245b48bb8526299,120,120,0.07331959999282844,7.890899756128866,68,7791,30739,3,7791,14400,113,14400,1,2.5.3,207.74467094658723,207.74610574889456,True,67.56441870546533,1434.8023074035527,16.847706914925553,171432,4,Windows-11-10.0.26300-SP0,3.14.7,True,200.0,323.0493265401881,20261002T115338Z,1.18.1,0,14400,10211,20740,10659,100.0,0.0,0.0024050999782048166,0.0021825000003445894,0.002062100014882162,0.0,17,27,1144.0279716860073,109,95,1,82.19799753247577,2026-10-02T11:53:38+00:00,serial_calibration,5,,,,,,,,,
X3,syn_s1_n120_p4_a200_d3,syn_s1_n120_p4_a200_d3__od1__hag_cta__shared_border__climb_tiebreak__native,syn_s1_n120_p4_a200,synthetic,hag_cta,shared_border,climb_tiebreak,native,od1,,0.010575499996775761,10.0,height_tiebreak,53,20.0,serial,article_2_HAG_applications,True,6f060dbaf1c69bc25c1517ab2245b48bb8526299,120,120,0.07331959999282844,7.890899756128866,68,7791,30739,3,54,271,123,14400,1,2.5.3,211.36157610339345,211.36311918997202,True,69.3436920264292,1543.0865786510144,11.611860447202012,165624,4,Windows-11-10.0.26300-SP0,3.14.7,True,200.0,323.0493265401881,20261002T115338Z,1.18.1,0,271,271,342,271,1.8819444444444444,98.11805555555554,0.00022270000772550702,0.00017100002150982618,0.00016489997506141663,0.0018376999942120165,17,27,1144.0279716860073,109,95,1,82.19799753247577,2026-10-02T11:53:38+00:00,serial_calibration,5,482.7106295303097,50.0,1.0754698195624002,0.9661206775864483,0.02654000587601606,1.0174103390490155,1.0174107400378873,0.0001737999846227467,0.07835052530713742
X3,syn_s1_n120_p4_a200_d3,syn_s1_n120_p4_a200_d3__od1__hag_cta_ring1__shared_border__climb_tiebreak__native,syn_s1_n120_p4_a200,synthetic,hag_cta_ring1,shared_border,climb_tiebreak,native,od1,,0.010575499996775761,10.0,height_tiebreak,53,20.0,serial,article_2_HAG_applications,True,6f060dbaf1c69bc25c1517ab2245b48bb8526299,120,120,0.07331959999282844,7.890899756128866,68,7791,30739,3,290,922,113,14400,1,2.5.3,208.1871664959341,208.18859301397018,True,66.58026180408088,1426.5180361560906,16.84788518099359,166536,4,Windows-11-10.0.26300-SP0,3.14.7,True,200.0,323.0493265401881,20261002T115338Z,1.18.1,0,922,918,1555,921,6.402777777777778,93.59722222222221,0.0004062000080011785,0.00027249997947365046,0.0002497000095900148,0.0030039999983273447,17,27,1144.0279716860073,109,95,1,82.19799753247577,2026-10-02T11:53:38+00:00,serial_calibration,5,inf,28.284271247461902,0.9942261932499582,0.9714405711885762,0.08990304573499168,1.0021299971129494,1.0021299425251824,-0.0010939999774564058,0.12485680615378059
X3,syn_s1_n120_p4_a200_d3,syn_s1_n120_p4_a200_d3__od2__full_grid__climb_tiebreak__native,syn_s1_n120_p4_a200,synthetic,full_grid,,climb_tiebreak,native,od2,,0.0,10.0,height_tiebreak,0,nan,serial,article_2_HAG_applications,True,6f060dbaf1c69bc25c1517ab2245b48bb8526299,120,120,0.07331959999282844,7.890899756128866,68,7791,30739,3,7791,14400,109,14400,1,2.5.3,149.51197093054606,149.51337815926044,True,91.87719994090486,1407.2287142747455,16.815226783965446,170976,4,Windows-11-10.0.26300-SP0,3.14.7,True,200.0,323.0493265401881,20261002T115338Z,1.18.1,0,14400,6675,13963,7269,100.0,0.0,0.0014589000202249736,0.0014022999966982752,0.0013970999862067401,0.0,7,65,1125.3888216967503,111,108,1,82.19799753247577,2026-10-02T11:53:38+00:00,serial_calibration,5,,,,,,,,,
X3,syn_s1_n120_p4_a200_d3,syn_s1_n120_p4_a200_d3__od2__hag_cta__shared_border__climb_tiebreak__native,syn_s1_n120_p4_a200,synthetic,hag_cta,shared_border,climb_tiebreak,native,od2,,0.010575499996775761,10.0,height_tiebreak,36,20.0,serial,article_2_HAG_applications,True,6f060dbaf1c69bc25c1517ab2245b48bb8526299,120,120,0.07331959999282844,7.890899756128866,68,7791,30739,3,37,251,111,14400,1,2.5.3,160.3981054429355,160.3995409559211,True,91.87719994090486,1435.5129855222076,14.833441741488631,164832,4,Windows-11-10.0.26300-SP0,3.14.7,True,200.0,323.0493265401881,20261002T115338Z,1.18.1,0,251,225,290,236,1.7430555555555556,98.25694444444444,0.0002471999905537814,0.00014749998808838427,0.00013910001143813133,0.0018291000160388649,7,65,1125.3888216967503,111,108,1,82.19799753247577,2026-10-02T11:53:38+00:00,serial_calibration,5,inf,28.284271247461902,1.020099270971769,0.9640651319483436,0.033707865168539325,1.0728111230467725,1.0728106269197184,-0.0005743000074289739,0.10518433176615131
X3,syn_s1_n120_p4_a200_d3,syn_s1_n120_p4_a200_d3__od2__hag_cta_ring1__shared_border__climb_tiebreak__native,syn_s1_n120_p4_a200,synthetic,hag_cta_ring1,shared_border,climb_tiebreak,native,od2,,0.010575499996775761,10.0,height_tiebreak,36,20.0,serial,article_2_HAG_applications,True,6f060dbaf1c69bc25c1517ab2245b48bb8526299,120,120,0.07331959999282844,7.890899756128866,68,7791,30739,3,239,954,109,14400,1,2.5.3,149.51197093054606,149.51337815926044,True,91.87719994090486,1407.2287142747455,16.815226783965446,166408,4,Windows-11-10.0.26300-SP0,3.14.7,True,200.0,323.0493265401881,20261002T115338Z,1.18.1,0,954,868,1570,890,6.625,93.375,0.000378700002329424,0.0003387999895494431,0.0002482999989297241,0.0019143999961670488,7,65,1125.3888216967503,111,108,1,82.19799753247577,2026-10-02T11:53:38+00:00,serial_calibration,5,inf,0.0,1.0,0.9732827999251357,0.1300374531835206,1.0,1.0,-0.0008508999890182167,0.24160307376962845
X3,syn_s1_n120_p4_a200_d3,syn_s1_n120_p4_a200_d3__od3__full_grid__climb_tiebreak__native,syn_s1_n120_p4_a200,synthetic,full_grid,,climb_tiebreak,native,od3,,0.0,10.0,height_tiebreak,0,nan,serial,article_2_HAG_applications,True,6f060dbaf1c69bc25c1517ab2245b48bb8526299,120,120,0.07331959999282844,7.890899756128866,68,7791,30739,3,7791,14400,116,14400,1,2.5.3,258.20492381290956,258.20641761016583,True,103.46357403026975,1493.7972567696695,16.902511660493307,171560,4,Windows-11-10.0.26300-SP0,3.14.7,True,200.0,323.0493265401881,20261002T115338Z,1.18.1,0,14400,9320,19135,9856,100.0,0.0,0.0023907000140752643,0.0019306000031065196,0.0018922999734058976,0.0,8,23,1256.0254774486066,108,99,1,82.19799753247577,2026-10-02T11:53:38+00:00,serial_calibration,5,,,,,,,,,
X3,syn_s1_n120_p4_a200_d3,syn_s1_n120_p4_a200_d3__od3__hag_cta__shared_border__climb_tiebreak__native,syn_s1_n120_p4_a200,synthetic,hag_cta,shared_border,climb_tiebreak,native,od3,,0.010575499996775761,10.0,height_tiebreak,63,20.0,serial,article_2_HAG_applications,True,6f060dbaf1c69bc25c1517ab2245b48bb8526299,120,120,0.07331959999282844,7.890899756128866,68,7791,30739,3,64,281,135,14400,1,2.5.3,263.1859770825388,263.18767330620193,True,103.46357403026975,1696.2236636408616,11.589868869626862,166496,4,Windows-11-10.0.26300-SP0,3.14.7,True,200.0,323.0493265401881,20261002T115338Z,1.18.1,0,281,281,348,281,1.9513888888888888,98.0486111111111,0.0002673999988473952,0.00016450000111944973,0.00015440001152455807,0.0018026999896392226,8,23,1256.0254774486066,108,99,1,82.19799753247577,2026-10-02T11:53:38+00:00,serial_calibration,5,inf,92.19544457292888,1.1355112991095848,0.9704826299836792,0.03015021459227468,1.0192910855303379,1.01929175789719,-3.659998765215278e-05,0.08520667194382758
X3,syn_s1_n120_p4_a200_d3,syn_s1_n120_p4_a200_d3__od3__hag_cta_ring1__shared_border__climb_tiebreak__native,syn_s1_n120_p4_a200,synthetic,hag_cta_ring1,shared_border,climb_tiebreak,native,od3,,0.010575499996775761,10.0,height_tiebreak,63,20.0,serial,article_2_HAG_applications,True,6f060dbaf1c69bc25c1517ab2245b48bb8526299,120,120,0.07331959999282844,7.890899756128866,68,7791,30739,3,330,947,125,14400,1,2.5.3,258.634324827599,258.63589619844845,True,86.22830321702622,1571.3708498984765,12.122274839878365,167248,4,Windows-11-10.0.26300-SP0,3.14.7,True,200.0,323.0493265401881,20261002T115338Z,1.18.1,0,947,943,1598,946,6.576388888888889,93.42361111111111,0.0006201000069268048,0.0005322999786585569,0.0003313999914098531,0.0024071999941952527,8,23,1256.0254774486066,108,99,1,82.19799753247577,2026-10-02T11:53:38+00:00,serial_calibration,5,inf,64.03124237432849,1.0519304696653142,0.9748659361156446,0.10118025751072961,1.0016630241141358,1.0016633149255454,-0.00100889996974729,0.2757173820584458
X3,syn_s1_n120_p6_a120_d3,syn_s1_n120_p6_a120_d3__od1__full_grid__climb_tiebreak__native,syn_s1_n120_p6_a120,synthetic,full_grid,,climb_tiebreak,native,od1,,0.0,10.0,height_tiebreak,0,nan,serial,article_2_HAG_applications,True,6f060dbaf1c69bc25c1517ab2245b48bb8526299,120,120,0.09152329998323694,7.803302225412778,63,6965,27175,3,6965,14400,141,14400,1,2.5.3,251.23978783327757,251.24148606704225,True,73.43658035412943,1698.2337649086287,15.561006072156664,169720,6,Windows-11-10.0.26300-SP0,3.14.7,True,120.0,199.3883636931418,20261002T115338Z,1.18.1,0,14400,13915,26618,14130,100.0,0.0,0.0037748999893665314,0.003692300000693649,0.0036023999855387956,0.0,17,27,1144.0279716860073,109,95,1,73.95419062197838,2026-10-02T11:53:38+00:00,serial_calibration,5,,,,,,,,,
X3,syn_s1_n120_p6_a120_d3,syn_s1_n120_p6_a120_d3__od1__hag_cta__shared_border__climb_tiebreak__native,syn_s1_n120_p6_a120,synthetic,hag_cta,shared_border,climb_tiebreak,native,od1,,0.013316399999894202,10.0,height_tiebreak,68,20.0,serial,article_2_HAG_applications,True,6f060dbaf1c69bc25c1517ab2245b48bb8526299,120,120,0.09152329998323694,7.803302225412778,63,6965,27175,3,69,389,180,14400,1,2.5.3,275.3606284329629,275.36284507293186,True,61.37252585947892,2216.6399692442883,10.84760859196825,169296,6,Windows-11-10.0.26300-SP0,3.14.7,True,120.0,199.3883636931418,20261002T115338Z,1.18.1,0,389,389,444,389,2.701388888888889,97.29861111111111,0.0003945999778807163,0.00023870001314207911,0.00021800000104121864,0.0020872000022791326,17,27,1144.0279716860073,109,95,1,73.95419062197838,2026-10-02T11:53:38+00:00,serial_calibration,5,76.72694753595731,144.22205101855957,1.305261981623332,0.997501767617252,0.027955443765720445,1.096007247927195,1.096008662357032,0.0013663999852724373,0.06464805489728247
X3,syn_s1_n120_p6_a120_d3,syn_s1_n120_p6_a120_d3__od1__hag_cta_ring1__shared_border__climb_tiebreak__native,syn_s1_n120_p6_a120,synthetic,hag_cta_ring1,shared_border,climb_tiebreak,native,od1,,0.013316399999894202,10.0,height_tiebreak,68,20.0,serial,article_2_HAG_applications,True,6f060dbaf1c69bc25c1517ab2245b48bb8526299,120,120,0.09152329998323694,7.803302225412778,63,6965,27175,3,392,1356,156,14400,1,2.5.3,256.3593348157493,256.36123689727714,True,78.9958570170539,1902.081528017131,15.655039632115386,168768,6,Windows-11-10.0.26300-SP0,3.14.7,True,120.0,199.3883636931418,20261002T115338Z,1.18.1,0,1356,1343,2173,1353,9.416666666666666,90.58333333333334,0.0006290999881457537,0.0004872000135947019,0.0004742999735753983,0.002172800013795495,17,27,1144.0279716860073,109,95,1,73.95419062197838,2026-10-02T11:53:38+00:00,serial_calibration,5,101.55933613718378,144.22205101855957,1.1200351608363353,0.9943907612538299,0.09651455264103485,1.0203771346354944,1.020377808260809,0.0010322999733034521,0.13195027855352348
X3,syn_s1_n120_p6_a120_d3,syn_s1_n120_p6_a120_d3__od2__full_grid__climb_tiebreak__native,syn_s1_n120_p6_a120,synthetic,full_grid,,climb_tiebreak,native,od2,,0.0,10.0,height_tiebreak,0,nan,serial,article_2_HAG_applications,True,6f060dbaf1c69bc25c1517ab2245b48bb8526299,120,120,0.09152329998323694,7.803302225412778,63,6965,27175,3,6965,14400,132,14400,1,2.5.3,237.8253172199826,237.82686746384866,True,55.895036521118016,1550.243866176395,14.313332113170038,166720,6,Windows-11-10.0.26300-SP0,3.14.7,True,120.0,199.3883636931418,20261002T115338Z,1.18.1,0,14400,14056,27036,14222,100.0,0.0,0.0038872000004630536,0.0038136999937705696,0.0037225000269245356,0.0,7,65,1125.3888216967503,111,108,1,73.95419062197838,2026-10-02T11:53:38+00:00,serial_calibration,5,,,,,,,,,
X3,syn_s1_n120_p6_a120_d3,syn_s1_n120_p6_a120_d3__od2__hag_cta__shared_border__climb_tiebreak__native,syn_s1_n120_p6_a120,synthetic,hag_cta,shared_border,climb_tiebreak,native,od2,,0.013316399999894202,10.0,height_tiebreak,68,20.0,serial,article_2_HAG_applications,True,6f060dbaf1c69bc25c1517ab2245b48bb8526299,120,120,0.09152329998323694,7.803302225412778,63,6965,27175,3,69,421,191,14400,1,2.5.3,272.0818505993104,272.08412753365195,True,58.12963056226676,2276.9343417595164,11.67498028482082,169840,6,Windows-11-10.0.26300-SP0,3.14.7,True,120.0,199.3883636931418,20261002T115338Z,1.18.1,0,421,420,495,420,2.923611111111111,97.07638888888889,0.0005091999773867428,0.0002778999914880842,0.0002552000223658979,0.002206300006946549,7,65,1125.3888216967503,111,108,1,73.95419062197838,2026-10-02T11:53:38+00:00,serial_calibration,5,78.85648766522964,332.41540277189324,1.4687588136539254,1.0187140115163147,0.029880478087649404,1.1440407345179378,1.1440428511509981,0.0013294999953359365,0.07286886539109413
X3,syn_s1_n120_p6_a120_d3,syn_s1_n120_p6_a120_d3__od2__hag_cta_ring1__shared_border__climb_tiebreak__native,syn_s1_n120_p6_a120,synthetic,hag_cta_ring1,shared_border,climb_tiebreak,native,od2,,0.013316399999894202,10.0,height_tiebreak,68,20.0,serial,article_2_HAG_applications,True,6f060dbaf1c69bc25c1517ab2245b48bb8526299,120,120,0.09152329998323694,7.803302225412778,63,6965,27175,3,382,1388,178,14400,1,2.5.3,249.86007736464816,249.86216216695553,True,55.895036521118016,2084.8023074035523,15.672232551188385,170600,6,Windows-11-10.0.26300-SP0,3.14.7,True,120.0,199.3883636931418,20261002T115338Z,1.18.1,0,1388,1339,2199,1355,9.63888888888889,90.36111111111111,0.0009669999999459833,0.0008319999906234443,0.00047030000132508576,0.003097399981925264,7,65,1125.3888216967503,111,108,1,73.95419062197838,2026-10-02T11:53:38+00:00,serial_calibration,5,inf,325.7299494980466,1.3448221617838882,1.0232725527831095,0.09526180990324416,1.0506033600011293,1.0506052778285713,-0.00011569997877813876,0.21816083907555972
X3,syn_s1_n120_p6_a120_d3,syn_s1_n120_p6_a120_d3__od3__full_grid__climb_tiebreak__native,syn_s1_n120_p6_a120,synthetic,full_grid,,climb_tiebreak,native,od3,,0.0,10.0,height_tiebreak,0,nan,serial,article_2_HAG_applications,True,6f060dbaf1c69bc25c1517ab2245b48bb8526299,120,120,0.09152329998323694,7.803302225412778,63,6965,27175,3,6965,14400,145,14400,1,2.5.3,256.03814708454587,256.0399433082093,True,66.2596288016539,1796.223663640862,15.537076284246874,169872,6,Windows-11-10.0.26300-SP0,3.14.7,True,120.0,199.3883636931418,20261002T115338Z,1.18.1,0,14400,14094,26891,14233,100.0,0.0,0.004233299987390637,0.0038640999991912395,0.0037979999906383455,0.0,8,23,1256.0254774486066,108,99,1,73.95419062197838,2026-10-02T11:53:38+00:00,serial_calibration,5,,,,,,,,,
X3,syn_s1_n120_p6_a120_d3,syn_s1_n120_p6_a120_d3__od3__hag_cta__shared_border__climb_tiebreak__native,syn_s1_n120_p6_a120,synthetic,hag_cta,shared_border,climb_tiebreak,native,od3,,0.013316399999894202,10.0,height_tiebreak,71,20.0,serial,article_2_HAG_applications,True,6f060dbaf1c69bc25c1517ab2245b48bb8526299,120,120,0.09152329998323694,7.803302225412778,63,6965,27175,3,72,396,185,14400,1,2.5.3,292.21815759205697,292.2204200898902,True,61.329269738888264,2262.4978336205572,10.70769828555697,169616,6,Windows-11-10.0.26300-SP0,3.14.7,True,120.0,199.3883636931418,20261002T115338Z,1.18.1,0,396,395,452,395,2.75,97.25,0.0004433000285644084,0.0003201999934390187,0.00024610001128166914,0.0023098000092431903,8,23,1256.0254774486066,108,99,1,73.95419062197838,2026-10-02T11:53:38+00:00,serial_calibration,5,84.95235416878472,125.29964086141668,1.259585807390255,0.9984929829518696,0.028026110401589328,1.141307109583027,1.141307939355886,0.0012340999965090305,0.08286534859502521
X3,syn_s1_n120_p6_a120_d3,syn_s1_n120_p6_a120_d3__od3__hag_cta_ring1__shared_border__climb_tiebreak__native,syn_s1_n120_p6_a120,synthetic,hag_cta_ring1,shared_border,climb_tiebreak,native,od3,,0.013316399999894202,10.0,height_tiebreak,71,20.0,serial,article_2_HAG_applications,True,6f060dbaf1c69bc25c1517ab2245b48bb8526299,120,120,0.09152329998323694,7.803302225412778,63,6965,27175,3,398,1384,165,14400,1,2.5.3,264.1958159401424,264.1978287323482,True,66.2596288016539,2012.7922061357856,15.55805676437367,169440,6,Windows-11-10.0.26300-SP0,3.14.7,True,120.0,199.3883636931418,20261002T115338Z,1.18.1,0,1384,1358,2241,1369,9.61111111111111,90.38888888888889,0.0006821999850217253,0.0005024000129196793,0.0004825000069104135,0.0021899999992456287,8,23,1256.0254774486066,108,99,1,73.95419062197838,2026-10-02T11:53:38+00:00,serial_calibration,5,89.4765734778581,120.41594578792295,1.1205688060338483,0.99745690873128,0.09635305803888179,1.031861146272484,1.0318617685925624,0.0011716999870259315,0.13001734246650765
X3,syn_s1_n240_p6_a120_d3,syn_s1_n240_p6_a120_d3__od1__full_grid__climb_tiebreak__native,syn_s1_n240_p6_a120,synthetic,full_grid,,climb_tiebreak,native,od1,,0.0,10.0,height_tiebreak,0,nan,serial,article_2_HAG_applications,True,6f060dbaf1c69bc25c1517ab2245b48bb8526299,240,240,0.3900526999786962,7.188881135147708,53,8598,30905,3,8598,57600,260,57600,1,2.5.3,193.3134738138467,193.31650288022317,True,29.155528191704292,3029.066376115481,15.771694158483617,629312,6,Windows-11-10.0.26300-SP0,3.14.7,True,120.0,199.45831273533904,20261002T115338Z,1.18.1,0,57600,49569,98453,50366,100.0,0.0,0.019372600014321506,0.016251399996690452,0.015548299998044968,0.0,29,117,2109.4312029549574,230,53,1,37.231951391852505,2026-10-02T11:53:38+00:00,serial_calibration,5,,,,,,,,,
X3,syn_s1_n240_p6_a120_d3,syn_s1_n240_p6_a120_d3__od1__hag_cta__shared_border__climb_tiebreak__native,syn_s1_n240_p6_a120,synthetic,hag_cta,shared_border,climb_tiebreak,native,od1,,0.053713300003437325,10.0,height_tiebreak,49,20.0,serial,article_2_HAG_applications,True,6f060dbaf1c69bc25c1517ab2245b48bb8526299,240,240,0.3900526999786962,7.188881135147708,53,8598,30905,3,50,1502,404,57600,1,2.5.3,347.00177507459307,347.0065009533775,True,42.31590935962927,4725.8787847868,10.670694957254728,659840,6,Windows-11-10.0.26300-SP0,3.14.7,True,120.0,199.45831273533904,20261002T115338Z,1.18.1,0,1502,1498,2082,1500,2.607638888888889,97.39236111111111,0.0014852999884169549,0.0011146999895572662,0.0009595000010449439,0.0031635999912396073,29,117,2109.4312029549574,230,53,1,37.231951391852505,2026-10-02T11:53:38+00:00,serial_calibration,5,37.063584150559215,174.92855684535903,1.5601767006662084,1.0485101189870842,0.030220500716173417,1.7950211551665671,1.7950174754008406,0.011973100015893579,0.0685910130686754
X3,syn_s1_n240_p6_a120_d3,syn_s1_n240_p6_a120_d3__od1__hag_cta_ring1__shared_border__climb_tiebreak__native,syn_s1_n240_p6_a120,synthetic,hag_cta_ring1,shared_border,climb_tiebreak,native,od1,,0.053713300003437325,10.0,height_tiebreak,49,20.0,serial,article_2_HAG_applications,True,6f060dbaf1c69bc25c1517ab2245b48bb8526299,240,240,0.3900526999786962,7.188881135147708,53,8598,30905,3,313,4715,262,57600,1,2.5.3,199.9583049174129,199.96129599389056,True,42.75954705324053,2991.076477383248,11.699834441884072,653440,6,Windows-11-10.0.26300-SP0,3.14.7,True,120.0,199.45831273533904,20261002T115338Z,1.18.1,0,4715,4611,7940,4654,8.18576388888889,91.81423611111111,0.0020803000079467893,0.0018323000113014132,0.0015847999893594533,0.00397960000555031,29,117,2109.4312029549574,230,53,1,37.231951391852505,2026-10-02T11:53:38+00:00,serial_calibration,5,42.5083577603483,120.41594578792295,0.9874582151676214,1.0383402827214483,0.09302184833262725,1.0343733469399288,1.034372611829133,0.010439499979838729,0.11274721018955632
X3,syn_s1_n240_p6_a120_d3,syn_s1_n240_p6_a120_d3__od2__full_grid__climb_tiebreak__native,syn_s1_n240_p6_a120,synthetic,full_grid,,climb_tiebreak,native,od2,,0.0,10.0,height_tiebreak,0,nan,serial,article_2_HAG_applications,True,6f060dbaf1c69bc25c1517ab2245b48bb8526299,240,240,0.3900526999786962,7.188881135147708,53,8598,30905,3,8598,57600,241,57600,1,2.5.3,192.32650728980536,192.32942091462252,True,27.168949208826945,2913.6248173426384,15.619956064722047,626104,6,Windows-11-10.0.26300-SP0,3.14.7,True,120.0,199.45831273533904,20261002T115338Z,1.18.1,0,57600,47100,93353,47828,100.0,0.0,0.016182899998966604,0.01564450000296347,0.014810699998633936,0.0,30,90,2037.6947759662141,179,229,1,37.231951391852505,2026-10-02T11:53:38+00:00,serial_calibration,5,,,,,,,,,
X3,syn_s1_n240_p6_a120_d3,syn_s1_n240_p6_a120_d3__od2__hag_cta__shared_border__climb_tiebreak__native,syn_s1_n240_p6_a120,synthetic,hag_cta,shared_border,climb_tiebreak,native,od2,,0.053713300003437325,10.0,height_tiebreak,37,20.0,serial,article_2_HAG_applications,True,6f060dbaf1c69bc25c1517ab2245b48bb8526299,240,240,0.3900526999786962,7.188881135147708,53,8598,30905,3,38,1037,341,57600,1,2.5.3,298.6694816294013,298.67346152838826,True,55.533167314425384,3979.898987322333,11.654619397867638,655520,6,Windows-11-10.0.26300-SP0,3.14.7,True,120.0,199.45831273533904,20261002T115338Z,1.18.1,0,1037,998,1360,1011,1.8003472222222223,98.19965277777779,0.0008633000252302736,0.0006381999992299825,0.0006119000026956201,0.002738600014708936,30,90,2037.6947759662141,179,229,1,37.231951391852505,2026-10-02T11:53:38+00:00,serial_calibration,5,36.17352889124728,482.59714048054616,1.365961383783169,1.0469826099178412,0.02118895966029724,1.5529293691137125,1.5529265367100191,0.01226769998902455,0.04079388916929855
X3,syn_s1_n240_p6_a120_d3,syn_s1_n240_p6_a120_d3__od2__hag_cta_ring1__shared_border__climb_tiebreak__native,syn_s1_n240_p6_a120,synthetic,hag_cta_ring1,shared_border,climb_tiebreak,native,od2,,0.053713300003437325,10.0,height_tiebreak,37,20.0,serial,article_2_HAG_applications,True,6f060dbaf1c69bc25c1517ab2245b48bb8526299,240,240,0.3900526999786962,7.188881135147708,53,8598,30905,3,279,3761,305,57600,1,2.5.3,215.97162358778294,215.97524348677015,True,29.65005015750677,3619.898987322333,15.60379655801178,656240,6,Windows-11-10.0.26300-SP0,3.14.7,True,120.0,199.45831273533904,20261002T115338Z,1.18.1,0,3761,3453,5858,3513,6.529513888888889,93.4704861111111,0.008288699988042936,0.001352000021142885,0.0011439000081736594,0.0027818999951705337,30,90,2037.6947759662141,179,229,1,37.231951391852505,2026-10-02T11:53:38+00:00,serial_calibration,5,38.55281223366389,441.02154142399894,1.2424039518663388,1.0481325786131377,0.07331210191082803,1.122942576305138,1.122944386041927,0.01151059998665005,0.08642014899081349
X3,syn_s1_n240_p6_a120_d3,syn_s1_n240_p6_a120_d3__od3__full_grid__climb_tiebreak__native,syn_s1_n240_p6_a120,synthetic,full_grid,,climb_tiebreak,native,od3,,0.0,10.0,height_tiebreak,0,nan,serial,article_2_HAG_applications,True,6f060dbaf1c69bc25c1517ab2245b48bb8526299,240,240,0.3900526999786962,7.188881135147708,53,8598,30905,3,8598,57600,315,57600,1,2.5.3,245.82951770564097,245.83331216306885,True,35.95554470990024,3794.457428549491,15.546218964328553,632464,6,Windows-11-10.0.26300-SP0,3.14.7,True,120.0,199.45831273533904,20261002T115338Z,1.18.1,0,57600,54723,108013,55320,100.0,0.0,0.019429100007982925,0.017902599996887147,0.015231900004437193,0.0,30,52,2402.0407989873947,223,195,1,37.231951391852505,2026-10-02T11:53:38+00:00,serial_calibration,5,,,,,,,,,
X3,syn_s1_n240_p6_a120_d3,syn_s1_n240_p6_a120_d3__od3__hag_cta__shared_border__climb_tiebreak__native,syn_s1_n240_p6_a120,synthetic,hag_cta,shared_border,climb_tiebreak,native,od3,,0.053713300003437325,10.0,height_tiebreak,55,20.0,serial,article_2_HAG_applications,True,6f060dbaf1c69bc25c1517ab2245b48bb8526299,240,240,0.3900526999786962,7.188881135147708,53,8598,30905,3,56,1287,453,57600,1,2.5.3,383.429224194352,383.43450634730533,True,48.02625308382278,5282.152954766496,11.575677100580483,662624,6,Windows-11-10.0.26300-SP0,3.14.7,True,120.0,199.45831273533904,20261002T115338Z,1.18.1,0,1287,1287,1768,1287,2.234375,97.765625,0.0009994000138249248,0.0007436999876517802,0.000681799981975928,0.0024366000143345445,30,52,2402.0407989873947,223,195,1,37.231951391852505,2026-10-02T11:53:38+00:00,serial_calibration,5,30.142436992578276,620.966987850401,1.3920706857912244,1.0476865086392269,0.023518447453538732,1.5597363073928106,1.5597337194601248,0.014722299994900823,0.04154145139706482
X3,syn_s1_n240_p6_a120_d3,syn_s1_n240_p6_a120_d3__od3__hag_cta_ring1__shared_border__climb_tiebreak__native,syn_s1_n240_p6_a120,synthetic,hag_cta_ring1,shared_border,climb_tiebreak,native,od3,,0.053713300003437325,10.0,height_tiebreak,55,20.0,serial,article_2_HAG_applications,True,6f060dbaf1c69bc25c1517ab2245b48bb8526299,240,240,0.3900526999786962,7.188881135147708,53,8598,30905,3,346,4502,417,57600,1,2.5.3,296.70456355780874,296.7094939950337,True,29.65005015750677,4930.437226013957,15.691716112962085,663744,6,Windows-11-10.0.26300-SP0,3.14.7,True,120.0,199.45831273533904,20261002T115338Z,1.18.1,0,4502,4475,7887,4499,7.815972222222222,92.18402777777777,0.003290799999376759,0.0017355000018142164,0.0015144999779295176,0.002506699995137751,30,52,2402.0407989873947,223,195,1,37.231951391852505,2026-10-02T11:53:38+00:00,serial_calibration,5,32.485578752030634,608.276253029822,1.2993787172093054,1.049457360418933,0.08177548745500064,1.2069525512110637,1.2069539778165503,0.01366039999993518,0.09694122653223443
X3,syn_s1_n240_p6_a120_d5,syn_s1_n240_p6_a120_d5__od1__full_grid__climb_tiebreak__native,syn_s1_n240_p6_a120,synthetic,full_grid,,climb_tiebreak,native,od1,,0.0,10.0,height_tiebreak,0,nan,serial,article_2_HAG_applications,True,6f060dbaf1c69bc25c1517ab2245b48bb8526299,240,240,0.19121560000348836,5.261213720316623,27,758,1994,5,758,57600,260,57600,1,2.5.3,193.3134738138467,193.31650288022317,True,29.155528191704292,3029.066376115481,15.771694158483617,629312,6,Windows-11-10.0.26300-SP0,3.14.7,True,120.0,199.45831273533904,20261002T115338Z,1.18.1,0,57600,49569,98453,50366,100.0,0.0,0.015953499998431653,0.015029999980470166,0.013037199998507276,0.0,29,117,2109.4312029549574,230,53,1,37.231951391852505,2026-10-02T11:53:38+00:00,serial_calibration,5,,,,,,,,,
X3,syn_s1_n240_p6_a120_d5,syn_s1_n240_p6_a120_d5__od1__hag_cta__shared_border__climb_tiebreak__native,syn_s1_n240_p6_a120,synthetic,hag_cta,shared_border,climb_tiebreak,native,od1,,0.02165080001577735,10.0,height_tiebreak,15,20.0,serial,article_2_HAG_applications,True,6f060dbaf1c69bc25c1517ab2245b48bb8526299,240,240,0.19121560000348836,5.261213720316623,27,758,1994,5,16,3615,439,57600,1,2.5.3,452.61412044894314,452.619366155288,True,58.29168016939059,5245.706345359769,10.685580070571797,663288,6,Windows-11-10.0.26300-SP0,3.14.7,True,120.0,199.45831273533904,20261002T115338Z,1.18.1,0,3615,3339,4840,3357,6.276041666666667,93.72395833333333,0.0015393999929074198,0.0012115999998059124,0.0011026999854948372,0.0003161000204272568,29,117,2109.4312029549574,230,53,1,37.231951391852505,2026-10-02T11:53:38+00:00,serial_calibration,5,15.765195607128952,962.5487000666511,1.731789830266757,1.0539891182751957,0.06736064879259214,2.3413480267019193,2.3413384755657725,0.013502299960236996,0.08061210920693636
X3,syn_s1_n240_p6_a120_d5,syn_s1_n240_p6_a120_d5__od1__hag_cta_ring1__shared_border__climb_tiebreak__native,syn_s1_n240_p6_a120,synthetic,hag_cta_ring1,shared_border,climb_tiebreak,native,od1,,0.02165080001577735,10.0,height_tiebreak,15,20.0,serial,article_2_HAG_applications,True,6f060dbaf1c69bc25c1517ab2245b48bb8526299,240,240,0.19121560000348836,5.261213720316623,27,758,1994,5,70,11230,402,57600,1,2.5.3,354.8560536598655,354.8608423813615,True,27.182956787509482,4788.721497261419,19.70698629844655,668112,6,Windows-11-10.0.26300-SP0,3.14.7,True,120.0,199.45831273533904,20261002T115338Z,1.18.1,0,11230,11086,20554,11150,19.49652777777778,80.50347222222223,0.004377300007035956,0.0036025000154040754,0.0031183000246528536,0.00032759999157860875,29,117,2109.4312029549574,230,53,1,37.231951391852505,2026-10-02T11:53:38+00:00,serial_calibration,5,19.177325969396563,920.8691546577071,1.5809232623692273,1.061654632360419,0.22364784441889085,1.8356509076112197,1.8356469162967917,0.011099899973487481,0.23968729341883757
X3,syn_s1_n240_p6_a120_d5,syn_s1_n240_p6_a120_d5__od2__full_grid__climb_tiebreak__native,syn_s1_n240_p6_a120,synthetic,full_grid,,climb_tiebreak,native,od2,,0.0,10.0,height_tiebreak,0,nan,serial,article_2_HAG_applications,True,6f060dbaf1c69bc25c1517ab2245b48bb8526299,240,240,0.19121560000348836,5.261213720316623,27,758,1994,5,758,57600,241,57600,1,2.5.3,192.32650728980536,192.32942091462252,True,27.168949208826945,2913.6248173426384,15.619956064722047,626232,6,Windows-11-10.0.26300-SP0,3.14.7,True,120.0,199.45831273533904,20261002T115338Z,1.18.1,0,57600,47100,93353,47828,100.0,0.0,0.014283099997555837,0.013749100005952641,0.012200199998915195,0.0,30,90,2037.6947759662141,179,229,1,37.231951391852505,2026-10-02T11:53:38+00:00,serial_calibration,5,,,,,,,,,
X3,syn_s1_n240_p6_a120_d5,syn_s1_n240_p6_a120_d5__od2__hag_cta__shared_border__climb_tiebreak__native,syn_s1_n240_p6_a120,synthetic,hag_cta,shared_border,climb_tiebreak,native,od2,,0.02165080001577735,10.0,height_tiebreak,8,20.0,serial,article_2_HAG_applications,True,6f060dbaf1c69bc25c1517ab2245b48bb8526299,240,240,0.19121560000348836,5.261213720316623,27,758,1994,5,9,2775,314,57600,1,2.5.3,376.32961574781285,376.3333712102914,True,53.97751615325432,3755.462479183374,11.64645488852717,654360,6,Windows-11-10.0.26300-SP0,3.14.7,True,120.0,199.45831273533904,20261002T115338Z,1.18.1,0,2775,2441,3406,2476,4.817708333333333,95.18229166666666,0.0009371999767608941,0.0007886000094003975,0.0007478000188712031,0.00033239999902434647,30,90,2037.6947759662141,179,229,1,37.231951391852505,2026-10-02T11:53:38+00:00,serial_calibration,5,16.856565917353908,960.0520819205591,1.288931387744195,1.0449162610661864,0.051825902335456475,1.956722560248776,1.9567124437885692,0.012628099997527897,0.05735648217403139
X3,syn_s1_n240_p6_a120_d5,syn_s1_n240_p6_a120_d5__od2__hag_cta_ring1__shared_border__climb_tiebreak__native,syn_s1_n240_p6_a120,synthetic,hag_cta_ring1,shared_border,climb_tiebreak,native,od2,,0.02165080001577735,10.0,height_tiebreak,8,20.0,serial,article_2_HAG_applications,True,6f060dbaf1c69bc25c1517ab2245b48bb8526299,240,240,0.19121560000348836,5.261213720316623,27,758,1994,5,65,9644,285,57600,1,2.5.3,277.7923910239858,277.7958109229724,True,30.394388120184885,3419.898987322333,26.208632712317048,656144,6,Windows-11-10.0.26300-SP0,3.14.7,True,120.0,199.45831273533904,20261002T115338Z,1.18.1,0,9644,7959,14773,8043,16.743055555555557,83.25694444444444,0.002363600011449307,0.0022120000212453306,0.002169199986383319,0.0003000000142492354,30,90,2037.6947759662141,179,229,1,37.231951391852505,2026-10-02T11:53:38+00:00,serial_calibration,5,18.943179341545743,956.3472172804185,1.1737609341347663,1.0477650455422272,0.16898089171974523,1.444379118294895,1.4443750186628468,0.011237099970458075,0.16088325928880073
X3,syn_s1_n240_p6_a120_d5,syn_s1_n240_p6_a120_d5__od3__full_grid__climb_tiebreak__native,syn_s1_n240_p6_a120,synthetic,full_grid,,climb_tiebreak,native,od3,,0.0,10.0,height_tiebreak,0,nan,serial,article_2_HAG_applications,True,6f060dbaf1c69bc25c1517ab2245b48bb8526299,240,240,0.19121560000348836,5.261213720316623,27,758,1994,5,758,57600,315,57600,1,2.5.3,245.82951770564097,245.83331216306885,True,35.95554470990024,3794.457428549491,15.546218964328553,632656,6,Windows-11-10.0.26300-SP0,3.14.7,True,120.0,199.45831273533904,20261002T115338Z,1.18.1,0,57600,54723,108013,55320,100.0,0.0,0.02193670000997372,0.016919400019105524,0.015412699984153733,0.0,30,52,2402.0407989873947,223,195,1,37.231951391852505,2026-10-02T11:53:38+00:00,serial_calibration,5,,,,,,,,,
X3,syn_s1_n240_p6_a120_d5,syn_s1_n240_p6_a120_d5__od3__hag_cta__shared_border__climb_tiebreak__native,syn_s1_n240_p6_a120,synthetic,hag_cta,shared_border,climb_tiebreak,native,od3,,0.02165080001577735,10.0,height_tiebreak,16,20.0,serial,article_2_HAG_applications,True,6f060dbaf1c69bc25c1517ab2245b48bb8526299,240,240,0.19121560000348836,5.261213720316623,27,758,1994,5,17,3731,473,57600,1,2.5.3,521.6753297373444,521.6810107128075,True,53.97751615325432,5680.9754647055815,10.91212354456667,664688,6,Windows-11-10.0.26300-SP0,3.14.7,True,120.0,199.45831273533904,20261002T115338Z,1.18.1,0,3731,3681,5395,3694,6.477430555555555,93.52256944444444,0.0014378000050783157,0.0012324000126682222,0.001211499999044463,0.0002914000069722533,30,52,2402.0407989873947,223,195,1,37.231951391852505,2026-10-02T11:53:38+00:00,serial_calibration,5,13.82644392077361,960.0520819205591,1.4971772833612342,1.050630990617334,0.06726604901047091,2.1221020754798223,2.1220924297141646,0.015395599999465048,0.07283946305877195
X3,syn_s1_n240_p6_a120_d5,syn_s1_n240_p6_a120_d5__od3__hag_cta_ring1__shared_border__climb_tiebreak__native,syn_s1_n240_p6_a120,synthetic,hag_cta_ring1,shared_border,climb_tiebreak,native,od3,,0.02165080001577735,10.0,height_tiebreak,16,20.0,serial,article_2_HAG_applications,True,6f060dbaf1c69bc25c1517ab2245b48bb8526299,240,240,0.19121560000348836,5.261213720316623,27,758,1994,5,94,11126,400,57600,1,2.5.3,351.288349323247,351.2932464509473,True,30.654950656957993,4897.127701597079,24.23342262790613,665496,6,Windows-11-10.0.26300-SP0,3.14.7,True,120.0,199.45831273533904,20261002T115338Z,1.18.1,0,11126,10678,20149,10804,19.31597222222222,80.68402777777777,0.003510499984258786,0.0034315000229980797,0.00309799998649396,0.0003228000132367015,30,52,2402.0407989873947,223,195,1,37.231951391852505,2026-10-02T11:53:38+00:00,serial_calibration,5,16.16899228233956,956.3472172804185,1.2906002488659114,1.0519081459750639,0.19512819107139595,1.428991736231951,1.4289896001479394,0.013165099982870743,0.20281452173973083
X3,syn_s1_n240_p8_a100_d1,syn_s1_n240_p8_a100_d1__od1__full_grid__climb_tiebreak__native,syn_s1_n240_p8_a100,synthetic,full_grid,,climb_tiebreak,native,od1,,0.0,10.0,height_tiebreak,0,nan,serial,article_2_HAG_applications,True,6f060dbaf1c69bc25c1517ab2245b48bb8526299,240,240,0.41963270000997,7.933599979086607,141,38253,151742,1,38253,57600,204,57600,1,2.5.3,195.535497711166,195.53790050337201,True,37.80955228488472,2402.792206135786,18.47907910988395,639152,8,Windows-11-10.0.26300-SP0,3.14.7,True,100.0,169.75748151303725,20261002T115338Z,1.18.1,0,57600,45352,89130,46272,100.0,0.0,0.01060969999525696,0.010115899989614263,0.010066600021673366,0.0,29,117,2109.4312029549574,230,53,1,39.65754368229737,2026-10-02T11:53:38+00:00,serial_calibration,5,,,,,,,,,
X3,syn_s1_n240_p8_a100_d1,syn_s1_n240_p8_a100_d1__od1__hag_cta__shared_border__climb_tiebreak__native,syn_s1_n240_p8_a100,synthetic,hag_cta,shared_border,climb_tiebreak,native,od1,,0.07884530001319945,10.0,height_tiebreak,116,20.0,serial,article_2_HAG_applications,True,6f060dbaf1c69bc25c1517ab2245b48bb8526299,240,240,0.41963270000997,7.933599979086607,141,38253,151742,1,117,438,229,57600,1,2.5.3,201.28011986377314,201.2828265037424,True,39.87915832721515,2706.6399692442883,10.978232554372042,647696,8,Windows-11-10.0.26300-SP0,3.14.7,True,100.0,169.75748151303725,20261002T115338Z,1.18.1,0,438,436,497,436,0.7604166666666666,99.23958333333334,0.000522000016644597,0.0003093000268563628,0.0002921000123023987,0.010890000005019829,29,117,2109.4312029549574,230,53,1,39.65754368229737,2026-10-02T11:53:38+00:00,serial_calibration,5,inf,70.0,1.1264561131556008,1.0133677122186897,0.009613688481213618,1.0293789220875524,1.0293801149832398,-0.0010834000422619283,0.030575631152335758
X3,syn_s1_n240_p8_a100_d1,syn_s1_n240_p8_a100_d1__od1__hag_cta_ring1__shared_border__climb_tiebreak__native,syn_s1_n240_p8_a100,synthetic,hag_cta_ring1,shared_border,climb_tiebreak,native,od1,,0.07884530001319945,10.0,height_tiebreak,116,20.0,serial,article_2_HAG_applications,True,6f060dbaf1c69bc25c1517ab2245b48bb8526299,240,240,0.41963270000997,7.933599979086607,141,38253,151742,1,530,1395,205,57600,1,2.5.3,195.94042708441827,195.94286058730253,True,37.862381062121386,2433.5028842544407,15.553393818144025,647312,8,Windows-11-10.0.26300-SP0,3.14.7,True,100.0,169.75748151303725,20261002T115338Z,1.18.1,0,1395,1382,2300,1392,2.421875,97.578125,0.0006266999989748001,0.00042799999937415123,0.00041599999531172216,0.014465300017036498,29,117,2109.4312029549574,230,53,1,39.65754368229737,2026-10-02T11:53:38+00:00,serial_calibration,5,inf,36.05551275463989,1.0127812459355545,1.0127669161639172,0.030472746516140414,1.002070873974251,1.0020710055845339,-0.004777400026796386,0.042309631353964344
X3,syn_s1_n240_p8_a100_d1,syn_s1_n240_p8_a100_d1__od2__full_grid__climb_tiebreak__native,syn_s1_n240_p8_a100,synthetic,full_grid,,climb_tiebreak,native,od2,,0.0,10.0,height_tiebreak,0,nan,serial,article_2_HAG_applications,True,6f060dbaf1c69bc25c1517ab2245b48bb8526299,240,240,0.41963270000997,7.933599979086607,141,38253,151742,1,38253,57600,253,57600,1,2.5.3,236.47791133790543,236.48072957167008,True,31.31120205014838,2818.233764908628,15.573889421646777,631456,8,Windows-11-10.0.26300-SP0,3.14.7,True,100.0,169.75748151303725,20261002T115338Z,1.18.1,0,57600,51885,101590,52562,100.0,0.0,0.013637299998663366,0.012004699994577095,0.011352299974532798,0.0,30,90,2037.6947759662141,179,229,1,39.65754368229737,2026-10-02T11:53:38+00:00,serial_calibration,5,,,,,,,,,
X3,syn_s1_n240_p8_a100_d1,syn_s1_n240_p8_a100_d1__od2__hag_cta__shared_border__climb_tiebreak__native,syn_s1_n240_p8_a100,synthetic,hag_cta,shared_border,climb_tiebreak,native,od2,,0.07884530001319945,10.0,height_tiebreak,154,20.0,serial,article_2_HAG_applications,True,6f060dbaf1c69bc25c1517ab2245b48bb8526299,240,240,0.41963270000997,7.933599979086607,141,38253,151742,1,155,425,259,57600,1,2.5.3,239.51784591967345,239.52078214333682,True,31.31120205014838,2936.2236636408616,11.624752597694027,649472,8,Windows-11-10.0.26300-SP0,3.14.7,True,100.0,169.75748151303725,20261002T115338Z,1.18.1,0,425,425,463,425,0.7378472222222222,99.26215277777779,0.0005110999918542802,0.0003428999916650355,0.0003023000026587397,0.010905700008152053,30,90,2037.6947759662141,179,229,1,39.65754368229737,2026-10-02T11:53:38+00:00,serial_calibration,5,659.2752327440381,60.0,1.0418666117060233,1.0285308873460701,0.00819119205936205,1.0128550466492587,1.0128553923914776,0.0007560999947600067,0.028563811825362925
X3,syn_s1_n240_p8_a100_d1,syn_s1_n240_p8_a100_d1__od2__hag_cta_ring1__shared_border__climb_tiebreak__native,syn_s1_n240_p8_a100,synthetic,hag_cta_ring1,shared_border,climb_tiebreak,native,od2,,0.07884530001319945,10.0,height_tiebreak,154,20.0,serial,article_2_HAG_applications,True,6f060dbaf1c69bc25c1517ab2245b48bb8526299,240,240,0.41963270000997,7.933599979086607,141,38253,151742,1,662,1374,253,57600,1,2.5.3,236.5830617234128,236.5858882414487,True,31.31120205014838,2826.51803615609,15.555087061222588,650016,8,Windows-11-10.0.26300-SP0,3.14.7,True,100.0,169.75748151303725,20261002T115338Z,1.18.1,0,1374,1367,2261,1373,2.3854166666666665,97.61458333333334,0.0006291999889072031,0.00046510001993738115,0.0004372000112198293,0.010805500001879409,30,90,2037.6947759662141,179,229,1,39.65754368229737,2026-10-02T11:53:38+00:00,serial_calibration,5,679.0328545427291,20.0,1.0029395259366396,1.029392388384939,0.026346728341524524,1.000444652039222,1.0004446817716146,0.0007340999727603048,0.03874316060771878
X3,syn_s1_n240_p8_a100_d1,syn_s1_n240_p8_a100_d1__od3__full_grid__climb_tiebreak__native,syn_s1_n240_p8_a100,synthetic,full_grid,,climb_tiebreak,native,od3,,0.0,10.0,height_tiebreak,0,nan,serial,article_2_HAG_applications,True,6f060dbaf1c69bc25c1517ab2245b48bb8526299,240,240,0.41963270000997,7.933599979086607,141,38253,151742,1,38253,57600,313,57600,1,2.5.3,269.69913170769667,269.70262449990213,True,32.872998787393755,3492.792206135786,18.96492383814068,628160,8,Windows-11-10.0.26300-SP0,3.14.7,True,100.0,169.75748151303725,20261002T115338Z,1.18.1,0,57600,52003,102316,52854,100.0,0.0,0.02423139999154955,0.012971699994523078,0.011532199976500124,0.0,30,52,2402.0407989873947,223,195,1,39.65754368229737,2026-10-02T11:53:38+00:00,serial_calibration,5,,,,,,,,,
X3,syn_s1_n240_p8_a100_d1,syn_s1_n240_p8_a100_d1__od3__hag_cta__shared_border__climb_tiebreak__native,syn_s1_n240_p8_a100,synthetic,hag_cta,shared_border,climb_tiebreak,native,od3,,0.07884530001319945,10.0,height_tiebreak,167,20.0,serial,article_2_HAG_applications,True,6f060dbaf1c69bc25c1517ab2245b48bb8526299,240,240,0.41963270000997,7.933599979086607,141,38253,151742,1,168,509,324,57600,1,2.5.3,273.6364291891914,273.64010239770226,True,40.05352461044514,3673.208511739212,11.783854786093578,653784,8,Windows-11-10.0.26300-SP0,3.14.7,True,100.0,169.75748151303725,20261002T115338Z,1.18.1,0,509,501,547,501,0.8836805555555556,99.11631944444444,0.0005403999821282923,0.00037590001011267304,0.00036460001138038933,0.01032089997897856,30,52,2402.0407989873947,223,195,1,39.65754368229737,2026-10-02T11:53:38+00:00,serial_calibration,5,219.12083996348798,60.0,1.051653890342085,1.0407921548650025,0.009634059573486144,1.0145988511589352,1.014599331041369,0.002274900005431846,0.02897846930405312
X3,syn_s1_n240_p8_a100_d1,syn_s1_n240_p8_a100_d1__od3__hag_cta_ring1__shared_border__climb_tiebreak__native,syn_s1_n240_p8_a100,synthetic,hag_cta_ring1,shared_border,climb_tiebreak,native,od3,,0.07884530001319945,10.0,height_tiebreak,167,20.0,serial,article_2_HAG_applications,True,6f060dbaf1c69bc25c1517ab2245b48bb8526299,240,240,0.41963270000997,7.933599979086607,141,38253,151742,1,812,1684,313,57600,1,2.5.3,269.804282093204,269.8077831696807,True,29.907923403239494,3501.076477383248,18.98609997732158,654480,8,Windows-11-10.0.26300-SP0,3.14.7,True,100.0,169.75748151303725,20261002T115338Z,1.18.1,0,1684,1559,2602,1648,2.923611111111111,97.07638888888889,0.0007254999945871532,0.0005684999923687428,0.0005325000092852861,0.010774800000945106,30,52,2402.0407989873947,223,195,1,39.65754368229737,2026-10-02T11:53:38+00:00,serial_calibration,5,306.1152048962208,20.0,1.0023718190944508,1.041900152827305,0.029979039670788223,1.0003898803264273,1.0003899059935868,0.0016284000012092292,0.043826174873669244
X3,syn_s1_n480_p8_a100_d5,syn_s1_n480_p8_a100_d5__od1__full_grid__climb_tiebreak__native,syn_s1_n480_p8_a100,synthetic,full_grid,,climb_tiebreak,native,od1,,0.0,10.0,height_tiebreak,0,nan,serial,article_2_HAG_applications,True,6f060dbaf1c69bc25c1517ab2245b48bb8526299,480,480,0.3935015999886673,2.262798634812287,35,586,663,5,586,230400,415,230400,1,2.5.3,200.25498050073597,200.25985365874092,True,18.808129249219657,4873.158005400379,17.805751953657623,2433480,8,Windows-11-10.0.26300-SP0,3.14.7,True,100.0,169.91339479119222,20261002T115338Z,1.18.1,0,230400,181270,363001,183137,100.0,0.0,0.04869999998481944,0.043978999980026856,0.04216060001635924,0.0,55,235,4304.195627524381,465,104,1,19.895226892818417,2026-10-02T11:53:38+00:00,serial_calibration,5,,,,,,,,,
X3,syn_s1_n480_p8_a100_d5,syn_s1_n480_p8_a100_d5__od1__hag_cta__shared_border__climb_tiebreak__native,syn_s1_n480_p8_a100,synthetic,hag_cta,shared_border,climb_tiebreak,native,od1,,0.052639000001363456,10.0,height_tiebreak,9,40.0,serial,article_2_HAG_applications,True,6f060dbaf1c69bc25c1517ab2245b48bb8526299,480,480,0.3935015999886673,2.262798634812287,35,586,663,5,10,16812,838,230400,1,2.5.3,497.6586450345315,497.6687795843046,True,23.375118332194944,10134.549775709385,26.155736036124548,2591696,8,Windows-11-10.0.26300-SP0,3.14.7,True,100.0,169.91339479119222,20261002T115338Z,1.18.1,0,16812,14770,25978,14905,7.296875,92.703125,0.004185300000244752,0.0035712000099010766,0.0031703999848105013,0.00017319998005405068,55,235,4304.195627524381,465,104,1,19.895226892818417,2026-10-02T11:53:38+00:00,serial_calibration,5,11.088481061079772,1930.181338631166,2.07966779744847,1.065016355178592,0.08148066420257075,2.4851249331733976,2.4851150667091404,0.04023459999007173,0.08120239231276163
X3,syn_s1_n480_p8_a100_d5,syn_s1_n480_p8_a100_d5__od1__hag_cta_ring1__shared_border__climb_tiebreak__native,syn_s1_n480_p8_a100,synthetic,hag_cta_ring1,shared_border,climb_tiebreak,native,od1,,0.052639000001363456,10.0,height_tiebreak,9,28.284271247461902,serial,article_2_HAG_applications,True,6f060dbaf1c69bc25c1517ab2245b48bb8526299,480,480,0.3935015999886673,2.262798634812287,35,586,663,5,37,49081,471,230400,1,2.5.3,262.0646588972449,262.0704814159974,True,16.51489442535622,5822.518754031089,24.156497071265033,2582248,8,Windows-11-10.0.26300-SP0,3.14.7,True,100.0,169.91339479119222,20261002T115338Z,1.18.1,0,49081,36689,72265,37219,21.30251736111111,78.6974826388889,0.010108499991474673,0.007854199997382239,0.007622400007676333,0.0005001999961677939,55,235,4304.195627524381,465,104,1,19.895226892818417,2026-10-02T11:53:38+00:00,serial_calibration,5,12.523385530206282,462.709412050371,1.1948142759948763,1.0611338494666074,0.20239973520163293,1.3086548870942152,1.3086521168770393,0.035624599986476824,0.1785897815082025
X3,syn_s1_n480_p8_a100_d5,syn_s1_n480_p8_a100_d5__od2__full_grid__climb_tiebreak__native,syn_s1_n480_p8_a100,synthetic,full_grid,,climb_tiebreak,native,od2,,0.0,10.0,height_tiebreak,0,nan,serial,article_2_HAG_applications,True,6f060dbaf1c69bc25c1517ab2245b48bb8526299,480,480,0.3935015999886673,2.262798634812287,35,586,663,5,586,230400,478,230400,1,2.5.3,204.8542406779905,204.8600089326759,True,11.782187962857193,5768.25468531916,18.868688227112703,2429408,8,Windows-11-10.0.26300-SP0,3.14.7,True,100.0,169.91339479119222,20261002T115338Z,1.18.1,0,230400,169279,341246,170694,100.0,0.0,0.041580699995392933,0.038156299997353926,0.037101499998243526,0.0,473,373,4106.2148019800425,212,56,1,19.895226892818417,2026-10-02T11:53:38+00:00,serial_calibration,5,,,,,,,,,
X3,syn_s1_n480_p8_a100_d5,syn_s1_n480_p8_a100_d5__od2__hag_cta__shared_border__climb_tiebreak__native,syn_s1_n480_p8_a100,synthetic,hag_cta,shared_border,climb_tiebreak,native,od2,,0.052639000001363456,10.0,height_tiebreak,10,40.0,serial,article_2_HAG_applications,True,6f060dbaf1c69bc25c1517ab2245b48bb8526299,480,480,0.3935015999886673,2.262798634812287,35,586,663,5,11,28018,891,230400,1,2.5.3,419.4860375881597,419.4963541985419,True,21.018333608729815,10316.610383315987,15.523820337717046,2600112,8,Windows-11-10.0.26300-SP0,3.14.7,True,100.0,169.91339479119222,20261002T115338Z,1.18.1,0,28018,25753,45291,25784,12.160590277777779,87.83940972222221,0.006033900019247085,0.005574300012085587,0.005330500018317252,0.00017789998673833907,473,373,4106.2148019800425,212,56,1,19.895226892818417,2026-10-02T11:53:38+00:00,serial_calibration,5,13.76802935462703,1786.1970775925035,1.7885150615094876,1.0702656778935444,0.15213346014567666,2.047729332816439,2.0477220341057536,0.03240409999853,0.14609120938015885
X3,syn_s1_n480_p8_a100_d5,syn_s1_n480_p8_a100_d5__od2__hag_cta_ring1__shared_border__climb_tiebreak__native,syn_s1_n480_p8_a100,synthetic,hag_cta_ring1,shared_border,climb_tiebreak,native,od2,,0.052639000001363456,10.0,height_tiebreak,10,28.284271247461902,serial,article_2_HAG_applications,True,6f060dbaf1c69bc25c1517ab2245b48bb8526299,480,480,0.3935015999886673,2.262798634812287,35,586,663,5,48,65678,490,230400,1,2.5.3,222.7483392315472,222.754177780605,True,15.69722438896676,5838.549057834389,18.365204118851832,2593640,8,Windows-11-10.0.26300-SP0,3.14.7,True,100.0,169.91339479119222,20261002T115338Z,1.18.1,0,65678,54489,103882,54919,28.50607638888889,71.49392361111111,0.011716699984390289,0.011447400000179186,0.010616399988066405,0.00018440000712871552,473,373,4106.2148019800425,212,56,1,19.895226892818417,2026-10-02T11:53:38+00:00,serial_calibration,5,16.81994383145605,580.086200490927,1.0121864196971289,1.0676016543948155,0.3218887162613201,1.0873503935985604,1.087348277202359,0.026524499990046024,0.3000133661013527
X3,syn_s1_n480_p8_a100_d5,syn_s1_n480_p8_a100_d5__od3__full_grid__climb_tiebreak__native,syn_s1_n480_p8_a100,synthetic,full_grid,,climb_tiebreak,native,od3,,0.0,10.0,height_tiebreak,0,nan,serial,article_2_HAG_applications,True,6f060dbaf1c69bc25c1517ab2245b48bb8526299,480,480,0.3935015999886673,2.262798634812287,35,586,663,5,586,230400,512,230400,1,2.5.3,231.29974078464227,231.30542654149343,True,16.074565579369278,5685.756851698602,18.97409725375418,2420408,8,Windows-11-10.0.26300-SP0,3.14.7,True,100.0,169.91339479119222,20261002T115338Z,1.18.1,0,230400,204411,409401,205785,100.0,0.0,0.051855400000931695,0.047656299982918426,0.04516500001773238,0.0,57,179,4174.326292948361,362,464,1,19.895226892818417,2026-10-02T11:53:38+00:00,serial_calibration,5,,,,,,,,,
X3,syn_s1_n480_p8_a100_d5,syn_s1_n480_p8_a100_d5__od3__hag_cta__shared_border__climb_tiebreak__native,syn_s1_n480_p8_a100,synthetic,hag_cta,shared_border,climb_tiebreak,native,od3,,0.052639000001363456,10.0,height_tiebreak,12,40.0,serial,article_2_HAG_applications,True,6f060dbaf1c69bc25c1517ab2245b48bb8526299,480,480,0.3935015999886673,2.262798634812287,35,586,663,5,13,27846,590,230400,1,2.5.3,287.6143158952249,287.6212621398078,True,16.738489780038464,6946.244584051392,15.524698151257901,2582984,8,Windows-11-10.0.26300-SP0,3.14.7,True,100.0,169.91339479119222,20261002T115338Z,1.18.1,0,27846,20375,36736,20579,12.0859375,87.9140625,0.004935800010571256,0.004754800000227988,0.004734599991934374,0.00019049999536946416,57,179,4174.326292948361,362,464,1,19.895226892818417,2026-10-02T11:53:38+00:00,serial_calibration,5,10.445566718701748,1376.154061142865,1.2216921625792392,1.0671688409557396,0.09967663188380273,1.2434701176903427,1.243469582362833,0.042710999987320974,0.09977274781995797
X3,syn_s1_n480_p8_a100_d5,syn_s1_n480_p8_a100_d5__od3__hag_cta_ring1__shared_border__climb_tiebreak__native,syn_s1_n480_p8_a100,synthetic,hag_cta_ring1,shared_border,climb_tiebreak,native,od3,,0.052639000001363456,10.0,height_tiebreak,12,40.0,serial,article_2_HAG_applications,True,6f060dbaf1c69bc25c1517ab2245b48bb8526299,480,480,0.3935015999886673,2.262798634812287,35,586,663,5,46,63653,591,230400,1,2.5.3,276.27516106179417,276.28217943841133,True,15.260351782373078,7018.376618407357,15.623340471544578,2593280,8,Windows-11-10.0.26300-SP0,3.14.7,True,100.0,169.91339479119222,20261002T115338Z,1.18.1,0,63653,58550,112421,58802,27.62717013888889,72.37282986111111,0.027993099996820092,0.01431830000365153,0.013592100003734231,0.00018039997667074203,57,179,4174.326292948361,362,464,1,19.895226892818417,2026-10-02T11:53:38+00:00,serial_calibration,5,13.455153568264866,1448.0676779764128,1.2343786063082594,1.0714226692359305,0.28643272622314847,1.1944464793803096,1.1944474609585072,0.033157600002596155,0.30044925872935324
X3,syn_s2_n120_p4_a200_d1,syn_s2_n120_p4_a200_d1__od1__full_grid__climb_tiebreak__native,syn_s2_n120_p4_a200,synthetic,full_grid,,climb_tiebreak,native,od1,,0.0,10.0,height_tiebreak,0,nan,serial,article_2_HAG_applications,True,6f060dbaf1c69bc25c1517ab2245b48bb8526299,120,120,0.08038880000822246,7.909788702026735,91,11595,45857,1,11595,14400,133,14400,1,2.5.3,255.46761737332707,255.46914033797265,True,53.32983165723732,1522.9646455628165,19.00456841899137,163384,4,Windows-11-10.0.26300-SP0,3.14.7,True,200.0,292.45921322177514,20261002T115338Z,1.18.1,0,14400,10676,21480,10996,100.0,0.0,0.0027357999933883548,0.002192599989939481,0.0021111000096425414,0.0,74,112,1085.0345616615168,92,5,2,72.35668030676047,2026-10-02T11:53:38+00:00,serial_calibration,5,,,,,,,,,
X3,syn_s2_n120_p4_a200_d1,syn_s2_n120_p4_a200_d1__od1__hag_cta__shared_border__climb_tiebreak__native,syn_s2_n120_p4_a200,synthetic,hag_cta,shared_border,climb_tiebreak,native,od1,,0.011425799981225282,10.0,height_tiebreak,109,20.0,serial,article_2_HAG_applications,True,6f060dbaf1c69bc25c1517ab2245b48bb8526299,120,120,0.08038880000822246,7.909788702026735,91,11595,45857,1,110,182,142,14400,1,2.5.3,255.75301342067044,255.75463881172294,True,45.231145896447345,1625.3910524340095,11.739561412098967,166208,4,Windows-11-10.0.26300-SP0,3.14.7,True,200.0,292.45921322177514,20261002T115338Z,1.18.1,0,182,182,191,182,1.2638888888888888,98.73611111111111,0.0002602999738883227,0.00015949999215081334,0.00015279999934136868,0.002961099991807714,74,112,1085.0345616615168,92,5,2,72.35668030676047,2026-10-02T11:53:38+00:00,serial_calibration,5,inf,42.42640687119285,1.067254618923436,1.0172844342163248,0.017047583364556012,1.0011171515602555,1.0011175458349788,-0.0009279999940190464,0.07274468342728387
X3,syn_s2_n120_p4_a200_d1,syn_s2_n120_p4_a200_d1__od1__hag_cta_ring1__shared_border__climb_tiebreak__native,syn_s2_n120_p4_a200,synthetic,hag_cta_ring1,shared_border,climb_tiebreak,native,od1,,0.011425799981225282,10.0,height_tiebreak,109,20.0,serial,article_2_HAG_applications,True,6f060dbaf1c69bc25c1517ab2245b48bb8526299,120,120,0.08038880000822246,7.909788702026735,91,11595,45857,1,446,629,133,14400,1,2.5.3,255.46761737332707,255.46914033797265,True,53.32983165723732,1522.9646455628165,19.00456841899137,167128,4,Windows-11-10.0.26300-SP0,3.14.7,True,200.0,292.45921322177514,20261002T115338Z,1.18.1,0,629,623,1071,628,4.368055555555555,95.63194444444446,0.0003443000023253262,0.00024309998843818903,0.00022760001593269408,0.002940100006526336,74,112,1085.0345616615168,92,5,2,72.35668030676047,2026-10-02T11:53:38+00:00,serial_calibration,5,inf,0.0,1.0,1.022915340547422,0.05835518920944174,1.0,1.0,-0.000990600005025044,0.11087293147570385
X3,syn_s2_n120_p4_a200_d1,syn_s2_n120_p4_a200_d1__od2__full_grid__climb_tiebreak__native,syn_s2_n120_p4_a200,synthetic,full_grid,,climb_tiebreak,native,od2,,0.0,10.0,height_tiebreak,0,nan,serial,article_2_HAG_applications,True,6f060dbaf1c69bc25c1517ab2245b48bb8526299,120,120,0.08038880000822246,7.909788702026735,91,11595,45857,1,11595,14400,131,14400,1,2.5.3,250.71504825609708,250.71657607355638,True,84.38755465166714,1527.8174593052022,26.196629213678115,164872,4,Windows-11-10.0.26300-SP0,3.14.7,True,200.0,292.45921322177514,20261002T115338Z,1.18.1,0,14400,10492,20849,10760,100.0,0.0,0.0260316000203602,0.0025127999833784997,0.002142600016668439,0.0,101,112,1041.7773274553444,63,15,2,72.35668030676047,2026-10-02T11:53:38+00:00,serial_calibration,5,,,,,,,,,
X3,syn_s2_n120_p4_a200_d1,syn_s2_n120_p4_a200_d1__od2__hag_cta__shared_border__climb_tiebreak__native,syn_s2_n120_p4_a200,synthetic,hag_cta,shared_border,climb_tiebreak,native,od2,,0.011425799981225282,10.0,height_tiebreak,93,20.0,serial,article_2_HAG_applications,True,6f060dbaf1c69bc25c1517ab2245b48bb8526299,120,120,0.08038880000822246,7.909788702026735,91,11595,45857,1,94,185,117,14400,1,2.5.3,257.97497583071015,257.97640506952564,True,84.38755465166714,1429.2388155425124,10.971600483157829,164824,4,Windows-11-10.0.26300-SP0,3.14.7,True,200.0,292.45921322177514,20261002T115338Z,1.18.1,0,185,185,195,185,1.2847222222222223,98.71527777777777,0.00021389999892562628,0.00014650000957772136,0.00014019999071024358,0.002967500011436641,101,112,1041.7773274553444,63,15,2,72.35668030676047,2026-10-02T11:53:38+00:00,serial_calibration,5,inf,165.5294535724685,0.9354774726769257,0.9997088650589548,0.017632481890964544,1.02895688800936,1.0289563183642048,-0.0006012000376358628,0.05830150053596775
X3,syn_s2_n120_p4_a200_d1,syn_s2_n120_p4_a200_d1__od2__hag_cta_ring1__shared_border__climb_tiebreak__native,syn_s2_n120_p4_a200,synthetic,hag_cta_ring1,shared_border,climb_tiebreak,native,od2,,0.011425799981225282,10.0,height_tiebreak,93,20.0,serial,article_2_HAG_applications,True,6f060dbaf1c69bc25c1517ab2245b48bb8526299,120,120,0.08038880000822246,7.909788702026735,91,11595,45857,1,424,630,104,14400,1,2.5.3,256.89152078071044,256.8927330346778,True,84.38755465166714,1212.2539674441618,18.21146325872562,165368,4,Windows-11-10.0.26300-SP0,3.14.7,True,200.0,292.45921322177514,20261002T115338Z,1.18.1,0,630,626,978,629,4.375,95.625,0.0002978999982587993,0.0002004000125452876,0.00019809999503195286,0.003297899995232001,101,112,1041.7773274553444,63,15,2,72.35668030676047,2026-10-02T11:53:38+00:00,serial_calibration,5,inf,182.4828759089466,0.7934547154575995,1.0030083943908001,0.059664506290507055,1.0246354280190804,1.0246340192493273,-0.0009855000243987888,0.07975167696230505
X3,syn_s2_n120_p4_a200_d1,syn_s2_n120_p4_a200_d1__od3__full_grid__climb_tiebreak__native,syn_s2_n120_p4_a200,synthetic,full_grid,,climb_tiebreak,native,od3,,0.0,10.0,height_tiebreak,0,nan,serial,article_2_HAG_applications,True,6f060dbaf1c69bc25c1517ab2245b48bb8526299,120,120,0.08038880000822246,7.909788702026735,91,11595,45857,1,11595,14400,136,14400,1,2.5.3,258.2162896173545,258.2179088561699,True,55.11136706698444,1619.238815542512,24.217124925270387,167736,4,Windows-11-10.0.26300-SP0,3.14.7,True,200.0,292.45921322177514,20261002T115338Z,1.18.1,0,14400,13491,27080,13818,100.0,0.0,0.003204600012395531,0.0028655999922193587,0.0026809999835677445,0.0,11,57,1094.1663493271944,105,113,2,72.35668030676047,2026-10-02T11:53:38+00:00,serial_calibration,5,,,,,,,,,
X3,syn_s2_n120_p4_a200_d1,syn_s2_n120_p4_a200_d1__od3__hag_cta__shared_border__climb_tiebreak__native,syn_s2_n120_p4_a200,synthetic,hag_cta,shared_border,climb_tiebreak,native,od3,,0.011425799981225282,10.0,height_tiebreak,106,20.0,serial,article_2_HAG_applications,True,6f060dbaf1c69bc25c1517ab2245b48bb8526299,120,120,0.08038880000822246,7.909788702026735,91,11595,45857,1,107,210,142,14400,1,2.5.3,261.22434545106057,261.2260578269611,True,60.9113130761151,1712.375900532359,14.201489917413536,166488,4,Windows-11-10.0.26300-SP0,3.14.7,True,200.0,292.45921322177514,20261002T115338Z,1.18.1,0,210,209,229,209,1.4583333333333333,98.54166666666667,0.0002297000028192997,0.00017499999376013875,0.00017189999925903976,0.0028602999809663743,11,57,1094.1663493271944,105,113,2,72.35668030676047,2026-10-02T11:53:38+00:00,serial_calibration,5,inf,41.23105625617661,1.0575190540739616,0.9925597367291458,0.015491809354384404,1.0116493651045937,1.0116496527452972,-0.00016969998250715435,0.06106923305251834
X3,syn_s2_n120_p4_a200_d1,syn_s2_n120_p4_a200_d1__od3__hag_cta_ring1__shared_border__climb_tiebreak__native,syn_s2_n120_p4_a200,synthetic,hag_cta_ring1,shared_border,climb_tiebreak,native,od3,,0.011425799981225282,10.0,height_tiebreak,106,20.0,serial,article_2_HAG_applications,True,6f060dbaf1c69bc25c1517ab2245b48bb8526299,120,120,0.08038880000822246,7.909788702026735,91,11595,45857,1,506,729,139,14400,1,2.5.3,260.27849877258313,260.28016043780536,True,55.11136706698444,1661.6652224137047,26.17603591348295,167024,4,Windows-11-10.0.26300-SP0,3.14.7,True,200.0,292.45921322177514,20261002T115338Z,1.18.1,0,729,718,1213,725,5.0625,94.9375,0.0003237999917473644,0.00024049999774433672,0.00023089998285286129,0.003788900008657947,11,57,1094.1663493271944,105,113,2,72.35668030676047,2026-10-02T11:53:38+00:00,serial_calibration,5,inf,30.0,1.0262014512399014,0.995755234415987,0.05322066562893781,1.0079863635182915,1.0079864777418832,-0.0011638000141829252,0.08392657677182416
X3,syn_s2_n120_p4_a200_d3,syn_s2_n120_p4_a200_d3__od1__full_grid__climb_tiebreak__native,syn_s2_n120_p4_a200,synthetic,full_grid,,climb_tiebreak,native,od1,,0.0,10.0,height_tiebreak,0,nan,serial,article_2_HAG_applications,True,6f060dbaf1c69bc25c1517ab2245b48bb8526299,120,120,0.07985650000046007,7.820479302832244,66,6885,26922,3,6885,14400,133,14400,1,2.5.3,255.46761737332707,255.46914033797265,True,53.32983165723732,1522.9646455628165,19.00456841899137,163384,4,Windows-11-10.0.26300-SP0,3.14.7,True,200.0,292.45921322177514,20261002T115338Z,1.18.1,0,14400,10676,21480,10996,100.0,0.0,0.004941999999573454,0.0028911999834235758,0.0020355999877210706,0.0,74,112,1085.0345616615168,92,5,2,72.35668030676047,2026-10-02T11:53:38+00:00,serial_calibration,5,,,,,,,,,
X3,syn_s2_n120_p4_a200_d3,syn_s2_n120_p4_a200_d3__od1__hag_cta__shared_border__climb_tiebreak__native,syn_s2_n120_p4_a200,synthetic,hag_cta,shared_border,climb_tiebreak,native,od1,,0.01262759999372065,10.0,height_tiebreak,65,20.0,serial,article_2_HAG_applications,True,6f060dbaf1c69bc25c1517ab2245b48bb8526299,120,120,0.07985650000046007,7.820479302832244,66,6885,26922,3,66,266,152,14400,1,2.5.3,279.30732522280505,279.3090754666713,True,53.32983165723732,1750.243866176395,10.802830650136938,167376,4,Windows-11-10.0.26300-SP0,3.14.7,True,200.0,292.45921322177514,20261002T115338Z,1.18.1,0,266,266,286,266,1.8472222222222223,98.15277777777777,0.0003071000101044774,0.0002263000060338527,0.0001604999997653067,0.0029787000094074756,74,112,1085.0345616615168,92,5,2,72.35668030676047,2026-10-02T11:53:38+00:00,serial_calibration,5,inf,92.19544457292888,1.1492347319261549,1.0244332370366744,0.024915698763581864,1.0933179245753089,1.0933182579201528,-0.00031380003201775253,0.0782720003221232
X3,syn_s2_n120_p4_a200_d3,syn_s2_n120_p4_a200_d3__od1__hag_cta_ring1__shared_border__climb_tiebreak__native,syn_s2_n120_p4_a200,synthetic,hag_cta_ring1,shared_border,climb_tiebreak,native,od1,,0.01262759999372065,10.0,height_tiebreak,65,20.0,serial,article_2_HAG_applications,True,6f060dbaf1c69bc25c1517ab2245b48bb8526299,120,120,0.07985650000046007,7.820479302832244,66,6885,26922,3,321,1003,133,14400,1,2.5.3,255.46761737332707,255.46914033797265,True,53.32983165723732,1522.9646455628165,19.00456841899137,167272,4,Windows-11-10.0.26300-SP0,3.14.7,True,200.0,292.45921322177514,20261002T115338Z,1.18.1,0,1003,997,1727,1002,6.965277777777778,93.03472222222223,0.0003935999993700534,0.00023949999012984335,0.00020969999604858458,0.001624900003662333,74,112,1085.0345616615168,92,5,2,72.35668030676047,2026-10-02T11:53:38+00:00,serial_calibration,5,90.07021905734597,0.0,1.0,1.023796699799246,0.0933870363431997,1.0,1.0,0.0010267999896313995,0.08283757315405164
X3,syn_s2_n120_p4_a200_d3,syn_s2_n120_p4_a200_d3__od2__full_grid__climb_tiebreak__native,syn_s2_n120_p4_a200,synthetic,full_grid,,climb_tiebreak,native,od2,,0.0,10.0,height_tiebreak,0,nan,serial,article_2_HAG_applications,True,6f060dbaf1c69bc25c1517ab2245b48bb8526299,120,120,0.07985650000046007,7.820479302832244,66,6885,26922,3,6885,14400,131,14400,1,2.5.3,250.71504825609708,250.71657607355638,True,84.38755465166714,1527.8174593052022,26.196629213678115,164808,4,Windows-11-10.0.26300-SP0,3.14.7,True,200.0,292.45921322177514,20261002T115338Z,1.18.1,0,14400,10492,20849,10760,100.0,0.0,0.002365699998335913,0.0021646000095643103,0.0018305999983567744,0.0,101,112,1041.7773274553444,63,15,2,72.35668030676047,2026-10-02T11:53:38+00:00,serial_calibration,5,,,,,,,,,
X3,syn_s2_n120_p4_a200_d3,syn_s2_n120_p4_a200_d3__od2__hag_cta__shared_border__climb_tiebreak__native,syn_s2_n120_p4_a200,synthetic,hag_cta,shared_border,climb_tiebreak,native,od2,,0.01262759999372065,10.0,height_tiebreak,71,20.0,serial,article_2_HAG_applications,True,6f060dbaf1c69bc25c1517ab2245b48bb8526299,120,120,0.07985650000046007,7.820479302832244,66,6885,26922,3,72,209,135,14400,1,2.5.3,261.68049233513426,261.68205186832233,True,84.38755465166714,1559.53318805774,24.144924393405358,165928,4,Windows-11-10.0.26300-SP0,3.14.7,True,200.0,292.45921322177514,20261002T115338Z,1.18.1,0,209,209,221,209,1.4513888888888888,98.5486111111111,0.00024140000459738076,0.00016029999824240804,0.00015499998698942363,0.001431799988495186,101,112,1041.7773274553444,63,15,2,72.35668030676047,2026-10-02T11:53:38+00:00,serial_calibration,5,161.54427302472564,28.284271247461902,1.0207588469154953,1.0067957866123003,0.01991993900114373,1.0437366809663389,1.0437365409439416,0.0005725000228267163,0.07405525156339307
X3,syn_s2_n120_p4_a200_d3,syn_s2_n120_p4_a200_d3__od2__hag_cta_ring1__shared_border__climb_tiebreak__native,syn_s2_n120_p4_a200,synthetic,hag_cta_ring1,shared_border,climb_tiebreak,native,od2,,0.01262759999372065,10.0,height_tiebreak,71,20.0,serial,article_2_HAG_applications,True,6f060dbaf1c69bc25c1517ab2245b48bb8526299,120,120,0.07985650000046007,7.820479302832244,66,6885,26922,3,288,785,131,14400,1,2.5.3,250.71504825609708,250.71657607355638,True,84.38755465166714,1527.8174593052022,26.196629213678115,166800,4,Windows-11-10.0.26300-SP0,3.14.7,True,200.0,292.45921322177514,20261002T115338Z,1.18.1,0,785,781,1319,784,5.451388888888889,94.54861111111111,0.0003930999955628067,0.00029529997846111655,0.00026970001636072993,0.0017213999817613512,101,112,1041.7773274553444,63,15,2,72.35668030676047,2026-10-02T11:53:38+00:00,serial_calibration,5,625.3148691006959,0.0,1.0,1.0120867919033056,0.07443766679374762,1.0,1.0,0.00014790004934184253,0.13642242315269804
X3,syn_s2_n120_p4_a200_d3,syn_s2_n120_p4_a200_d3__od3__full_grid__climb_tiebreak__native,syn_s2_n120_p4_a200,synthetic,full_grid,,climb_tiebreak,native,od3,,0.0,10.0,height_tiebreak,0,nan,serial,article_2_HAG_applications,True,6f060dbaf1c69bc25c1517ab2245b48bb8526299,120,120,0.07985650000046007,7.820479302832244,66,6885,26922,3,6885,14400,136,14400,1,2.5.3,258.2162896173545,258.2179088561699,True,55.11136706698444,1619.238815542512,24.217124925270387,167864,4,Windows-11-10.0.26300-SP0,3.14.7,True,200.0,292.45921322177514,20261002T115338Z,1.18.1,0,14400,13491,27080,13818,100.0,0.0,0.0030193999991752207,0.002790300000924617,0.0027197999879717827,0.0,11,57,1094.1663493271944,105,113,2,72.35668030676047,2026-10-02T11:53:38+00:00,serial_calibration,5,,,,,,,,,
X3,syn_s2_n120_p4_a200_d3,syn_s2_n120_p4_a200_d3__od3__hag_cta__shared_border__climb_tiebreak__native,syn_s2_n120_p4_a200,synthetic,hag_cta,shared_border,climb_tiebreak,native,od3,,0.01262759999372065,10.0,height_tiebreak,63,20.0,serial,article_2_HAG_applications,True,6f060dbaf1c69bc25c1517ab2245b48bb8526299,120,120,0.07985650000046007,7.820479302832244,66,6885,26922,3,64,326,145,14400,1,2.5.3,272.2208092799061,272.2226137878409,True,55.11136706698444,1804.5079348883241,11.793363787687193,166208,4,Windows-11-10.0.26300-SP0,3.14.7,True,200.0,292.45921322177514,20261002T115338Z,1.18.1,0,326,325,384,326,2.263888888888889,97.73611111111111,0.00026679999427869916,0.00017919999663718045,0.0001680999994277954,0.0017598999838810414,11,57,1094.1663493271944,105,113,2,72.35668030676047,2026-10-02T11:53:38+00:00,serial_calibration,5,108.65143065906567,60.0,1.1144174148788173,0.9901348710861173,0.02409013416351642,1.0542356165186348,1.0542359939080435,0.0008512000204063952,0.0642224838109878
X3,syn_s2_n120_p4_a200_d3,syn_s2_n120_p4_a200_d3__od3__hag_cta_ring1__shared_border__climb_tiebreak__native,syn_s2_n120_p4_a200,synthetic,hag_cta_ring1,shared_border,climb_tiebreak,native,od3,,0.01262759999372065,10.0,height_tiebreak,63,20.0,serial,article_2_HAG_applications,True,6f060dbaf1c69bc25c1517ab2245b48bb8526299,120,120,0.07985650000046007,7.820479302832244,66,6885,26922,3,361,1076,136,14400,1,2.5.3,260.0739913768209,260.0756271841789,True,55.11136706698444,1635.8073580374355,26.498803402191154,167288,4,Windows-11-10.0.26300-SP0,3.14.7,True,200.0,292.45921322177514,20261002T115338Z,1.18.1,0,1076,1059,1877,1073,7.472222222222222,92.52777777777777,0.00042130000656470656,0.000302400003420189,0.00029510000604204834,0.0019244999857619405,11,57,1094.1663493271944,105,113,2,72.35668030676047,2026-10-02T11:53:38+00:00,serial_calibration,5,164.15352869472835,60.0,1.0102323031883178,0.9965686508125625,0.07849677562819657,1.0071943631527636,1.0071943822031484,0.0005634000117424875,0.10837544469052907
X3,syn_s2_n120_p6_a120_d5,syn_s2_n120_p6_a120_d5__od1__full_grid__climb_tiebreak__native,syn_s2_n120_p6_a120,synthetic,full_grid,,climb_tiebreak,native,od1,,0.0,10.0,height_tiebreak,0,nan,serial,article_2_HAG_applications,True,6f060dbaf1c69bc25c1517ab2245b48bb8526299,120,120,0.08950760000152513,7.425871619420007,43,3069,11395,5,3069,14400,150,14400,1,2.5.3,309.0058622524598,309.00770847612307,True,76.9988416380852,1846.223663640862,11.5966127965028,169680,6,Windows-11-10.0.26300-SP0,3.14.7,True,120.0,184.59538134327255,20261002T115338Z,1.18.1,0,14400,14061,27196,14148,100.0,0.0,0.006601000000955537,0.005020699987653643,0.004846900003030896,0.0,74,112,1085.0345616615168,92,5,2,69.73460889969289,2026-10-02T11:53:38+00:00,serial_calibration,5,,,,,,,,,
X3,syn_s2_n120_p6_a120_d5,syn_s2_n120_p6_a120_d5__od1__hag_cta__shared_border__climb_tiebreak__native,syn_s2_n120_p6_a120,synthetic,hag_cta,shared_border,climb_tiebreak,native,od1,,0.012543399992864579,10.0,height_tiebreak,50,20.0,serial,article_2_HAG_applications,True,6f060dbaf1c69bc25c1517ab2245b48bb8526299,120,120,0.08950760000152513,7.425871619420007,43,3069,11395,5,51,659,297,14400,1,2.5.3,508.62514314420395,508.62868718532565,True,82.2836213537796,3544.041122946064,10.886960495660032,176152,6,Windows-11-10.0.26300-SP0,3.14.7,True,120.0,184.59538134327255,20261002T115338Z,1.18.1,0,659,659,778,659,4.576388888888889,95.4236111111111,0.001068499987013638,0.0006213999877218157,0.0005794000171590596,0.0012617000029422343,74,112,1085.0345616615168,92,5,2,69.73460889969289,2026-10-02T11:53:38+00:00,serial_calibration,5,32.52517850978574,408.16663263917104,1.9196163459182438,1.0381423856671381,0.04686722139250409,1.646004834460564,1.6460064692031047,0.003137599996989593,0.12376759998603674
X3,syn_s2_n120_p6_a120_d5,syn_s2_n120_p6_a120_d5__od1__hag_cta_ring1__shared_border__climb_tiebreak__native,syn_s2_n120_p6_a120,synthetic,hag_cta_ring1,shared_border,climb_tiebreak,native,od1,,0.012543399992864579,10.0,height_tiebreak,50,20.0,serial,article_2_HAG_applications,True,6f060dbaf1c69bc25c1517ab2245b48bb8526299,120,120,0.08950760000152513,7.425871619420007,43,3069,11395,5,328,2519,229,14400,1,2.5.3,354.117314783114,354.1200545601676,True,70.49148609685736,2739.777054234136,19.041183556384908,173256,6,Windows-11-10.0.26300-SP0,3.14.7,True,120.0,184.59538134327255,20261002T115338Z,1.18.1,0,2519,2437,4341,2461,17.493055555555557,82.50694444444444,0.0012035999970976263,0.0009556000004522502,0.0009363999997731298,0.0013778000138700008,74,112,1085.0345616615168,92,5,2,69.73460889969289,2026-10-02T11:53:38+00:00,serial_calibration,5,37.97529155923711,411.82520563948003,1.4839897831398898,1.0210749646393211,0.17331626484602802,1.1459889861047292,1.145991005552958,0.002687299973331392,0.19033202597290366
X3,syn_s2_n120_p6_a120_d5,syn_s2_n120_p6_a120_d5__od2__full_grid__climb_tiebreak__native,syn_s2_n120_p6_a120,synthetic,full_grid,,climb_tiebreak,native,od2,,0.0,10.0,height_tiebreak,0,nan,serial,article_2_HAG_applications,True,6f060dbaf1c69bc25c1517ab2245b48bb8526299,120,120,0.08950760000152513,7.425871619420007,43,3069,11395,5,3069,14400,121,14400,1,2.5.3,226.2525252176466,226.2539530351057,True,47.63879312347593,1427.8174593052026,27.37848903556039,168216,6,Windows-11-10.0.26300-SP0,3.14.7,True,120.0,184.59538134327255,20261002T115338Z,1.18.1,0,14400,11348,22274,11727,100.0,0.0,0.004079300008015707,0.00399590001325123,0.003778000012971461,0.0,101,112,1041.7773274553444,63,15,2,69.73460889969289,2026-10-02T11:53:38+00:00,serial_calibration,5,,,,,,,,,
X3,syn_s2_n120_p6_a120_d5,syn_s2_n120_p6_a120_d5__od2__hag_cta__shared_border__climb_tiebreak__native,syn_s2_n120_p6_a120,synthetic,hag_cta,shared_border,climb_tiebreak,native,od2,,0.012543399992864579,10.0,height_tiebreak,30,20.0,serial,article_2_HAG_applications,True,6f060dbaf1c69bc25c1517ab2245b48bb8526299,120,120,0.08950760000152513,7.425871619420007,43,3069,11395,5,31,315,126,14400,1,2.5.3,265.4704943237674,265.4719928519046,True,101.53140584885239,1498.5281374238573,11.603540979509745,165624,6,Windows-11-10.0.26300-SP0,3.14.7,True,120.0,184.59538134327255,20261002T115338Z,1.18.1,0,315,300,338,301,2.1875,97.8125,0.0003795000084210187,0.0003189999843016267,0.0002612000098451972,0.001186500012408942,101,112,1041.7773274553444,63,15,2,69.73460889969289,2026-10-02T11:53:38+00:00,serial_calibration,5,40.97775430316036,50.99019513592785,1.0495236121801337,0.9845912398344985,0.026436376454000706,1.173337155324099,1.173336373975812,0.0024904000165406615,0.07983182342995492
X3,syn_s2_n120_p6_a120_d5,syn_s2_n120_p6_a120_d5__od2__hag_cta_ring1__shared_border__climb_tiebreak__native,syn_s2_n120_p6_a120,synthetic,hag_cta_ring1,shared_border,climb_tiebreak,native,od2,,0.012543399992864579,10.0,height_tiebreak,30,20.0,serial,article_2_HAG_applications,True,6f060dbaf1c69bc25c1517ab2245b48bb8526299,120,120,0.08950760000152513,7.425871619420007,43,3069,11395,5,189,1315,121,14400,1,2.5.3,227.47453711265706,227.47594836157367,True,53.12892459818941,1411.2489168102786,27.004057802654845,166832,6,Windows-11-10.0.26300-SP0,3.14.7,True,120.0,184.59538134327255,20261002T115338Z,1.18.1,0,1315,1276,2153,1303,9.131944444444445,90.86805555555556,0.0008465000137221068,0.0005819000070914626,0.000531300000147894,0.0012365999864414334,101,112,1041.7773274553444,63,15,2,69.73460889969289,2026-10-02T11:53:38+00:00,serial_calibration,5,46.86828284661764,20.0,0.988395895857033,0.9917724829980501,0.11244272118434967,1.0054010972643728,1.005400989949901,0.002177400019718334,0.14562426616325783
X3,syn_s2_n120_p6_a120_d5,syn_s2_n120_p6_a120_d5__od3__full_grid__climb_tiebreak__native,syn_s2_n120_p6_a120,synthetic,full_grid,,climb_tiebreak,native,od3,,0.0,10.0,height_tiebreak,0,nan,serial,article_2_HAG_applications,True,6f060dbaf1c69bc25c1517ab2245b48bb8526299,120,120,0.08950760000152513,7.425871619420007,43,3069,11395,5,3069,14400,138,14400,1,2.5.3,212.29711353480377,212.29869478372063,True,57.99448349415835,1581.248916810278,24.189777661000605,171592,6,Windows-11-10.0.26300-SP0,3.14.7,True,120.0,184.59538134327255,20261002T115338Z,1.18.1,0,14400,13745,26491,13894,100.0,0.0,0.005786699999589473,0.0047048999986145645,0.004622200009180233,0.0,11,57,1094.1663493271944,105,113,2,69.73460889969289,2026-10-02T11:53:38+00:00,serial_calibration,5,,,,,,,,,
X3,syn_s2_n120_p6_a120_d5,syn_s2_n120_p6_a120_d5__od3__hag_cta__shared_border__climb_tiebreak__native,syn_s2_n120_p6_a120,synthetic,hag_cta,shared_border,climb_tiebreak,native,od3,,0.012543399992864579,10.0,height_tiebreak,28,20.0,serial,article_2_HAG_applications,True,6f060dbaf1c69bc25c1517ab2245b48bb8526299,120,120,0.08950760000152513,7.425871619420007,43,3069,11395,5,29,319,166,14400,1,2.5.3,269.5374195242064,269.5393056259371,True,90.38299302856018,1886.101730552664,10.658433361562649,168168,6,Windows-11-10.0.26300-SP0,3.14.7,True,120.0,184.59538134327255,20261002T115338Z,1.18.1,0,319,318,371,319,2.2152777777777777,97.78472222222221,0.000457199988886714,0.0003319999959785491,0.0003056999994441867,0.0011800999927800149,11,57,1094.1663493271944,105,113,2,69.73460889969289,2026-10-02T11:53:38+00:00,serial_calibration,5,31.96285382089821,84.8528137423857,1.1927924253427098,0.9800456897757471,0.023135685703892326,1.2696235715895343,1.2696229993337,0.0031928000098560005,0.07056472955351059
X3,syn_s2_n120_p6_a120_d5,syn_s2_n120_p6_a120_d5__od3__hag_cta_ring1__shared_border__climb_tiebreak__native,syn_s2_n120_p6_a120,synthetic,hag_cta_ring1,shared_border,climb_tiebreak,native,od3,,0.012543399992864579,10.0,height_tiebreak,28,20.0,serial,article_2_HAG_applications,True,6f060dbaf1c69bc25c1517ab2245b48bb8526299,120,120,0.08950760000152513,7.425871619420007,43,3069,11395,5,175,1197,139,14400,1,2.5.3,213.81285960240723,213.81445499345975,True,63.192236839147874,1595.391052434009,24.19201066521916,167328,6,Windows-11-10.0.26300-SP0,3.14.7,True,120.0,184.59538134327255,20261002T115338Z,1.18.1,0,1197,1126,1840,1166,8.3125,91.6875,0.0006078000005800277,0.000512800004798919,0.0004896000027656555,0.0013035000010859221,11,57,1094.1663493271944,105,113,2,69.73460889969289,2026-10-02T11:53:38+00:00,serial_calibration,5,35.32887912872687,10.0,1.0089436492087904,0.9751503566599842,0.08192069843579483,1.0071397394075023,1.0071397528434327,0.0028885999927297235,0.1089927532891074
X3,syn_s2_n240_p4_a200_d3,syn_s2_n240_p4_a200_d3__od1__full_grid__climb_tiebreak__native,syn_s2_n240_p4_a200,synthetic,full_grid,,climb_tiebreak,native,od1,,0.0,10.0,height_tiebreak,0,nan,serial,article_2_HAG_applications,True,6f060dbaf1c69bc25c1517ab2245b48bb8526299,240,240,0.21870009999838658,7.370404624277457,63,8650,31877,3,8650,57600,271,57600,1,2.5.3,276.5756320884183,276.5787131648953,True,31.015871315547734,3081.076477383248,19.08314440115115,619560,4,Windows-11-10.0.26300-SP0,3.14.7,True,200.0,292.6693661111947,20261002T115338Z,1.18.1,0,57600,47233,95522,47852,100.0,0.0,0.010534500004723668,0.010068500007037073,0.009792999975616112,0.0,22,38,2092.7493877672023,186,168,2,36.24462848313666,2026-10-02T11:53:38+00:00,serial_calibration,5,,,,,,,,,
X3,syn_s2_n240_p4_a200_d3,syn_s2_n240_p4_a200_d3__od1__hag_cta__shared_border__climb_tiebreak__native,syn_s2_n240_p4_a200,synthetic,hag_cta,shared_border,climb_tiebreak,native,od1,,0.03548859999864362,10.0,height_tiebreak,63,20.0,serial,article_2_HAG_applications,True,6f060dbaf1c69bc25c1517ab2245b48bb8526299,240,240,0.21870009999838658,7.370404624277457,63,8650,31877,3,64,2444,417,57600,1,2.5.3,438.28087896721695,438.2857099931872,True,44.413053560031905,4831.025971044414,10.999487315961618,660920,4,Windows-11-10.0.26300-SP0,3.14.7,True,200.0,292.6693661111947,20261002T115338Z,1.18.1,0,2444,2386,3280,2389,4.243055555555555,95.75694444444444,0.0009438000270165503,0.0006980000180192292,0.0006559999892488122,0.002031900017755106,22,38,2092.7493877672023,186,168,2,36.24462848313666,2026-10-02T11:53:38+00:00,serial_calibration,5,34.637219768403924,300.0,1.567966912378428,1.0667570533927304,0.05051552939682002,1.5846691758697788,1.58466898980719,0.007338599971262738,0.06932512464929068
X3,syn_s2_n240_p4_a200_d3,syn_s2_n240_p4_a200_d3__od1__hag_cta_ring1__shared_border__climb_tiebreak__native,syn_s2_n240_p4_a200,synthetic,hag_cta_ring1,shared_border,climb_tiebreak,native,od1,,0.03548859999864362,10.0,height_tiebreak,63,20.0,serial,article_2_HAG_applications,True,6f060dbaf1c69bc25c1517ab2245b48bb8526299,240,240,0.21870009999838658,7.370404624277457,63,8650,31877,3,388,7382,304,57600,1,2.5.3,309.6127812589672,309.6163290259193,True,46.029444187424325,3547.766952966368,11.579243348723315,658432,4,Windows-11-10.0.26300-SP0,3.14.7,True,200.0,292.6693661111947,20261002T115338Z,1.18.1,0,7382,7176,13377,7195,12.815972222222221,87.18402777777779,0.0016088999982457608,0.0014584000164177269,0.0014272999833337963,0.0021393000206444412,22,38,2092.7493877672023,186,168,2,36.24462848313666,2026-10-02T11:53:38+00:00,serial_calibration,5,39.2824227570762,290.0,1.1514699420831902,1.0627413002776163,0.15192767768297588,1.1194506866750549,1.119451043368356,0.006470799969974905,0.1448477941499153
X3,syn_s2_n240_p4_a200_d3,syn_s2_n240_p4_a200_d3__od2__full_grid__climb_tiebreak__native,syn_s2_n240_p4_a200,synthetic,full_grid,,climb_tiebreak,native,od2,,0.0,10.0,height_tiebreak,0,nan,serial,article_2_HAG_applications,True,6f060dbaf1c69bc25c1517ab2245b48bb8526299,240,240,0.21870009999838658,7.370404624277457,63,8650,31877,3,8650,57600,267,57600,1,2.5.3,250.3485831817024,250.3516656795359,True,30.20586458108042,3082.4978336205572,26.4594394170113,617352,4,Windows-11-10.0.26300-SP0,3.14.7,True,200.0,292.6693661111947,20261002T115338Z,1.18.1,0,57600,44300,89749,44793,100.0,0.0,0.009618900017812848,0.00931339999078773,0.00919489999068901,0.0,150,230,2280.219287700198,187,5,2,36.24462848313666,2026-10-02T11:53:38+00:00,serial_calibration,5,,,,,,,,,
X3,syn_s2_n240_p4_a200_d3,syn_s2_n240_p4_a200_d3__od2__hag_cta__shared_border__climb_tiebreak__native,syn_s2_n240_p4_a200,synthetic,hag_cta,shared_border,climb_tiebreak,native,od2,,0.03548859999864362,10.0,height_tiebreak,45,20.0,serial,article_2_HAG_applications,True,6f060dbaf1c69bc25c1517ab2245b48bb8526299,240,240,0.21870009999838658,7.370404624277457,63,8650,31877,3,46,1564,565,57600,1,2.5.3,550.8771018187937,550.8837027942567,True,48.74254298862299,6600.975464705581,10.866427232004604,671072,4,Windows-11-10.0.26300-SP0,3.14.7,True,200.0,292.6693661111947,20261002T115338Z,1.18.1,0,1564,1559,2057,1559,2.7152777777777777,97.28472222222221,0.0011226000206079334,0.0006813000072725117,0.0006442999874707311,0.002019099978497252,150,230,2280.219287700198,187,5,2,36.24462848313666,2026-10-02T11:53:38+00:00,serial_calibration,5,38.43772868654937,512.6402247190518,2.141437178871391,1.0870168072671669,0.035191873589164785,2.200440261405308,2.200439534919726,0.006613000005017966,0.073152662609403
X3,syn_s2_n240_p4_a200_d3,syn_s2_n240_p4_a200_d3__od2__hag_cta_ring1__shared_border__climb_tiebreak__native,syn_s2_n240_p4_a200,synthetic,hag_cta_ring1,shared_border,climb_tiebreak,native,od2,,0.03548859999864362,10.0,height_tiebreak,45,20.0,serial,article_2_HAG_applications,True,6f060dbaf1c69bc25c1517ab2245b48bb8526299,240,240,0.21870009999838658,7.370404624277457,63,8650,31877,3,338,5366,275,57600,1,2.5.3,263.8315309420457,263.8347017241503,True,33.47697787005245,3170.782104868019,17.608021206899682,655520,4,Windows-11-10.0.26300-SP0,3.14.7,True,200.0,292.6693661111947,20261002T115338Z,1.18.1,0,5366,5329,9643,5341,9.315972222222221,90.68402777777777,0.0012832999927923083,0.0011646999919321388,0.0011001999955624342,0.002203000010922551,150,230,2280.219287700198,187,5,2,36.24462848313666,2026-10-02T11:53:38+00:00,serial_calibration,5,42.75168617873641,106.30145812734649,1.0286404974188634,1.0618253443740362,0.12029345372460497,1.0538566968863465,1.053856386407564,0.00594569998793304,0.1250563696484841
X3,syn_s2_n240_p4_a200_d3,syn_s2_n240_p4_a200_d3__od3__full_grid__climb_tiebreak__native,syn_s2_n240_p4_a200,synthetic,full_grid,,climb_tiebreak,native,od3,,0.0,10.0,height_tiebreak,0,nan,serial,article_2_HAG_applications,True,6f060dbaf1c69bc25c1517ab2245b48bb8526299,240,240,0.21870009999838658,7.370404624277457,63,8650,31877,3,8650,57600,309,57600,1,2.5.3,251.9311576160822,251.93453584984684,True,26.38876916011124,3378.2337649086285,26.272438268371186,618368,4,Windows-11-10.0.26300-SP0,3.14.7,True,200.0,292.6693661111947,20261002T115338Z,1.18.1,0,57600,42052,85717,42842,100.0,0.0,0.016630400001304224,0.008835300017381087,0.008686400018632412,0.0,28,45,2059.1260281974,128,225,2,36.24462848313666,2026-10-02T11:53:38+00:00,serial_calibration,5,,,,,,,,,
X3,syn_s2_n240_p4_a200_d3,syn_s2_n240_p4_a200_d3__od3__hag_cta__shared_border__climb_tiebreak__native,syn_s2_n240_p4_a200,synthetic,hag_cta,shared_border,climb_tiebreak,native,od3,,0.03548859999864362,10.0,height_tiebreak,49,20.0,serial,article_2_HAG_applications,True,6f060dbaf1c69bc25c1517ab2245b48bb8526299,240,240,0.21870009999838658,7.370404624277457,63,8650,31877,3,50,1125,340,57600,1,2.5.3,343.27418019272466,343.2780216855078,True,46.75117943588509,3841.492782986674,10.847921547888584,652216,4,Windows-11-10.0.26300-SP0,3.14.7,True,200.0,292.6693661111947,20261002T115338Z,1.18.1,0,1125,1122,1501,1122,1.953125,98.046875,0.0012141999904997647,0.0009217000042553991,0.0005013000045437366,0.0027522000018507242,28,45,2059.1260281974,128,225,2,36.24462848313666,2026-10-02T11:53:38+00:00,serial_calibration,5,49.2480139965437,150.0,1.1371305393043383,1.0547376319602566,0.026681251783506135,1.3625713605295302,1.362568337554569,0.005161400011274964,0.10432017050266558
X3,syn_s2_n240_p4_a200_d3,syn_s2_n240_p4_a200_d3__od3__hag_cta_ring1__shared_border__climb_tiebreak__native,syn_s2_n240_p4_a200,synthetic,hag_cta_ring1,shared_border,climb_tiebreak,native,od3,,0.03548859999864362,10.0,height_tiebreak,49,20.0,serial,article_2_HAG_applications,True,6f060dbaf1c69bc25c1517ab2245b48bb8526299,240,240,0.21870009999838658,7.370404624277457,63,8650,31877,3,245,3353,309,57600,1,2.5.3,257.1933736102695,257.19676841257683,True,22.064118149917107,3394.8023074035523,26.172663716795007,652544,4,Windows-11-10.0.26300-SP0,3.14.7,True,200.0,292.6693661111947,20261002T115338Z,1.18.1,0,3353,3334,5827,3344,5.821180555555555,94.17881944444444,0.0013810000091325492,0.001049600017722696,0.0008595999970566481,0.006014799990225583,28,45,2059.1260281974,128,225,2,36.24462848313666,2026-10-02T11:53:38+00:00,serial_calibration,5,143.5364496262231,140.0,1.0049044985184357,1.0552680604429725,0.079282792732807,1.0208875156371344,1.0208873013180944,0.0017709000094328076,0.11879619431800721
X3,syn_s2_n480_p8_a100_d1,syn_s2_n480_p8_a100_d1__od1__full_grid__climb_tiebreak__native,syn_s2_n480_p8_a100,synthetic,full_grid,,climb_tiebreak,native,od1,,0.0,10.0,height_tiebreak,0,nan,serial,article_2_HAG_applications,True,6f060dbaf1c69bc25c1517ab2245b48bb8526299,480,480,1.5673689999966882,7.80525866525602,161,83177,324609,1,83177,230400,533,230400,1,2.5.3,236.16708265618274,236.17335534737558,True,15.490479269999469,6272.69119345812,15.66869862491921,2430968,8,Windows-11-10.0.26300-SP0,3.14.7,True,100.0,145.3336686473749,20261002T115338Z,1.18.1,0,230400,196546,395980,198708,100.0,0.0,0.05156120000174269,0.05133479999494739,0.048947000002954155,0.0,41,73,4271.416626834709,376,338,2,18.999118965074786,2026-10-02T11:53:38+00:00,serial_calibration,5,,,,,,,,,
X3,syn_s2_n480_p8_a100_d1,syn_s2_n480_p8_a100_d1__od1__hag_cta__shared_border__climb_tiebreak__native,syn_s2_n480_p8_a100,synthetic,hag_cta,shared_border,climb_tiebreak,native,od1,,0.25247619999572635,10.0,height_tiebreak,182,20.0,serial,article_2_HAG_applications,True,6f060dbaf1c69bc25c1517ab2245b48bb8526299,480,480,1.5673689999966882,7.80525866525602,161,83177,324609,1,183,2546,689,230400,1,2.5.3,296.00225655642305,296.01022179595435,True,23.970220184732177,7965.239533417509,10.833732966151796,2581504,8,Windows-11-10.0.26300-SP0,3.14.7,True,100.0,145.3336686473749,20261002T115338Z,1.18.1,0,2546,2466,3453,2511,1.1050347222222223,98.89496527777779,0.002272500016260892,0.0020460000087041408,0.0017979999829549342,0.026869900000747293,41,73,4271.416626834709,376,338,2,18.999118965074786,2026-10-02T11:53:38+00:00,serial_calibration,5,81.1745982706455,796.0527620704547,1.26982809893855,1.0619243034050634,0.012546681184048518,1.2533594996697728,1.2533599370706645,0.022418899985495955,0.03985600428764732
X3,syn_s2_n480_p8_a100_d1,syn_s2_n480_p8_a100_d1__od1__hag_cta_ring1__shared_border__climb_tiebreak__native,syn_s2_n480_p8_a100,synthetic,hag_cta_ring1,shared_border,climb_tiebreak,native,od1,,0.25247619999572635,10.0,height_tiebreak,182,20.0,serial,article_2_HAG_applications,True,6f060dbaf1c69bc25c1517ab2245b48bb8526299,480,480,1.5673689999966882,7.80525866525602,161,83177,324609,1,842,7019,570,230400,1,2.5.3,248.9078642716883,248.91426257687914,True,28.594231467193033,6398.3051916579925,15.534080046398483,2574184,8,Windows-11-10.0.26300-SP0,3.14.7,True,100.0,145.3336686473749,20261002T115338Z,1.18.1,0,7019,6866,12074,6934,3.0464409722222223,96.95355902777779,0.00296320000779815,0.0025569999997969717,0.0024879999982658774,0.030896200012648478,41,73,4271.416626834709,376,338,2,18.999118965074786,2026-10-02T11:53:38+00:00,serial_calibration,5,101.77194444418991,841.5461959987699,1.0200255351851015,1.0589131572279027,0.0349332980574522,1.0539481686956937,1.05394726772105,0.01788159998250194,0.04981026516220271
X3,syn_s2_n480_p8_a100_d1,syn_s2_n480_p8_a100_d1__od2__full_grid__climb_tiebreak__native,syn_s2_n480_p8_a100,synthetic,full_grid,,climb_tiebreak,native,od2,,0.0,10.0,height_tiebreak,0,nan,serial,article_2_HAG_applications,True,6f060dbaf1c69bc25c1517ab2245b48bb8526299,480,480,1.5673689999966882,7.80525866525602,161,83177,324609,1,83177,230400,510,230400,1,2.5.3,211.1175937244426,211.12376482184115,True,16.84140340596315,6171.097397793779,18.536750846164335,2434088,8,Windows-11-10.0.26300-SP0,3.14.7,True,100.0,145.3336686473749,20261002T115338Z,1.18.1,0,230400,201739,401474,203729,100.0,0.0,0.058876900002360344,0.055544800008647144,0.05265500000678003,0.0,301,466,4662.359917466691,377,6,2,18.999118965074786,2026-10-02T11:53:38+00:00,serial_calibration,5,,,,,,,,,
X3,syn_s2_n480_p8_a100_d1,syn_s2_n480_p8_a100_d1__od2__hag_cta__shared_border__climb_tiebreak__native,syn_s2_n480_p8_a100,synthetic,hag_cta,shared_border,climb_tiebreak,native,od2,,0.25247619999572635,10.0,height_tiebreak,172,20.0,serial,article_2_HAG_applications,True,6f060dbaf1c69bc25c1517ab2245b48bb8526299,480,480,1.5673689999966882,7.80525866525602,161,83177,324609,1,173,1857,594,230400,1,2.5.3,248.66668222687892,248.67387557824478,True,16.971685673847432,7193.351365237941,11.02453294655276,2574040,8,Windows-11-10.0.26300-SP0,3.14.7,True,100.0,145.3336686473749,20261002T115338Z,1.18.1,0,1857,1856,2494,1856,0.8059895833333334,99.19401041666667,0.001787600020179525,0.001715999998850748,0.0017084999999497086,0.032194700004765764,301,466,4662.359917466691,377,6,2,18.999118965074786,2026-10-02T11:53:38+00:00,serial_calibration,5,84.11929313302801,268.70057685088807,1.1656518932612578,1.05749668869819,0.009200005948279707,1.1778586419066834,1.1778582851063244,0.021634100005030632,0.03089398104923599
X3,syn_s2_n480_p8_a100_d1,syn_s2_n480_p8_a100_d1__od2__hag_cta_ring1__shared_border__climb_tiebreak__native,syn_s2_n480_p8_a100,synthetic,hag_cta_ring1,shared_border,climb_tiebreak,native,od2,,0.25247619999572635,10.0,height_tiebreak,172,20.0,serial,article_2_HAG_applications,True,6f060dbaf1c69bc25c1517ab2245b48bb8526299,480,480,1.5673689999966882,7.80525866525602,161,83177,324609,1,861,5553,522,230400,1,2.5.3,224.94205281207712,224.94838533083194,True,15.828536986075969,6332.518754031089,15.529454796062057,2570392,8,Windows-11-10.0.26300-SP0,3.14.7,True,100.0,145.3336686473749,20261002T115338Z,1.18.1,0,5553,5530,9574,5545,2.41015625,97.58984375,0.0024093000101856887,0.002326399990124628,0.00229049997869879,0.02635780000127852,301,466,4662.359917466691,377,6,2,18.999118965074786,2026-10-02T11:53:38+00:00,serial_calibration,5,67.75147237307091,180.0,1.0261576419608964,1.055997975422417,0.027411655654087708,1.0654822691171757,1.0654811196676832,0.026860600017243996,0.041883308424235155
X3,syn_s2_n480_p8_a100_d1,syn_s2_n480_p8_a100_d1__od3__full_grid__climb_tiebreak__native,syn_s2_n480_p8_a100,synthetic,full_grid,,climb_tiebreak,native,od3,,0.0,10.0,height_tiebreak,0,nan,serial,article_2_HAG_applications,True,6f060dbaf1c69bc25c1517ab2245b48bb8526299,480,480,1.5673689999966882,7.80525866525602,161,83177,324609,1,83177,230400,509,230400,1,2.5.3,204.72763895286934,204.73366750192696,True,22.152320711547873,6028.549057834389,16.795860719377682,2429024,8,Windows-11-10.0.26300-SP0,3.14.7,True,100.0,145.3336686473749,20261002T115338Z,1.18.1,0,230400,195227,391987,197481,100.0,0.0,0.05808610000531189,0.0557740000076592,0.04991530001279898,0.0,53,87,4216.360990237909,257,456,2,18.999118965074786,2026-10-02T11:53:38+00:00,serial_calibration,5,,,,,,,,,
X3,syn_s2_n480_p8_a100_d1,syn_s2_n480_p8_a100_d1__od3__hag_cta__shared_border__climb_tiebreak__native,syn_s2_n480_p8_a100,synthetic,hag_cta,shared_border,climb_tiebreak,native,od3,,0.25247619999572635,10.0,height_tiebreak,142,20.0,serial,article_2_HAG_applications,True,6f060dbaf1c69bc25c1517ab2245b48bb8526299,480,480,1.5673689999966882,7.80525866525602,161,83177,324609,1,143,1736,553,230400,1,2.5.3,245.47695384474548,245.48337268817502,True,23.525758911835,6418.843430349617,10.72510032566247,2569984,8,Windows-11-10.0.26300-SP0,3.14.7,True,100.0,145.3336686473749,20261002T115338Z,1.18.1,0,1736,1736,2393,1736,0.7534722222222222,99.24652777777779,0.001743700006045401,0.0016924000228755176,0.001681100024143234,0.03183379999245517,53,87,4216.360990237909,257,456,2,18.999118965074786,2026-10-02T11:53:38+00:00,serial_calibration,5,81.79888351297359,796.0527620704547,1.0647410129321286,1.0580315385932786,0.008892212655011857,1.1990415905751597,1.199037635985613,0.02224779999232851,0.030343888239020112
X3,syn_s2_n480_p8_a100_d1,syn_s2_n480_p8_a100_d1__od3__hag_cta_ring1__shared_border__climb_tiebreak__native,syn_s2_n480_p8_a100,synthetic,hag_cta_ring1,shared_border,climb_tiebreak,native,od3,,0.25247619999572635,10.0,height_tiebreak,142,20.0,serial,article_2_HAG_applications,True,6f060dbaf1c69bc25c1517ab2245b48bb8526299,480,480,1.5673689999966882,7.80525866525602,161,83177,324609,1,721,5040,474,230400,1,2.5.3,209.04004054502678,209.04547470808222,True,28.594231467193033,5434.163056034262,16.84078561674946,2567128,8,Windows-11-10.0.26300-SP0,3.14.7,True,100.0,145.3336686473749,20261002T115338Z,1.18.1,0,5040,5036,8567,5039,2.1875,97.8125,0.0025850999809335917,0.0024327999853994697,0.0022770999930799007,0.02711610001279041,53,87,4216.360990237909,257,456,2,18.999118965074786,2026-10-02T11:53:38+00:00,serial_calibration,5,69.39326062952317,841.5461959987699,0.9014047997125123,1.0568557577035056,0.02579561228723486,1.0210640908780773,1.0210605674130986,0.026225100009469315,0.04361889025469545
X3,syn_s3_n120_p6_a120_d1,syn_s3_n120_p6_a120_d1__od1__full_grid__climb_tiebreak__native,syn_s3_n120_p6_a120,synthetic,full_grid,,climb_tiebreak,native,od1,,0.0,10.0,height_tiebreak,0,nan,serial,article_2_HAG_applications,True,6f060dbaf1c69bc25c1517ab2245b48bb8526299,120,120,0.13890380001976155,7.88187195546277,91,11496,45305,1,11496,14400,141,14400,1,2.5.3,230.40483307582593,230.40645260901388,True,47.75553198231257,1619.53318805774,19.033353588441216,174680,6,Windows-11-10.0.26300-SP0,3.14.7,True,120.0,179.30527283296834,20261002T115338Z,1.18.1,0,14400,13858,26636,14081,100.0,0.0,0.00608940000529401,0.0055170000123325735,0.005016099981730804,0.0,110,47,1092.0164833920778,5,17,3,70.25280309479032,2026-10-02T11:53:38+00:00,serial_calibration,5,,,,,,,,,
X3,syn_s3_n120_p6_a120_d1,syn_s3_n120_p6_a120_d1__od1__hag_cta__shared_border__climb_tiebreak__native,syn_s3_n120_p6_a120,synthetic,hag_cta,shared_border,climb_tiebreak,native,od1,,0.03149029999622144,10.0,height_tiebreak,107,20.0,serial,article_2_HAG_applications,True,6f060dbaf1c69bc25c1517ab2245b48bb8526299,120,120,0.13890380001976155,7.88187195546277,91,11496,45305,1,108,152,141,14400,1,2.5.3,230.40483307582593,230.40646089328513,True,47.75553198231257,1627.8174593052022,14.170545802561161,166088,6,Windows-11-10.0.26300-SP0,3.14.7,True,120.0,179.30527283296834,20261002T115338Z,1.18.1,0,152,152,153,152,1.0555555555555556,98.94444444444444,0.00039170001400634646,0.0002927999885287136,0.00026649999199435115,0.0056075000029522926,110,47,1092.0164833920778,5,17,3,70.25280309479032,2026-10-02T11:53:38+00:00,serial_calibration,5,inf,10.0,1.0051152216629764,0.950812915044653,0.010968393707605715,1.0,1.0000000359550314,-0.0003832999791484326,0.05307231971618548
X3,syn_s3_n120_p6_a120_d1,syn_s3_n120_p6_a120_d1__od1__hag_cta_ring1__shared_border__climb_tiebreak__native,syn_s3_n120_p6_a120,synthetic,hag_cta_ring1,shared_border,climb_tiebreak,native,od1,,0.03149029999622144,10.0,height_tiebreak,107,20.0,serial,article_2_HAG_applications,True,6f060dbaf1c69bc25c1517ab2245b48bb8526299,120,120,0.13890380001976155,7.88187195546277,91,11496,45305,1,455,584,141,14400,1,2.5.3,230.40483307582593,230.40645260901388,True,47.75553198231257,1619.53318805774,19.033353588441216,167128,6,Windows-11-10.0.26300-SP0,3.14.7,True,120.0,179.30527283296834,20261002T115338Z,1.18.1,0,584,578,882,583,4.055555555555555,95.94444444444444,0.0006947999936528504,0.0004054000019095838,0.0003800000122282654,0.0051485000003594905,110,47,1092.0164833920778,5,17,3,70.25280309479032,2026-10-02T11:53:38+00:00,serial_calibration,5,inf,0.0,1.0,0.9567666590336615,0.0417087602828691,1.0,1.0,-3.689998993650079e-05,0.0734819650178289
X3,syn_s3_n120_p6_a120_d1,syn_s3_n120_p6_a120_d1__od2__full_grid__climb_tiebreak__native,syn_s3_n120_p6_a120,synthetic,full_grid,,climb_tiebreak,native,od2,,0.0,10.0,height_tiebreak,0,nan,serial,article_2_HAG_applications,True,6f060dbaf1c69bc25c1517ab2245b48bb8526299,120,120,0.13890380001976155,7.88187195546277,91,11496,45305,1,11496,14400,147,14400,1,2.5.3,232.48177045262838,232.48343341727391,True,58.74698480068993,1662.9646455628165,16.875575301386622,170680,6,Windows-11-10.0.26300-SP0,3.14.7,True,120.0,179.30527283296834,20261002T115338Z,1.18.1,0,14400,13009,25306,13350,100.0,0.0,0.006454899994423613,0.004760300013003871,0.004667799978051335,0.0,109,103,1181.397477566293,23,22,3,70.25280309479032,2026-10-02T11:53:38+00:00,serial_calibration,5,,,,,,,,,
X3,syn_s3_n120_p6_a120_d1,syn_s3_n120_p6_a120_d1__od2__hag_cta__shared_border__climb_tiebreak__native,syn_s3_n120_p6_a120,synthetic,hag_cta,shared_border,climb_tiebreak,native,od2,,0.03149029999622144,10.0,height_tiebreak,113,20.0,serial,article_2_HAG_applications,True,6f060dbaf1c69bc25c1517ab2245b48bb8526299,120,120,0.13890380001976155,7.88187195546277,91,11496,45305,1,114,186,150,14400,1,2.5.3,233.51634192514837,233.51805560047208,True,92.47546025856735,1713.6753236814711,14.414058872219849,166896,6,Windows-11-10.0.26300-SP0,3.14.7,True,120.0,179.30527283296834,20261002T115338Z,1.18.1,0,186,185,192,186,1.2916666666666667,98.70833333333333,0.0009957999864127487,0.00033829998574219644,0.0003327000013086945,0.009753599995747209,109,103,1181.397477566293,23,22,3,70.25280309479032,2026-10-02T11:53:38+00:00,serial_calibration,5,inf,30.0,1.0304941408429595,0.9778298570424185,0.014220923975709125,1.0044501186932022,1.0044503049872855,-0.005331599968485534,0.07106694637271832
X3,syn_s3_n120_p6_a120_d1,syn_s3_n120_p6_a120_d1__od2__hag_cta_ring1__shared_border__climb_tiebreak__native,syn_s3_n120_p6_a120,synthetic,hag_cta_ring1,shared_border,climb_tiebreak,native,od2,,0.03149029999622144,10.0,height_tiebreak,113,20.0,serial,article_2_HAG_applications,True,6f060dbaf1c69bc25c1517ab2245b48bb8526299,120,120,0.13890380001976155,7.88187195546277,91,11496,45305,1,485,661,147,14400,1,2.5.3,232.48177045262838,232.48343341727391,True,58.74698480068993,1662.9646455628165,16.875575301386622,167440,6,Windows-11-10.0.26300-SP0,3.14.7,True,120.0,179.30527283296834,20261002T115338Z,1.18.1,0,661,655,1030,661,4.590277777777778,95.40972222222223,0.0007705000170972198,0.00047939998330548406,0.0004416000156197697,0.0058363999996799976,109,103,1181.397477566293,23,22,3,70.25280309479032,2026-10-02T11:53:38+00:00,serial_calibration,5,inf,0.0,1.0,0.9810171080384344,0.05034975785994312,1.0,1.0,-0.0015554999699816108,0.10070793479316242
X3,syn_s3_n120_p6_a120_d1,syn_s3_n120_p6_a120_d1__od3__full_grid__climb_tiebreak__native,syn_s3_n120_p6_a120,synthetic,full_grid,,climb_tiebreak,native,od3,,0.0,10.0,height_tiebreak,0,nan,serial,article_2_HAG_applications,True,6f060dbaf1c69bc25c1517ab2245b48bb8526299,120,120,0.13890380001976155,7.88187195546277,91,11496,45305,1,11496,14400,117,14400,1,2.5.3,201.82915201653137,201.83050255477013,True,68.10390594976876,1350.5382386916244,16.814109830994106,167808,6,Windows-11-10.0.26300-SP0,3.14.7,True,120.0,179.30527283296834,20261002T115338Z,1.18.1,0,14400,13613,26150,13896,100.0,0.0,0.005377299996325746,0.005137900006957352,0.005028399988077581,0.0,37,111,1090.0458705944443,78,10,3,70.25280309479032,2026-10-02T11:53:38+00:00,serial_calibration,5,,,,,,,,,
X3,syn_s3_n120_p6_a120_d1,syn_s3_n120_p6_a120_d1__od3__hag_cta__shared_border__climb_tiebreak__native,syn_s3_n120_p6_a120,synthetic,hag_cta,shared_border,climb_tiebreak,native,od3,,0.03149029999622144,10.0,height_tiebreak,102,20.0,serial,article_2_HAG_applications,True,6f060dbaf1c69bc25c1517ab2245b48bb8526299,120,120,0.13890380001976155,7.88187195546277,91,11496,45305,1,103,165,128,14400,1,2.5.3,205.36049538762845,205.36196006800296,True,57.26794134952784,1464.6803743153555,16.86787751639971,165464,6,Windows-11-10.0.26300-SP0,3.14.7,True,120.0,179.30527283296834,20261002T115338Z,1.18.1,0,165,164,176,164,1.1458333333333333,98.85416666666667,0.00048550000065006316,0.0002843999827746302,0.0002707999956328422,0.004925100016407669,37,111,1090.0458705944443,78,10,3,70.25280309479032,2026-10-02T11:53:38+00:00,serial_calibration,5,inf,233.45235059857504,1.0845160339438518,0.9860316552250191,0.012047307720561229,1.0174966962691685,1.0174971447255576,-7.159999222494662e-05,0.05535335105578494
X3,syn_s3_n120_p6_a120_d1,syn_s3_n120_p6_a120_d1__od3__hag_cta_ring1__shared_border__climb_tiebreak__native,syn_s3_n120_p6_a120,synthetic,hag_cta_ring1,shared_border,climb_tiebreak,native,od3,,0.03149029999622144,10.0,height_tiebreak,102,20.0,serial,article_2_HAG_applications,True,6f060dbaf1c69bc25c1517ab2245b48bb8526299,120,120,0.13890380001976155,7.88187195546277,91,11496,45305,1,444,598,126,14400,1,2.5.3,205.36049538762845,205.3619483522742,True,48.65741824912139,1452.9646455628174,16.84500587009613,166488,6,Windows-11-10.0.26300-SP0,3.14.7,True,120.0,179.30527283296834,20261002T115338Z,1.18.1,0,598,577,927,588,4.152777777777778,95.84722222222221,0.0005651999963447452,0.0004130000015720725,0.00036979999276809394,0.005525899992790073,37,111,1090.0458705944443,78,10,3,70.25280309479032,2026-10-02T11:53:38+00:00,serial_calibration,5,inf,233.45235059857504,1.0758411749751133,0.9921338672768879,0.042385954602218466,1.0174966962691685,1.017497086678193,-0.0008009999874047935,0.08038303606781358
X3,syn_s3_n120_p6_a120_d3,syn_s3_n120_p6_a120_d3__od1__full_grid__climb_tiebreak__native,syn_s3_n120_p6_a120,synthetic,full_grid,,climb_tiebreak,native,od1,,0.0,10.0,height_tiebreak,0,nan,serial,article_2_HAG_applications,True,6f060dbaf1c69bc25c1517ab2245b48bb8526299,120,120,0.1567139000108,7.763628172398258,54,6659,25849,3,6659,14400,141,14400,1,2.5.3,230.40483307582593,230.40645260901388,True,47.75553198231257,1619.53318805774,19.033353588441216,174680,6,Windows-11-10.0.26300-SP0,3.14.7,True,120.0,179.30527283296834,20261002T115338Z,1.18.1,0,14400,13858,26636,14081,100.0,0.0,0.005150499986484647,0.004642100015189499,0.004612800024915487,0.0,110,47,1092.0164833920778,5,17,3,70.25280309479032,2026-10-02T11:53:38+00:00,serial_calibration,5,,,,,,,,,
X3,syn_s3_n120_p6_a120_d3,syn_s3_n120_p6_a120_d3__od1__hag_cta__shared_border__climb_tiebreak__native,syn_s3_n120_p6_a120,synthetic,hag_cta,shared_border,climb_tiebreak,native,od1,,0.01831990000209771,10.0,height_tiebreak,61,20.0,serial,article_2_HAG_applications,True,6f060dbaf1c69bc25c1517ab2245b48bb8526299,120,120,0.1567139000108,7.763628172398258,54,6659,25849,3,62,190,144,14400,1,2.5.3,241.45978533839485,241.46144729798974,True,47.75553198231257,1661.959594928933,11.809731303630842,166288,6,Windows-11-10.0.26300-SP0,3.14.7,True,120.0,179.30527283296834,20261002T115338Z,1.18.1,0,190,190,192,190,1.3194444444444444,98.68055555555556,0.0004104000108782202,0.0002869000018108636,0.0002680000034160912,0.0029784000071231276,110,47,1092.0164833920778,5,17,3,70.25280309479032,2026-10-02T11:53:38+00:00,serial_calibration,5,127.13088263918472,22.360679774997898,1.0261966887644172,0.9519578658117701,0.013710492134507144,1.0479805571566754,1.0479804040372755,0.0013768000062555075,0.061803925135626755
X3,syn_s3_n120_p6_a120_d3,syn_s3_n120_p6_a120_d3__od1__hag_cta_ring1__shared_border__climb_tiebreak__native,syn_s3_n120_p6_a120,synthetic,hag_cta_ring1,shared_border,climb_tiebreak,native,od1,,0.01831990000209771,10.0,height_tiebreak,61,20.0,serial,article_2_HAG_applications,True,6f060dbaf1c69bc25c1517ab2245b48bb8526299,120,120,0.1567139000108,7.763628172398258,54,6659,25849,3,304,865,141,14400,1,2.5.3,230.417584625652,230.41920415883993,True,47.75553198231257,1619.53318805774,19.033353588441216,167192,6,Windows-11-10.0.26300-SP0,3.14.7,True,120.0,179.30527283296834,20261002T115338Z,1.18.1,0,865,856,1334,862,6.006944444444445,93.99305555555556,0.0005521000130102038,0.00044750000233761966,0.00042799999937415123,0.0029624000017065555,110,47,1092.0164833920778,5,17,3,70.25280309479032,2026-10-02T11:53:38+00:00,serial_calibration,5,142.0498282987392,10.0,1.0,0.957133043279139,0.061769375090200605,1.000055344107395,1.0000553437183797,0.0012322000111453235,0.09640033624293895
X3,syn_s3_n120_p6_a120_d3,syn_s3_n120_p6_a120_d3__od2__full_grid__climb_tiebreak__native,syn_s3_n120_p6_a120,synthetic,full_grid,,climb_tiebreak,native,od2,,0.0,10.0,height_tiebreak,0,nan,serial,article_2_HAG_applications,True,6f060dbaf1c69bc25c1517ab2245b48bb8526299,120,120,0.1567139000108,7.763628172398258,54,6659,25849,3,6659,14400,147,14400,1,2.5.3,232.48177045262838,232.48343341727391,True,58.74698480068993,1662.9646455628165,16.875575301386622,170680,6,Windows-11-10.0.26300-SP0,3.14.7,True,120.0,179.30527283296834,20261002T115338Z,1.18.1,0,14400,13009,25306,13350,100.0,0.0,0.004696999996667728,0.0045409000013023615,0.004445500002475455,0.0,109,103,1181.397477566293,23,22,3,70.25280309479032,2026-10-02T11:53:38+00:00,serial_calibration,5,,,,,,,,,
X3,syn_s3_n120_p6_a120_d3,syn_s3_n120_p6_a120_d3__od2__hag_cta__shared_border__climb_tiebreak__native,syn_s3_n120_p6_a120,synthetic,hag_cta,shared_border,climb_tiebreak,native,od2,,0.01831990000209771,10.0,height_tiebreak,58,20.0,serial,article_2_HAG_applications,True,6f060dbaf1c69bc25c1517ab2245b48bb8526299,120,120,0.1567139000108,7.763628172398258,54,6659,25849,3,59,237,150,14400,1,2.5.3,244.75235765348023,244.75406304453264,True,60.88543044150896,1705.3910524340095,16.819414403543597,167032,6,Windows-11-10.0.26300-SP0,3.14.7,True,120.0,179.30527283296834,20261002T115338Z,1.18.1,0,237,236,252,237,1.6458333333333333,98.35416666666667,0.0004256000102031976,0.0003276999923400581,0.00029399999766610563,0.0027640000043902546,109,103,1181.397477566293,23,22,3,70.25280309479032,2026-10-02T11:53:38+00:00,serial_calibration,5,120.77960216718705,20.0,1.0255125128392817,0.9786266697914225,0.018141286801445153,1.0527808575139537,1.0527806624622356,0.0014492000045720488,0.07216630893568929
X3,syn_s3_n120_p6_a120_d3,syn_s3_n120_p6_a120_d3__od2__hag_cta_ring1__shared_border__climb_tiebreak__native,syn_s3_n120_p6_a120,synthetic,hag_cta_ring1,shared_border,climb_tiebreak,native,od2,,0.01831990000209771,10.0,height_tiebreak,58,20.0,serial,article_2_HAG_applications,True,6f060dbaf1c69bc25c1517ab2245b48bb8526299,120,120,0.1567139000108,7.763628172398258,54,6659,25849,3,310,936,147,14400,1,2.5.3,232.48177045262838,232.48343341727391,True,58.74698480068993,1662.9646455628165,16.875575301386622,167664,6,Windows-11-10.0.26300-SP0,3.14.7,True,120.0,179.30527283296834,20261002T115338Z,1.18.1,0,936,930,1455,936,6.5,93.5,0.0006315000064205378,0.0004994999908376485,0.0004751000087708235,0.002861999993911013,109,103,1181.397477566293,23,22,3,70.25280309479032,2026-10-02T11:53:38+00:00,serial_calibration,5,148.40918904203536,0.0,1.0,0.9823295055073822,0.0714889691751864,1.0,1.0,0.0011794000165537,0.11000021817137318
X3,syn_s3_n120_p6_a120_d3,syn_s3_n120_p6_a120_d3__od3__full_grid__climb_tiebreak__native,syn_s3_n120_p6_a120,synthetic,full_grid,,climb_tiebreak,native,od3,,0.0,10.0,height_tiebreak,0,nan,serial,article_2_HAG_applications,True,6f060dbaf1c69bc25c1517ab2245b48bb8526299,120,120,0.1567139000108,7.763628172398258,54,6659,25849,3,6659,14400,117,14400,1,2.5.3,201.82915201653137,201.83050255477013,True,68.10390594976876,1350.5382386916244,16.814109830994106,167808,6,Windows-11-10.0.26300-SP0,3.14.7,True,120.0,179.30527283296834,20261002T115338Z,1.18.1,0,14400,13613,26150,13896,100.0,0.0,0.01173880000715144,0.0049032000242732465,0.004691100009949878,0.0,37,111,1090.0458705944443,78,10,3,70.25280309479032,2026-10-02T11:53:38+00:00,serial_calibration,5,,,,,,,,,
X3,syn_s3_n120_p6_a120_d3,syn_s3_n120_p6_a120_d3__od3__hag_cta__shared_border__climb_tiebreak__native,syn_s3_n120_p6_a120,synthetic,hag_cta,shared_border,climb_tiebreak,native,od3,,0.01831990000209771,10.0,height_tiebreak,60,20.0,serial,article_2_HAG_applications,True,6f060dbaf1c69bc25c1517ab2245b48bb8526299,120,120,0.1567139000108,7.763628172398258,54,6659,25849,3,61,302,154,14400,1,2.5.3,229.71250673046814,229.71432253782652,True,52.53992391196323,1815.8073580374355,14.457180523386336,167512,6,Windows-11-10.0.26300-SP0,3.14.7,True,120.0,179.30527283296834,20261002T115338Z,1.18.1,0,302,296,333,297,2.0972222222222223,97.90277777777779,0.0004692999937105924,0.00034660001983866096,0.0003178000042680651,0.002843800000846386,37,111,1090.0458705944443,78,10,3,70.25280309479032,2026-10-02T11:53:38+00:00,serial_calibration,5,102.19161586070399,241.8677324489565,1.3445064390006127,0.9982360793287567,0.021743921251744656,1.1381532570262838,1.1381546378277962,0.0017128000035881996,0.07068853363575231
X3,syn_s3_n120_p6_a120_d3,syn_s3_n120_p6_a120_d3__od3__hag_cta_ring1__shared_border__climb_tiebreak__native,syn_s3_n120_p6_a120,synthetic,hag_cta_ring1,shared_border,climb_tiebreak,native,od3,,0.01831990000209771,10.0,height_tiebreak,60,20.0,serial,article_2_HAG_applications,True,6f060dbaf1c69bc25c1517ab2245b48bb8526299,120,120,0.1567139000108,7.763628172398258,54,6659,25849,3,347,1042,147,14400,1,2.5.3,209.72145309020794,209.7231616183457,True,57.22674429982135,1708.528137423857,14.724885172141569,168432,6,Windows-11-10.0.26300-SP0,3.14.7,True,120.0,179.30527283296834,20261002T115338Z,1.18.1,0,1042,992,1623,1031,7.236111111111111,92.76388888888889,0.0006358999817166477,0.000503500021295622,0.0004674999800045043,0.002882800006773323,37,111,1090.0458705944443,78,10,3,70.25280309479032,2026-10-02T11:53:38+00:00,serial_calibration,5,115.3891492193817,233.45235059857504,1.2650720197889742,1.0037185354691076,0.07287151987071182,1.0391038707482165,1.0391053828022538,0.0015168999962043017,0.10268804429822356
X3,syn_s3_n120_p8_a100_d1,syn_s3_n120_p8_a100_d1__od1__full_grid__climb_tiebreak__native,syn_s3_n120_p8_a100,synthetic,full_grid,,climb_tiebreak,native,od1,,0.0,10.0,height_tiebreak,0,nan,serial,article_2_HAG_applications,True,6f060dbaf1c69bc25c1517ab2245b48bb8526299,120,120,0.15068029999383725,7.88624452272532,93,11639,45894,1,11639,14400,119,14400,1,2.5.3,190.54430139753737,190.54567607791176,True,77.88068218221137,1374.6803743153555,16.86800900510446,169720,8,Windows-11-10.0.26300-SP0,3.14.7,True,100.0,169.2100279764328,20261002T115338Z,1.18.1,0,14400,11782,22804,12322,100.0,0.0,0.0044766999781131744,0.004133399983402342,0.003978699998697266,0.0,110,47,1092.0164833920778,5,17,3,74.57099615307638,2026-10-02T11:53:38+00:00,serial_calibration,5,,,,,,,,,
X3,syn_s3_n120_p8_a100_d1,syn_s3_n120_p8_a100_d1__od1__hag_cta__shared_border__climb_tiebreak__native,syn_s3_n120_p8_a100,synthetic,hag_cta,shared_border,climb_tiebreak,native,od1,,0.027313099999446422,10.0,height_tiebreak,86,20.0,serial,article_2_HAG_applications,True,6f060dbaf1c69bc25c1517ab2245b48bb8526299,120,120,0.15068029999383725,7.88624452272532,93,11639,45894,1,87,150,123,14400,1,2.5.3,190.54430139753742,190.54572436218302,True,70.63014744324167,1422.9646455628172,12.009970825204421,164936,8,Windows-11-10.0.26300-SP0,3.14.7,True,100.0,169.2100279764328,20261002T115338Z,1.18.1,0,150,150,155,150,1.0416666666666667,98.95833333333334,0.00038610000046901405,0.0002887000155169517,0.00022869999520480633,0.005268200009595603,110,47,1092.0164833920778,5,17,3,74.57099615307638,2026-10-02T11:53:38+00:00,serial_calibration,5,inf,10.0,1.0351239983850857,0.9718123968889937,0.01273128501103378,1.0000000000000002,1.0000002533999839,-0.0014235000417102128,0.06984565168535006
X3,syn_s3_n120_p8_a100_d1,syn_s3_n120_p8_a100_d1__od1__hag_cta_ring1__shared_border__climb_tiebreak__native,syn_s3_n120_p8_a100,synthetic,hag_cta_ring1,shared_border,climb_tiebreak,native,od1,,0.027313099999446422,10.0,height_tiebreak,86,20.0,serial,article_2_HAG_applications,True,6f060dbaf1c69bc25c1517ab2245b48bb8526299,120,120,0.15068029999383725,7.88624452272532,93,11639,45894,1,413,556,119,14400,1,2.5.3,190.54430139753737,190.54567607791176,True,77.88068218221137,1374.6803743153555,16.86800900510446,165496,8,Windows-11-10.0.26300-SP0,3.14.7,True,100.0,169.2100279764328,20261002T115338Z,1.18.1,0,556,545,863,553,3.861111111111111,96.13888888888889,0.0006408000190276653,0.0003601000062189996,0.00032140000257641077,0.005324500001734123,110,47,1092.0164833920778,5,17,3,74.57099615307638,2026-10-02T11:53:38+00:00,serial_calibration,5,inf,0.0,1.0,0.9751119490926231,0.04625700220675607,1.0,1.0,-0.0015512000245507807,0.08711956444210103
X3,syn_s3_n120_p8_a100_d1,syn_s3_n120_p8_a100_d1__od2__full_grid__climb_tiebreak__native,syn_s3_n120_p8_a100,synthetic,full_grid,,climb_tiebreak,native,od2,,0.0,10.0,height_tiebreak,0,nan,serial,article_2_HAG_applications,True,6f060dbaf1c69bc25c1517ab2245b48bb8526299,120,120,0.15068029999383725,7.88624452272532,93,11639,45894,1,11639,14400,136,14400,1,2.5.3,233.6283867465603,233.63000184324008,True,56.86957987346318,1615.0966799187809,18.95265142279727,170752,8,Windows-11-10.0.26300-SP0,3.14.7,True,100.0,169.2100279764328,20261002T115338Z,1.18.1,0,14400,12790,24684,13130,100.0,0.0,0.004550999990897253,0.004397699987748638,0.004378899990115315,0.0,109,103,1181.397477566293,23,22,3,74.57099615307638,2026-10-02T11:53:38+00:00,serial_calibration,5,,,,,,,,,
X3,syn_s3_n120_p8_a100_d1,syn_s3_n120_p8_a100_d1__od2__hag_cta__shared_border__climb_tiebreak__native,syn_s3_n120_p8_a100,synthetic,hag_cta,shared_border,climb_tiebreak,native,od2,,0.027313099999446422,10.0,height_tiebreak,95,20.0,serial,article_2_HAG_applications,True,6f060dbaf1c69bc25c1517ab2245b48bb8526299,120,120,0.15068029999383725,7.88624452272532,93,11639,45894,1,96,155,138,14400,1,2.5.3,234.08628785817967,234.08793123913074,True,73.31153318953614,1643.380951166243,11.713627204173223,165920,8,Windows-11-10.0.26300-SP0,3.14.7,True,100.0,169.2100279764328,20261002T115338Z,1.18.1,0,155,155,157,155,1.0763888888888888,98.92361111111111,0.00035089999437332153,0.0002626999921631068,0.0002474999928381294,0.004833599989069626,109,103,1181.397477566293,23,22,3,74.57099615307638,2026-10-02T11:53:38+00:00,serial_calibration,5,inf,28.284271247461902,1.0175124322891211,0.9717016491754122,0.012118842845973418,1.0019599549438147,1.0019600624589213,-0.0006985999934840947,0.059735769355561165
X3,syn_s3_n120_p8_a100_d1,syn_s3_n120_p8_a100_d1__od2__hag_cta_ring1__shared_border__climb_tiebreak__native,syn_s3_n120_p8_a100,synthetic,hag_cta_ring1,shared_border,climb_tiebreak,native,od2,,0.027313099999446422,10.0,height_tiebreak,95,20.0,serial,article_2_HAG_applications,True,6f060dbaf1c69bc25c1517ab2245b48bb8526299,120,120,0.15068029999383725,7.88624452272532,93,11639,45894,1,467,615,136,14400,1,2.5.3,233.6283867465603,233.63000184324008,True,56.86957987346318,1615.0966799187809,18.95265142279727,166680,8,Windows-11-10.0.26300-SP0,3.14.7,True,100.0,169.2100279764328,20261002T115338Z,1.18.1,0,615,609,979,614,4.270833333333333,95.72916666666667,0.00050230001215823,0.00036339997313916683,0.00034020000020973384,0.005543000006582588,109,103,1181.397477566293,23,22,3,74.57099615307638,2026-10-02T11:53:38+00:00,serial_calibration,5,inf,0.0,1.0,0.9761525487256372,0.04761532447224394,1.0,1.0,-0.001508699991973117,0.0826340983131062
X3,syn_s3_n120_p8_a100_d1,syn_s3_n120_p8_a100_d1__od3__full_grid__climb_tiebreak__native,syn_s3_n120_p8_a100,synthetic,full_grid,,climb_tiebreak,native,od3,,0.0,10.0,height_tiebreak,0,nan,serial,article_2_HAG_applications,True,6f060dbaf1c69bc25c1517ab2245b48bb8526299,120,120,0.15068029999383725,7.88624452272532,93,11639,45894,1,11639,14400,127,14400,1,2.5.3,215.06800337304657,215.06944562701366,True,93.60521955156088,1442.2539674441623,14.197884380228283,166800,8,Windows-11-10.0.26300-SP0,3.14.7,True,100.0,169.2100279764328,20261002T115338Z,1.18.1,0,14400,11032,21544,11573,100.0,0.0,0.004247399978339672,0.003675999992992729,0.0036340999940875918,0.0,37,111,1090.0458705944443,78,10,3,74.57099615307638,2026-10-02T11:53:38+00:00,serial_calibration,5,,,,,,,,,
X3,syn_s3_n120_p8_a100_d1,syn_s3_n120_p8_a100_d1__od3__hag_cta__shared_border__climb_tiebreak__native,syn_s3_n120_p8_a100,synthetic,hag_cta,shared_border,climb_tiebreak,native,od3,,0.027313099999446422,10.0,height_tiebreak,85,20.0,serial,article_2_HAG_applications,True,6f060dbaf1c69bc25c1517ab2245b48bb8526299,120,120,0.15068029999383725,7.88624452272532,93,11639,45894,1,86,155,129,14400,1,2.5.3,217.09447671103837,217.09594724927678,True,93.60521955156088,1470.538238691624,14.154576522645204,165472,8,Windows-11-10.0.26300-SP0,3.14.7,True,100.0,169.2100279764328,20261002T115338Z,1.18.1,0,155,153,158,154,1.0763888888888888,98.92361111111111,0.0003696000203490257,0.00024259998463094234,0.0002305000089108944,0.004587200004607439,37,111,1090.0458705944443,78,10,3,74.57099615307638,2026-10-02T11:53:38+00:00,serial_calibration,5,inf,30.0,1.0196111585656336,0.9920383693045564,0.01386874546773024,1.009422477105889,1.009422545431105,-0.0011537999962456524,0.06599564338775618
X3,syn_s3_n120_p8_a100_d1,syn_s3_n120_p8_a100_d1__od3__hag_cta_ring1__shared_border__climb_tiebreak__native,syn_s3_n120_p8_a100,synthetic,hag_cta_ring1,shared_border,climb_tiebreak,native,od3,,0.027313099999446422,10.0,height_tiebreak,85,20.0,serial,article_2_HAG_applications,True,6f060dbaf1c69bc25c1517ab2245b48bb8526299,120,120,0.15068029999383725,7.88624452272532,93,11639,45894,1,409,570,128,14400,1,2.5.3,215.27117039880744,215.2726267949102,True,93.60521955156088,1456.3961030678931,14.17351422752678,166392,8,Windows-11-10.0.26300-SP0,3.14.7,True,100.0,169.2100279764328,20261002T115338Z,1.18.1,0,570,534,880,562,3.9583333333333335,96.04166666666667,0.0005134999810252339,0.00031919998582452536,0.00030529999639838934,0.004829499986954033,37,111,1090.0458705944443,78,10,3,74.57099615307638,2026-10-02T11:53:38+00:00,serial_calibration,5,inf,30.0,1.009805579282817,0.9975539568345324,0.048404641044234954,1.0009446641182067,1.0009447235394324,-0.0014726999797858298,0.08683351099918153
X3,syn_s4_n120_p4_a200_d5,syn_s4_n120_p4_a200_d5__od1__full_grid__climb_tiebreak__native,syn_s4_n120_p4_a200,synthetic,full_grid,,climb_tiebreak,native,od1,,0.0,10.0,height_tiebreak,0,nan,serial,article_2_HAG_applications,True,6f060dbaf1c69bc25c1517ab2245b48bb8526299,120,120,0.0518265999853611,7.398805970149254,38,3350,12393,5,3350,14400,133,14400,1,2.5.3,277.51815084368917,277.5196903768771,True,70.1313205768367,1539.53318805774,16.844522258023005,164616,4,Windows-11-10.0.26300-SP0,3.14.7,True,200.0,278.9817420227016,20261002T115338Z,1.18.1,0,14400,11203,21588,11565,100.0,0.0,0.0025402000173926353,0.0021090999944135547,0.002069700014544651,0.0,103,8,1061.7438485811913,50,100,4,73.05932019904539,2026-10-02T11:53:38+00:00,serial_calibration,5,,,,,,,,,
X3,syn_s4_n120_p4_a200_d5,syn_s4_n120_p4_a200_d5__od1__hag_cta__shared_border__climb_tiebreak__native,syn_s4_n120_p4_a200,synthetic,hag_cta,shared_border,climb_tiebreak,native,od1,,0.006673100026091561,10.0,height_tiebreak,43,20.0,serial,article_2_HAG_applications,True,6f060dbaf1c69bc25c1517ab2245b48bb8526299,120,120,0.0518265999853611,7.398805970149254,38,3350,12393,5,44,589,134,14400,1,2.5.3,357.1895849935887,357.19113038464087,True,103.5256473159538,1545.3910524340097,11.794198394686635,166640,4,Windows-11-10.0.26300-SP0,3.14.7,True,200.0,278.9817420227016,20261002T115338Z,1.18.1,0,589,578,774,586,4.090277777777778,95.90972222222223,0.00027489999774843454,0.00020440001389943063,0.00019950000569224358,0.0007472999859601259,103,8,1061.7438485811913,50,100,4,73.05932019904539,2026-10-02T11:53:38+00:00,serial_calibration,5,50.54406452973538,162.78820596099706,1.0038049614140894,1.012295281139136,0.051593323216995446,1.2870854893911934,1.2870839178999096,0.0011573999945539981,0.09691338222029867
X3,syn_s4_n120_p4_a200_d5,syn_s4_n120_p4_a200_d5__od1__hag_cta_ring1__shared_border__climb_tiebreak__native,syn_s4_n120_p4_a200,synthetic,hag_cta_ring1,shared_border,climb_tiebreak,native,od1,,0.006673100026091561,10.0,height_tiebreak,43,20.0,serial,article_2_HAG_applications,True,6f060dbaf1c69bc25c1517ab2245b48bb8526299,120,120,0.0518265999853611,7.398805970149254,38,3350,12393,5,236,2027,133,14400,1,2.5.3,301.2530508641456,301.25454069170604,True,81.78992850520729,1489.827560572969,26.276565478845324,168424,4,Windows-11-10.0.26300-SP0,3.14.7,True,200.0,278.9817420227016,20261002T115338Z,1.18.1,0,2027,1940,3353,1975,14.07638888888889,85.92361111111111,0.0005262999911792576,0.0004133000038564205,0.0004034999874420464,0.0008211999956984073,103,8,1061.7438485811913,50,100,4,73.05932019904539,2026-10-02T11:53:38+00:00,serial_calibration,5,66.88737749295557,155.56349186104046,0.9677138317833348,1.0231326238032754,0.1731679014549674,1.085525577149817,1.085524923592256,0.0008745999948587269,0.1959603645873322
X3,syn_s4_n120_p4_a200_d5,syn_s4_n120_p4_a200_d5__od2__full_grid__climb_tiebreak__native,syn_s4_n120_p4_a200,synthetic,full_grid,,climb_tiebreak,native,od2,,0.0,10.0,height_tiebreak,0,nan,serial,article_2_HAG_applications,True,6f060dbaf1c69bc25c1517ab2245b48bb8526299,120,120,0.0518265999853611,7.398805970149254,38,3350,12393,5,3350,14400,155,14400,1,2.5.3,311.39001366025525,311.39182289907086,True,61.75576849685869,1809.238815542512,11.835599121364266,166040,4,Windows-11-10.0.26300-SP0,3.14.7,True,200.0,278.9817420227016,20261002T115338Z,1.18.1,0,14400,13280,25655,13478,100.0,0.0,0.002529499994125217,0.0024916999973356724,0.002474999986588955,0.0,92,8,1269.0547663517127,9,104,4,73.05932019904539,2026-10-02T11:53:38+00:00,serial_calibration,5,,,,,,,,,
X3,syn_s4_n120_p4_a200_d5,syn_s4_n120_p4_a200_d5__od2__hag_cta__shared_border__climb_tiebreak__native,syn_s4_n120_p4_a200,synthetic,hag_cta,shared_border,climb_tiebreak,native,od2,,0.006673100026091561,10.0,height_tiebreak,56,20.0,serial,article_2_HAG_applications,True,6f060dbaf1c69bc25c1517ab2245b48bb8526299,120,120,0.0518265999853611,7.398805970149254,38,3350,12393,5,57,590,215,14400,1,2.5.3,379.2437528592317,379.24622008794574,True,79.14367883179031,2467.2287142747455,11.605780196883565,171664,4,Windows-11-10.0.26300-SP0,3.14.7,True,200.0,278.9817420227016,20261002T115338Z,1.18.1,0,590,584,702,585,4.097222222222222,95.90277777777779,0.0003640000068116933,0.00025749998167157173,0.00023589999182149768,0.0008231999818235636,92,8,1269.0547663517127,9,104,4,73.05932019904539,2026-10-02T11:53:38+00:00,serial_calibration,5,41.4597438755724,390.0,1.3636832755740602,1.0338713562996869,0.04397590361445783,1.2179059578738092,1.2179068048645196,0.001411000033840537,0.10334309184368567
X3,syn_s4_n120_p4_a200_d5,syn_s4_n120_p4_a200_d5__od2__hag_cta_ring1__shared_border__climb_tiebreak__native,syn_s4_n120_p4_a200,synthetic,hag_cta_ring1,shared_border,climb_tiebreak,native,od2,,0.006673100026091561,10.0,height_tiebreak,56,20.0,serial,article_2_HAG_applications,True,6f060dbaf1c69bc25c1517ab2245b48bb8526299,120,120,0.0518265999853611,7.398805970149254,38,3350,12393,5,287,1956,206,14400,1,2.5.3,314.247863432755,314.25021166651993,True,85.25438092953509,2348.2337649086285,11.765662682068058,172568,4,Windows-11-10.0.26300-SP0,3.14.7,True,200.0,278.9817420227016,20261002T115338Z,1.18.1,0,1956,1919,3202,1932,13.583333333333334,86.41666666666666,0.0005661000031977892,0.0004825000069104135,0.000447300000814721,0.000877000013133511,92,8,1269.0547663517127,9,104,4,73.05932019904539,2026-10-02T11:53:38+00:00,serial_calibration,5,51.66905245077418,399.2492955535426,1.297912550148608,1.0393158275114431,0.14450301204819277,1.0091777181255974,1.0091793957234887,0.001132199977291748,0.19364289738987103
X3,syn_s4_n120_p4_a200_d5,syn_s4_n120_p4_a200_d5__od3__full_grid__climb_tiebreak__native,syn_s4_n120_p4_a200,synthetic,full_grid,,climb_tiebreak,native,od3,,0.0,10.0,height_tiebreak,0,nan,serial,article_2_HAG_applications,True,6f060dbaf1c69bc25c1517ab2245b48bb8526299,120,120,0.0518265999853611,7.398805970149254,38,3350,12393,5,3350,14400,115,14400,1,2.5.3,371.55845466416724,371.5597644917278,True,76.71396510745113,1309.827560572969,19.76449414374743,162800,4,Windows-11-10.0.26300-SP0,3.14.7,True,200.0,278.9817420227016,20261002T115338Z,1.18.1,0,14400,14199,27580,14283,100.0,0.0,0.004136500007007271,0.0030374999914783984,0.0028276999946683645,0.0,68,19,1079.1200118615168,15,113,4,73.05932019904539,2026-10-02T11:53:38+00:00,serial_calibration,5,,,,,,,,,
X3,syn_s4_n120_p4_a200_d5,syn_s4_n120_p4_a200_d5__od3__hag_cta__shared_border__climb_tiebreak__native,syn_s4_n120_p4_a200,synthetic,hag_cta,shared_border,climb_tiebreak,native,od3,,0.006673100026091561,10.0,height_tiebreak,65,20.0,serial,article_2_HAG_applications,True,6f060dbaf1c69bc25c1517ab2245b48bb8526299,120,120,0.0518265999853611,7.398805970149254,38,3350,12393,5,66,813,243,14400,1,2.5.3,495.1599195356437,495.16274960706994,True,83.21935438070969,2830.071426749364,10.770424704635133,173744,4,Windows-11-10.0.26300-SP0,3.14.7,True,200.0,278.9817420227016,20261002T115338Z,1.18.1,0,813,754,947,784,5.645833333333333,94.35416666666667,0.00040520000038668513,0.00030289997812360525,0.00029540000832639635,0.0007611000037286431,68,19,1079.1200118615168,15,113,4,73.05932019904539,2026-10-02T11:53:38+00:00,serial_calibration,5,29.642614505248748,390.0,2.160644280161109,1.0672235872235871,0.05310233115008099,1.3326568493326132,1.3326597681652208,0.00197350000962615,0.09972015768670969
X3,syn_s4_n120_p4_a200_d5,syn_s4_n120_p4_a200_d5__od3__hag_cta_ring1__shared_border__climb_tiebreak__native,syn_s4_n120_p4_a200,synthetic,hag_cta_ring1,shared_border,climb_tiebreak,native,od3,,0.006673100026091561,10.0,height_tiebreak,65,20.0,serial,article_2_HAG_applications,True,6f060dbaf1c69bc25c1517ab2245b48bb8526299,120,120,0.0518265999853611,7.398805970149254,38,3350,12393,5,345,2526,178,14400,1,2.5.3,385.9108239319754,385.91280932302766,True,89.68039243896078,1985.3910524340095,15.955724026780604,170680,4,Windows-11-10.0.26300-SP0,3.14.7,True,200.0,278.9817420227016,20261002T115338Z,1.18.1,0,2526,2318,3906,2368,17.541666666666668,82.45833333333333,0.0005790000141132623,0.0004867999814450741,0.00048240000614896417,0.0008811999869067222,68,19,1079.1200118615168,15,113,4,73.05932019904539,2026-10-02T11:53:38+00:00,serial_calibration,5,35.04025109379498,399.2492955535426,1.5157652138312945,1.0484029484029485,0.16325093316430733,1.0386274867053706,1.0386291687178077,0.0016695000231266022,0.16026336882659248
X3,syn_s4_n120_p6_a120_d1,syn_s4_n120_p6_a120_d1__od1__full_grid__climb_tiebreak__native,syn_s4_n120_p6_a120,synthetic,full_grid,,climb_tiebreak,native,od1,,0.0,10.0,height_tiebreak,0,nan,serial,article_2_HAG_applications,True,6f060dbaf1c69bc25c1517ab2245b48bb8526299,120,120,0.09276729999692179,7.9054859611231105,94,11575,45753,1,11575,14400,114,14400,1,2.5.3,248.3942694481752,248.39557341787147,True,75.34572801958319,1303.9696961967002,24.154335884801824,164912,6,Windows-11-10.0.26300-SP0,3.14.7,True,120.0,194.30186958036043,20261002T115338Z,1.18.1,0,14400,11437,22489,11937,100.0,0.0,0.002630000002682209,0.0024047000042628497,0.0021601000044029206,0.0,103,8,1061.7438485811913,50,100,4,73.64745615594475,2026-10-02T11:53:38+00:00,serial_calibration,5,,,,,,,,,
X3,syn_s4_n120_p6_a120_d1,syn_s4_n120_p6_a120_d1__od1__hag_cta__shared_border__climb_tiebreak__native,syn_s4_n120_p6_a120,synthetic,hag_cta,shared_border,climb_tiebreak,native,od1,,0.01722519999020733,10.0,height_tiebreak,102,20.0,serial,article_2_HAG_applications,True,6f060dbaf1c69bc25c1517ab2245b48bb8526299,120,120,0.09276729999692179,7.9054859611231105,94,11575,45753,1,103,161,122,14400,1,2.5.3,249.29695303683926,249.29833700653552,True,75.34572801958319,1383.9696961967002,11.626340939651906,165088,6,Windows-11-10.0.26300-SP0,3.14.7,True,120.0,194.30186958036043,20261002T115338Z,1.18.1,0,161,161,167,161,1.1180555555555556,98.88194444444444,0.00022489999537356198,0.00015529998927377164,0.00014869999722577631,0.002932400006102398,103,8,1061.7438485811913,50,100,4,73.64745615594475,2026-10-02T11:53:38+00:00,serial_calibration,5,inf,50.0,1.0613511189971183,1.0010672358591248,0.01407711812538253,1.0036340757404325,1.0036343787300321,-0.00068299999111332,0.06458185594813029
X3,syn_s4_n120_p6_a120_d1,syn_s4_n120_p6_a120_d1__od1__hag_cta_ring1__shared_border__climb_tiebreak__native,syn_s4_n120_p6_a120,synthetic,hag_cta_ring1,shared_border,climb_tiebreak,native,od1,,0.01722519999020733,10.0,height_tiebreak,102,20.0,serial,article_2_HAG_applications,True,6f060dbaf1c69bc25c1517ab2245b48bb8526299,120,120,0.09276729999692179,7.9054859611231105,94,11575,45753,1,410,557,114,14400,1,2.5.3,248.3942694481752,248.39557341787147,True,75.34572801958319,1303.9696961967002,24.154335884801824,165136,6,Windows-11-10.0.26300-SP0,3.14.7,True,120.0,194.30186958036043,20261002T115338Z,1.18.1,0,557,546,887,554,3.8680555555555554,96.13194444444444,0.00034950001281686127,0.0002133000234607607,0.00019049999536946416,0.003983699978562072,103,8,1061.7438485811913,50,100,4,73.64745615594475,2026-10-02T11:53:38+00:00,serial_calibration,5,inf,0.0,1.0,1.0013583001843407,0.04773979190347119,1.0,1.0,-0.001792299997759983,0.08870130289958847
X3,syn_s4_n120_p6_a120_d1,syn_s4_n120_p6_a120_d1__od2__full_grid__climb_tiebreak__native,syn_s4_n120_p6_a120,synthetic,full_grid,,climb_tiebreak,native,od2,,0.0,10.0,height_tiebreak,0,nan,serial,article_2_HAG_applications,True,6f060dbaf1c69bc25c1517ab2245b48bb8526299,120,120,0.09276729999692179,7.9054859611231105,94,11575,45753,1,11575,14400,127,14400,1,2.5.3,254.56028433779557,254.56180529233967,True,64.71242851231627,1520.9545442950505,18.962649292121377,165176,6,Windows-11-10.0.26300-SP0,3.14.7,True,120.0,194.30186958036043,20261002T115338Z,1.18.1,0,14400,13856,26911,14026,100.0,0.0,0.0035422999935690314,0.0027070000069215894,0.0023166000028140843,0.0,92,8,1269.0547663517127,9,104,4,73.64745615594475,2026-10-02T11:53:38+00:00,serial_calibration,5,,,,,,,,,
X3,syn_s4_n120_p6_a120_d1,syn_s4_n120_p6_a120_d1__od2__hag_cta__shared_border__climb_tiebreak__native,syn_s4_n120_p6_a120,synthetic,hag_cta,shared_border,climb_tiebreak,native,od2,,0.01722519999020733,10.0,height_tiebreak,112,20.0,serial,article_2_HAG_applications,True,6f060dbaf1c69bc25c1517ab2245b48bb8526299,120,120,0.09276729999692179,7.9054859611231105,94,11575,45753,1,113,200,138,14400,1,2.5.3,256.3861212446965,256.3877894784612,True,58.145803173779626,1668.2337649086287,11.877602713167386,166016,6,Windows-11-10.0.26300-SP0,3.14.7,True,120.0,194.30186958036043,20261002T115338Z,1.18.1,0,200,200,213,200,1.3888888888888888,98.61111111111111,0.0018693000019993633,0.00023480001254938543,0.0001674999948590994,0.003634499997133389,92,8,1269.0547663517127,9,104,4,73.64745615594475,2026-10-02T11:53:38+00:00,serial_calibration,5,inf,64.03124237432849,1.0968334137045765,1.00508548457403,0.014434180138568129,1.0071725128358124,1.0071730485412944,-0.0011623000027611852,0.08673809085667528
X3,syn_s4_n120_p6_a120_d1,syn_s4_n120_p6_a120_d1__od2__hag_cta_ring1__shared_border__climb_tiebreak__native,syn_s4_n120_p6_a120,synthetic,hag_cta_ring1,shared_border,climb_tiebreak,native,od2,,0.01722519999020733,10.0,height_tiebreak,112,20.0,serial,article_2_HAG_applications,True,6f060dbaf1c69bc25c1517ab2245b48bb8526299,120,120,0.09276729999692179,7.9054859611231105,94,11575,45753,1,529,704,128,14400,1,2.5.3,254.56028433779557,254.56181115020408,True,64.71242851231627,1526.8124086713196,18.962329057054813,166152,6,Windows-11-10.0.26300-SP0,3.14.7,True,120.0,194.30186958036043,20261002T115338Z,1.18.1,0,704,699,1072,703,4.888888888888889,95.11111111111111,0.00039510001079179347,0.0003080999886151403,0.0002862999972421676,0.0032190000056289136,92,8,1269.0547663517127,9,104,4,73.64745615594475,2026-10-02T11:53:38+00:00,serial_calibration,5,inf,36.05551275463989,1.003851439478084,1.005908848743159,0.05044745958429561,1.0,1.0000000230115607,-0.0008200999873224646,0.11381602801158201
X3,syn_s4_n120_p6_a120_d1,syn_s4_n120_p6_a120_d1__od3__full_grid__climb_tiebreak__native,syn_s4_n120_p6_a120,synthetic,full_grid,,climb_tiebreak,native,od3,,0.0,10.0,height_tiebreak,0,nan,serial,article_2_HAG_applications,True,6f060dbaf1c69bc25c1517ab2245b48bb8526299,120,120,0.09276729999692179,7.9054859611231105,94,11575,45753,1,11575,14400,106,14400,1,2.5.3,218.59004185647444,218.5913818059679,True,70.21229741803126,1339.9494936611668,16.85039959542794,167672,6,Windows-11-10.0.26300-SP0,3.14.7,True,120.0,194.30186958036043,20261002T115338Z,1.18.1,0,14400,13390,26105,13679,100.0,0.0,0.0029295999847818166,0.002358099998673424,0.0022502999927382916,0.0,68,19,1079.1200118615168,15,113,4,73.64745615594475,2026-10-02T11:53:38+00:00,serial_calibration,5,,,,,,,,,
X3,syn_s4_n120_p6_a120_d1,syn_s4_n120_p6_a120_d1__od3__hag_cta__shared_border__climb_tiebreak__native,syn_s4_n120_p6_a120,synthetic,hag_cta,shared_border,climb_tiebreak,native,od3,,0.01722519999020733,10.0,height_tiebreak,87,20.0,serial,article_2_HAG_applications,True,6f060dbaf1c69bc25c1517ab2245b48bb8526299,120,120,0.09276729999692179,7.9054859611231105,94,11575,45753,1,88,164,116,14400,1,2.5.3,220.26575772928499,220.26725566867722,True,85.99495605322713,1497.9393923934003,14.261962361371056,164680,6,Windows-11-10.0.26300-SP0,3.14.7,True,120.0,194.30186958036043,20261002T115338Z,1.18.1,0,164,164,175,164,1.1388888888888888,98.86111111111111,0.00027540000155568123,0.0001331999956164509,0.0001269000058528036,0.002958299999590963,68,19,1079.1200118615168,15,113,4,73.64745615594475,2026-10-02T11:53:38+00:00,serial_calibration,5,inf,50.0,1.1179073535828243,0.9821556371964312,0.012247946228528752,1.0076660210985768,1.007666696870039,-0.0007333999965339899,0.05648615227996441
X3,syn_s4_n120_p6_a120_d1,syn_s4_n120_p6_a120_d1__od3__hag_cta_ring1__shared_border__climb_tiebreak__native,syn_s4_n120_p6_a120,synthetic,hag_cta_ring1,shared_border,climb_tiebreak,native,od3,,0.01722519999020733,10.0,height_tiebreak,87,20.0,serial,article_2_HAG_applications,True,6f060dbaf1c69bc25c1517ab2245b48bb8526299,120,120,0.09276729999692179,7.9054859611231105,94,11575,45753,1,458,623,107,14400,1,2.5.3,218.59004185647444,218.59138766383228,True,70.21229741803126,1345.8073580374362,16.808966459516245,165384,6,Windows-11-10.0.26300-SP0,3.14.7,True,120.0,194.30186958036043,20261002T115338Z,1.18.1,0,623,616,993,623,4.326388888888889,95.67361111111111,0.0003313000197522342,0.0002125999890267849,0.00019669998437166214,0.0034624999971129,68,19,1079.1200118615168,15,113,4,73.64745615594475,2026-10-02T11:53:38+00:00,serial_calibration,5,inf,22.360679774997898,1.0043717053545531,0.9863543107972709,0.04600448095593727,1.0,1.0000000267982403,-0.0013169999874662608,0.09015732545116213
X3,syn_s4_n120_p8_a100_d3,syn_s4_n120_p8_a100_d3__od1__full_grid__climb_tiebreak__native,syn_s4_n120_p8_a100,synthetic,full_grid,,climb_tiebreak,native,od1,,0.0,10.0,height_tiebreak,0,nan,serial,article_2_HAG_applications,True,6f060dbaf1c69bc25c1517ab2245b48bb8526299,120,120,0.11825390000012703,7.8573984858912596,53,7265,28542,3,7265,14400,129,14400,1,2.5.3,145.08707733736247,145.08866799753443,True,46.27762788475252,1590.6601717798217,14.227736651711215,167768,8,Windows-11-10.0.26300-SP0,3.14.7,True,100.0,163.35721953511734,20261002T115338Z,1.18.1,0,14400,6009,11863,6561,100.0,0.0,0.0011497999948915094,0.0011411000159569085,0.0011078999959863722,0.0,103,8,1061.7438485811913,50,100,4,77.52069000437876,2026-10-02T11:53:38+00:00,serial_calibration,5,,,,,,,,,
X3,syn_s4_n120_p8_a100_d3,syn_s4_n120_p8_a100_d3__od1__hag_cta__shared_border__climb_tiebreak__native,syn_s4_n120_p8_a100,synthetic,hag_cta,shared_border,climb_tiebreak,native,od1,,0.010087200003908947,10.0,height_tiebreak,41,20.0,serial,article_2_HAG_applications,True,6f060dbaf1c69bc25c1517ab2245b48bb8526299,120,120,0.11825390000012703,7.8573984858912596,53,7265,28542,3,42,209,131,14400,1,2.5.3,158.06525911628307,158.06682007082745,True,48.82883270376392,1560.9545442950498,16.793797397419898,165704,8,Windows-11-10.0.26300-SP0,3.14.7,True,100.0,163.35721953511734,20261002T115338Z,1.18.1,0,209,206,231,206,1.4513888888888888,98.5486111111111,0.00021779999951831996,0.00014440002269111574,0.00013380000018514693,0.001629200007300824,103,8,1061.7438485811913,50,100,4,77.52069000437876,2026-10-02T11:53:38+00:00,serial_calibration,5,inf,90.0,0.9813249693355095,0.9876972962662725,0.03428191046763188,1.0894509836237392,1.0894497981986682,-0.0006325000140350312,0.12654458038020808
X3,syn_s4_n120_p8_a100_d3,syn_s4_n120_p8_a100_d3__od1__hag_cta_ring1__shared_border__climb_tiebreak__native,syn_s4_n120_p8_a100,synthetic,hag_cta_ring1,shared_border,climb_tiebreak,native,od1,,0.010087200003908947,10.0,height_tiebreak,41,20.0,serial,article_2_HAG_applications,True,6f060dbaf1c69bc25c1517ab2245b48bb8526299,120,120,0.11825390000012703,7.8573984858912596,53,7265,28542,3,282,822,129,14400,1,2.5.3,146.2823358097449,146.28388504856062,True,38.47422916699699,1549.2388155425122,16.823951674114113,167240,8,Windows-11-10.0.26300-SP0,3.14.7,True,100.0,163.35721953511734,20261002T115338Z,1.18.1,0,822,783,1301,810,5.708333333333333,94.29166666666666,0.0004998999938834459,0.00032479999936185777,0.0002899999963119626,0.0015956000133883208,103,8,1061.7438485811913,50,100,4,77.52069000437876,2026-10-02T11:53:38+00:00,serial_calibration,5,inf,80.0,0.9739596445726291,0.996852796719279,0.13030454318522217,1.0082382145558226,1.0082378387473134,-0.0007792999967932701,0.28463762581712493
X3,syn_s4_n120_p8_a100_d3,syn_s4_n120_p8_a100_d3__od2__full_grid__climb_tiebreak__native,syn_s4_n120_p8_a100,synthetic,full_grid,,climb_tiebreak,native,od2,,0.0,10.0,height_tiebreak,0,nan,serial,article_2_HAG_applications,True,6f060dbaf1c69bc25c1517ab2245b48bb8526299,120,120,0.11825390000012703,7.8573984858912596,53,7265,28542,3,7265,14400,126,14400,1,2.5.3,179.6942653036192,179.69579696884165,True,46.63792653534753,1531.6652224137054,14.282218811805643,172224,8,Windows-11-10.0.26300-SP0,3.14.7,True,100.0,163.35721953511734,20261002T115338Z,1.18.1,0,14400,12302,23605,12722,100.0,0.0,0.002638900012243539,0.0018940999871119857,0.0018868000188376755,0.0,92,8,1269.0547663517127,9,104,4,77.52069000437876,2026-10-02T11:53:38+00:00,serial_calibration,5,,,,,,,,,
X3,syn_s4_n120_p8_a100_d3,syn_s4_n120_p8_a100_d3__od2__hag_cta__shared_border__climb_tiebreak__native,syn_s4_n120_p8_a100,synthetic,hag_cta,shared_border,climb_tiebreak,native,od2,,0.010087200003908947,10.0,height_tiebreak,50,20.0,serial,article_2_HAG_applications,True,6f060dbaf1c69bc25c1517ab2245b48bb8526299,120,120,0.11825390000012703,7.8573984858912596,53,7265,28542,3,51,318,128,14400,1,2.5.3,193.64917346504564,193.65075826735304,True,70.88507838101151,1584.8023074035536,12.095201717119316,165600,8,Windows-11-10.0.26300-SP0,3.14.7,True,100.0,163.35721953511734,20261002T115338Z,1.18.1,0,318,310,358,313,2.2083333333333335,97.79166666666667,0.0002103000006172806,0.00015320000238716602,0.00011819999781437218,0.0015088999934960157,92,8,1269.0547663517127,9,104,4,77.52069000437876,2026-10-02T11:53:38+00:00,serial_calibration,5,553.1944174836752,60.0,1.0346923624120101,0.9615384615384616,0.025199154609006666,1.0776591736962091,1.0776588074618747,0.000231999991228804,0.08088274295421782
X3,syn_s4_n120_p8_a100_d3,syn_s4_n120_p8_a100_d3__od2__hag_cta_ring1__shared_border__climb_tiebreak__native,syn_s4_n120_p8_a100,synthetic,hag_cta_ring1,shared_border,climb_tiebreak,native,od2,,0.010087200003908947,10.0,height_tiebreak,50,20.0,serial,article_2_HAG_applications,True,6f060dbaf1c69bc25c1517ab2245b48bb8526299,120,120,0.11825390000012703,7.8573984858912596,53,7265,28542,3,350,1024,126,14400,1,2.5.3,179.6942653036192,179.69579696884165,True,46.63792653534753,1531.6652224137054,14.282218811805643,166952,8,Windows-11-10.0.26300-SP0,3.14.7,True,100.0,163.35721953511734,20261002T115338Z,1.18.1,0,1024,974,1626,1004,7.111111111111111,92.88888888888889,0.0002660999889485538,0.00021230001584626734,0.00020209999638609588,0.0021933999960310757,92,8,1269.0547663517127,9,104,4,77.52069000437876,2026-10-02T11:53:38+00:00,serial_calibration,5,inf,0.0,1.0,0.9693887030843552,0.07917411802958868,1.0,1.0,-0.0005116000247653574,0.11208490432966538
X3,syn_s4_n120_p8_a100_d3,syn_s4_n120_p8_a100_d3__od3__full_grid__climb_tiebreak__native,syn_s4_n120_p8_a100,synthetic,full_grid,,climb_tiebreak,native,od3,,0.0,10.0,height_tiebreak,0,nan,serial,article_2_HAG_applications,True,6f060dbaf1c69bc25c1517ab2245b48bb8526299,120,120,0.11825390000012703,7.8573984858912596,53,7265,28542,3,7265,14400,135,14400,1,2.5.3,198.78228503408812,198.7838859886324,True,46.63792653534753,1600.95454429505,14.252036339748118,173328,8,Windows-11-10.0.26300-SP0,3.14.7,True,100.0,163.35721953511734,20261002T115338Z,1.18.1,0,14400,13059,25033,13338,100.0,0.0,0.00209650001488626,0.0020249999943189323,0.0020222000021021813,0.0,68,19,1079.1200118615168,15,113,4,77.52069000437876,2026-10-02T11:53:38+00:00,serial_calibration,5,,,,,,,,,
X3,syn_s4_n120_p8_a100_d3,syn_s4_n120_p8_a100_d3__od3__hag_cta__shared_border__climb_tiebreak__native,syn_s4_n120_p8_a100,synthetic,hag_cta,shared_border,climb_tiebreak,native,od3,,0.010087200003908947,10.0,height_tiebreak,52,20.0,serial,article_2_HAG_applications,True,6f060dbaf1c69bc25c1517ab2245b48bb8526299,120,120,0.11825390000012703,7.8573984858912596,53,7265,28542,3,53,285,139,14400,1,2.5.3,212.10014964766196,212.10182373929118,True,70.88507838101151,1674.0916292848976,12.044177810755063,166416,8,Windows-11-10.0.26300-SP0,3.14.7,True,100.0,163.35721953511734,20261002T115338Z,1.18.1,0,285,266,308,281,1.9791666666666667,98.02083333333333,0.00017789998673833907,0.00013970001600682735,0.00012329997844062746,0.0013074000016786158,68,19,1079.1200118615168,15,113,4,77.52069000437876,2026-10-02T11:53:38+00:00,serial_calibration,5,222.0818570571277,60.0,1.045683423836404,0.9601218499030739,0.020369094111340837,1.066997240781743,1.0669970691257156,0.0005778999766334891,0.06898766241913626
X3,syn_s4_n120_p8_a100_d3,syn_s4_n120_p8_a100_d3__od3__hag_cta_ring1__shared_border__climb_tiebreak__native,syn_s4_n120_p8_a100,synthetic,hag_cta_ring1,shared_border,climb_tiebreak,native,od3,,0.010087200003908947,10.0,height_tiebreak,52,20.0,serial,article_2_HAG_applications,True,6f060dbaf1c69bc25c1517ab2245b48bb8526299,120,120,0.11825390000012703,7.8573984858912596,53,7265,28542,3,346,955,135,14400,1,2.5.3,198.78228503408812,198.7838859886324,True,46.63792653534753,1600.95454429505,14.252036339748118,167616,8,Windows-11-10.0.26300-SP0,3.14.7,True,100.0,163.35721953511734,20261002T115338Z,1.18.1,0,955,872,1466,907,6.631944444444445,93.36805555555556,0.00026089997845701873,0.00022190000163391232,0.00019690001499839127,0.001399400003720075,68,19,1079.1200118615168,15,113,4,77.52069000437876,2026-10-02T11:53:38+00:00,serial_calibration,5,317.9120721134832,0.0,1.0,0.9670451398504569,0.0667738724251474,1.0,1.0,0.0004036999889649451,0.10958024802787414
X3,syn_s4_n240_p6_a120_d1,syn_s4_n240_p6_a120_d1__od1__full_grid__climb_tiebreak__native,syn_s4_n240_p6_a120,synthetic,full_grid,,climb_tiebreak,native,od1,,0.0,10.0,height_tiebreak,0,nan,serial,article_2_HAG_applications,True,6f060dbaf1c69bc25c1517ab2245b48bb8526299,240,240,0.4676385000057053,7.934042789047777,156,36084,143146,1,36084,57600,232,57600,1,2.5.3,263.32400667342864,263.3266770392279,True,39.597950486860896,2670.3657992645935,26.463228886164906,620800,6,Windows-11-10.0.26300-SP0,3.14.7,True,120.0,194.47428463200907,20261002T115338Z,1.18.1,0,57600,45815,92421,46884,100.0,0.0,0.011672199994791299,0.010398899990832433,0.010078599996631965,0.0,210,12,2212.7810555949723,100,204,4,37.113665983184035,2026-10-02T11:53:38+00:00,serial_calibration,5,,,,,,,,,
X3,syn_s4_n240_p6_a120_d1,syn_s4_n240_p6_a120_d1__od1__hag_cta__shared_border__climb_tiebreak__native,syn_s4_n240_p6_a120,synthetic,hag_cta,shared_border,climb_tiebreak,native,od1,,0.07814089997555129,10.0,height_tiebreak,147,20.0,serial,article_2_HAG_applications,True,6f060dbaf1c69bc25c1517ab2245b48bb8526299,240,240,0.4676385000057053,7.934042789047777,156,36084,143146,1,148,518,272,57600,1,2.5.3,272.4153076270836,272.4185105412227,True,39.572003966204505,3202.914139223983,11.633931647023244,650712,6,Windows-11-10.0.26300-SP0,3.14.7,True,120.0,194.47428463200907,20261002T115338Z,1.18.1,0,518,516,577,516,0.8993055555555556,99.10069444444444,0.0005711999838240445,0.00037540000630542636,0.00032830002601258457,0.010447600012412295,210,12,2212.7810555949723,100,204,4,37.113665983184035,2026-10-02T11:53:38+00:00,serial_calibration,5,inf,527.7309920783505,1.199428984638004,1.0481829896907215,0.011262686892938994,1.034525150473386,1.0345268227443603,-0.000424100027885288,0.036099972750615474
X3,syn_s4_n240_p6_a120_d1,syn_s4_n240_p6_a120_d1__od1__hag_cta_ring1__shared_border__climb_tiebreak__native,syn_s4_n240_p6_a120,synthetic,hag_cta_ring1,shared_border,climb_tiebreak,native,od1,,0.07814089997555129,10.0,height_tiebreak,147,20.0,serial,article_2_HAG_applications,True,6f060dbaf1c69bc25c1517ab2245b48bb8526299,240,240,0.4676385000057053,7.934042789047777,156,36084,143146,1,684,1664,261,57600,1,2.5.3,267.83539257248526,267.8384647759463,True,39.597950486860896,3072.2034611053286,18.961473363159858,650704,6,Windows-11-10.0.26300-SP0,3.14.7,True,120.0,194.47428463200907,20261002T115338Z,1.18.1,0,1664,1653,2717,1659,2.888888888888889,97.11111111111111,0.00707759999204427,0.0007275000098161399,0.0005531999922823161,0.028939699986949563,210,12,2212.7810555949723,100,204,4,37.113665983184035,2026-10-02T11:53:38+00:00,serial_calibration,5,inf,514.2956348249517,1.1504803806098023,1.0481701030927835,0.036079886500054566,1.017132451978264,1.0171338042443998,-0.01926830000593327,0.0699593236262967
X3,syn_s4_n240_p6_a120_d1,syn_s4_n240_p6_a120_d1__od2__full_grid__climb_tiebreak__native,syn_s4_n240_p6_a120,synthetic,full_grid,,climb_tiebreak,native,od2,,0.0,10.0,height_tiebreak,0,nan,serial,article_2_HAG_applications,True,6f060dbaf1c69bc25c1517ab2245b48bb8526299,240,240,0.4676385000057053,7.934042789047777,156,36084,143146,1,36084,57600,261,57600,1,2.5.3,277.88320775986836,277.8863876588552,True,52.37119312059201,3179.898987322333,18.967503970623163,621312,6,Windows-11-10.0.26300-SP0,3.14.7,True,120.0,194.47428463200907,20261002T115338Z,1.18.1,0,57600,56768,113502,56918,100.0,0.0,0.017676299990853295,0.013767600001301616,0.013176700012991205,0.0,188,11,2651.980392084376,15,212,4,37.113665983184035,2026-10-02T11:53:38+00:00,serial_calibration,5,,,,,,,,,
X3,syn_s4_n240_p6_a120_d1,syn_s4_n240_p6_a120_d1__od2__hag_cta__shared_border__climb_tiebreak__native,syn_s4_n240_p6_a120,synthetic,hag_cta,shared_border,climb_tiebreak,native,od2,,0.07814089997555129,10.0,height_tiebreak,165,20.0,serial,article_2_HAG_applications,True,6f060dbaf1c69bc25c1517ab2245b48bb8526299,240,240,0.4676385000057053,7.934042789047777,156,36084,143146,1,166,591,319,57600,1,2.5.3,284.34870108223924,284.35241955986993,True,55.78066031940195,3718.477631085024,11.758343859128697,653488,6,Windows-11-10.0.26300-SP0,3.14.7,True,120.0,194.47428463200907,20261002T115338Z,1.18.1,0,591,591,681,591,1.0260416666666667,98.97395833333333,0.000551999983144924,0.00041580002289265394,0.000371300004189834,0.011047899984987453,188,11,2651.980392084376,15,212,4,37.113665983184035,2026-10-02T11:53:38+00:00,serial_calibration,5,236.89370265187702,420.0,1.1693697334128863,1.0517871858261227,0.010410794813979708,1.0232669450395795,1.0232686169174745,0.00230389999342151,0.03020134394181581
X3,syn_s4_n240_p6_a120_d1,syn_s4_n240_p6_a120_d1__od2__hag_cta_ring1__shared_border__climb_tiebreak__native,syn_s4_n240_p6_a120,synthetic,hag_cta_ring1,shared_border,climb_tiebreak,native,od2,,0.07814089997555129,10.0,height_tiebreak,165,20.0,serial,article_2_HAG_applications,True,6f060dbaf1c69bc25c1517ab2245b48bb8526299,240,240,0.4676385000057053,7.934042789047777,156,36084,143146,1,762,1969,296,57600,1,2.5.3,277.9765343719466,277.97997728608533,True,53.49087685477755,3442.914139223983,18.987205712281938,652904,6,Windows-11-10.0.26300-SP0,3.14.7,True,120.0,194.47428463200907,20261002T115338Z,1.18.1,0,1969,1965,3055,1968,3.4184027777777777,96.58159722222223,0.0007681999995838851,0.0006224999960977584,0.0006098999874666333,0.01031049998709932,188,11,2651.980392084376,15,212,4,37.113665983184035,2026-10-02T11:53:38+00:00,serial_calibration,5,192.54194471719944,410.0,1.0827117946042446,1.0508472393901938,0.03461457158962796,1.0003358483329403,1.0003367909742489,0.0028346000181045383,0.04521485197412083
X3,syn_s4_n240_p6_a120_d1,syn_s4_n240_p6_a120_d1__od3__full_grid__climb_tiebreak__native,syn_s4_n240_p6_a120,synthetic,full_grid,,climb_tiebreak,native,od3,,0.0,10.0,height_tiebreak,0,nan,serial,article_2_HAG_applications,True,6f060dbaf1c69bc25c1517ab2245b48bb8526299,240,240,0.4676385000057053,7.934042789047777,156,36084,143146,1,36084,57600,220,57600,1,2.5.3,220.8497764574417,220.85260020419184,True,46.29108844065186,2823.7467504308365,16.920905244810328,626248,6,Windows-11-10.0.26300-SP0,3.14.7,True,120.0,194.47428463200907,20261002T115338Z,1.18.1,0,57600,53594,106895,54181,100.0,0.0,0.013129700004355982,0.012848899990785867,0.012264000019058585,0.0,136,34,2247.5764725588315,26,230,4,37.113665983184035,2026-10-02T11:53:38+00:00,serial_calibration,5,,,,,,,,,
X3,syn_s4_n240_p6_a120_d1,syn_s4_n240_p6_a120_d1__od3__hag_cta__shared_border__climb_tiebreak__native,syn_s4_n240_p6_a120,synthetic,hag_cta,shared_border,climb_tiebreak,native,od3,,0.07814089997555129,10.0,height_tiebreak,140,20.0,serial,article_2_HAG_applications,True,6f060dbaf1c69bc25c1517ab2245b48bb8526299,240,240,0.4676385000057053,7.934042789047777,156,36084,143146,1,141,498,231,57600,1,2.5.3,222.7382245991967,222.7412536150664,True,33.53995063378676,3029.0158697766483,11.684438023053845,647664,6,Windows-11-10.0.26300-SP0,3.14.7,True,120.0,194.47428463200907,20261002T115338Z,1.18.1,0,498,498,592,498,0.8645833333333334,99.13541666666667,0.00048639997839927673,0.00035879999632015824,0.00031170001602731645,0.010956700018141419,136,34,2247.5764725588315,26,230,4,37.113665983184035,2026-10-02T11:53:38+00:00,serial_calibration,5,355.92761732626553,60.0,1.072693884221201,1.0341973148018038,0.00929208493488077,1.0085508265937455,1.008551646705216,0.00153339997632429,0.02792456915202538
X3,syn_s4_n240_p6_a120_d1,syn_s4_n240_p6_a120_d1__od3__hag_cta_ring1__shared_border__climb_tiebreak__native,syn_s4_n240_p6_a120,synthetic,hag_cta_ring1,shared_border,climb_tiebreak,native,od3,,0.07814089997555129,10.0,height_tiebreak,140,20.0,serial,article_2_HAG_applications,True,6f060dbaf1c69bc25c1517ab2245b48bb8526299,240,240,0.4676385000057053,7.934042789047777,156,36084,143146,1,707,1728,222,57600,1,2.5.3,220.8497764574417,220.8526284884631,True,46.29108844065186,2852.031021678298,16.916694589100434,648600,6,Windows-11-10.0.26300-SP0,3.14.7,True,120.0,194.47428463200907,20261002T115338Z,1.18.1,0,1728,1722,2851,1726,3.0,97.0,0.0006949999951757491,0.0005512000061571598,0.0004910000134259462,0.011259999999310821,136,34,2247.5764725588315,26,230,4,37.113665983184035,2026-10-02T11:53:38+00:00,serial_calibration,5,525.95105300504,20.0,1.0100165750498504,1.0356919303534702,0.032130462365190134,1.0,1.0000001280685453,0.0010376999853178859,0.04289861439908734
X3,syn_s4_n240_p6_a120_d3,syn_s4_n240_p6_a120_d3__od1__full_grid__climb_tiebreak__native,syn_s4_n240_p6_a120,synthetic,full_grid,,climb_tiebreak,native,od1,,0.0,10.0,height_tiebreak,0,nan,serial,article_2_HAG_applications,True,6f060dbaf1c69bc25c1517ab2245b48bb8526299,240,240,0.24897259997669607,7.2298033641317225,58,8442,30517,3,8442,57600,232,57600,1,2.5.3,263.32400667342864,263.3266770392279,True,39.597950486860896,2670.3657992645935,26.463228886164906,620736,6,Windows-11-10.0.26300-SP0,3.14.7,True,120.0,194.47428463200907,20261002T115338Z,1.18.1,0,57600,45815,92421,46884,100.0,0.0,0.010632499994244426,0.010436199983814731,0.00981109999702312,0.0,210,12,2212.7810555949723,100,204,4,37.113665983184035,2026-10-02T11:53:38+00:00,serial_calibration,5,,,,,,,,,
X3,syn_s4_n240_p6_a120_d3,syn_s4_n240_p6_a120_d3__od1__hag_cta__shared_border__climb_tiebreak__native,syn_s4_n240_p6_a120,synthetic,hag_cta,shared_border,climb_tiebreak,native,od1,,0.031019699992612004,10.0,height_tiebreak,50,20.0,serial,article_2_HAG_applications,True,6f060dbaf1c69bc25c1517ab2245b48bb8526299,240,240,0.24897259997669607,7.2298033641317225,58,8442,30517,3,51,813,337,57600,1,2.5.3,386.31134232487864,386.31531536094997,True,49.372402432726936,3973.036072312181,10.789717615494508,654776,6,Windows-11-10.0.26300-SP0,3.14.7,True,120.0,194.47428463200907,20261002T115338Z,1.18.1,0,813,801,1019,804,1.4114583333333333,98.58854166666666,0.0005437000072561204,0.00046999999904073775,0.0004290000069886446,0.0038419000047724694,210,12,2212.7810555949723,100,204,4,37.113665983184035,2026-10-02T11:53:38+00:00,serial_calibration,5,45.71825365896567,470.0,1.4878246543624611,1.054838127642025,0.017483356979155297,1.4670570572168813,1.4670572678187117,0.006124299980001524,0.045035549315809414
X3,syn_s4_n240_p6_a120_d3,syn_s4_n240_p6_a120_d3__od1__hag_cta_ring1__shared_border__climb_tiebreak__native,syn_s4_n240_p6_a120,synthetic,hag_cta_ring1,shared_border,climb_tiebreak,native,od1,,0.031019699992612004,10.0,height_tiebreak,50,20.0,serial,article_2_HAG_applications,True,6f060dbaf1c69bc25c1517ab2245b48bb8526299,240,240,0.24897259997669607,7.2298033641317225,58,8442,30517,3,295,3181,287,57600,1,2.5.3,282.46173160846354,282.46507209619574,True,42.41523069931124,3340.48773235279,17.11733597796718,653224,6,Windows-11-10.0.26300-SP0,3.14.7,True,120.0,194.47428463200907,20261002T115338Z,1.18.1,0,3181,3121,5524,3140,5.522569444444445,94.47743055555556,0.0010420999897178262,0.0008411000017076731,0.0007776000129524618,0.002224199997726828,210,12,2212.7810555949723,100,204,4,37.113665983184035,2026-10-02T11:53:38+00:00,serial_calibration,5,37.98617544162089,460.0,1.25094761671706,1.052337869883493,0.06812179417221434,1.0726774788854299,1.0726792867025652,0.00737089998438023,0.08059446953988197
X3,syn_s4_n240_p6_a120_d3,syn_s4_n240_p6_a120_d3__od2__full_grid__climb_tiebreak__native,syn_s4_n240_p6_a120,synthetic,full_grid,,climb_tiebreak,native,od2,,0.0,10.0,height_tiebreak,0,nan,serial,article_2_HAG_applications,True,6f060dbaf1c69bc25c1517ab2245b48bb8526299,240,240,0.24897259997669607,7.2298033641317225,58,8442,30517,3,8442,57600,261,57600,1,2.5.3,277.88320775986836,277.8863876588552,True,52.37119312059201,3179.898987322333,18.967503970623163,621272,6,Windows-11-10.0.26300-SP0,3.14.7,True,120.0,194.47428463200907,20261002T115338Z,1.18.1,0,57600,56768,113502,56918,100.0,0.0,0.021859000000404194,0.018364999996265396,0.013398999988567084,0.0,188,11,2651.980392084376,15,212,4,37.113665983184035,2026-10-02T11:53:38+00:00,serial_calibration,5,,,,,,,,,
X3,syn_s4_n240_p6_a120_d3,syn_s4_n240_p6_a120_d3__od2__hag_cta__shared_border__climb_tiebreak__native,syn_s4_n240_p6_a120,synthetic,hag_cta,shared_border,climb_tiebreak,native,od2,,0.031019699992612004,10.0,height_tiebreak,49,20.0,serial,article_2_HAG_applications,True,6f060dbaf1c69bc25c1517ab2245b48bb8526299,240,240,0.24897259997669607,7.2298033641317225,58,8442,30517,3,50,1503,389,57600,1,2.5.3,416.0784874883773,416.0831379256024,True,48.021284002017715,4650.437226013957,10.674131303917145,658384,6,Windows-11-10.0.26300-SP0,3.14.7,True,120.0,194.47428463200907,20261002T115338Z,1.18.1,0,1503,1503,1996,1503,2.609375,97.390625,0.0008524000004399568,0.0006744999845977873,0.0006300999957602471,0.00229350000154227,188,11,2651.980392084376,15,212,4,37.113665983184035,2026-10-02T11:53:38+00:00,serial_calibration,5,18.18486067319479,355.10561809129405,1.4624480980541794,1.0597355103722685,0.02647618376550169,1.4973142524248166,1.4973138534457586,0.015397000010125339,0.03672746990116797
X3,syn_s4_n240_p6_a120_d3,syn_s4_n240_p6_a120_d3__od2__hag_cta_ring1__shared_border__climb_tiebreak__native,syn_s4_n240_p6_a120,synthetic,hag_cta_ring1,shared_border,climb_tiebreak,native,od2,,0.031019699992612004,10.0,height_tiebreak,49,20.0,serial,article_2_HAG_applications,True,6f060dbaf1c69bc25c1517ab2245b48bb8526299,240,240,0.24897259997669607,7.2298033641317225,58,8442,30517,3,338,5298,294,57600,1,2.5.3,291.41249517757666,291.41603407151285,True,52.37119312059201,3538.89393668845,26.49986226619791,654520,6,Windows-11-10.0.26300-SP0,3.14.7,True,120.0,194.47428463200907,20261002T115338Z,1.18.1,0,5298,5268,9026,5288,9.197916666666666,90.80208333333333,0.0012906000192742795,0.0011482999834697694,0.0011461999965831637,0.0021326999994926155,188,11,2651.980392084376,15,212,4,37.113665983184035,2026-10-02T11:53:38+00:00,serial_calibration,5,18.562204967009734,294.10882339705483,1.112895079622769,1.053516012310228,0.09279875986471252,1.0486869556702383,1.0486876904142106,0.015084000013303012,0.06252654417115606
X3,syn_s4_n240_p6_a120_d3,syn_s4_n240_p6_a120_d3__od3__full_grid__climb_tiebreak__native,syn_s4_n240_p6_a120,synthetic,full_grid,,climb_tiebreak,native,od3,,0.0,10.0,height_tiebreak,0,nan,serial,article_2_HAG_applications,True,6f060dbaf1c69bc25c1517ab2245b48bb8526299,240,240,0.24897259997669607,7.2298033641317225,58,8442,30517,3,8442,57600,220,57600,1,2.5.3,220.8497764574417,220.85260020419184,True,46.29108844065186,2823.7467504308365,16.920905244810328,626184,6,Windows-11-10.0.26300-SP0,3.14.7,True,120.0,194.47428463200907,20261002T115338Z,1.18.1,0,57600,53594,106895,54181,100.0,0.0,0.012822000018786639,0.01266780000878498,0.01202019999618642,0.0,136,34,2247.5764725588315,26,230,4,37.113665983184035,2026-10-02T11:53:38+00:00,serial_calibration,5,,,,,,,,,
X3,syn_s4_n240_p6_a120_d3,syn_s4_n240_p6_a120_d3__od3__hag_cta__shared_border__climb_tiebreak__native,syn_s4_n240_p6_a120,synthetic,hag_cta,shared_border,climb_tiebreak,native,od3,,0.031019699992612004,10.0,height_tiebreak,46,20.0,serial,article_2_HAG_applications,True,6f060dbaf1c69bc25c1517ab2245b48bb8526299,240,240,0.24897259997669607,7.2298033641317225,58,8442,30517,3,47,1353,329,57600,1,2.5.3,333.0882289476632,333.09219654217605,True,45.07403651472868,3967.594513539338,10.65482626017652,654640,6,Windows-11-10.0.26300-SP0,3.14.7,True,120.0,194.47428463200907,20261002T115338Z,1.18.1,0,1353,1307,1765,1313,2.3489583333333335,97.65104166666667,0.0008589000208303332,0.0005724999937228858,0.00048719998449087143,0.0022112999868113548,136,34,2247.5764725588315,26,230,4,37.113665983184035,2026-10-02T11:53:38+00:00,serial_calibration,5,28.327832777117145,390.0,1.4050815686406644,1.0454435118112249,0.02438705825278949,1.508211755024575,1.5082104364368443,0.009884000028250739,0.04519332428092198
X3,syn_s4_n240_p6_a120_d3,syn_s4_n240_p6_a120_d3__od3__hag_cta_ring1__shared_border__climb_tiebreak__native,syn_s4_n240_p6_a120,synthetic,hag_cta_ring1,shared_border,climb_tiebreak,native,od3,,0.031019699992612004,10.0,height_tiebreak,46,20.0,serial,article_2_HAG_applications,True,6f060dbaf1c69bc25c1517ab2245b48bb8526299,240,240,0.24897259997669607,7.2298033641317225,58,8442,30517,3,284,4659,261,57600,1,2.5.3,239.64714205150224,239.65030538194677,True,21.51343482625658,3163.3304448274093,16.919020680666154,652768,6,Windows-11-10.0.26300-SP0,3.14.7,True,120.0,194.47428463200907,20261002T115338Z,1.18.1,0,4659,4582,7981,4625,8.088541666666666,91.91145833333333,0.0014421000087168068,0.0010389999952167273,0.0009757999796420336,0.002681799989659339,136,34,2247.5764725588315,26,230,4,37.113665983184035,2026-10-02T11:53:38+00:00,serial_calibration,5,31.29454557070409,400.0,1.120259968194655,1.0424539751894013,0.08549464492293914,1.0851138085606478,1.0851142579275739,0.008947000023908913,0.08201897681493174
X3,syn_s4_n480_p4_a200_d1,syn_s4_n480_p4_a200_d1__od1__full_grid__climb_tiebreak__native,syn_s4_n480_p4_a200,synthetic,full_grid,,climb_tiebreak,native,od1,,0.0,10.0,height_tiebreak,0,nan,serial,article_2_HAG_applications,True,6f060dbaf1c69bc25c1517ab2245b48bb8526299,480,480,1.398893000005046,7.726791882556132,201,74112,286324,1,74112,230400,550,230400,1,2.5.3,288.873507306854,288.8797180384516,True,18.293942076512195,6210.731598529186,26.18131516386124,2401248,4,Windows-11-10.0.26300-SP0,3.14.7,True,200.0,279.1192592242966,20261002T115338Z,1.18.1,0,230400,189175,381431,190296,100.0,0.0,0.053505899995798245,0.04780400000163354,0.04714039998361841,0.0,424,20,4519.834067750718,199,412,4,18.352658325768164,2026-10-02T11:53:38+00:00,serial_calibration,5,,,,,,,,,
X3,syn_s4_n480_p4_a200_d1,syn_s4_n480_p4_a200_d1__od1__hag_cta__shared_border__climb_tiebreak__native,syn_s4_n480_p4_a200,synthetic,hag_cta,shared_border,climb_tiebreak,native,od1,,0.24464059999445453,10.0,height_tiebreak,238,20.0,serial,article_2_HAG_applications,True,6f060dbaf1c69bc25c1517ab2245b48bb8526299,480,480,1.398893000005046,7.726791882556132,201,74112,286324,1,239,4142,887,230400,1,2.5.3,402.3069845658765,402.31743928809004,True,18.239701237979666,10454.722215136417,10.817735500435523,2593568,4,Windows-11-10.0.26300-SP0,3.14.7,True,200.0,279.1192592242966,20261002T115338Z,1.18.1,0,4142,4133,5836,4133,1.7977430555555556,98.20225694444444,0.002566399984061718,0.0024793999909888953,0.0023753000132273883,0.026437199994688854,424,20,4519.834067750718,199,412,4,18.352658325768164,2026-10-02T11:53:38+00:00,serial_calibration,5,87.01746130282983,1040.0,1.6833318344673411,1.0800916856567917,0.02184749570503502,1.3926752519348498,1.392681500867912,0.01888740001595579,0.05186595244967304
X3,syn_s4_n480_p4_a200_d1,syn_s4_n480_p4_a200_d1__od1__hag_cta_ring1__shared_border__climb_tiebreak__native,syn_s4_n480_p4_a200,synthetic,hag_cta_ring1,shared_border,climb_tiebreak,native,od1,,0.24464059999445453,10.0,height_tiebreak,238,20.0,serial,article_2_HAG_applications,True,6f060dbaf1c69bc25c1517ab2245b48bb8526299,480,480,1.398893000005046,7.726791882556132,201,74112,286324,1,1220,11190,674,230400,1,2.5.3,326.3859944678235,326.3936274533882,True,20.51608162153272,7632.985565973348,14.75363183244693,2583256,4,Windows-11-10.0.26300-SP0,3.14.7,True,200.0,279.1192592242966,20261002T115338Z,1.18.1,0,11190,11072,20410,11117,4.856770833333333,95.14322916666667,0.0040022000030148774,0.003592599998228252,0.0034986000100616366,0.02077780000399798,424,20,4519.834067750718,199,412,4,18.352658325768164,2026-10-02T11:53:38+00:00,serial_calibration,5,70.13577086069019,1050.0,1.2289994254108447,1.075797252095577,0.05852781815779041,1.1298578312379546,1.129859962719651,0.023433599999407306,0.07515270684682217
X3,syn_s4_n480_p4_a200_d1,syn_s4_n480_p4_a200_d1__od2__full_grid__climb_tiebreak__native,syn_s4_n480_p4_a200,synthetic,full_grid,,climb_tiebreak,native,od2,,0.0,10.0,height_tiebreak,0,nan,serial,article_2_HAG_applications,True,6f060dbaf1c69bc25c1517ab2245b48bb8526299,480,480,1.398893000005046,7.726791882556132,201,74112,286324,1,74112,230400,646,230400,1,2.5.3,328.45484863236715,328.46241286684983,True,16.135967703695524,7564.234482783627,19.07213872681151,2406008,4,Windows-11-10.0.26300-SP0,3.14.7,True,200.0,279.1192592242966,20261002T115338Z,1.18.1,0,230400,218332,437794,218937,100.0,0.0,0.058494600001722574,0.05419379999511875,0.05036389999440871,0.0,379,18,5417.840898365325,26,429,4,18.352658325768164,2026-10-02T11:53:38+00:00,serial_calibration,5,,,,,,,,,
X3,syn_s4_n480_p4_a200_d1,syn_s4_n480_p4_a200_d1__od2__hag_cta__shared_border__climb_tiebreak__native,syn_s4_n480_p4_a200,synthetic,hag_cta,shared_border,climb_tiebreak,native,od2,,0.24464059999445453,10.0,height_tiebreak,274,20.0,serial,article_2_HAG_applications,True,6f060dbaf1c69bc25c1517ab2245b48bb8526299,480,480,1.398893000005046,7.726791882556132,201,74112,286324,1,275,2642,959,230400,1,2.5.3,381.1208426573049,381.13198838457026,True,21.64735451432749,11145.727265770302,10.683217821357323,2596688,4,Windows-11-10.0.26300-SP0,3.14.7,True,200.0,279.1192592242966,20261002T115338Z,1.18.1,0,2642,2642,3399,2642,1.1467013888888888,98.8532986111111,0.0029992000199854374,0.0025585999828763306,0.002171600004658103,0.023480000003473833,379,18,5417.840898365325,26,429,4,18.352658325768164,2026-10-02T11:53:38+00:00,serial_calibration,5,58.37406942545754,1623.607095328177,1.4734772290756237,1.07925160681095,0.012100837257021418,1.1603446995659539,1.160351910765118,0.02815520000876859,0.047212042394273596
X3,syn_s4_n480_p4_a200_d1,syn_s4_n480_p4_a200_d1__od2__hag_cta_ring1__shared_border__climb_tiebreak__native,syn_s4_n480_p4_a200,synthetic,hag_cta_ring1,shared_border,climb_tiebreak,native,od2,,0.24464059999445453,10.0,height_tiebreak,274,20.0,serial,article_2_HAG_applications,True,6f060dbaf1c69bc25c1517ab2245b48bb8526299,480,480,1.398893000005046,7.726791882556132,201,74112,286324,1,1217,7935,849,230400,1,2.5.3,341.8450503212063,341.8546984034514,True,18.09797245567978,9648.082245892128,19.032882870786644,2593696,4,Windows-11-10.0.26300-SP0,3.14.7,True,200.0,279.1192592242966,20261002T115338Z,1.18.1,0,7935,7927,13617,7932,3.4440104166666665,96.55598958333333,0.0036189999955240637,0.00296169999637641,0.0029098000086378306,0.02388059999793768,379,18,5417.840898365325,26,429,4,18.352658325768164,2026-10-02T11:53:38+00:00,serial_calibration,5,60.08934061938646,1573.0543537970962,1.275486933654871,1.0780080531735556,0.036307091951706574,1.0407672523166998,1.0407726577288172,0.027351500000804663,0.054650162871826134
X3,syn_s4_n480_p4_a200_d1,syn_s4_n480_p4_a200_d1__od3__full_grid__climb_tiebreak__native,syn_s4_n480_p4_a200,synthetic,full_grid,,climb_tiebreak,native,od3,,0.0,10.0,height_tiebreak,0,nan,serial,article_2_HAG_applications,True,6f060dbaf1c69bc25c1517ab2245b48bb8526299,480,480,1.398893000005046,7.726791882556132,201,74112,286324,1,74112,230400,476,230400,1,2.5.3,368.92216023938374,368.927709671558,True,19.524026897657762,5549.432175380075,26.181754642641877,2388920,4,Windows-11-10.0.26300-SP0,3.14.7,True,200.0,279.1192592242966,20261002T115338Z,1.18.1,0,230400,224355,450409,224835,100.0,0.0,0.06869730001199059,0.058331599982921034,0.05196859998977743,0.0,274,65,4598.108306684391,49,466,4,18.352658325768164,2026-10-02T11:53:38+00:00,serial_calibration,5,,,,,,,,,
X3,syn_s4_n480_p4_a200_d1,syn_s4_n480_p4_a200_d1__od3__hag_cta__shared_border__climb_tiebreak__native,syn_s4_n480_p4_a200,synthetic,hag_cta,shared_border,climb_tiebreak,native,od3,,0.24464059999445453,10.0,height_tiebreak,316,20.0,serial,article_2_HAG_applications,True,6f060dbaf1c69bc25c1517ab2245b48bb8526299,480,480,1.398893000005046,7.726791882556132,201,74112,286324,1,317,2957,969,230400,1,2.5.3,436.16869992592797,436.1799870745484,True,18.14465446976066,11287.14862200761,10.655702491697184,2598240,4,Windows-11-10.0.26300-SP0,3.14.7,True,200.0,279.1192592242966,20261002T115338Z,1.18.1,0,2957,2915,4118,2915,1.2834201388888888,98.71657986111111,0.0026304000057280064,0.0025228000013157725,0.0024421000271104276,0.023358300008112565,274,65,4598.108306684391,49,466,4,18.352658325768164,2026-10-02T11:53:38+00:00,serial_calibration,5,50.64740454976122,1623.607095328177,2.03392856517515,1.0876211844682953,0.012992801586770965,1.1822783961877208,1.1822912067593474,0.0324504999734927,0.043249285156834814
X3,syn_s4_n480_p4_a200_d1,syn_s4_n480_p4_a200_d1__od3__hag_cta_ring1__shared_border__climb_tiebreak__native,syn_s4_n480_p4_a200,synthetic,hag_cta_ring1,shared_border,climb_tiebreak,native,od3,,0.24464059999445453,10.0,height_tiebreak,316,20.0,serial,article_2_HAG_applications,True,6f060dbaf1c69bc25c1517ab2245b48bb8526299,480,480,1.398893000005046,7.726791882556132,201,74112,286324,1,1294,8217,786,230400,1,2.5.3,385.6413370692652,385.6502018924912,True,19.91708323617715,8864.823227814084,10.663837489070133,2590296,4,Windows-11-10.0.26300-SP0,3.14.7,True,200.0,279.1192592242966,20261002T115338Z,1.18.1,0,8217,7919,13484,7950,3.56640625,96.43359375,0.003558500000508502,0.0031928999815136194,0.0027661000203806907,0.02798290000646375,274,65,4598.108306684391,49,466,4,18.352658325768164,2026-10-02T11:53:38+00:00,serial_calibration,5,60.522378287714666,1573.0543537970962,1.5974288805875785,1.0842958324263685,0.03529673954224332,1.0453189822455577,1.045327287114922,0.027155799994943663,0.05473705474302902
X3,syn_s4_n480_p4_a200_d3,syn_s4_n480_p4_a200_d3__od1__full_grid__climb_tiebreak__native,syn_s4_n480_p4_a200,synthetic,full_grid,,climb_tiebreak,native,od1,,0.0,10.0,height_tiebreak,0,nan,serial,article_2_HAG_applications,True,6f060dbaf1c69bc25c1517ab2245b48bb8526299,480,480,0.5855788999760989,4.912213740458015,74,1048,2574,3,1048,230400,550,230400,1,2.5.3,288.873507306854,288.8797180384516,True,18.293942076512195,6210.731598529186,26.18131516386124,2401248,4,Windows-11-10.0.26300-SP0,3.14.7,True,200.0,279.1192592242966,20261002T115338Z,1.18.1,0,230400,189175,381431,190296,100.0,0.0,0.050369600008707494,0.04956819998915307,0.045837300014682114,0.0,424,20,4519.834067750718,199,412,4,18.352658325768164,2026-10-02T11:53:38+00:00,serial_calibration,5,,,,,,,,,
X3,syn_s4_n480_p4_a200_d3,syn_s4_n480_p4_a200_d3__od1__hag_cta__shared_border__climb_tiebreak__native,syn_s4_n480_p4_a200,synthetic,hag_cta,shared_border,climb_tiebreak,native,od1,,0.07714210002450272,10.0,height_tiebreak,53,20.0,serial,article_2_HAG_applications,True,6f060dbaf1c69bc25c1517ab2245b48bb8526299,480,480,0.5855788999760989,4.912213740458015,74,1048,2574,3,54,32095,2144,230400,1,2.5.3,1305.1428009494016,1305.1680417141704,True,26.881220358428926,25240.764773832474,10.665848207614932,2682848,4,Windows-11-10.0.26300-SP0,3.14.7,True,200.0,279.1192592242966,20261002T115338Z,1.18.1,0,32095,31131,46525,31176,13.930121527777779,86.06987847222223,0.0071575999900233,0.0068113000015728176,0.006704100000206381,0.00026509998133406043,424,20,4519.834067750718,199,412,4,18.352658325768164,2026-10-02T11:53:38+00:00,serial_calibration,5,15.596444488187915,3541.581567605072,4.064056604830572,1.117272351710444,0.16456191357208932,4.518042561663581,4.518032801252059,0.042491800006246194,0.13741269610482776
X3,syn_s4_n480_p4_a200_d3,syn_s4_n480_p4_a200_d3__od1__hag_cta_ring1__shared_border__climb_tiebreak__native,syn_s4_n480_p4_a200,synthetic,hag_cta_ring1,shared_border,climb_tiebreak,native,od1,,0.07714210002450272,10.0,height_tiebreak,53,20.0,serial,article_2_HAG_applications,True,6f060dbaf1c69bc25c1517ab2245b48bb8526299,480,480,0.5855788999760989,4.912213740458015,74,1048,2574,3,165,73037,1469,230400,1,2.5.3,785.0244065191346,785.0416339325348,True,19.658697798035973,17227.41340859454,26.150473303526304,2653368,4,Windows-11-10.0.26300-SP0,3.14.7,True,200.0,279.1192592242966,20261002T115338Z,1.18.1,0,73037,68734,132878,69274,31.700086805555557,68.29991319444444,0.015822500019567087,0.014880400005495176,0.013959399977466092,0.0003220000071451068,424,20,4519.834067750718,199,412,4,18.352658325768164,2026-10-02T11:53:38+00:00,serial_calibration,5,19.28431756145751,3688.278731332544,2.7738138631967777,1.1049954023907569,0.3633355358794767,2.7175368687764347,2.717538078696273,0.03436579997651279,0.30020053196911384
X3,syn_s4_n480_p4_a200_d3,syn_s4_n480_p4_a200_d3__od2__full_grid__climb_tiebreak__native,syn_s4_n480_p4_a200,synthetic,full_grid,,climb_tiebreak,native,od2,,0.0,10.0,height_tiebreak,0,nan,serial,article_2_HAG_applications,True,6f060dbaf1c69bc25c1517ab2245b48bb8526299,480,480,0.5855788999760989,4.912213740458015,74,1048,2574,3,1048,230400,646,230400,1,2.5.3,328.45484863236715,328.46241286684983,True,16.135967703695524,7564.234482783627,19.07213872681151,2405968,4,Windows-11-10.0.26300-SP0,3.14.7,True,200.0,279.1192592242966,20261002T115338Z,1.18.1,0,230400,218332,437794,218937,100.0,0.0,0.05421459997887723,0.051803399983327836,0.04741309999371879,0.0,379,18,5417.840898365325,26,429,4,18.352658325768164,2026-10-02T11:53:38+00:00,serial_calibration,5,,,,,,,,,
X3,syn_s4_n480_p4_a200_d3,syn_s4_n480_p4_a200_d3__od2__hag_cta__shared_border__climb_tiebreak__native,syn_s4_n480_p4_a200,synthetic,hag_cta,shared_border,climb_tiebreak,native,od2,,0.07714210002450272,10.0,height_tiebreak,36,20.0,serial,article_2_HAG_applications,True,6f060dbaf1c69bc25c1517ab2245b48bb8526299,480,480,0.5855788999760989,4.912213740458015,74,1048,2574,3,37,19469,1511,230400,1,2.5.3,970.1237939771518,970.1411224461103,True,33.83824481954478,17328.468965567256,11.63686533859503,2637664,4,Windows-11-10.0.26300-SP0,3.14.7,True,200.0,279.1192592242966,20261002T115338Z,1.18.1,0,19469,18632,28593,18655,8.450086805555555,91.54991319444444,0.008061600005021319,0.004925200017169118,0.004362600011518225,0.0002462000120431185,379,18,5417.840898365325,26,429,4,18.352658325768164,2026-10-02T11:53:38+00:00,serial_calibration,5,14.211721578587621,1568.6937240902062,2.2908423853077604,1.0963005326754138,0.0853379257277907,2.9535986392546505,2.9535833764923978,0.0466319999541156,0.09507484100955191
X3,syn_s4_n480_p4_a200_d3,syn_s4_n480_p4_a200_d3__od2__hag_cta_ring1__shared_border__climb_tiebreak__native,syn_s4_n480_p4_a200,synthetic,hag_cta_ring1,shared_border,climb_tiebreak,native,od2,,0.07714210002450272,10.0,height_tiebreak,36,20.0,serial,article_2_HAG_applications,True,6f060dbaf1c69bc25c1517ab2245b48bb8526299,480,480,0.5855788999760989,4.912213740458015,74,1048,2574,3,128,45129,1448,230400,1,2.5.3,719.447399184788,719.4639195419144,True,19.658697798035973,16520.357133746824,26.149745312625857,2640568,4,Windows-11-10.0.26300-SP0,3.14.7,True,200.0,279.1192592242966,20261002T115338Z,1.18.1,0,45129,43470,82168,43544,19.587239583333332,80.41276041666667,0.01322920000529848,0.011795900005381554,0.009751300007337704,0.0003834000090137124,379,18,5417.840898365325,26,429,4,18.352658325768164,2026-10-02T11:53:38+00:00,serial_calibration,5,16.72520008076425,1573.0543537970962,2.1840091249613613,1.0975075312722364,0.19910045252184747,2.1903996917093798,2.1903995445395648,0.03962409996893257,0.2277051315005944
X3,syn_s4_n480_p4_a200_d3,syn_s4_n480_p4_a200_d3__od3__full_grid__climb_tiebreak__native,syn_s4_n480_p4_a200,synthetic,full_grid,,climb_tiebreak,native,od3,,0.0,10.0,height_tiebreak,0,nan,serial,article_2_HAG_applications,True,6f060dbaf1c69bc25c1517ab2245b48bb8526299,480,480,0.5855788999760989,4.912213740458015,74,1048,2574,3,1048,230400,476,230400,1,2.5.3,368.92216023938374,368.927709671558,True,19.524026897657762,5549.432175380075,26.181754642641877,2388920,4,Windows-11-10.0.26300-SP0,3.14.7,True,200.0,279.1192592242966,20261002T115338Z,1.18.1,0,230400,224355,450409,224835,100.0,0.0,0.07024660002207384,0.05461220000870526,0.05178690000320785,0.0,274,65,4598.108306684391,49,466,4,18.352658325768164,2026-10-02T11:53:38+00:00,serial_calibration,5,,,,,,,,,
X3,syn_s4_n480_p4_a200_d3,syn_s4_n480_p4_a200_d3__od3__hag_cta__shared_border__climb_tiebreak__native,syn_s4_n480_p4_a200,synthetic,hag_cta,shared_border,climb_tiebreak,native,od3,,0.07714210002450272,10.0,height_tiebreak,53,20.0,serial,article_2_HAG_applications,True,6f060dbaf1c69bc25c1517ab2245b48bb8526299,480,480,0.5855788999760989,4.912213740458015,74,1048,2574,3,54,26290,1972,230400,1,2.5.3,1287.733553909522,1287.756341516283,True,34.38863770462913,22787.606768432095,10.661668866728462,2666152,4,Windows-11-10.0.26300-SP0,3.14.7,True,200.0,279.1192592242966,20261002T115338Z,1.18.1,0,26290,25679,39528,25735,11.410590277777779,88.58940972222223,0.007146700023440644,0.006412300019292161,0.006325199996354058,0.0002733999863266945,274,65,4598.108306684391,49,466,4,18.352658325768164,2026-10-02T11:53:38+00:00,serial_calibration,5,13.827861411910389,2359.872877932199,4.1062952115225,1.1160490933141336,0.11445699895255287,3.4905291486798897,3.490538411068994,0.0479265000030864,0.11741515665492384
X3,syn_s4_n480_p4_a200_d3,syn_s4_n480_p4_a200_d3__od3__hag_cta_ring1__shared_border__climb_tiebreak__native,syn_s4_n480_p4_a200,synthetic,hag_cta_ring1,shared_border,climb_tiebreak,native,od3,,0.07714210002450272,10.0,height_tiebreak,53,20.0,serial,article_2_HAG_applications,True,6f060dbaf1c69bc25c1517ab2245b48bb8526299,480,480,0.5855788999760989,4.912213740458015,74,1048,2574,3,183,58667,1386,230400,1,2.5.3,731.7299032529133,731.7457207673262,True,19.658697798035973,15817.514421272204,26.15011985869525,2645544,4,Windows-11-10.0.26300-SP0,3.14.7,True,200.0,279.1192592242966,20261002T115338Z,1.18.1,0,58667,55723,105798,56019,25.46310763888889,74.53689236111111,0.014410800009500235,0.013334799994481727,0.012280499999178573,0.0003583999932743609,274,65,4598.108306684391,49,466,4,18.352658325768164,2026-10-02T11:53:38+00:00,serial_calibration,5,16.19592364577117,2286.5038814749473,2.850294214144329,1.1074226010079868,0.24836977112165987,1.9834262674221395,1.9834393069004523,0.04091900002094917,0.24417254738604455
X3,syn_s4_n480_p6_a120_d3,syn_s4_n480_p6_a120_d3__od1__full_grid__climb_tiebreak__native,syn_s4_n480_p6_a120,synthetic,full_grid,,climb_tiebreak,native,od1,,0.0,10.0,height_tiebreak,0,nan,serial,article_2_HAG_applications,True,6f060dbaf1c69bc25c1517ab2245b48bb8526299,480,480,0.5857962000009138,3.900900900900901,52,888,1732,3,888,230400,470,230400,1,2.5.3,274.40577370111055,274.4112092855225,True,19.326321413653034,5435.584412271572,26.14320653421607,2399472,6,Windows-11-10.0.26300-SP0,3.14.7,True,120.0,194.5304846410333,20261002T115338Z,1.18.1,0,230400,190309,388243,192131,100.0,0.0,0.06441150000318885,0.053488300007302314,0.04938330000732094,0.0,424,20,4519.834067750718,199,412,4,18.596496187808576,2026-10-02T11:53:38+00:00,serial_calibration,5,,,,,,,,,
X3,syn_s4_n480_p6_a120_d3,syn_s4_n480_p6_a120_d3__od1__hag_cta__shared_border__climb_tiebreak__native,syn_s4_n480_p6_a120,synthetic,hag_cta,shared_border,climb_tiebreak,native,od1,,0.07848250001552515,10.0,height_tiebreak,28,20.0,serial,article_2_HAG_applications,True,6f060dbaf1c69bc25c1517ab2245b48bb8526299,480,480,0.5857962000009138,3.900900900900901,52,888,1732,3,29,13919,1075,230400,1,2.5.3,688.2387889544782,688.2517947026603,True,35.129436618429565,13005.74818618083,10.742992019288268,2604888,6,Windows-11-10.0.26300-SP0,3.14.7,True,120.0,194.5304846410333,20261002T115338Z,1.18.1,0,13919,10777,14600,10807,6.041232638888889,93.9587673611111,0.0033181000035256147,0.0033013999927788973,0.0032559999963268638,0.00025809998624026775,424,20,4519.834067750718,199,412,4,18.596496187808576,2026-10-02T11:53:38+00:00,serial_calibration,5,13.304519628754251,2549.078264785136,2.3927046660923126,1.0856088339434675,0.0566289560661871,2.508106078351415,2.508103792460388,0.04992880002828315,0.061721909133926195
X3,syn_s4_n480_p6_a120_d3,syn_s4_n480_p6_a120_d3__od1__hag_cta_ring1__shared_border__climb_tiebreak__native,syn_s4_n480_p6_a120,synthetic,hag_cta_ring1,shared_border,climb_tiebreak,native,od1,,0.07848250001552515,10.0,height_tiebreak,28,20.0,serial,article_2_HAG_applications,True,6f060dbaf1c69bc25c1517ab2245b48bb8526299,480,480,0.5857962000009138,3.900900900900901,52,888,1732,3,113,40035,866,230400,1,2.5.3,414.8370983707294,414.84776144863986,True,16.757441307442775,10663.077913133242,26.29948777640321,2600528,6,Windows-11-10.0.26300-SP0,3.14.7,True,120.0,194.5304846410333,20261002T115338Z,1.18.1,0,40035,36596,70820,36867,17.376302083333332,82.62369791666666,0.01041109999641776,0.00990020000608638,0.009213500015903264,0.00028229999588802457,424,20,4519.834067750718,199,412,4,18.596496187808576,2026-10-02T11:53:38+00:00,serial_calibration,5,15.339254786534662,2527.6866894455097,1.9617169202744589,1.0837917675221882,0.19229778938463235,1.5117651963933532,1.5117741091144508,0.04330580000532791,0.18509094521109826
X3,syn_s4_n480_p6_a120_d3,syn_s4_n480_p6_a120_d3__od2__full_grid__climb_tiebreak__native,syn_s4_n480_p6_a120,synthetic,full_grid,,climb_tiebreak,native,od2,,0.0,10.0,height_tiebreak,0,nan,serial,article_2_HAG_applications,True,6f060dbaf1c69bc25c1517ab2245b48bb8526299,480,480,0.5857962000009138,3.900900900900901,52,888,1732,3,888,230400,533,230400,1,2.5.3,295.0773437830009,295.08381529670305,True,26.02964934843989,6471.513703397205,18.968384198689822,2400776,6,Windows-11-10.0.26300-SP0,3.14.7,True,120.0,194.5304846410333,20261002T115338Z,1.18.1,0,230400,228961,465064,229149,100.0,0.0,0.06815520001691766,0.06464570001116954,0.05902740001329221,0.0,379,18,5417.840898365325,26,429,4,18.596496187808576,2026-10-02T11:53:38+00:00,serial_calibration,5,,,,,,,,,
X3,syn_s4_n480_p6_a120_d3,syn_s4_n480_p6_a120_d3__od2__hag_cta__shared_border__climb_tiebreak__native,syn_s4_n480_p6_a120,synthetic,hag_cta,shared_border,climb_tiebreak,native,od2,,0.07848250001552515,10.0,height_tiebreak,25,20.0,serial,article_2_HAG_applications,True,6f060dbaf1c69bc25c1517ab2245b48bb8526299,480,480,0.5857962000009138,3.900900900900901,52,888,1732,3,26,14643,1388,230400,1,2.5.3,783.8483213004301,783.8654428768905,True,37.15247595126584,17121.5764646288,10.767895866973276,2626376,6,Windows-11-10.0.26300-SP0,3.14.7,True,120.0,194.5304846410333,20261002T115338Z,1.18.1,0,14643,13714,21965,13739,6.35546875,93.64453125,0.0055811999773141,0.004385400010505691,0.0040717000083532184,0.0003425999893806875,379,18,5417.840898365325,26,429,4,18.596496187808576,2026-10-02T11:53:38+00:00,serial_calibration,5,11.08651867296889,1789.3294833540301,2.6456834133938205,1.093969616490668,0.059896663623935954,2.656416488135633,2.6564162527474564,0.05991770001128316,0.06783745879073129
X3,syn_s4_n480_p6_a120_d3,syn_s4_n480_p6_a120_d3__od2__hag_cta_ring1__shared_border__climb_tiebreak__native,syn_s4_n480_p6_a120,synthetic,hag_cta_ring1,shared_border,climb_tiebreak,native,od2,,0.07848250001552515,10.0,height_tiebreak,25,20.0,serial,article_2_HAG_applications,True,6f060dbaf1c69bc25c1517ab2245b48bb8526299,480,480,0.5857962000009138,3.900900900900901,52,888,1732,3,123,39193,1216,230400,1,2.5.3,618.656169765505,618.6713725194555,True,26.127321975685817,15202.75395468971,18.963558750678278,2625592,6,Windows-11-10.0.26300-SP0,3.14.7,True,120.0,194.5304846410333,20261002T115338Z,1.18.1,0,39193,38157,74899,38351,17.010850694444443,82.98914930555556,0.009454000013647601,0.008706200023880228,0.008608500007539988,0.00028670000028796494,379,18,5417.840898365325,26,429,4,18.596496187808576,2026-10-02T11:53:38+00:00,serial_calibration,5,11.936123612317665,1774.9647883831385,2.3491805242889408,1.0936430554120835,0.1666528360725189,2.0965898697409417,2.0965954093327324,0.055652799987001345,0.1346756245562499
X3,syn_s4_n480_p6_a120_d3,syn_s4_n480_p6_a120_d3__od3__full_grid__climb_tiebreak__native,syn_s4_n480_p6_a120,synthetic,full_grid,,climb_tiebreak,native,od3,,0.0,10.0,height_tiebreak,0,nan,serial,article_2_HAG_applications,True,6f060dbaf1c69bc25c1517ab2245b48bb8526299,480,480,0.5857962000009138,3.900900900900901,52,888,1732,3,888,230400,450,230400,1,2.5.3,228.7029837560218,228.70869568603015,True,22.48345741004883,5711.930009000631,18.954826316686365,2410712,6,Windows-11-10.0.26300-SP0,3.14.7,True,120.0,194.5304846410333,20261002T115338Z,1.18.1,0,230400,218505,441909,219556,100.0,0.0,0.058893100009299815,0.05343870000797324,0.05221770002390258,0.0,274,65,4598.108306684391,49,466,4,18.596496187808576,2026-10-02T11:53:38+00:00,serial_calibration,5,,,,,,,,,
X3,syn_s4_n480_p6_a120_d3,syn_s4_n480_p6_a120_d3__od3__hag_cta__shared_border__climb_tiebreak__native,syn_s4_n480_p6_a120,synthetic,hag_cta,shared_border,climb_tiebreak,native,od3,,0.07848250001552515,10.0,height_tiebreak,24,20.0,serial,article_2_HAG_applications,True,6f060dbaf1c69bc25c1517ab2245b48bb8526299,480,480,0.5857962000009138,3.900900900900901,52,888,1732,3,25,19800,1085,230400,1,2.5.3,633.3412688203854,633.3546438073835,True,37.15247595126584,13374.987001723344,10.70037305238084,2612400,6,Windows-11-10.0.26300-SP0,3.14.7,True,120.0,194.5304846410333,20261002T115338Z,1.18.1,0,19800,18245,31426,18263,8.59375,91.40625,0.005408700002590194,0.004525900003500283,0.004463099990971386,0.00023060000967234373,274,65,4598.108306684391,49,466,4,18.596496187808576,2026-10-02T11:53:38+00:00,serial_calibration,5,13.645207079535963,1573.1814898478815,2.3415880412833445,1.0836632496955256,0.0834992334271527,2.7692741844418958,2.7692635031107375,0.04868219999480061,0.08469330284653262
X3,syn_s4_n480_p6_a120_d3,syn_s4_n480_p6_a120_d3__od3__hag_cta_ring1__shared_border__climb_tiebreak__native,syn_s4_n480_p6_a120,synthetic,hag_cta_ring1,shared_border,climb_tiebreak,native,od3,,0.07848250001552515,10.0,height_tiebreak,24,20.0,serial,article_2_HAG_applications,True,6f060dbaf1c69bc25c1517ab2245b48bb8526299,480,480,0.5857962000009138,3.900900900900901,52,888,1732,3,112,43653,882,230400,1,2.5.3,482.7907644892619,482.8019313644287,True,17.620892549640956,11166.875169902914,26.209002404826297,2609720,6,Windows-11-10.0.26300-SP0,3.14.7,True,120.0,194.5304846410333,20261002T115338Z,1.18.1,0,43653,39829,77855,40152,18.946614583333332,81.05338541666667,0.009587100008502603,0.009046499995747581,0.008731999987503514,0.0002683999773580581,274,65,4598.108306684391,49,466,4,18.596496187808576,2026-10-02T11:53:38+00:00,serial_calibration,5,15.054884200624409,1553.8983235720411,1.9550091041568436,1.0825515449377612,0.18227958170293587,2.110994603394849,2.110990707704512,0.0441238000348676,0.16928742642313177
X3,syn_s5_n120_p6_a120_d5,syn_s5_n120_p6_a120_d5__od1__full_grid__climb_tiebreak__native,syn_s5_n120_p6_a120,synthetic,full_grid,,climb_tiebreak,native,od1,,0.0,10.0,height_tiebreak,0,nan,serial,article_2_HAG_applications,True,6f060dbaf1c69bc25c1517ab2245b48bb8526299,120,120,0.07717140001477674,7.34549138804458,35,2961,10875,5,2961,14400,133,14400,1,2.5.3,238.1905995538385,238.19220536119653,True,76.49483985042906,1605.8073580374355,16.795857204559116,168392,6,Windows-11-10.0.26300-SP0,3.14.7,True,120.0,207.50946043279342,20261002T115338Z,1.18.1,0,14400,14322,27399,14372,100.0,0.0,0.005666099983500317,0.004579300002660602,0.003890399995725602,0.0,52,14,1096.038320497965,110,107,5,68.92549454279526,2026-10-02T11:53:38+00:00,serial_calibration,5,,,,,,,,,
X3,syn_s5_n120_p6_a120_d5,syn_s5_n120_p6_a120_d5__od1__hag_cta__shared_border__climb_tiebreak__native,syn_s5_n120_p6_a120,synthetic,hag_cta,shared_border,climb_tiebreak,native,od1,,0.012397599988617003,10.0,height_tiebreak,36,20.0,serial,article_2_HAG_applications,True,6f060dbaf1c69bc25c1517ab2245b48bb8526299,120,120,0.07717140001477674,7.34549138804458,35,2961,10875,5,37,540,192,14400,1,2.5.3,342.6637577002848,342.6659742183206,True,97.90424642348395,2216.5180361560906,10.874055546501223,170128,6,Windows-11-10.0.26300-SP0,3.14.7,True,120.0,207.50946043279342,20261002T115338Z,1.18.1,0,540,506,617,520,3.75,96.25,0.0004330000083427876,0.0003161999920848757,0.00028050001128576696,0.0009679000067990273,52,14,1096.038320497965,110,107,5,68.92549454279526,2026-10-02T11:53:38+00:00,serial_calibration,5,27.18165813933503,280.0,1.3803137873680225,1.0103092783505154,0.03533026113671275,1.4386115923220224,1.4386111992988992,0.0032952000037766993,0.0690498530127228
X3,syn_s5_n120_p6_a120_d5,syn_s5_n120_p6_a120_d5__od1__hag_cta_ring1__shared_border__climb_tiebreak__native,syn_s5_n120_p6_a120,synthetic,hag_cta_ring1,shared_border,climb_tiebreak,native,od1,,0.012397599988617003,10.0,height_tiebreak,36,20.0,serial,article_2_HAG_applications,True,6f060dbaf1c69bc25c1517ab2245b48bb8526299,120,120,0.07717140001477674,7.34549138804458,35,2961,10875,5,213,1883,152,14400,1,2.5.3,258.92945955409766,258.9312677878625,True,76.49483985042906,1808.2337649086287,19.012871525508153,169536,6,Windows-11-10.0.26300-SP0,3.14.7,True,120.0,207.50946043279342,20261002T115338Z,1.18.1,0,1883,1835,3063,1858,13.07638888888889,86.92361111111111,0.0006659000064246356,0.0005577999982051551,0.0004689000197686255,0.000957300013396889,52,14,1096.038320497965,110,107,5,68.92549454279526,2026-10-02T11:53:38+00:00,serial_calibration,5,29.230794420977478,280.0,1.1260589608448377,1.0067936719084043,0.12812456360843458,1.0870683395528862,1.087068602413824,0.0030641999910585582,0.12180900964799637
X3,syn_s5_n120_p6_a120_d5,syn_s5_n120_p6_a120_d5__od2__full_grid__climb_tiebreak__native,syn_s5_n120_p6_a120,synthetic,full_grid,,climb_tiebreak,native,od2,,0.0,10.0,height_tiebreak,0,nan,serial,article_2_HAG_applications,True,6f060dbaf1c69bc25c1517ab2245b48bb8526299,120,120,0.07717140001477674,7.34549138804458,35,2961,10875,5,2961,14400,126,14400,1,2.5.3,195.8738147889705,195.87529260642978,True,43.664129565642206,1477.8174593052029,16.834558205110017,165648,6,Windows-11-10.0.26300-SP0,3.14.7,True,120.0,207.50946043279342,20261002T115338Z,1.18.1,0,14400,10630,20648,11039,100.0,0.0,0.0029599999834317714,0.002623200009111315,0.0025865999923553318,0.0,107,80,1032.4727599312246,19,26,5,68.92549454279526,2026-10-02T11:53:38+00:00,serial_calibration,5,,,,,,,,,
X3,syn_s5_n120_p6_a120_d5,syn_s5_n120_p6_a120_d5__od2__hag_cta__shared_border__climb_tiebreak__native,syn_s5_n120_p6_a120,synthetic,hag_cta,shared_border,climb_tiebreak,native,od2,,0.012397599988617003,10.0,height_tiebreak,28,20.0,serial,article_2_HAG_applications,True,6f060dbaf1c69bc25c1517ab2245b48bb8526299,120,120,0.07717140001477674,7.34549138804458,35,2961,10875,5,29,423,129,14400,1,2.5.3,224.48351630185866,224.48497855582596,True,58.91002140906192,1462.253967444162,11.759211917655167,166192,6,Windows-11-10.0.26300-SP0,3.14.7,True,120.0,207.50946043279342,20261002T115338Z,1.18.1,0,423,361,481,368,2.9375,97.0625,0.00035769998794421554,0.0002662999904714525,0.000235699990298599,0.0008543000149074942,107,80,1032.4727599312246,19,26,5,68.92549454279526,2026-10-02T11:53:38+00:00,serial_calibration,5,59.60934365826548,107.70329614269008,0.989468596569188,1.0032840722495895,0.033960489181561616,1.1460618998190828,1.146060718371874,0.0015026000037323684,0.10151722687804858
X3,syn_s5_n120_p6_a120_d5,syn_s5_n120_p6_a120_d5__od2__hag_cta_ring1__shared_border__climb_tiebreak__native,syn_s5_n120_p6_a120,synthetic,hag_cta_ring1,shared_border,climb_tiebreak,native,od2,,0.012397599988617003,10.0,height_tiebreak,28,20.0,serial,article_2_HAG_applications,True,6f060dbaf1c69bc25c1517ab2245b48bb8526299,120,120,0.07717140001477674,7.34549138804458,35,2961,10875,5,194,1496,126,14400,1,2.5.3,195.8738147889705,195.87529260642978,True,43.664129565642206,1477.8174593052029,16.834558205110017,167528,6,Windows-11-10.0.26300-SP0,3.14.7,True,120.0,207.50946043279342,20261002T115338Z,1.18.1,0,1496,1294,2264,1375,10.38888888888889,89.61111111111111,0.0010923999943770468,0.0004236999957356602,0.00037799999699927866,0.0011584999738261104,107,80,1032.4727599312246,19,26,5,68.92549454279526,2026-10-02T11:53:38+00:00,serial_calibration,5,86.04130317050854,0.0,1.0,1.0113493673331402,0.12173095014111007,1.0,1.0,0.0010410000395495445,0.16152027838670252
X3,syn_s5_n120_p6_a120_d5,syn_s5_n120_p6_a120_d5__od3__full_grid__climb_tiebreak__native,syn_s5_n120_p6_a120,synthetic,full_grid,,climb_tiebreak,native,od3,,0.0,10.0,height_tiebreak,0,nan,serial,article_2_HAG_applications,True,6f060dbaf1c69bc25c1517ab2245b48bb8526299,120,120,0.07717140001477674,7.34549138804458,35,2961,10875,5,2961,14400,159,14400,1,2.5.3,232.08496808213775,232.08685460017375,True,65.36296045832671,1886.5180361560901,18.955798369681737,170096,6,Windows-11-10.0.26300-SP0,3.14.7,True,120.0,207.50946043279342,20261002T115338Z,1.18.1,0,14400,12023,23832,12514,100.0,0.0,0.003973500017309561,0.0036495000240392983,0.003005999984452501,0.0,5,11,1338.43191832831,110,94,5,68.92549454279526,2026-10-02T11:53:38+00:00,serial_calibration,5,,,,,,,,,
X3,syn_s5_n120_p6_a120_d5,syn_s5_n120_p6_a120_d5__od3__hag_cta__shared_border__climb_tiebreak__native,syn_s5_n120_p6_a120,synthetic,hag_cta,shared_border,climb_tiebreak,native,od3,,0.012397599988617003,10.0,height_tiebreak,30,20.0,serial,article_2_HAG_applications,True,6f060dbaf1c69bc25c1517ab2245b48bb8526299,120,120,0.07717140001477674,7.34549138804458,35,2961,10875,5,31,591,172,14400,1,2.5.3,284.66408233753793,284.6661361347946,True,87.66158752001748,2053.797256769669,10.875026458651648,168888,6,Windows-11-10.0.26300-SP0,3.14.7,True,120.0,207.50946043279342,20261002T115338Z,1.18.1,0,591,591,756,591,4.104166666666667,95.89583333333334,0.00035200000274926424,0.0003037000133190304,0.00027990000671707094,0.0008471000182908028,5,11,1338.43191832831,110,94,5,68.92549454279526,2026-10-02T11:53:38+00:00,serial_calibration,5,35.84624015478807,50.0,1.0886708832927046,0.9928981281158875,0.04915578474590369,1.2265511406873701,1.2265500199276753,0.002498699992429465,0.08321688212592272
X3,syn_s5_n120_p6_a120_d5,syn_s5_n120_p6_a120_d5__od3__hag_cta_ring1__shared_border__climb_tiebreak__native,syn_s5_n120_p6_a120,synthetic,hag_cta_ring1,shared_border,climb_tiebreak,native,od3,,0.012397599988617003,10.0,height_tiebreak,30,20.0,serial,article_2_HAG_applications,True,6f060dbaf1c69bc25c1517ab2245b48bb8526299,120,120,0.07717140001477674,7.34549138804458,35,2961,10875,5,211,1887,159,14400,1,2.5.3,232.08496808213775,232.08685460017375,True,65.36296045832671,1886.5180361560901,18.955798369681737,170288,6,Windows-11-10.0.26300-SP0,3.14.7,True,120.0,207.50946043279342,20261002T115338Z,1.18.1,0,1887,1817,3074,1834,13.104166666666666,86.89583333333333,0.0006480999873019755,0.0005282999773044139,0.000523299997439608,0.0009158000175375491,5,11,1338.43191832831,110,94,5,68.92549454279526,2026-10-02T11:53:38+00:00,serial_calibration,5,40.613493614576925,0.0,1.0,1.0011287743391968,0.1511270065707394,1.0,1.0,0.0022054000291973352,0.14475954893122234
X3,syn_s5_n120_p8_a100_d3,syn_s5_n120_p8_a100_d3__od1__full_grid__climb_tiebreak__native,syn_s5_n120_p8_a100,synthetic,full_grid,,climb_tiebreak,native,od1,,0.0,10.0,height_tiebreak,0,nan,serial,article_2_HAG_applications,True,6f060dbaf1c69bc25c1517ab2245b48bb8526299,120,120,0.23236850000103004,7.787209635790077,60,6974,27154,3,6974,14400,112,14400,1,2.5.3,238.8542082524605,238.85550879069905,True,56.5249606073347,1300.5382386916242,27.25282623624125,169392,8,Windows-11-10.0.26300-SP0,3.14.7,True,100.0,153.90614008073567,20261002T115338Z,1.18.1,0,14400,12974,24420,13287,100.0,0.0,0.004821799986530095,0.004538499983027577,0.004446699982509017,0.0,52,14,1096.038320497965,110,107,5,74.73219382171732,2026-10-02T11:53:38+00:00,serial_calibration,5,,,,,,,,,
X3,syn_s5_n120_p8_a100_d3,syn_s5_n120_p8_a100_d3__od1__hag_cta__shared_border__climb_tiebreak__native,syn_s5_n120_p8_a100,synthetic,hag_cta,shared_border,climb_tiebreak,native,od1,,0.021168600011151284,10.0,height_tiebreak,55,20.0,serial,article_2_HAG_applications,True,6f060dbaf1c69bc25c1517ab2245b48bb8526299,120,120,0.23236850000103004,7.787209635790077,60,6974,27154,3,56,295,115,14400,1,2.5.3,251.36838689806493,251.3697878526091,True,80.14317514484902,1400.9545442950503,11.73880961449073,165096,8,Windows-11-10.0.26300-SP0,3.14.7,True,100.0,153.90614008073567,20261002T115338Z,1.18.1,0,295,289,333,290,2.048611111111111,97.95138888888889,0.0006548000092152506,0.00042460000258870423,0.00027129999944008887,0.00287279998883605,52,14,1096.038320497965,110,107,5,74.73219382171732,2026-10-02T11:53:38+00:00,serial_calibration,5,204.28418477769057,30.0,1.0772113442081084,0.9746387078492491,0.022275319870510252,1.0523925399395826,1.0523926750748542,0.0012410999916028231,0.09355514028347728
X3,syn_s5_n120_p8_a100_d3,syn_s5_n120_p8_a100_d3__od1__hag_cta_ring1__shared_border__climb_tiebreak__native,syn_s5_n120_p8_a100,synthetic,hag_cta_ring1,shared_border,climb_tiebreak,native,od1,,0.021168600011151284,10.0,height_tiebreak,55,20.0,serial,article_2_HAG_applications,True,6f060dbaf1c69bc25c1517ab2245b48bb8526299,120,120,0.23236850000103004,7.787209635790077,60,6974,27154,3,305,846,112,14400,1,2.5.3,238.8542082524605,238.85550879069905,True,56.5249606073347,1300.5382386916242,27.25282623624125,166208,8,Windows-11-10.0.26300-SP0,3.14.7,True,100.0,153.90614008073567,20261002T115338Z,1.18.1,0,846,831,1314,845,5.875,94.125,0.0006523999909404665,0.0004942999803461134,0.0004641000123228878,0.0031949000258464366,52,14,1096.038320497965,110,107,5,74.73219382171732,2026-10-02T11:53:38+00:00,serial_calibration,5,298.5247932738726,0.0,1.0,0.9812033626145272,0.0640511792816402,1.0,1.0,0.0008492999768350273,0.10891263241040534
X3,syn_s5_n120_p8_a100_d3,syn_s5_n120_p8_a100_d3__od2__full_grid__climb_tiebreak__native,syn_s5_n120_p8_a100,synthetic,full_grid,,climb_tiebreak,native,od2,,0.0,10.0,height_tiebreak,0,nan,serial,article_2_HAG_applications,True,6f060dbaf1c69bc25c1517ab2245b48bb8526299,120,120,0.23236850000103004,7.787209635790077,60,6974,27154,3,6974,14400,116,14400,1,2.5.3,264.77753677417354,264.7789974343451,True,72.16104595038325,1460.6601717798217,15.641208528440202,166352,8,Windows-11-10.0.26300-SP0,3.14.7,True,100.0,153.90614008073567,20261002T115338Z,1.18.1,0,14400,13850,25697,13970,100.0,0.0,0.005480700026964769,0.005263400002149865,0.004844000010052696,0.0,107,80,1032.4727599312246,19,26,5,74.73219382171732,2026-10-02T11:53:38+00:00,serial_calibration,5,,,,,,,,,
X3,syn_s5_n120_p8_a100_d3,syn_s5_n120_p8_a100_d3__od2__hag_cta__shared_border__climb_tiebreak__native,syn_s5_n120_p8_a100,synthetic,hag_cta,shared_border,climb_tiebreak,native,od2,,0.021168600011151284,10.0,height_tiebreak,68,20.0,serial,article_2_HAG_applications,True,6f060dbaf1c69bc25c1517ab2245b48bb8526299,120,120,0.23236850000103004,7.787209635790077,60,6974,27154,3,69,294,158,14400,1,2.5.3,293.59692912777535,293.59887606211686,True,72.52243074783422,1946.9343417595167,15.557479022769439,167800,8,Windows-11-10.0.26300-SP0,3.14.7,True,100.0,153.90614008073567,20261002T115338Z,1.18.1,0,294,294,326,294,2.0416666666666665,97.95833333333334,0.000510300014866516,0.0003268999862484634,0.0003040000156033784,0.0029159999976400286,107,80,1032.4727599312246,19,26,5,74.73219382171732,2026-10-02T11:53:38+00:00,serial_calibration,5,125.48235472442526,382.7531841800928,1.3329139654620468,1.0087044339713378,0.021227436823104694,1.1088437965875542,1.1088450326764228,0.002020500018261373,0.06210814038738064
X3,syn_s5_n120_p8_a100_d3,syn_s5_n120_p8_a100_d3__od2__hag_cta_ring1__shared_border__climb_tiebreak__native,syn_s5_n120_p8_a100,synthetic,hag_cta_ring1,shared_border,climb_tiebreak,native,od2,,0.021168600011151284,10.0,height_tiebreak,68,20.0,serial,article_2_HAG_applications,True,6f060dbaf1c69bc25c1517ab2245b48bb8526299,120,120,0.23236850000103004,7.787209635790077,60,6974,27154,3,408,1053,153,14400,1,2.5.3,285.89910516182726,285.90102280684687,True,65.79683932001923,1917.6450198781713,15.691785739262047,168336,8,Windows-11-10.0.26300-SP0,3.14.7,True,100.0,153.90614008073567,20261002T115338Z,1.18.1,0,1053,1046,1746,1051,7.3125,92.6875,0.0007246999884955585,0.0005802000232506543,0.0005626000056508929,0.0031771000067237765,107,80,1032.4727599312246,19,26,5,74.73219382171732,2026-10-02T11:53:38+00:00,serial_calibration,5,168.34015317453887,382.7531841800928,1.3128618531040737,1.0119265172645955,0.07552346570397112,1.0797709981178205,1.0797722839695365,0.0015060999721754342,0.11023293365764875
X3,syn_s5_n120_p8_a100_d3,syn_s5_n120_p8_a100_d3__od3__full_grid__climb_tiebreak__native,syn_s5_n120_p8_a100,synthetic,full_grid,,climb_tiebreak,native,od3,,0.0,10.0,height_tiebreak,0,nan,serial,article_2_HAG_applications,True,6f060dbaf1c69bc25c1517ab2245b48bb8526299,120,120,0.23236850000103004,7.787209635790077,60,6974,27154,3,6974,14400,139,14400,1,2.5.3,296.1216775318743,296.12337233418134,True,83.67937846214957,1694.8023074035523,16.027240700549722,167520,8,Windows-11-10.0.26300-SP0,3.14.7,True,100.0,153.90614008073567,20261002T115338Z,1.18.1,0,14400,12333,23804,12703,100.0,0.0,0.006160999997518957,0.0044061999942641705,0.004339100007200614,0.0,5,11,1338.43191832831,110,94,5,74.73219382171732,2026-10-02T11:53:38+00:00,serial_calibration,5,,,,,,,,,
X3,syn_s5_n120_p8_a100_d3,syn_s5_n120_p8_a100_d3__od3__hag_cta__shared_border__climb_tiebreak__native,syn_s5_n120_p8_a100,synthetic,hag_cta,shared_border,climb_tiebreak,native,od3,,0.021168600011151284,10.0,height_tiebreak,71,20.0,serial,article_2_HAG_applications,True,6f060dbaf1c69bc25c1517ab2245b48bb8526299,120,120,0.23236850000103004,7.787209635790077,60,6974,27154,3,72,271,168,14400,1,2.5.3,313.8671292595891,313.8691844782017,True,83.67937846214957,2055.2186130069786,11.99963412375472,168312,8,Windows-11-10.0.26300-SP0,3.14.7,True,100.0,153.90614008073567,20261002T115338Z,1.18.1,0,271,271,309,271,1.8819444444444444,98.11805555555554,0.0004693999944720417,0.00034950001281686127,0.0003189999843016267,0.0027833000058308244,5,11,1338.43191832831,110,94,5,74.73219382171732,2026-10-02T11:53:38+00:00,serial_calibration,5,199.10248536751985,382.7531841800928,1.212659791663599,1.004727793696275,0.021973566853158193,1.0599262163973278,1.059927090537095,0.0012733999756164849,0.07932005203391303
X3,syn_s5_n120_p8_a100_d3,syn_s5_n120_p8_a100_d3__od3__hag_cta_ring1__shared_border__climb_tiebreak__native,syn_s5_n120_p8_a100,synthetic,hag_cta_ring1,shared_border,climb_tiebreak,native,od3,,0.021168600011151284,10.0,height_tiebreak,71,20.0,serial,article_2_HAG_applications,True,6f060dbaf1c69bc25c1517ab2245b48bb8526299,120,120,0.23236850000103004,7.787209635790077,60,6974,27154,3,426,1004,164,14400,1,2.5.3,309.61333572403686,309.6153509426494,True,83.67937846214957,2015.2186130069786,16.822580015792898,168936,8,Windows-11-10.0.26300-SP0,3.14.7,True,100.0,153.90614008073567,20261002T115338Z,1.18.1,0,1004,986,1672,993,6.972222222222222,93.02777777777777,0.0007042000070214272,0.0005778000049758703,0.0005628000071737915,0.004024299996672198,5,11,1338.43191832831,110,94,5,74.73219382171732,2026-10-02T11:53:38+00:00,serial_calibration,5,inf,382.7531841800928,1.1890582188870784,1.0084527220630373,0.07994810670558664,1.0455611973585093,1.0455620186347265,-0.0001959000073838979,0.13113340423222483
X3,syn_s5_n240_p4_a200_d1,syn_s5_n240_p4_a200_d1__od1__full_grid__climb_tiebreak__native,syn_s5_n240_p4_a200,synthetic,full_grid,,climb_tiebreak,native,od1,,0.0,10.0,height_tiebreak,0,nan,serial,article_2_HAG_applications,True,6f060dbaf1c69bc25c1517ab2245b48bb8526299,240,240,0.6828389999864157,7.911588877310371,143,36466,144252,1,36466,57600,268,57600,1,2.5.3,333.41301315810466,333.4163044784476,True,43.278747223598515,3291.3203435596433,16.811736967030527,630112,4,Windows-11-10.0.26300-SP0,3.14.7,True,200.0,282.3507856097529,20261002T115338Z,1.18.1,0,57600,56544,116677,56705,100.0,0.0,0.012627899996004999,0.0109062000119593,0.010566499986452982,0.0,104,23,2303.410514867031,225,219,5,39.25835067615313,2026-10-02T11:53:38+00:00,serial_calibration,5,,,,,,,,,
X3,syn_s5_n240_p4_a200_d1,syn_s5_n240_p4_a200_d1__od1__hag_cta__shared_border__climb_tiebreak__native,syn_s5_n240_p4_a200,synthetic,hag_cta,shared_border,climb_tiebreak,native,od1,,0.11501890001818538,10.0,height_tiebreak,176,20.0,serial,article_2_HAG_applications,True,6f060dbaf1c69bc25c1517ab2245b48bb8526299,240,240,0.6828389999864157,7.911588877310371,143,36466,144252,1,177,685,361,57600,1,2.5.3,355.1706930502296,355.17517532511755,True,59.32703060224667,4482.274887854693,11.604226951937145,656304,4,Windows-11-10.0.26300-SP0,3.14.7,True,200.0,282.3507856097529,20261002T115338Z,1.18.1,0,685,684,790,685,1.1892361111111112,98.81076388888889,0.0013981999945826828,0.0009895999974105507,0.000585700006922707,0.009174999984679744,104,23,2303.410514867031,225,219,5,39.25835067615313,2026-10-02T11:53:38+00:00,serial_calibration,5,1075.8601238804335,381.8376618407357,1.3618470461635475,1.041567213447768,0.012096774193548387,1.0652574405720854,1.0652603683575301,0.0007416000298690051,0.09073737840177103
X3,syn_s5_n240_p4_a200_d1,syn_s5_n240_p4_a200_d1__od1__hag_cta_ring1__shared_border__climb_tiebreak__native,syn_s5_n240_p4_a200,synthetic,hag_cta_ring1,shared_border,climb_tiebreak,native,od1,,0.11501890001818538,10.0,height_tiebreak,176,20.0,serial,article_2_HAG_applications,True,6f060dbaf1c69bc25c1517ab2245b48bb8526299,240,240,0.6828389999864157,7.911588877310371,143,36466,144252,1,829,2418,316,57600,1,2.5.3,339.3993006198991,339.40322934139607,True,47.83412988981951,3928.7214972614192,11.598848827953162,655272,4,Windows-11-10.0.26300-SP0,3.14.7,True,200.0,282.3507856097529,20261002T115338Z,1.18.1,0,2418,2400,4203,2412,4.197916666666667,95.80208333333333,0.0015638999757356942,0.0008393000171054155,0.0006316000071819872,0.011181300011230633,104,23,2303.410514867031,225,219,5,39.25835067615313,2026-10-02T11:53:38+00:00,serial_calibration,5,inf,381.8376618407357,1.19366123232247,1.0399294093748412,0.042444821731748725,1.0179545705342814,1.017956305023276,-0.0011144000163767487,0.07695622821744263
X3,syn_s5_n240_p4_a200_d1,syn_s5_n240_p4_a200_d1__od2__full_grid__climb_tiebreak__native,syn_s5_n240_p4_a200,synthetic,full_grid,,climb_tiebreak,native,od2,,0.0,10.0,height_tiebreak,0,nan,serial,article_2_HAG_applications,True,6f060dbaf1c69bc25c1517ab2245b48bb8526299,240,240,0.6828389999864157,7.911588877310371,143,36466,144252,1,36466,57600,232,57600,1,2.5.3,278.15407067016474,278.1568653000324,True,30.613749058513733,2794.6298679765214,26.23624887731531,623304,4,Windows-11-10.0.26300-SP0,3.14.7,True,200.0,282.3507856097529,20261002T115338Z,1.18.1,0,57600,43738,90262,44633,100.0,0.0,0.013664700003573671,0.008702299994183704,0.007824800006346777,0.0,219,161,2140.327077808436,36,50,5,39.25835067615313,2026-10-02T11:53:38+00:00,serial_calibration,5,,,,,,,,,
X3,syn_s5_n240_p4_a200_d1,syn_s5_n240_p4_a200_d1__od2__hag_cta__shared_border__climb_tiebreak__native,syn_s5_n240_p4_a200,synthetic,hag_cta,shared_border,climb_tiebreak,native,od2,,0.11501890001818538,10.0,height_tiebreak,130,20.0,serial,article_2_HAG_applications,True,6f060dbaf1c69bc25c1517ab2245b48bb8526299,240,240,0.6828389999864157,7.911588877310371,143,36466,144252,1,131,396,263,57600,1,2.5.3,293.29851306541536,293.30183722847033,True,59.32703060224667,3324.163056034262,11.589507626730791,649536,4,Windows-11-10.0.26300-SP0,3.14.7,True,200.0,282.3507856097529,20261002T115338Z,1.18.1,0,396,396,442,396,0.6875,99.3125,0.0005284000071696937,0.0004391000256873667,0.0002652999828569591,0.009395300003234297,219,161,2140.327077808436,36,50,5,39.25835067615313,2026-10-02T11:53:38+00:00,serial_calibration,5,inf,381.8376618407357,1.189482404852831,1.0420854029494435,0.009053911930129407,1.0544462367879883,1.054447593490464,-0.0011321000347379595,0.05045792790191615
X3,syn_s5_n240_p4_a200_d1,syn_s5_n240_p4_a200_d1__od2__hag_cta_ring1__shared_border__climb_tiebreak__native,syn_s5_n240_p4_a200,synthetic,hag_cta_ring1,shared_border,climb_tiebreak,native,od2,,0.11501890001818538,10.0,height_tiebreak,130,20.0,serial,article_2_HAG_applications,True,6f060dbaf1c69bc25c1517ab2245b48bb8526299,240,240,0.6828389999864157,7.911588877310371,143,36466,144252,1,603,1542,251,57600,1,2.5.3,283.62429245398266,283.627397205783,True,45.898255665055245,3104.7518010647195,26.228217212609056,650880,4,Windows-11-10.0.26300-SP0,3.14.7,True,200.0,282.3507856097529,20261002T115338Z,1.18.1,0,1542,1538,2753,1541,2.6770833333333335,97.32291666666667,0.0006925000052433461,0.0005611000233329833,0.00048309998237527907,0.009083499986445531,219,161,2140.327077808436,36,50,5,39.25835067615313,2026-10-02T11:53:38+00:00,serial_calibration,5,inf,381.8376618407357,1.1109706643594792,1.0442416541527089,0.03516393067812886,1.0196661575746073,1.0196670749069947,-0.0009423000155948102,0.06447720989945208
X3,syn_s5_n240_p4_a200_d1,syn_s5_n240_p4_a200_d1__od3__full_grid__climb_tiebreak__native,syn_s5_n240_p4_a200,synthetic,full_grid,,climb_tiebreak,native,od3,,0.0,10.0,height_tiebreak,0,nan,serial,article_2_HAG_applications,True,6f060dbaf1c69bc25c1517ab2245b48bb8526299,240,240,0.6828389999864157,7.911588877310371,143,36466,144252,1,36466,57600,275,57600,1,2.5.3,292.9922710746653,292.99566553209354,True,32.026073569949176,3394.45742854949,16.8557917330581,631312,4,Windows-11-10.0.26300-SP0,3.14.7,True,200.0,282.3507856097529,20261002T115338Z,1.18.1,0,57600,54191,113220,54647,100.0,0.0,0.011751899990485981,0.011366999999154359,0.011084900004789233,0.0,63,35,2080.6249061279646,162,218,5,39.25835067615313,2026-10-02T11:53:38+00:00,serial_calibration,5,,,,,,,,,
X3,syn_s5_n240_p4_a200_d1,syn_s5_n240_p4_a200_d1__od3__hag_cta__shared_border__climb_tiebreak__native,syn_s5_n240_p4_a200,synthetic,hag_cta,shared_border,climb_tiebreak,native,od3,,0.11501890001818538,10.0,height_tiebreak,166,20.0,serial,article_2_HAG_applications,True,6f060dbaf1c69bc25c1517ab2245b48bb8526299,240,240,0.6828389999864157,7.911588877310371,143,36466,144252,1,167,394,293,57600,1,2.5.3,301.57717310670813,301.5807807012212,True,59.32703060224667,3607.5945135393385,11.649879945682788,651680,4,Windows-11-10.0.26300-SP0,3.14.7,True,200.0,282.3507856097529,20261002T115338Z,1.18.1,0,394,394,422,394,0.6840277777777778,99.31597222222223,0.00048580000293441117,0.0003294000052846968,0.0003032999811694026,0.009198300016578287,63,35,2080.6249061279646,162,218,5,39.25835067615313,2026-10-02T11:53:38+00:00,serial_calibration,5,433.78345558376924,64.03124237432849,1.0627897357607827,1.032262969815242,0.007270579985606466,1.0293007798484044,1.0293011678296904,0.0018392999772913754,0.028978622794862526
X3,syn_s5_n240_p4_a200_d1,syn_s5_n240_p4_a200_d1__od3__hag_cta_ring1__shared_border__climb_tiebreak__native,syn_s5_n240_p4_a200,synthetic,hag_cta_ring1,shared_border,climb_tiebreak,native,od3,,0.11501890001818538,10.0,height_tiebreak,166,20.0,serial,article_2_HAG_applications,True,6f060dbaf1c69bc25c1517ab2245b48bb8526299,240,240,0.6828389999864157,7.911588877310371,143,36466,144252,1,724,1521,277,57600,1,2.5.3,297.04005778632006,297.04350538083327,True,49.70815812031603,3447.5945135393385,14.279190231320904,651904,4,Windows-11-10.0.26300-SP0,3.14.7,True,200.0,282.3507856097529,20261002T115338Z,1.18.1,0,1521,1517,2756,1520,2.640625,97.359375,0.0007000000041443855,0.0004886000242549926,0.00046759998076595366,0.010006199998315424,63,35,2080.6249061279646,162,218,5,39.25835067615313,2026-10-02T11:53:38+00:00,serial_calibration,5,914.7648720761152,41.23105625617661,1.0156540731790986,1.0326177864510733,0.02799357826945434,1.0138153361411475,1.0138153574435604,0.0008721999765839428,0.04298407885029838
X3,syn_s5_n240_p6_a120_d5,syn_s5_n240_p6_a120_d5__od1__full_grid__climb_tiebreak__native,syn_s5_n240_p6_a120,synthetic,full_grid,,climb_tiebreak,native,od1,,0.0,10.0,height_tiebreak,0,nan,serial,article_2_HAG_applications,True,6f060dbaf1c69bc25c1517ab2245b48bb8526299,240,240,0.16140829998767003,4.644247787610619,28,565,1312,5,565,57600,274,57600,1,2.5.3,238.59780178528342,238.60115310562705,True,38.34225904071424,3351.3203435596424,15.96104305830231,628656,6,Windows-11-10.0.26300-SP0,3.14.7,True,120.0,207.8418085692661,20261002T115338Z,1.18.1,0,57600,57306,112505,57411,100.0,0.0,0.015263999986927956,0.014459900005022064,0.014406699978280813,0.0,104,23,2303.410514867031,225,219,5,34.80118546915162,2026-10-02T11:53:38+00:00,serial_calibration,5,,,,,,,,,
X3,syn_s5_n240_p6_a120_d5,syn_s5_n240_p6_a120_d5__od1__hag_cta__shared_border__climb_tiebreak__native,syn_s5_n240_p6_a120,synthetic,hag_cta,shared_border,climb_tiebreak,native,od1,,0.024208499991800636,10.0,height_tiebreak,15,20.0,serial,article_2_HAG_applications,True,6f060dbaf1c69bc25c1517ab2245b48bb8526299,240,240,0.16140829998767003,4.644247787610619,28,565,1312,5,16,4261,389,57600,1,2.5.3,431.2900754535935,431.294647190241,True,47.02711020971179,4571.736649163069,10.883440623393177,659144,6,Windows-11-10.0.26300-SP0,3.14.7,True,120.0,207.8418085692661,20261002T115338Z,1.18.1,0,4261,4044,5551,4075,7.397569444444445,92.60243055555556,0.001190899987705052,0.0010923999943770468,0.00104160001501441,0.000221800000872463,104,23,2303.410514867031,225,219,5,34.80118546915162,2026-10-02T11:53:38+00:00,serial_calibration,5,14.119963169818464,838.1527307120105,1.3641598476101355,1.0484971112977526,0.07056852685582661,1.8076028874805636,1.8075966590124144,0.013145700009772554,0.0755468567554164
X3,syn_s5_n240_p6_a120_d5,syn_s5_n240_p6_a120_d5__od1__hag_cta_ring1__shared_border__climb_tiebreak__native,syn_s5_n240_p6_a120,synthetic,hag_cta_ring1,shared_border,climb_tiebreak,native,od1,,0.024208499991800636,10.0,height_tiebreak,15,20.0,serial,article_2_HAG_applications,True,6f060dbaf1c69bc25c1517ab2245b48bb8526299,240,240,0.16140829998767003,4.644247787610619,28,565,1312,5,97,13783,278,57600,1,2.5.3,279.1632093486198,279.16655096333534,True,38.34225904071424,3341.6147160748715,26.2222970924832,657296,6,Windows-11-10.0.26300-SP0,3.14.7,True,120.0,207.8418085692661,20261002T115338Z,1.18.1,0,13783,13452,23928,13523,23.928819444444443,76.07118055555556,0.003286499995738268,0.003209299989975989,0.0030098999850451946,0.00024130000383593142,104,23,2303.410514867031,225,219,5,34.80118546915162,2026-10-02T11:53:38+00:00,serial_calibration,5,16.86000016263229,572.8001396647875,0.9971039391971518,1.0455575068081748,0.23473981782012354,1.1700158478402143,1.1700134191713243,0.011009300011210144,0.2219448259573972
X3,syn_s5_n240_p6_a120_d5,syn_s5_n240_p6_a120_d5__od2__full_grid__climb_tiebreak__native,syn_s5_n240_p6_a120,synthetic,full_grid,,climb_tiebreak,native,od2,,0.0,10.0,height_tiebreak,0,nan,serial,article_2_HAG_applications,True,6f060dbaf1c69bc25c1517ab2245b48bb8526299,240,240,0.16140829998767003,4.644247787610619,28,565,1312,5,565,57600,254,57600,1,2.5.3,187.57559780588016,187.57852130876435,True,22.83643998787325,2923.5028842544402,16.816624961845264,623808,6,Windows-11-10.0.26300-SP0,3.14.7,True,120.0,207.8418085692661,20261002T115338Z,1.18.1,0,57600,44260,87525,45117,100.0,0.0,0.0150636000034865,0.010901000001467764,0.010808899998664856,0.0,219,161,2140.327077808436,36,50,5,34.80118546915162,2026-10-02T11:53:38+00:00,serial_calibration,5,,,,,,,,,
X3,syn_s5_n240_p6_a120_d5,syn_s5_n240_p6_a120_d5__od2__hag_cta__shared_border__climb_tiebreak__native,syn_s5_n240_p6_a120,synthetic,hag_cta,shared_border,climb_tiebreak,native,od2,,0.024208499991800636,10.0,height_tiebreak,8,20.0,serial,article_2_HAG_applications,True,6f060dbaf1c69bc25c1517ab2245b48bb8526299,240,240,0.16140829998767003,4.644247787610619,28,565,1312,5,9,2831,524,57600,1,2.5.3,456.3363267560903,456.34242246243434,True,42.753439168089564,6095.706345359769,10.755609822641581,667864,6,Windows-11-10.0.26300-SP0,3.14.7,True,120.0,207.8418085692661,20261002T115338Z,1.18.1,0,2831,2646,3722,2692,4.914930555555555,95.08506944444444,0.0011471000034362078,0.0009501999884378165,0.0008897999941837043,0.00021800000104121864,219,161,2140.327077808436,36,50,5,34.80118546915162,2026-10-02T11:53:38+00:00,serial_calibration,5,19.071264153258102,1006.0318086422516,2.0850693796781776,1.0706242946547655,0.05978309986443742,2.432812861022293,2.432807441270262,0.00973280001198873,0.08716631394458095
X3,syn_s5_n240_p6_a120_d5,syn_s5_n240_p6_a120_d5__od2__hag_cta_ring1__shared_border__climb_tiebreak__native,syn_s5_n240_p6_a120,synthetic,hag_cta_ring1,shared_border,climb_tiebreak,native,od2,,0.024208499991800636,10.0,height_tiebreak,8,20.0,serial,article_2_HAG_applications,True,6f060dbaf1c69bc25c1517ab2245b48bb8526299,240,240,0.16140829998767003,4.644247787610619,28,565,1312,5,58,11649,255,57600,1,2.5.3,191.07034506753402,191.07318330129877,True,22.83643998787325,2838.2337649086285,26.50207720675371,655936,6,Windows-11-10.0.26300-SP0,3.14.7,True,120.0,207.8418085692661,20261002T115338Z,1.18.1,0,11649,9485,17114,9578,20.223958333333332,79.77604166666666,0.002223399991635233,0.0021337999787647277,0.0021072000090498477,0.00023460001102648675,219,161,2140.327077808436,36,50,5,34.80118546915162,2026-10-02T11:53:38+00:00,serial_calibration,5,21.753838188296754,214.7091055358389,0.9708332357716974,1.0515030265722787,0.21430185268865792,1.0186311402044446,1.018630395250755,0.00853260001167655,0.19574350779537864
X3,syn_s5_n240_p6_a120_d5,syn_s5_n240_p6_a120_d5__od3__full_grid__climb_tiebreak__native,syn_s5_n240_p6_a120,synthetic,full_grid,,climb_tiebreak,native,od3,,0.0,10.0,height_tiebreak,0,nan,serial,article_2_HAG_applications,True,6f060dbaf1c69bc25c1517ab2245b48bb8526299,240,240,0.16140829998767003,4.644247787610619,28,565,1312,5,565,57600,256,57600,1,2.5.3,226.41568075950966,226.4187816635473,True,34.11988885703649,3100.9040379562166,15.958276914650392,625688,6,Windows-11-10.0.26300-SP0,3.14.7,True,120.0,207.8418085692661,20261002T115338Z,1.18.1,0,57600,55403,109624,55676,100.0,0.0,0.01454500001273118,0.014001700008520856,0.013336799980606884,0.0,63,35,2080.6249061279646,162,218,5,34.80118546915162,2026-10-02T11:53:38+00:00,serial_calibration,5,,,,,,,,,
X3,syn_s5_n240_p6_a120_d5,syn_s5_n240_p6_a120_d5__od3__hag_cta__shared_border__climb_tiebreak__native,syn_s5_n240_p6_a120,synthetic,hag_cta,shared_border,climb_tiebreak,native,od3,,0.024208499991800636,10.0,height_tiebreak,15,20.0,serial,article_2_HAG_applications,True,6f060dbaf1c69bc25c1517ab2245b48bb8526299,240,240,0.16140829998767003,4.644247787610619,28,565,1312,5,16,2926,382,57600,1,2.5.3,431.03056377617554,431.0350240914681,True,52.1420527815067,4460.315292925759,10.896806372978551,658136,6,Windows-11-10.0.26300-SP0,3.14.7,True,120.0,207.8418085692661,20261002T115338Z,1.18.1,0,2926,2909,3909,2915,5.079861111111111,94.92013888888889,0.0008488000021316111,0.0007834999996703118,0.000762099982239306,0.0003252000024076551,63,35,2080.6249061279646,162,218,5,34.80118546915162,2026-10-02T11:53:38+00:00,serial_calibration,5,14.396711384992962,847.5848040166836,1.4383919135612855,1.0518597128281189,0.052506181975705286,1.903713392686791,1.9037070199060406,0.01289300000644289,0.05595749081850818
X3,syn_s5_n240_p6_a120_d5,syn_s5_n240_p6_a120_d5__od3__hag_cta_ring1__shared_border__climb_tiebreak__native,syn_s5_n240_p6_a120,synthetic,hag_cta_ring1,shared_border,climb_tiebreak,native,od3,,0.024208499991800636,10.0,height_tiebreak,15,20.0,serial,article_2_HAG_applications,True,6f060dbaf1c69bc25c1517ab2245b48bb8526299,240,240,0.16140829998767003,4.644247787610619,28,565,1312,5,64,11054,270,57600,1,2.5.3,277.8060653518967,277.8092399817643,True,43.769737599006675,3174.6298679765214,12.058277166999913,655784,6,Windows-11-10.0.26300-SP0,3.14.7,True,120.0,207.8418085692661,20261002T115338Z,1.18.1,0,11054,10658,18847,10747,19.19097222222222,80.80902777777777,0.0023440000077243894,0.002275500010000542,0.002207999990787357,0.00023519998649135232,63,35,2080.6249061279646,162,218,5,34.80118546915162,2026-10-02T11:53:38+00:00,serial_calibration,5,16.153232946233054,560.0,1.0237755922524119,1.0481006508035955,0.19237225421006082,1.2269736107499196,1.2269708278643683,0.011491000012028962,0.16251598081774116
X3,syn_s5_n240_p8_a100_d3,syn_s5_n240_p8_a100_d3__od1__full_grid__climb_tiebreak__native,syn_s5_n240_p8_a100,synthetic,full_grid,,climb_tiebreak,native,od1,,0.0,10.0,height_tiebreak,0,nan,serial,article_2_HAG_applications,True,6f060dbaf1c69bc25c1517ab2245b48bb8526299,240,240,0.3573630999890156,7.274772914946325,58,9688,35239,3,9688,57600,236,57600,1,2.5.3,225.4819111978878,225.48461742155092,True,28.713264151302127,2706.2236636408625,20.583991700834396,630608,8,Windows-11-10.0.26300-SP0,3.14.7,True,100.0,154.1384818377769,20261002T115338Z,1.18.1,0,57600,48423,94656,49604,100.0,0.0,0.01617180000175722,0.010482000012416393,0.010111099982168525,0.0,104,23,2303.410514867031,225,219,5,37.876913925023274,2026-10-02T11:53:38+00:00,serial_calibration,5,,,,,,,,,
X3,syn_s5_n240_p8_a100_d3,syn_s5_n240_p8_a100_d3__od1__hag_cta__shared_border__climb_tiebreak__native,syn_s5_n240_p8_a100,synthetic,hag_cta,shared_border,climb_tiebreak,native,od1,,0.03261490000295453,10.0,height_tiebreak,47,20.0,serial,article_2_HAG_applications,True,6f060dbaf1c69bc25c1517ab2245b48bb8526299,240,240,0.3573630999890156,7.274772914946325,58,9688,35239,3,48,1023,367,57600,1,2.5.3,354.53817505683406,354.54242738222763,True,49.489531379796546,4252.325394193526,10.847597910694729,656920,8,Windows-11-10.0.26300-SP0,3.14.7,True,100.0,154.1384818377769,20261002T115338Z,1.18.1,0,1023,1010,1216,1010,1.7760416666666667,98.22395833333333,0.0016034000145737082,0.000507500022649765,0.0004589000018313527,0.0023572999925818294,104,23,2303.410514867031,225,219,5,37.876913925023274,2026-10-02T11:53:38+00:00,serial_calibration,5,51.197027797103935,820.0,1.5713133586573516,1.0417248116103823,0.020857856803585074,1.5723575038606254,1.5723574913289933,0.007617199997184798,0.04841633486439695
X3,syn_s5_n240_p8_a100_d3,syn_s5_n240_p8_a100_d3__od1__hag_cta_ring1__shared_border__climb_tiebreak__native,syn_s5_n240_p8_a100,synthetic,hag_cta_ring1,shared_border,climb_tiebreak,native,od1,,0.03261490000295453,10.0,height_tiebreak,47,20.0,serial,article_2_HAG_applications,True,6f060dbaf1c69bc25c1517ab2245b48bb8526299,240,240,0.3573630999890156,7.274772914946325,58,9688,35239,3,352,3758,315,57600,1,2.5.3,267.25971510608497,267.2632900303249,True,49.86007756003471,3574.9242404917504,11.648152934537405,654840,8,Windows-11-10.0.26300-SP0,3.14.7,True,100.0,154.1384818377769,20261002T115338Z,1.18.1,0,3758,3676,6289,3685,6.524305555555555,93.47569444444444,0.001024700002744794,0.0008776999893598258,0.0008389000140596181,0.00232170001254417,104,23,2303.410514867031,225,219,5,37.876913925023274,2026-10-02T11:53:38+00:00,serial_calibration,5,53.54928177148805,796.2411694957754,1.3210010275655366,1.0384264075305103,0.07591433822770172,1.1852822857773813,1.1852839146480108,0.007282600010512397,0.08373401911087115
X3,syn_s5_n240_p8_a100_d3,syn_s5_n240_p8_a100_d3__od2__full_grid__climb_tiebreak__native,syn_s5_n240_p8_a100,synthetic,full_grid,,climb_tiebreak,native,od2,,0.0,10.0,height_tiebreak,0,nan,serial,article_2_HAG_applications,True,6f060dbaf1c69bc25c1517ab2245b48bb8526299,240,240,0.3573630999890156,7.274772914946325,58,9688,35239,3,9688,57600,234,57600,1,2.5.3,268.5760430484621,268.5790067952123,True,37.708053774884945,2963.746750430836,16.82003242949992,624816,8,Windows-11-10.0.26300-SP0,3.14.7,True,100.0,154.1384818377769,20261002T115338Z,1.18.1,0,57600,55841,108314,56067,100.0,0.0,0.015488400007598102,0.013143000018317252,0.012763900012942031,0.0,219,161,2140.327077808436,36,50,5,37.876913925023274,2026-10-02T11:53:38+00:00,serial_calibration,5,,,,,,,,,
X3,syn_s5_n240_p8_a100_d3,syn_s5_n240_p8_a100_d3__od2__hag_cta__shared_border__climb_tiebreak__native,syn_s5_n240_p8_a100,synthetic,hag_cta,shared_border,climb_tiebreak,native,od2,,0.03261490000295453,10.0,height_tiebreak,61,20.0,serial,article_2_HAG_applications,True,6f060dbaf1c69bc25c1517ab2245b48bb8526299,240,240,0.3573630999890156,7.274772914946325,58,9688,35239,3,62,1164,331,57600,1,2.5.3,327.0503851944897,327.0544970530714,True,47.001420493010656,4111.858582251267,11.623216563968304,654976,8,Windows-11-10.0.26300-SP0,3.14.7,True,100.0,154.1384818377769,20261002T115338Z,1.18.1,0,1164,1163,1583,1163,2.0208333333333335,97.97916666666666,0.0006046000053174794,0.0005175999831408262,0.0004600000102072954,0.0025046000082511455,219,161,2140.327077808436,36,50,5,37.876913925023274,2026-10-02T11:53:38+00:00,serial_calibration,5,38.532329356817286,765.5063683601855,1.3873852688842363,1.0482702107500448,0.020826990920649702,1.2177198736056902,1.217721745849056,0.01012080002692528,0.039382179290835644
X3,syn_s5_n240_p8_a100_d3,syn_s5_n240_p8_a100_d3__od2__hag_cta_ring1__shared_border__climb_tiebreak__native,syn_s5_n240_p8_a100,synthetic,hag_cta_ring1,shared_border,climb_tiebreak,native,od2,,0.03261490000295453,10.0,height_tiebreak,61,20.0,serial,article_2_HAG_applications,True,6f060dbaf1c69bc25c1517ab2245b48bb8526299,240,240,0.3573630999890156,7.274772914946325,58,9688,35239,3,405,3952,317,57600,1,2.5.3,301.2294682266872,301.2334566538114,True,37.708053774884945,3988.42712474619,14.21322841111792,656512,8,Windows-11-10.0.26300-SP0,3.14.7,True,100.0,154.1384818377769,20261002T115338Z,1.18.1,0,3952,3916,6924,3930,6.861111111111111,93.1388888888889,0.0010732000228017569,0.0009309999877586961,0.0009116999863181263,0.002286499977344647,219,161,2140.327077808436,36,50,5,37.876913925023274,2026-10-02T11:53:38+00:00,serial_calibration,5,39.29051412031316,760.0657866263946,1.3457381688116226,1.050728534480551,0.07012768395981447,1.121579813328075,1.1215822868966734,0.00992550005321391,0.0708361855330725
X3,syn_s5_n240_p8_a100_d3,syn_s5_n240_p8_a100_d3__od3__full_grid__climb_tiebreak__native,syn_s5_n240_p8_a100,synthetic,full_grid,,climb_tiebreak,native,od3,,0.0,10.0,height_tiebreak,0,nan,serial,article_2_HAG_applications,True,6f060dbaf1c69bc25c1517ab2245b48bb8526299,240,240,0.3573630999890156,7.274772914946325,58,9688,35239,3,9688,57600,256,57600,1,2.5.3,236.77840797248456,236.7815917192346,True,29.052542410749993,3183.746750430836,16.81015122631251,634680,8,Windows-11-10.0.26300-SP0,3.14.7,True,100.0,154.1384818377769,20261002T115338Z,1.18.1,0,57600,52605,104040,53454,100.0,0.0,0.012926299998071045,0.012075399979948997,0.011166100011905655,0.0,63,35,2080.6249061279646,162,218,5,37.876913925023274,2026-10-02T11:53:38+00:00,serial_calibration,5,,,,,,,,,
X3,syn_s5_n240_p8_a100_d3,syn_s5_n240_p8_a100_d3__od3__hag_cta__shared_border__climb_tiebreak__native,syn_s5_n240_p8_a100,synthetic,hag_cta,shared_border,climb_tiebreak,native,od3,,0.03261490000295453,10.0,height_tiebreak,51,20.0,serial,article_2_HAG_applications,True,6f060dbaf1c69bc25c1517ab2245b48bb8526299,240,240,0.3573630999890156,7.274772914946325,58,9688,35239,3,52,828,299,57600,1,2.5.3,285.8260718211777,285.8297891213181,True,47.703644025470474,3717.300141024109,11.868381031068306,652176,8,Windows-11-10.0.26300-SP0,3.14.7,True,100.0,154.1384818377769,20261002T115338Z,1.18.1,0,828,799,1010,802,1.4375,98.5625,0.0005363999807741493,0.0004236000240780413,0.0003886000195052475,0.0022591000015381724,63,35,2080.6249061279646,162,218,5,37.876913925023274,2026-10-02T11:53:38+00:00,serial_calibration,5,41.51926516209816,762.7581530209952,1.1675866306015297,1.027566647759501,0.015188670278490638,1.2071458469067538,1.2071453149966265,0.009392699954332784,0.03507958533724946
X3,syn_s5_n240_p8_a100_d3,syn_s5_n240_p8_a100_d3__od3__hag_cta_ring1__shared_border__climb_tiebreak__native,syn_s5_n240_p8_a100,synthetic,hag_cta_ring1,shared_border,climb_tiebreak,native,od3,,0.03261490000295453,10.0,height_tiebreak,51,20.0,serial,article_2_HAG_applications,True,6f060dbaf1c69bc25c1517ab2245b48bb8526299,240,240,0.3573630999890156,7.274772914946325,58,9688,35239,3,355,3330,291,57600,1,2.5.3,252.14732441586773,252.15092029465194,True,40.82912102580565,3595.8787847868,19.10093158865137,653328,8,Windows-11-10.0.26300-SP0,3.14.7,True,100.0,154.1384818377769,20261002T115338Z,1.18.1,0,3330,3035,5408,3071,5.78125,94.21875,0.00173200000426732,0.001269300002604723,0.0008833000028971583,0.0032116000074893236,63,35,2080.6249061279646,162,218,5,37.876913925023274,2026-10-02T11:53:38+00:00,serial_calibration,5,51.35005616431893,757.1657678474378,1.1294487491193177,1.0293817356778219,0.05769413553844691,1.0649084372810258,1.064909305085007,0.007594499969854951,0.1051145307577699
X3,syn_s5_n480_p6_a120_d1,syn_s5_n480_p6_a120_d1__od1__full_grid__climb_tiebreak__native,syn_s5_n480_p6_a120,synthetic,full_grid,,climb_tiebreak,native,od1,,0.0,10.0,height_tiebreak,0,nan,serial,article_2_HAG_applications,True,6f060dbaf1c69bc25c1517ab2245b48bb8526299,480,480,1.5332067999988794,7.733329549968787,173,70484,272538,1,70484,230400,563,230400,1,2.5.3,237.61246455034853,237.61934790171367,True,18.90894970723813,6883.351365237941,16.792202104383705,2414888,6,Windows-11-10.0.26300-SP0,3.14.7,True,120.0,207.90815711452672,20261002T115338Z,1.18.1,0,230400,228037,456450,228439,100.0,0.0,0.06464539997978136,0.05454110002028756,0.053903199994238093,0.0,207,43,4697.925073902307,455,442,5,17.42635757082581,2026-10-02T11:53:38+00:00,serial_calibration,5,,,,,,,,,
X3,syn_s5_n480_p6_a120_d1,syn_s5_n480_p6_a120_d1__od1__hag_cta__shared_border__climb_tiebreak__native,syn_s5_n480_p6_a120,synthetic,hag_cta,shared_border,climb_tiebreak,native,od1,,0.21425109999836423,10.0,height_tiebreak,168,20.0,serial,article_2_HAG_applications,True,6f060dbaf1c69bc25c1517ab2245b48bb8526299,480,480,1.5332067999988794,7.733329549968787,173,70484,272538,1,169,1940,670,230400,1,2.5.3,303.0470815942766,303.0550887934032,True,22.756701362259264,8007.199128346442,10.858572685264406,2577288,6,Windows-11-10.0.26300-SP0,3.14.7,True,120.0,207.90815711452672,20261002T115338Z,1.18.1,0,1940,1936,2562,1937,0.8420138888888888,99.15798611111111,0.002269700024044141,0.0016339000139851123,0.0015687000122852623,0.01926370000001043,207,43,4697.925073902307,455,442,5,17.42635757082581,2026-10-02T11:53:38+00:00,serial_calibration,5,51.94043127707978,196.9771560359221,1.1632704337576196,1.0672494956287828,0.008489850331305884,1.2753837731861197,1.2753805254896822,0.033643500006292015,0.02995722516372705
X3,syn_s5_n480_p6_a120_d1,syn_s5_n480_p6_a120_d1__od1__hag_cta_ring1__shared_border__climb_tiebreak__native,syn_s5_n480_p6_a120,synthetic,hag_cta_ring1,shared_border,climb_tiebreak,native,od1,,0.21425109999836423,10.0,height_tiebreak,168,20.0,serial,article_2_HAG_applications,True,6f060dbaf1c69bc25c1517ab2245b48bb8526299,480,480,1.5332067999988794,7.733329549968787,173,70484,272538,1,898,6284,563,230400,1,2.5.3,242.33848901887745,242.34535580170024,True,20.937069574169186,6866.782822743017,24.203193800982127,2573008,6,Windows-11-10.0.26300-SP0,3.14.7,True,120.0,207.90815711452672,20261002T115338Z,1.18.1,0,6284,6253,10266,6264,2.7274305555555554,97.27256944444444,0.0028924000216647983,0.0022298000112641603,0.002117100026225671,0.020909100014250726,207,43,4697.925073902307,455,442,5,17.42635757082581,2026-10-02T11:53:38+00:00,serial_calibration,5,55.64762660858577,116.61903789690601,0.9975929541271716,1.065477156704576,0.02742098869920232,1.0198896319579545,1.0198889860683458,0.03140219999477267,0.04088293067860284
X3,syn_s5_n480_p6_a120_d1,syn_s5_n480_p6_a120_d1__od2__full_grid__climb_tiebreak__native,syn_s5_n480_p6_a120,synthetic,full_grid,,climb_tiebreak,native,od2,,0.0,10.0,height_tiebreak,0,nan,serial,article_2_HAG_applications,True,6f060dbaf1c69bc25c1517ab2245b48bb8526299,480,480,1.5332067999988794,7.733329549968787,173,70484,272538,1,70484,230400,514,230400,1,2.5.3,189.89296568763538,189.8989116883532,True,14.26338119755977,5946.000717874998,18.762222166650965,2405880,6,Windows-11-10.0.26300-SP0,3.14.7,True,120.0,207.90815711452672,20261002T115338Z,1.18.1,0,230400,187243,375534,189040,100.0,0.0,0.06063419999554753,0.043974900007015094,0.04105520001030527,0.0,443,325,4383.53738435068,68,98,5,17.42635757082581,2026-10-02T11:53:38+00:00,serial_calibration,5,,,,,,,,,
X3,syn_s5_n480_p6_a120_d1,syn_s5_n480_p6_a120_d1__od2__hag_cta__shared_border__climb_tiebreak__native,syn_s5_n480_p6_a120,synthetic,hag_cta,shared_border,climb_tiebreak,native,od2,,0.21425109999836423,10.0,height_tiebreak,144,20.0,serial,article_2_HAG_applications,True,6f060dbaf1c69bc25c1517ab2245b48bb8526299,480,480,1.5332067999988794,7.733329549968787,173,70484,272538,1,145,1478,562,230400,1,2.5.3,228.00609889500728,228.01254974853856,True,14.510731038298275,6450.853531617384,10.868459732866427,2570824,6,Windows-11-10.0.26300-SP0,3.14.7,True,120.0,207.90815711452672,20261002T115338Z,1.18.1,0,1478,1443,1937,1466,0.6414930555555556,99.35850694444444,0.0017069000168703496,0.0014297000016085804,0.0014109000039752573,0.022697200009133667,443,325,4383.53738435068,68,98,5,17.42635757082581,2026-10-02T11:53:38+00:00,serial_calibration,5,88.04201432514056,420.0,1.0849062820030757,1.0685586978569173,0.007706563129195751,1.2007085047587605,1.2007048788290815,0.019847999996272847,0.032511728312753584
X3,syn_s5_n480_p6_a120_d1,syn_s5_n480_p6_a120_d1__od2__hag_cta_ring1__shared_border__climb_tiebreak__native,syn_s5_n480_p6_a120,synthetic,hag_cta_ring1,shared_border,climb_tiebreak,native,od2,,0.21425109999836423,10.0,height_tiebreak,144,20.0,serial,article_2_HAG_applications,True,6f060dbaf1c69bc25c1517ab2245b48bb8526299,480,480,1.5332067999988794,7.733329549968787,173,70484,272538,1,718,5056,515,230400,1,2.5.3,193.5956942257694,193.60151353601157,True,14.26338119755977,5819.310242291876,18.29285635216616,2569216,6,Windows-11-10.0.26300-SP0,3.14.7,True,120.0,207.90815711452672,20261002T115338Z,1.18.1,0,5056,4943,8372,4986,2.1944444444444446,97.80555555555556,0.0023412000155076385,0.0019600999949034303,0.001920800015795976,0.019885099987732247,443,325,4383.53738435068,68,98,5,17.42635757082581,2026-10-02T11:53:38+00:00,serial_calibration,5,78.96437358265761,410.0,0.9786931617410906,1.0678903353450713,0.026398850691347606,1.019499029491302,1.0194977518024684,0.022129700024379417,0.04457315410815591
X3,syn_s5_n480_p6_a120_d1,syn_s5_n480_p6_a120_d1__od3__full_grid__climb_tiebreak__native,syn_s5_n480_p6_a120,synthetic,full_grid,,climb_tiebreak,native,od3,,0.0,10.0,height_tiebreak,0,nan,serial,article_2_HAG_applications,True,6f060dbaf1c69bc25c1517ab2245b48bb8526299,480,480,1.5332067999988794,7.733329549968787,173,70484,272538,1,70484,230400,561,230400,1,2.5.3,224.18804072886667,224.1947963847048,True,20.144004575375263,6755.655839020937,16.836678557513878,2414224,6,Windows-11-10.0.26300-SP0,3.14.7,True,120.0,207.90815711452672,20261002T115338Z,1.18.1,0,230400,218745,439993,219672,100.0,0.0,0.06319640000583604,0.05704429998877458,0.05467519999365322,0.0,123,68,4241.851011056377,325,441,5,17.42635757082581,2026-10-02T11:53:38+00:00,serial_calibration,5,,,,,,,,,
X3,syn_s5_n480_p6_a120_d1,syn_s5_n480_p6_a120_d1__od3__hag_cta__shared_border__climb_tiebreak__native,syn_s5_n480_p6_a120,synthetic,hag_cta,shared_border,climb_tiebreak,native,od3,,0.21425109999836423,10.0,height_tiebreak,159,20.0,serial,article_2_HAG_applications,True,6f060dbaf1c69bc25c1517ab2245b48bb8526299,480,480,1.5332067999988794,7.733329549968787,173,70484,272538,1,160,1667,674,230400,1,2.5.3,281.12243991548246,281.1304456932535,True,18.234014951607627,8005.777772109133,10.84478436870202,2578344,6,Windows-11-10.0.26300-SP0,3.14.7,True,120.0,207.90815711452672,20261002T115338Z,1.18.1,0,1667,1667,2122,1667,0.7235243055555556,99.27647569444444,0.0019653000053949654,0.001913400017656386,0.0018606999947223812,0.02222240000264719,123,68,4241.851011056377,325,441,5,17.42635757082581,2026-10-02T11:53:38+00:00,serial_calibration,5,53.10050296037343,196.9771560359221,1.1850481970776905,1.0679804359496052,0.007620745617042676,1.2539582352453507,1.2539561587810029,0.032908499968471006,0.033542352488029704
X3,syn_s5_n480_p6_a120_d1,syn_s5_n480_p6_a120_d1__od3__hag_cta_ring1__shared_border__climb_tiebreak__native,syn_s5_n480_p6_a120,synthetic,hag_cta_ring1,shared_border,climb_tiebreak,native,od3,,0.21425109999836423,10.0,height_tiebreak,159,20.0,serial,article_2_HAG_applications,True,6f060dbaf1c69bc25c1517ab2245b48bb8526299,480,480,1.5332067999988794,7.733329549968787,173,70484,272538,1,803,5494,580,230400,1,2.5.3,227.23035676949667,227.23734798882668,True,25.086106763605155,6991.219330881976,11.787218190233911,2574088,6,Windows-11-10.0.26300-SP0,3.14.7,True,120.0,207.90815711452672,20261002T115338Z,1.18.1,0,5494,5432,9106,5467,2.384548611111111,97.61545138888889,0.004123500024434179,0.003743399982340634,0.0029716000135522336,0.02266119999694638,123,68,4241.851011056377,325,441,5,17.42635757082581,2026-10-02T11:53:38+00:00,serial_calibration,5,57.03247419054834,80.0,1.0348690782174568,1.0662175506498155,0.024832567601545178,1.0135703761482504,1.0135710179414736,0.03063970000948757,0.06562268242536548
X3,syn_s6_n120_p4_a200_d1,syn_s6_n120_p4_a200_d1__od1__full_grid__climb_tiebreak__native,syn_s6_n120_p4_a200,synthetic,full_grid,,climb_tiebreak,native,od1,,0.0,10.0,height_tiebreak,0,nan,serial,article_2_HAG_applications,True,6f060dbaf1c69bc25c1517ab2245b48bb8526299,120,120,0.09656229999382049,7.913750741336949,99,11803,46703,1,11803,14400,111,14400,1,2.5.3,353.73204546509055,353.73343541458365,True,68.95754959692324,1389.9494936611666,26.653941597275907,168568,4,Windows-11-10.0.26300-SP0,3.14.7,True,200.0,298.7917320991959,20261002T115338Z,1.18.1,0,14400,14062,27768,14199,100.0,0.0,0.004743499972391874,0.0031826000194996595,0.0030057000112719834,0.0,94,14,1260.6347607455539,10,108,6,79.78362600376838,2026-10-02T11:53:38+00:00,serial_calibration,5,,,,,,,,,
X3,syn_s6_n120_p4_a200_d1,syn_s6_n120_p4_a200_d1__od1__hag_cta__shared_border__climb_tiebreak__native,syn_s6_n120_p4_a200,synthetic,hag_cta,shared_border,climb_tiebreak,native,od1,,0.016611399973044172,10.0,height_tiebreak,110,20.0,serial,article_2_HAG_applications,True,6f060dbaf1c69bc25c1517ab2245b48bb8526299,120,120,0.09656229999382049,7.913750741336949,99,11803,46703,1,111,159,114,14400,1,2.5.3,354.69689695795773,354.69833761812913,True,67.37176600450624,1440.6601717798217,11.627633943077996,164448,4,Windows-11-10.0.26300-SP0,3.14.7,True,200.0,298.7917320991959,20261002T115338Z,1.18.1,0,159,159,166,159,1.1041666666666667,98.89583333333334,0.00035960000241175294,0.00022149999858811498,0.00018259999342262745,0.0037161999789532274,94,14,1260.6347607455539,10,108,6,79.78362600376838,2026-10-02T11:53:38+00:00,serial_calibration,5,inf,40.0,1.0364838279016035,0.9755588249252527,0.01130706869577585,1.0027276338268944,1.002727766467466,-0.0007550999580416828,0.06959718382171608
X3,syn_s6_n120_p4_a200_d1,syn_s6_n120_p4_a200_d1__od1__hag_cta_ring1__shared_border__climb_tiebreak__native,syn_s6_n120_p4_a200,synthetic,hag_cta_ring1,shared_border,climb_tiebreak,native,od1,,0.016611399973044172,10.0,height_tiebreak,110,20.0,serial,article_2_HAG_applications,True,6f060dbaf1c69bc25c1517ab2245b48bb8526299,120,120,0.09656229999382049,7.913750741336949,99,11803,46703,1,473,616,112,14400,1,2.5.3,353.73204546509055,353.73344127244803,True,68.95754959692324,1395.8073580374362,26.335974039710845,165392,4,Windows-11-10.0.26300-SP0,3.14.7,True,200.0,298.7917320991959,20261002T115338Z,1.18.1,0,616,612,1021,615,4.277777777777778,95.72222222222221,0.0026917999784927815,0.0002521999995224178,0.0002136999974027276,0.004040200001327321,94,14,1260.6347607455539,10,108,6,79.78362600376838,2026-10-02T11:53:38+00:00,serial_calibration,5,inf,20.0,1.0042144440520928,0.9811589388258745,0.04352154743279761,1.0,1.0000000165601093,-0.0011097999813500792,0.07924338527530911
X3,syn_s6_n120_p4_a200_d1,syn_s6_n120_p4_a200_d1__od2__full_grid__climb_tiebreak__native,syn_s6_n120_p4_a200,synthetic,full_grid,,climb_tiebreak,native,od2,,0.0,10.0,height_tiebreak,0,nan,serial,article_2_HAG_applications,True,6f060dbaf1c69bc25c1517ab2245b48bb8526299,120,120,0.09656229999382049,7.913750741336949,99,11803,46703,1,11803,14400,105,14400,1,2.5.3,227.35082454862254,227.35207993967484,True,90.93734733461005,1255.3910524340095,26.165364233457797,171456,4,Windows-11-10.0.26300-SP0,3.14.7,True,200.0,298.7917320991959,20261002T115338Z,1.18.1,0,14400,11142,22567,11739,100.0,0.0,0.004855599981965497,0.003343799995491281,0.002363300009164959,0.0,11,6,1070.420478129973,64,99,6,79.78362600376838,2026-10-02T11:53:38+00:00,serial_calibration,5,,,,,,,,,
X3,syn_s6_n120_p4_a200_d1,syn_s6_n120_p4_a200_d1__od2__hag_cta__shared_border__climb_tiebreak__native,syn_s6_n120_p4_a200,synthetic,hag_cta,shared_border,climb_tiebreak,native,od2,,0.016611399973044172,10.0,height_tiebreak,78,20.0,serial,article_2_HAG_applications,True,6f060dbaf1c69bc25c1517ab2245b48bb8526299,120,120,0.09656229999382049,7.913750741336949,99,11803,46703,1,79,141,107,14400,1,2.5.3,229.64552779091514,229.6468694561374,True,64.2163877832624,1341.6652224137051,11.660820959883704,164432,4,Windows-11-10.0.26300-SP0,3.14.7,True,200.0,298.7917320991959,20261002T115338Z,1.18.1,0,141,141,145,141,0.9791666666666666,99.02083333333334,0.000229199999012053,0.00015810001059435308,0.0001509999856352806,0.003722699999343604,11,6,1070.420478129973,64,99,6,79.78362600376838,2026-10-02T11:53:38+00:00,serial_calibration,5,inf,40.0,1.0687229447847533,0.9590332213512505,0.012654819601507808,1.0100932259508997,1.0100935496920525,-0.0005370000144466758,0.047281539209142964
X3,syn_s6_n120_p4_a200_d1,syn_s6_n120_p4_a200_d1__od2__hag_cta_ring1__shared_border__climb_tiebreak__native,syn_s6_n120_p4_a200,synthetic,hag_cta_ring1,shared_border,climb_tiebreak,native,od2,,0.016611399973044172,10.0,height_tiebreak,78,20.0,serial,article_2_HAG_applications,True,6f060dbaf1c69bc25c1517ab2245b48bb8526299,120,120,0.09656229999382049,7.913750741336949,99,11803,46703,1,377,547,105,14400,1,2.5.3,227.35082454862254,227.35208822394608,True,91.42177067944189,1263.6753236814716,26.454768650764233,165400,4,Windows-11-10.0.26300-SP0,3.14.7,True,200.0,298.7917320991959,20261002T115338Z,1.18.1,0,547,543,865,546,3.798611111111111,96.2013888888889,0.0003184000088367611,0.00022050002007745206,0.0001978000218514353,0.0038093999901320785,11,6,1070.420478129973,64,99,6,79.78362600376838,2026-10-02T11:53:38+00:00,serial_calibration,5,inf,10.0,1.0065989567405313,0.9646789846957821,0.04873451803984922,1.0,1.000000036438071,-0.0006861000147182494,0.06594294526430117
X3,syn_s6_n120_p4_a200_d1,syn_s6_n120_p4_a200_d1__od3__full_grid__climb_tiebreak__native,syn_s6_n120_p4_a200,synthetic,full_grid,,climb_tiebreak,native,od3,,0.0,10.0,height_tiebreak,0,nan,serial,article_2_HAG_applications,True,6f060dbaf1c69bc25c1517ab2245b48bb8526299,120,120,0.09656229999382049,7.913750741336949,99,11803,46703,1,11803,14400,119,14400,1,2.5.3,288.63620745381326,288.637685687578,True,105.81792510607443,1478.2337649086287,26.212947963910658,165408,4,Windows-11-10.0.26300-SP0,3.14.7,True,200.0,298.7917320991959,20261002T115338Z,1.18.1,0,14400,13613,27359,13849,100.0,0.0,0.003059100010432303,0.0030258999904617667,0.0029705999768339097,0.0,109,94,1308.7398519186308,7,12,6,79.78362600376838,2026-10-02T11:53:38+00:00,serial_calibration,5,,,,,,,,,
X3,syn_s6_n120_p4_a200_d1,syn_s6_n120_p4_a200_d1__od3__hag_cta__shared_border__climb_tiebreak__native,syn_s6_n120_p4_a200,synthetic,hag_cta,shared_border,climb_tiebreak,native,od3,,0.016611399973044172,10.0,height_tiebreak,78,20.0,serial,article_2_HAG_applications,True,6f060dbaf1c69bc25c1517ab2245b48bb8526299,120,120,0.09656229999382049,7.913750741336949,99,11803,46703,1,79,185,125,14400,1,2.5.3,290.3577185569337,290.35935620195346,True,144.39845049836498,1637.645019878172,10.884731020965507,165120,4,Windows-11-10.0.26300-SP0,3.14.7,True,200.0,298.7917320991959,20261002T115338Z,1.18.1,0,185,185,195,185,1.2847222222222223,98.71527777777777,0.00023849998251534998,0.00017070001922547817,0.00015320000238716602,0.0034349000197835267,109,94,1308.7398519186308,7,12,6,79.78362600376838,2026-10-02T11:53:38+00:00,serial_calibration,5,inf,67.08203932499369,1.1078390027029295,0.9982588508415554,0.01358995078234041,1.0059642936633164,1.0059648154061178,-0.0005797000485472381,0.0564129745740303
X3,syn_s6_n120_p4_a200_d1,syn_s6_n120_p4_a200_d1__od3__hag_cta_ring1__shared_border__climb_tiebreak__native,syn_s6_n120_p4_a200,synthetic,hag_cta_ring1,shared_border,climb_tiebreak,native,od3,,0.016611399973044172,10.0,height_tiebreak,78,20.0,serial,article_2_HAG_applications,True,6f060dbaf1c69bc25c1517ab2245b48bb8526299,120,120,0.09656229999382049,7.913750741336949,99,11803,46703,1,468,728,119,14400,1,2.5.3,288.63620745381326,288.6376939718493,True,105.81792510607443,1486.5180361560908,15.551648792626374,166048,4,Windows-11-10.0.26300-SP0,3.14.7,True,200.0,298.7917320991959,20261002T115338Z,1.18.1,0,728,723,1230,727,5.055555555555555,94.94444444444444,0.00039229998947121203,0.00026599998818710446,0.00025240000104531646,0.003231100010452792,109,94,1308.7398519186308,7,12,6,79.78362600376838,2026-10-02T11:53:38+00:00,serial_calibration,5,inf,50.0,1.0056041685991215,1.0038692203520991,0.053110996841254685,1.0,1.0000000287012807,-0.0004712000081781298,0.08790772630476515
X3,syn_s6_n120_p4_a200_d5,syn_s6_n120_p4_a200_d5__od1__full_grid__climb_tiebreak__native,syn_s6_n120_p4_a200,synthetic,full_grid,,climb_tiebreak,native,od1,,0.0,10.0,height_tiebreak,0,nan,serial,article_2_HAG_applications,True,6f060dbaf1c69bc25c1517ab2245b48bb8526299,120,120,0.08726460000616498,7.523037974683544,47,3950,14858,5,3950,14400,111,14400,1,2.5.3,353.73204546509055,353.73343541458365,True,68.95754959692324,1389.9494936611666,26.653941597275907,168568,4,Windows-11-10.0.26300-SP0,3.14.7,True,200.0,298.7917320991959,20261002T115338Z,1.18.1,0,14400,14062,27768,14199,100.0,0.0,0.004848400014452636,0.004431899986229837,0.004396200005430728,0.0,94,14,1260.6347607455539,10,108,6,79.78362600376838,2026-10-02T11:53:38+00:00,serial_calibration,5,,,,,,,,,
X3,syn_s6_n120_p4_a200_d5,syn_s6_n120_p4_a200_d5__od1__hag_cta__shared_border__climb_tiebreak__native,syn_s6_n120_p4_a200,synthetic,hag_cta,shared_border,climb_tiebreak,native,od1,,0.012846099998569116,10.0,height_tiebreak,43,20.0,serial,article_2_HAG_applications,True,6f060dbaf1c69bc25c1517ab2245b48bb8526299,120,120,0.08726460000616498,7.523037974683544,47,3950,14858,5,44,321,167,14400,1,2.5.3,452.22796012221824,452.23003433578026,True,95.91528193418094,2074.213562373095,10.698539141849132,168136,4,Windows-11-10.0.26300-SP0,3.14.7,True,200.0,298.7917320991959,20261002T115338Z,1.18.1,0,321,320,353,320,2.2291666666666665,97.77083333333333,0.0004563999827951193,0.00030139999580569565,0.0002846999850589782,0.0015067000058479607,94,14,1260.6347607455539,10,108,6,79.78362600376838,2026-10-02T11:53:38+00:00,serial_calibration,5,38.15485196784345,126.49110640673517,1.4922941961794292,0.9974372360115799,0.022756364670743847,1.278447813591851,1.2784486538733788,0.0026237999845761806,0.06800694888020091
X3,syn_s6_n120_p4_a200_d5,syn_s6_n120_p4_a200_d5__od1__hag_cta_ring1__shared_border__climb_tiebreak__native,syn_s6_n120_p4_a200,synthetic,hag_cta_ring1,shared_border,climb_tiebreak,native,od1,,0.012846099998569116,10.0,height_tiebreak,43,20.0,serial,article_2_HAG_applications,True,6f060dbaf1c69bc25c1517ab2245b48bb8526299,120,120,0.08726460000616498,7.523037974683544,47,3950,14858,5,275,1463,121,14400,1,2.5.3,378.10111820975465,378.10259159070523,True,94.70885798915846,1473.380951166243,14.393867348349254,166888,4,Windows-11-10.0.26300-SP0,3.14.7,True,200.0,298.7917320991959,20261002T115338Z,1.18.1,0,1463,1451,2435,1457,10.159722222222221,89.84027777777777,0.0008397000201512128,0.0006250000151339918,0.0005401999806053936,0.001622100011445582,94,14,1260.6347607455539,10,108,6,79.78362600376838,2026-10-02T11:53:38+00:00,serial_calibration,5,45.82144903589231,70.71067811865476,1.0600248123299183,0.9900336956005885,0.10318589105390413,1.0688913347181292,1.0688912998782838,0.002184799959650263,0.14102304137636276
X3,syn_s6_n120_p4_a200_d5,syn_s6_n120_p4_a200_d5__od2__full_grid__climb_tiebreak__native,syn_s6_n120_p4_a200,synthetic,full_grid,,climb_tiebreak,native,od2,,0.0,10.0,height_tiebreak,0,nan,serial,article_2_HAG_applications,True,6f060dbaf1c69bc25c1517ab2245b48bb8526299,120,120,0.08726460000616498,7.523037974683544,47,3950,14858,5,3950,14400,105,14400,1,2.5.3,227.35082454862254,227.35207993967484,True,90.93734733461005,1255.3910524340095,26.165364233457797,171520,4,Windows-11-10.0.26300-SP0,3.14.7,True,200.0,298.7917320991959,20261002T115338Z,1.18.1,0,14400,11142,22567,11739,100.0,0.0,0.004472399974474683,0.003500599996186793,0.003245600004447624,0.0,11,6,1070.420478129973,64,99,6,79.78362600376838,2026-10-02T11:53:38+00:00,serial_calibration,5,,,,,,,,,
X3,syn_s6_n120_p4_a200_d5,syn_s6_n120_p4_a200_d5__od2__hag_cta__shared_border__climb_tiebreak__native,syn_s6_n120_p4_a200,synthetic,hag_cta,shared_border,climb_tiebreak,native,od2,,0.012846099998569116,10.0,height_tiebreak,46,20.0,serial,article_2_HAG_applications,True,6f060dbaf1c69bc25c1517ab2245b48bb8526299,120,120,0.08726460000616498,7.523037974683544,47,3950,14858,5,47,304,160,14400,1,2.5.3,309.36352232789903,309.3655058307831,True,102.26003610150002,1983.5028842544402,24.256364131511262,168072,4,Windows-11-10.0.26300-SP0,3.14.7,True,200.0,298.7917320991959,20261002T115338Z,1.18.1,0,304,304,370,304,2.111111111111111,97.88888888888889,0.0003456000122241676,0.0002662999904714525,0.00024530000519007444,0.0011442000104580075,11,6,1070.420478129973,64,99,6,79.78362600376838,2026-10-02T11:53:38+00:00,serial_calibration,5,47.89756482077236,304.138126514911,1.57998806858527,0.9798973880597015,0.027284150062825346,1.3607319126381123,1.3607331233251507,0.002090099995257333,0.07607267061690377
X3,syn_s6_n120_p4_a200_d5,syn_s6_n120_p4_a200_d5__od2__hag_cta_ring1__shared_border__climb_tiebreak__native,syn_s6_n120_p4_a200,synthetic,hag_cta_ring1,shared_border,climb_tiebreak,native,od2,,0.012846099998569116,10.0,height_tiebreak,46,20.0,serial,article_2_HAG_applications,True,6f060dbaf1c69bc25c1517ab2245b48bb8526299,120,120,0.08726460000616498,7.523037974683544,47,3950,14858,5,244,1142,157,14400,1,2.5.3,276.03922067965254,276.04116175612995,True,53.59906435377589,1941.0764773832477,26.156020481418963,169744,4,Windows-11-10.0.26300-SP0,3.14.7,True,200.0,298.7917320991959,20261002T115338Z,1.18.1,0,1142,1123,1955,1126,7.930555555555555,92.06944444444444,0.0006722000252921134,0.0005655999993905425,0.0004811999970115721,0.001238100026967004,11,6,1070.420478129973,64,99,6,79.78362600376838,2026-10-02T11:53:38+00:00,serial_calibration,5,58.9962294682626,290.0,1.5461926971837183,0.9896455223880597,0.10078980434392389,1.2141553531978382,1.214157186639217,0.0016968999698292464,0.1615723018930044
X3,syn_s6_n120_p4_a200_d5,syn_s6_n120_p4_a200_d5__od3__full_grid__climb_tiebreak__native,syn_s6_n120_p4_a200,synthetic,full_grid,,climb_tiebreak,native,od3,,0.0,10.0,height_tiebreak,0,nan,serial,article_2_HAG_applications,True,6f060dbaf1c69bc25c1517ab2245b48bb8526299,120,120,0.08726460000616498,7.523037974683544,47,3950,14858,5,3950,14400,119,14400,1,2.5.3,288.63620745381326,288.637685687578,True,105.81792510607443,1478.2337649086287,26.212947963910658,165536,4,Windows-11-10.0.26300-SP0,3.14.7,True,200.0,298.7917320991959,20261002T115338Z,1.18.1,0,14400,13613,27359,13849,100.0,0.0,0.004455800022697076,0.003545599989593029,0.0034434999979566783,0.0,109,94,1308.7398519186308,7,12,6,79.78362600376838,2026-10-02T11:53:38+00:00,serial_calibration,5,,,,,,,,,
X3,syn_s6_n120_p4_a200_d5,syn_s6_n120_p4_a200_d5__od3__hag_cta__shared_border__climb_tiebreak__native,syn_s6_n120_p4_a200,synthetic,hag_cta,shared_border,climb_tiebreak,native,od3,,0.012846099998569116,10.0,height_tiebreak,53,20.0,serial,article_2_HAG_applications,True,6f060dbaf1c69bc25c1517ab2245b48bb8526299,120,120,0.08726460000616498,7.523037974683544,47,3950,14858,5,54,352,161,14400,1,2.5.3,357.5146794453301,357.5166688060786,True,145.67380376127406,1989.3607486307098,10.851417704091114,168368,4,Windows-11-10.0.26300-SP0,3.14.7,True,200.0,298.7917320991959,20261002T115338Z,1.18.1,0,352,350,438,350,2.4444444444444446,97.55555555555556,0.0004776999994646758,0.00031510001281276345,0.0002880000101868063,0.001766299974406138,109,94,1308.7398519186308,7,12,6,79.78362600376838,2026-10-02T11:53:38+00:00,serial_calibration,5,68.37228509930992,275.86228448267445,1.3457687111846444,1.0171080610864103,0.025710717696319694,1.2386342053172195,1.2386347539976306,0.0014642000023741275,0.08887071687094947
X3,syn_s6_n120_p4_a200_d5,syn_s6_n120_p4_a200_d5__od3__hag_cta_ring1__shared_border__climb_tiebreak__native,syn_s6_n120_p4_a200,synthetic,hag_cta_ring1,shared_border,climb_tiebreak,native,od3,,0.012846099998569116,10.0,height_tiebreak,53,20.0,serial,article_2_HAG_applications,True,6f060dbaf1c69bc25c1517ab2245b48bb8526299,120,120,0.08726460000616498,7.523037974683544,47,3950,14858,5,253,1380,142,14400,1,2.5.3,316.99463008812427,316.9963507482958,True,105.81792510607443,1720.6601717798212,26.159044335277972,169064,4,Windows-11-10.0.26300-SP0,3.14.7,True,200.0,298.7917320991959,20261002T115338Z,1.18.1,0,1380,1364,2446,1379,9.583333333333334,90.41666666666667,0.0008113000076264143,0.0006533999985549599,0.0005704000068362802,0.0015574000135529786,109,94,1308.7398519186308,7,12,6,79.78362600376838,2026-10-02T11:53:38+00:00,serial_calibration,5,75.00052569176218,261.72504656604804,1.1639973410336606,1.0213125845737483,0.10019833982222875,1.0982497063846324,1.0982500431056437,0.0013347999774850905,0.1842847474257688
X3,syn_s6_n120_p8_a100_d5,syn_s6_n120_p8_a100_d5__od1__full_grid__climb_tiebreak__native,syn_s6_n120_p8_a100,synthetic,full_grid,,climb_tiebreak,native,od1,,0.0,10.0,height_tiebreak,0,nan,serial,article_2_HAG_applications,True,6f060dbaf1c69bc25c1517ab2245b48bb8526299,120,120,0.05865560000529513,7.553967848941056,40,3919,14802,5,3919,14400,152,14400,1,2.5.3,264.8430024152609,264.84480650689,True,54.84830086675372,1804.0916292848976,14.315742862844274,169360,8,Windows-11-10.0.26300-SP0,3.14.7,True,100.0,152.79137536992738,20261002T115338Z,1.18.1,0,14400,13811,26293,13993,100.0,0.0,0.05858670000452548,0.0022936000023037195,0.0021985999774187803,0.0,94,14,1260.6347607455539,10,108,6,79.10559244127376,2026-10-02T11:53:38+00:00,serial_calibration,5,,,,,,,,,
X3,syn_s6_n120_p8_a100_d5,syn_s6_n120_p8_a100_d5__od1__hag_cta__shared_border__climb_tiebreak__native,syn_s6_n120_p8_a100,synthetic,hag_cta,shared_border,climb_tiebreak,native,od1,,0.006742300000041723,10.0,height_tiebreak,37,20.0,serial,article_2_HAG_applications,True,6f060dbaf1c69bc25c1517ab2245b48bb8526299,120,120,0.05865560000529513,7.553967848941056,40,3919,14802,5,38,314,159,14400,1,2.5.3,325.4381268162721,325.440013334308,True,86.79639575184524,1886.5180361560901,11.736084173892166,167768,8,Windows-11-10.0.26300-SP0,3.14.7,True,100.0,152.79137536992738,20261002T115338Z,1.18.1,0,314,283,324,294,2.1805555555555554,97.81944444444444,0.00029319999157451093,0.00019049999536946416,0.00015480001457035542,0.01807869999902323,94,14,1260.6347607455539,10,108,6,79.10559244127376,2026-10-02T11:53:38+00:00,serial_calibration,5,inf,40.0,1.0456885922717043,0.9905999055266888,0.020490913040330173,1.2287963957831929,1.2287951484744013,-0.015975599992088974,0.08305720054853666
X3,syn_s6_n120_p8_a100_d5,syn_s6_n120_p8_a100_d5__od1__hag_cta_ring1__shared_border__climb_tiebreak__native,syn_s6_n120_p8_a100,synthetic,hag_cta_ring1,shared_border,climb_tiebreak,native,od1,,0.006742300000041723,10.0,height_tiebreak,37,20.0,serial,article_2_HAG_applications,True,6f060dbaf1c69bc25c1517ab2245b48bb8526299,120,120,0.05865560000529513,7.553967848941056,40,3919,14802,5,238,1390,152,14400,1,2.5.3,264.8430024152609,264.84480650689,True,54.84830086675372,1804.0916292848976,14.315742862844274,168368,8,Windows-11-10.0.26300-SP0,3.14.7,True,100.0,152.79137536992738,20261002T115338Z,1.18.1,0,1390,1265,2112,1311,9.652777777777779,90.34722222222223,0.00039319999632425606,0.0002793000021483749,0.00026130001060664654,0.0008543999865651131,94,14,1260.6347607455539,10,108,6,79.10559244127376,2026-10-02T11:53:38+00:00,serial_calibration,5,56.38235989230755,0.0,1.0,0.9941426547000473,0.09159365722974441,1.0,1.0,0.0011599000135902315,0.12177363178751423
X3,syn_s6_n120_p8_a100_d5,syn_s6_n120_p8_a100_d5__od2__full_grid__climb_tiebreak__native,syn_s6_n120_p8_a100,synthetic,full_grid,,climb_tiebreak,native,od2,,0.0,10.0,height_tiebreak,0,nan,serial,article_2_HAG_applications,True,6f060dbaf1c69bc25c1517ab2245b48bb8526299,120,120,0.05865560000529513,7.553967848941056,40,3919,14802,5,3919,14400,119,14400,1,2.5.3,167.69758050886472,167.6990504583584,True,59.95031762904991,1469.9494936611673,14.192714681819783,167240,8,Windows-11-10.0.26300-SP0,3.14.7,True,100.0,152.79137536992738,20261002T115338Z,1.18.1,0,14400,6766,13540,7334,100.0,0.0,0.0011596000113058835,0.0011089000036008656,0.0010955000179819763,0.0,11,6,1070.420478129973,64,99,6,79.10559244127376,2026-10-02T11:53:38+00:00,serial_calibration,5,,,,,,,,,
X3,syn_s6_n120_p8_a100_d5,syn_s6_n120_p8_a100_d5__od2__hag_cta__shared_border__climb_tiebreak__native,syn_s6_n120_p8_a100,synthetic,hag_cta,shared_border,climb_tiebreak,native,od2,,0.006742300000041723,10.0,height_tiebreak,22,20.0,serial,article_2_HAG_applications,True,6f060dbaf1c69bc25c1517ab2245b48bb8526299,120,120,0.05865560000529513,7.553967848941056,40,3919,14802,5,23,357,122,14400,1,2.5.3,238.10254165188886,238.1040043221618,True,82.19773586909294,1462.6702730475884,10.927086941599503,165328,8,Windows-11-10.0.26300-SP0,3.14.7,True,100.0,152.79137536992738,20261002T115338Z,1.18.1,0,357,306,382,314,2.4791666666666665,97.52083333333333,0.00022220000391826034,0.00013109997962601483,0.00012089998926967382,0.0007496000034734607,11,6,1070.420478129973,64,99,6,79.10559244127376,2026-10-02T11:53:38+00:00,serial_calibration,5,286.581481726635,122.06555615733703,0.9950479791006637,0.9885673283903372,0.04522613065326633,1.4198328975849621,1.419829174174637,0.0002282000205013901,0.11822524952682982
X3,syn_s6_n120_p8_a100_d5,syn_s6_n120_p8_a100_d5__od2__hag_cta_ring1__shared_border__climb_tiebreak__native,syn_s6_n120_p8_a100,synthetic,hag_cta_ring1,shared_border,climb_tiebreak,native,od2,,0.006742300000041723,10.0,height_tiebreak,22,20.0,serial,article_2_HAG_applications,True,6f060dbaf1c69bc25c1517ab2245b48bb8526299,120,120,0.05865560000529513,7.553967848941056,40,3919,14802,5,197,1432,119,14400,1,2.5.3,182.41618499841368,182.4176549479073,True,59.95031762904991,1469.9494936611673,14.64388985365906,166400,8,Windows-11-10.0.26300-SP0,3.14.7,True,100.0,152.79137536992738,20261002T115338Z,1.18.1,0,1432,1211,2080,1230,9.944444444444445,90.05555555555556,0.0003563000063877553,0.00025919999461621046,0.00024560000747442245,0.0007613999769091606,11,6,1070.420478129973,64,99,6,79.10559244127376,2026-10-02T11:53:38+00:00,serial_calibration,5,740.6328001038904,20.0,1.0,0.9949772781631189,0.17898315104936446,1.0877687349148781,1.0877679655866845,8.830003207549453e-05,0.2337451472400808
X3,syn_s6_n120_p8_a100_d5,syn_s6_n120_p8_a100_d5__od3__full_grid__climb_tiebreak__native,syn_s6_n120_p8_a100,synthetic,full_grid,,climb_tiebreak,native,od3,,0.0,10.0,height_tiebreak,0,nan,serial,article_2_HAG_applications,True,6f060dbaf1c69bc25c1517ab2245b48bb8526299,120,120,0.05865560000529513,7.553967848941056,40,3919,14802,5,3919,14400,174,14400,1,2.5.3,240.88224385903726,240.88430937202267,True,87.0838787513297,2065.512985522207,11.695746854927457,171288,8,Windows-11-10.0.26300-SP0,3.14.7,True,100.0,152.79137536992738,20261002T115338Z,1.18.1,0,14400,13644,25819,13875,100.0,0.0,0.0031159999780356884,0.0022589000000152737,0.0022160999942570925,0.0,109,94,1308.7398519186308,7,12,6,79.10559244127376,2026-10-02T11:53:38+00:00,serial_calibration,5,,,,,,,,,
X3,syn_s6_n120_p8_a100_d5,syn_s6_n120_p8_a100_d5__od3__hag_cta__shared_border__climb_tiebreak__native,syn_s6_n120_p8_a100,synthetic,hag_cta,shared_border,climb_tiebreak,native,od3,,0.006742300000041723,10.0,height_tiebreak,38,20.0,serial,article_2_HAG_applications,True,6f060dbaf1c69bc25c1517ab2245b48bb8526299,120,120,0.05865560000529513,7.553967848941056,40,3919,14802,5,39,405,191,14400,1,2.5.3,339.2934805988246,339.2956871168606,True,82.19773586909294,2206.51803615609,10.88982336881572,169792,8,Windows-11-10.0.26300-SP0,3.14.7,True,100.0,152.79137536992738,20261002T115338Z,1.18.1,0,405,403,458,405,2.8125,97.1875,0.0002869000018108636,0.0002429999876767397,0.00022610000451095402,0.0007016999879851937,109,94,1308.7398519186308,7,12,6,79.10559244127376,2026-10-02T11:53:38+00:00,serial_calibration,5,49.76251620259729,134.5362404707371,1.06826635882816,0.9912661715940404,0.029536792729404866,1.4085450017535412,1.4085420839630158,0.0013142000243533403,0.10757447769936546
X3,syn_s6_n120_p8_a100_d5,syn_s6_n120_p8_a100_d5__od3__hag_cta_ring1__shared_border__climb_tiebreak__native,syn_s6_n120_p8_a100,synthetic,hag_cta_ring1,shared_border,climb_tiebreak,native,od3,,0.006742300000041723,10.0,height_tiebreak,38,20.0,serial,article_2_HAG_applications,True,6f060dbaf1c69bc25c1517ab2245b48bb8526299,120,120,0.05865560000529513,7.553967848941056,40,3919,14802,5,273,1773,167,14400,1,2.5.3,256.9563632308612,256.9583380331684,True,87.0838787513297,1974.8023074035523,14.748455862359432,169840,8,Windows-11-10.0.26300-SP0,3.14.7,True,100.0,152.79137536992738,20261002T115338Z,1.18.1,0,1773,1725,2862,1752,12.3125,87.6875,0.0005056000081822276,0.0004140000091865659,0.0003310999891255051,0.000826900009997189,109,94,1308.7398519186308,7,12,6,79.10559244127376,2026-10-02T11:53:38+00:00,serial_calibration,5,64.24155327775036,190.0,0.956083220606952,0.991546401382467,0.12642919964819702,1.0667301961087277,1.066729247343051,0.0010179999808315188,0.18327504944166037
X3,syn_s6_n240_p8_a100_d5,syn_s6_n240_p8_a100_d5__od1__full_grid__climb_tiebreak__native,syn_s6_n240_p8_a100,synthetic,full_grid,,climb_tiebreak,native,od1,,0.0,10.0,height_tiebreak,0,nan,serial,article_2_HAG_applications,True,6f060dbaf1c69bc25c1517ab2245b48bb8526299,240,240,0.17563470001914538,6.008810572687224,27,1362,4092,5,1362,57600,312,57600,1,2.5.3,289.9449945819564,289.9486554859942,True,38.192963310339394,3660.9040379562166,24.144186843979252,631104,8,Windows-11-10.0.26300-SP0,3.14.7,True,100.0,152.89052465702298,20261002T115338Z,1.18.1,0,57600,55429,109668,55882,100.0,0.0,0.017260199994780123,0.014809599990257993,0.013879799982532859,0.0,192,24,2648.3579818445996,15,221,6,40.03916996560845,2026-10-02T11:53:38+00:00,serial_calibration,5,,,,,,,,,
X3,syn_s6_n240_p8_a100_d5,syn_s6_n240_p8_a100_d5__od1__hag_cta__shared_border__climb_tiebreak__native,syn_s6_n240_p8_a100,synthetic,hag_cta,shared_border,climb_tiebreak,native,od1,,0.024211300013121217,10.0,height_tiebreak,20,20.0,serial,article_2_HAG_applications,True,6f060dbaf1c69bc25c1517ab2245b48bb8526299,240,240,0.17563470001914538,6.008810572687224,27,1362,4092,5,21,2725,850,57600,1,2.5.3,932.3743071381282,932.384242743458,True,51.07310241874946,9935.605332682102,10.846487070891733,689168,8,Windows-11-10.0.26300-SP0,3.14.7,True,100.0,152.89052465702298,20261002T115338Z,1.18.1,0,2725,2502,3433,2576,4.730902777777778,95.26909722222221,0.0014092999917920679,0.0011752000136766583,0.001129900017986074,0.00043819998973049223,192,24,2648.3579818445996,15,221,6,40.03916996560845,2026-10-02T11:53:38+00:00,serial_calibration,5,15.14420819867842,673.6467917239717,2.713975900397783,1.092003853564547,0.04513882624618882,3.215693750748925,3.215687416038031,0.013196199986850843,0.07935393355996953
X3,syn_s6_n240_p8_a100_d5,syn_s6_n240_p8_a100_d5__od1__hag_cta_ring1__shared_border__climb_tiebreak__native,syn_s6_n240_p8_a100,synthetic,hag_cta_ring1,shared_border,climb_tiebreak,native,od1,,0.024211300013121217,10.0,height_tiebreak,20,20.0,serial,article_2_HAG_applications,True,6f060dbaf1c69bc25c1517ab2245b48bb8526299,240,240,0.17563470001914538,6.008810572687224,27,1362,4092,5,133,11332,417,57600,1,2.5.3,376.6598373970136,376.6645855802715,True,32.09191761953141,4748.183258569796,24.1423611444375,668152,8,Windows-11-10.0.26300-SP0,3.14.7,True,100.0,152.89052465702298,20261002T115338Z,1.18.1,0,11332,10635,19361,10804,19.67361111111111,80.32638888888889,0.0030543000029865652,0.0028670000028796494,0.0026116000080946833,0.0004181999829597771,192,24,2648.3579818445996,15,221,6,40.03916996560845,2026-10-02T11:53:38+00:00,serial_calibration,5,17.341119707372506,468.187996428785,1.2969974654731944,1.0587034783490519,0.19186707319273305,1.299073425771957,1.2990733995607924,0.011524400004418567,0.19359064422844713
X3,syn_s6_n240_p8_a100_d5,syn_s6_n240_p8_a100_d5__od2__full_grid__climb_tiebreak__native,syn_s6_n240_p8_a100,synthetic,full_grid,,climb_tiebreak,native,od2,,0.0,10.0,height_tiebreak,0,nan,serial,article_2_HAG_applications,True,6f060dbaf1c69bc25c1517ab2245b48bb8526299,240,240,0.17563470001914538,6.008810572687224,27,1362,4092,5,1362,57600,238,57600,1,2.5.3,196.66167855895122,196.66462431580234,True,48.7846119338216,2945.756851698603,18.978095285641363,627808,8,Windows-11-10.0.26300-SP0,3.14.7,True,100.0,152.89052465702298,20261002T115338Z,1.18.1,0,57600,27282,55533,28502,100.0,0.0,0.007756799983326346,0.007356599991908297,0.007026200008112937,0.0,18,7,2247.5764725588315,128,203,6,40.03916996560845,2026-10-02T11:53:38+00:00,serial_calibration,5,,,,,,,,,
X3,syn_s6_n240_p8_a100_d5,syn_s6_n240_p8_a100_d5__od2__hag_cta__shared_border__climb_tiebreak__native,syn_s6_n240_p8_a100,synthetic,hag_cta,shared_border,climb_tiebreak,native,od2,,0.024211300013121217,10.0,height_tiebreak,14,20.0,serial,article_2_HAG_applications,True,6f060dbaf1c69bc25c1517ab2245b48bb8526299,240,240,0.17563470001914538,6.008810572687224,27,1362,4092,5,15,2368,270,57600,1,2.5.3,301.0511560941245,301.05426444982174,True,51.553067050873686,3108.355697996826,11.60738136450878,651608,8,Windows-11-10.0.26300-SP0,3.14.7,True,100.0,152.89052465702298,20261002T115338Z,1.18.1,0,2368,1721,2419,1753,4.111111111111111,95.88888888888889,0.0007808000082150102,0.0007012999849393964,0.0005991999933030456,0.00038400001358240843,18,7,2247.5764725588315,128,203,6,40.03916996560845,2026-10-02T11:53:38+00:00,serial_calibration,5,31.866758127185378,230.0,1.0551976468134037,1.0379096793924256,0.06308188549226597,1.530807416574966,1.530800292615877,0.006271299993386492,0.09532936216605134
X3,syn_s6_n240_p8_a100_d5,syn_s6_n240_p8_a100_d5__od2__hag_cta_ring1__shared_border__climb_tiebreak__native,syn_s6_n240_p8_a100,synthetic,hag_cta_ring1,shared_border,climb_tiebreak,native,od2,,0.024211300013121217,10.0,height_tiebreak,14,20.0,serial,article_2_HAG_applications,True,6f060dbaf1c69bc25c1517ab2245b48bb8526299,240,240,0.17563470001914538,6.008810572687224,27,1362,4092,5,83,7871,262,57600,1,2.5.3,241.60637099394418,241.60937449682777,True,46.61398514404965,3003.50288425444,19.02358177205431,656360,8,Windows-11-10.0.26300-SP0,3.14.7,True,100.0,152.89052465702298,20261002T115338Z,1.18.1,0,7871,5635,10040,5839,13.664930555555555,86.33506944444444,0.002799899986712262,0.002292400022270158,0.0015505000192206353,0.000453799992101267,18,7,2247.5764725588315,128,203,6,40.03916996560845,2026-10-02T11:53:38+00:00,serial_calibration,5,43.34678140854826,237.69728648009425,1.019603122546431,1.0454788725215352,0.20654644087676857,1.2285381308871537,1.2285350013373708,0.004610399977536872,0.3116113455661072
X3,syn_s6_n240_p8_a100_d5,syn_s6_n240_p8_a100_d5__od3__full_grid__climb_tiebreak__native,syn_s6_n240_p8_a100,synthetic,full_grid,,climb_tiebreak,native,od3,,0.0,10.0,height_tiebreak,0,nan,serial,article_2_HAG_applications,True,6f060dbaf1c69bc25c1517ab2245b48bb8526299,240,240,0.17563470001914538,6.008810572687224,27,1362,4092,5,1362,57600,357,57600,1,2.5.3,267.5173018708209,267.52144176980795,True,41.66062171468134,4139.898987322333,18.967647309602754,637472,8,Windows-11-10.0.26300-SP0,3.14.7,True,100.0,152.89052465702298,20261002T115338Z,1.18.1,0,57600,56783,111226,57026,100.0,0.0,0.0185510000155773,0.01598339999327436,0.015028399997390807,0.0,224,192,2745.5418408758587,10,20,6,40.03916996560845,2026-10-02T11:53:38+00:00,serial_calibration,5,,,,,,,,,
X3,syn_s6_n240_p8_a100_d5,syn_s6_n240_p8_a100_d5__od3__hag_cta__shared_border__climb_tiebreak__native,syn_s6_n240_p8_a100,synthetic,hag_cta,shared_border,climb_tiebreak,native,od3,,0.024211300013121217,10.0,height_tiebreak,18,20.0,serial,article_2_HAG_applications,True,6f060dbaf1c69bc25c1517ab2245b48bb8526299,240,240,0.17563470001914538,6.008810572687224,27,1362,4092,5,19,2057,446,57600,1,2.5.3,457.2191795820966,457.2242550445745,True,49.11502319862941,5075.462479183374,11.825398928746857,662232,8,Windows-11-10.0.26300-SP0,3.14.7,True,100.0,152.89052465702298,20261002T115338Z,1.18.1,0,2057,2034,2692,2044,3.5711805555555554,96.42881944444444,0.0010018000029958785,0.0008035000064410269,0.0007863999926485121,0.00043230000301264226,224,192,2745.5418408758587,10,20,6,40.03916996560845,2026-10-02T11:53:38+00:00,serial_calibration,5,13.551086295499864,300.83217912982644,1.2259870336754664,1.03884092164048,0.035820580103199905,1.7091200321797473,1.7091125556881477,0.014747599983820692,0.0502709064891782
X3,syn_s6_n240_p8_a100_d5,syn_s6_n240_p8_a100_d5__od3__hag_cta_ring1__shared_border__climb_tiebreak__native,syn_s6_n240_p8_a100,synthetic,hag_cta_ring1,shared_border,climb_tiebreak,native,od3,,0.024211300013121217,10.0,height_tiebreak,18,20.0,serial,article_2_HAG_applications,True,6f060dbaf1c69bc25c1517ab2245b48bb8526299,240,240,0.17563470001914538,6.008810572687224,27,1362,4092,5,125,9817,399,57600,1,2.5.3,344.0450011123057,344.0495444427498,True,39.602938894830544,4543.330444827409,18.97147412928835,663648,8,Windows-11-10.0.26300-SP0,3.14.7,True,100.0,152.89052465702298,20261002T115338Z,1.18.1,0,9817,9734,17232,9773,17.04340277777778,82.95659722222221,0.0032780999899841845,0.002622900006826967,0.002431000000797212,0.0005573999951593578,224,192,2745.5418408758587,10,20,6,40.03916996560845,2026-10-02T11:53:38+00:00,serial_calibration,5,15.609188412826057,386.00518131237567,1.0974495896495327,1.041062195672908,0.17142454607893207,1.2860663542369255,1.2860634353891953,0.012803099991288036,0.16410150580794164
X3,syn_s6_n480_p6_a120_d1,syn_s6_n480_p6_a120_d1__od1__full_grid__climb_tiebreak__native,syn_s6_n480_p6_a120,synthetic,full_grid,,climb_tiebreak,native,od1,,0.0,10.0,height_tiebreak,0,nan,serial,article_2_HAG_applications,True,6f060dbaf1c69bc25c1517ab2245b48bb8526299,480,480,1.45391149999341,7.777057060535422,182,69067,268569,1,69067,230400,673,230400,1,2.5.3,297.57045498064025,297.5783016415295,True,17.216560544757016,7846.660889654819,26.46064150800475,2422440,6,Windows-11-10.0.26300-SP0,3.14.7,True,120.0,192.4816150711492,20261002T115338Z,1.18.1,0,230400,228440,465247,228581,100.0,0.0,0.11586000001989305,0.06481929999426939,0.05807699999422766,0.0,389,45,5409.695000644677,27,447,6,17.249985752151147,2026-10-02T11:53:38+00:00,serial_calibration,5,,,,,,,,,
X3,syn_s6_n480_p6_a120_d1,syn_s6_n480_p6_a120_d1__od1__hag_cta__shared_border__climb_tiebreak__native,syn_s6_n480_p6_a120,synthetic,hag_cta,shared_border,climb_tiebreak,native,od1,,0.20242240000516176,10.0,height_tiebreak,237,20.0,serial,article_2_HAG_applications,True,6f060dbaf1c69bc25c1517ab2245b48bb8526299,480,480,1.45391149999341,7.777057060535422,182,69067,268569,1,238,2036,876,230400,1,2.5.3,369.4199025582267,369.4301478691842,True,16.572473512379002,10245.310960166877,10.656818477527557,2590872,6,Windows-11-10.0.26300-SP0,3.14.7,True,120.0,192.4816150711492,20261002T115338Z,1.18.1,0,2036,2036,2426,2036,0.8836805555555556,99.11631944444444,0.00200020000920631,0.001809299981687218,0.001791000016964972,0.02378719998523593,389,45,5409.695000644677,27,447,6,17.249985752151147,2026-10-02T11:53:38+00:00,serial_calibration,5,42.22885410638127,347.85054261852173,1.3056905484056895,1.0695298954772874,0.008912624759236562,1.241453566289909,1.241455260115737,0.03922280002734624,0.027912982427258187
X3,syn_s6_n480_p6_a120_d1,syn_s6_n480_p6_a120_d1__od1__hag_cta_ring1__shared_border__climb_tiebreak__native,syn_s6_n480_p6_a120,synthetic,hag_cta_ring1,shared_border,climb_tiebreak,native,od1,,0.20242240000516176,10.0,height_tiebreak,237,20.0,serial,article_2_HAG_applications,True,6f060dbaf1c69bc25c1517ab2245b48bb8526299,480,480,1.45391149999341,7.777057060535422,182,69067,268569,1,1120,7621,706,230400,1,2.5.3,313.4240719384195,313.43228587852906,True,17.26098769493773,8213.940110268397,11.604101562328031,2583144,6,Windows-11-10.0.26300-SP0,3.14.7,True,120.0,192.4816150711492,20261002T115338Z,1.18.1,0,7621,7616,13615,7620,3.3077256944444446,96.69227430555556,0.0037434000114444643,0.00283129999297671,0.0027685000095516443,0.020393699989654124,389,45,5409.695000644677,27,447,6,17.249985752151147,2026-10-02T11:53:38+00:00,serial_calibration,5,39.82117500559237,270.0,1.0468070719225047,1.0663397235844851,0.03333917002276309,1.0532768515570898,1.0532766809594125,0.04159430001163855,0.04367989153272286
X3,syn_s6_n480_p6_a120_d1,syn_s6_n480_p6_a120_d1__od2__full_grid__climb_tiebreak__native,syn_s6_n480_p6_a120,synthetic,full_grid,,climb_tiebreak,native,od2,,0.0,10.0,height_tiebreak,0,nan,serial,article_2_HAG_applications,True,6f060dbaf1c69bc25c1517ab2245b48bb8526299,480,480,1.45391149999341,7.777057060535422,182,69067,268569,1,69067,230400,409,230400,1,2.5.3,266.8318485241365,266.83689364173654,True,24.21804513838623,5045.117600329312,15.951038914356463,2399392,6,Windows-11-10.0.26300-SP0,3.14.7,True,120.0,192.4816150711492,20261002T115338Z,1.18.1,0,230400,196598,404961,197900,100.0,0.0,0.05866079998668283,0.05175559999770485,0.048080400010803714,0.0,31,10,4585.5970167471105,257,409,6,17.249985752151147,2026-10-02T11:53:38+00:00,serial_calibration,5,,,,,,,,,
X3,syn_s6_n480_p6_a120_d1,syn_s6_n480_p6_a120_d1__od2__hag_cta__shared_border__climb_tiebreak__native,syn_s6_n480_p6_a120,synthetic,hag_cta,shared_border,climb_tiebreak,native,od2,,0.20242240000516176,10.0,height_tiebreak,178,20.0,serial,article_2_HAG_applications,True,6f060dbaf1c69bc25c1517ab2245b48bb8526299,480,480,1.45391149999341,7.777057060535422,182,69067,268569,1,179,1554,623,230400,1,2.5.3,324.6899703975488,324.69798394227246,True,30.45819943529803,8013.544725075502,10.662362261001586,2574848,6,Windows-11-10.0.26300-SP0,3.14.7,True,120.0,192.4816150711492,20261002T115338Z,1.18.1,0,1554,1544,1947,1544,0.6744791666666666,99.32552083333334,0.0019191000028513372,0.0018292000168003142,0.0016408000083174556,0.02047449999372475,31,10,4585.5970167471105,257,409,6,17.249985752151147,2026-10-02T11:53:38+00:00,serial_calibration,5,56.23860941805326,516.1395160225576,1.5883762004977706,1.0731251917152345,0.007853589558388182,1.2168336433354159,1.2168406681357264,0.029451899987179786,0.03534303566921129
X3,syn_s6_n480_p6_a120_d1,syn_s6_n480_p6_a120_d1__od2__hag_cta_ring1__shared_border__climb_tiebreak__native,syn_s6_n480_p6_a120,synthetic,hag_cta_ring1,shared_border,climb_tiebreak,native,od2,,0.20242240000516176,10.0,height_tiebreak,178,20.0,serial,article_2_HAG_applications,True,6f060dbaf1c69bc25c1517ab2245b48bb8526299,480,480,1.45391149999341,7.777057060535422,182,69067,268569,1,946,5992,497,230400,1,2.5.3,280.6414136095939,280.6476535295006,True,29.688911855267154,6239.919907732865,11.842434856145436,2568912,6,Windows-11-10.0.26300-SP0,3.14.7,True,120.0,192.4816150711492,20261002T115338Z,1.18.1,0,5992,5911,11353,5957,2.6006944444444446,97.39930555555556,0.0030922000005375594,0.0027966999914497137,0.0027329000004101545,0.02296469997963868,31,10,4585.5970167471105,257,409,6,17.249985752151147,2026-10-02T11:53:38+00:00,serial_calibration,5,63.71936425443322,410.0,1.2368234800563547,1.0706512316453503,0.03006642997385528,1.0517538111055293,1.0517573102402653,0.025994200026616454,0.05403666446865143
X3,syn_s6_n480_p6_a120_d1,syn_s6_n480_p6_a120_d1__od3__full_grid__climb_tiebreak__native,syn_s6_n480_p6_a120,synthetic,full_grid,,climb_tiebreak,native,od3,,0.0,10.0,height_tiebreak,0,nan,serial,article_2_HAG_applications,True,6f060dbaf1c69bc25c1517ab2245b48bb8526299,480,480,1.45391149999341,7.777057060535422,182,69067,268569,1,69067,230400,577,230400,1,2.5.3,248.89825104813042,248.90507143484908,True,21.70774135491243,6820.3867196751235,26.540040258163618,2413360,6,Windows-11-10.0.26300-SP0,3.14.7,True,120.0,192.4816150711492,20261002T115338Z,1.18.1,0,230400,206012,419552,207324,100.0,0.0,0.05250530000193976,0.05109920000541024,0.0478673999896273,0.0,452,388,5603.57029044876,16,36,6,17.249985752151147,2026-10-02T11:53:38+00:00,serial_calibration,5,,,,,,,,,
X3,syn_s6_n480_p6_a120_d1,syn_s6_n480_p6_a120_d1__od3__hag_cta__shared_border__climb_tiebreak__native,syn_s6_n480_p6_a120,synthetic,hag_cta,shared_border,climb_tiebreak,native,od3,,0.20242240000516176,10.0,height_tiebreak,188,20.0,serial,article_2_HAG_applications,True,6f060dbaf1c69bc25c1517ab2245b48bb8526299,480,480,1.45391149999341,7.777057060535422,182,69067,268569,1,189,2398,734,230400,1,2.5.3,293.2749679857788,293.2838347180945,True,22.24441609871334,8866.732316404185,10.655909713119602,2583096,6,Windows-11-10.0.26300-SP0,3.14.7,True,120.0,192.4816150711492,20261002T115338Z,1.18.1,0,2398,2394,3341,2394,1.0407986111111112,98.95920138888889,0.002126300008967519,0.0017442000098526478,0.0016359000001102686,0.031314499996369705,452,388,5603.57029044876,16,36,6,17.249985752151147,2026-10-02T11:53:38+00:00,serial_calibration,5,91.81197306466747,740.607858451421,1.3000336609690857,1.0703318195379057,0.011620682290352019,1.1782926025023257,1.1782959383969867,0.018040499999187887,0.034133606977564755
X3,syn_s6_n480_p6_a120_d1,syn_s6_n480_p6_a120_d1__od3__hag_cta_ring1__shared_border__climb_tiebreak__native,syn_s6_n480_p6_a120,synthetic,hag_cta_ring1,shared_border,climb_tiebreak,native,od3,,0.20242240000516176,10.0,height_tiebreak,188,20.0,serial,article_2_HAG_applications,True,6f060dbaf1c69bc25c1517ab2245b48bb8526299,480,480,1.45391149999341,7.777057060535422,182,69067,268569,1,933,7231,627,230400,1,2.5.3,262.25027773691386,262.25777209332927,True,19.76924147576291,7494.3564158718245,15.577393999476975,2577664,6,Windows-11-10.0.26300-SP0,3.14.7,True,120.0,192.4816150711492,20261002T115338Z,1.18.1,0,7231,7196,13110,7222,3.138454861111111,96.8615451388889,0.003411199984839186,0.0027981000021100044,0.0026240999868605286,0.018976099992869422,452,388,5603.57029044876,16,36,6,17.249985752151147,2026-10-02T11:53:38+00:00,serial_calibration,5,56.48197440441326,685.9300255857007,1.0988169328071187,1.0680810156793847,0.03493000407743238,1.0536445179207046,1.0536457557152477,0.029325000010430813,0.05475819585852126
X3,syn_s6_n480_p8_a100_d5,syn_s6_n480_p8_a100_d5__od1__full_grid__climb_tiebreak__native,syn_s6_n480_p8_a100,synthetic,full_grid,,climb_tiebreak,native,od1,,0.0,10.0,height_tiebreak,0,nan,serial,article_2_HAG_applications,True,6f060dbaf1c69bc25c1517ab2245b48bb8526299,480,480,0.3875611000112258,2.274436090225564,35,532,605,5,532,230400,634,230400,1,2.5.3,295.211347652859,295.2187836030701,True,19.060358514718263,7435.950211536165,26.16656020637161,2420272,8,Windows-11-10.0.26300-SP0,3.14.7,True,100.0,152.96761305437877,20261002T115338Z,1.18.1,0,230400,219477,444311,220520,100.0,0.0,0.058389199984958395,0.056328199978452176,0.05298209999455139,0.0,389,45,5409.695000644677,27,447,6,20.072283724002652,2026-10-02T11:53:38+00:00,serial_calibration,5,,,,,,,,,
X3,syn_s6_n480_p8_a100_d5,syn_s6_n480_p8_a100_d5__od1__hag_cta__shared_border__climb_tiebreak__native,syn_s6_n480_p8_a100,synthetic,hag_cta,shared_border,climb_tiebreak,native,od1,,0.060507899994263425,10.0,height_tiebreak,21,40.0,serial,article_2_HAG_applications,True,6f060dbaf1c69bc25c1517ab2245b48bb8526299,480,480,0.3875611000112258,2.274436090225564,35,532,605,5,22,32607,1368,230400,1,2.5.3,631.9557817278392,631.9715683591395,True,39.013155169705705,15786.631303726517,11.575135258617308,2630992,8,Windows-11-10.0.26300-SP0,3.14.7,True,100.0,152.96761305437877,20261002T115338Z,1.18.1,0,32607,24294,44703,24550,14.15234375,85.84765625,0.006256900000153109,0.005979900015518069,0.005600299977231771,0.00019079999765381217,389,45,5409.695000644677,27,447,6,20.072283724002652,2026-10-02T11:53:38+00:00,serial_calibration,5,8.933240299369958,978.6214794290998,2.1230146591400074,1.0870645943926964,0.11069041402971609,2.1406893290259297,2.140688883837564,0.050157499965280294,0.10616174523250563
X3,syn_s6_n480_p8_a100_d5,syn_s6_n480_p8_a100_d5__od1__hag_cta_ring1__shared_border__climb_tiebreak__native,syn_s6_n480_p8_a100,synthetic,hag_cta_ring1,shared_border,climb_tiebreak,native,od1,,0.060507899994263425,10.0,height_tiebreak,21,28.284271247461902,serial,article_2_HAG_applications,True,6f060dbaf1c69bc25c1517ab2245b48bb8526299,480,480,0.3875611000112258,2.274436090225564,35,532,605,5,48,55980,833,230400,1,2.5.3,373.85658265021004,373.8659796054708,True,19.060358514718263,9396.955262170048,16.828452505969597,2605176,8,Windows-11-10.0.26300-SP0,3.14.7,True,100.0,152.96761305437877,20261002T115338Z,1.18.1,0,55980,43160,82367,43510,24.296875,75.703125,0.011447700002463534,0.009994100022595376,0.009386699995957315,0.00018100001034326851,389,45,5409.695000644677,27,447,6,20.072283724002652,2026-10-02T11:53:38+00:00,serial_calibration,5,9.708318629397835,956.3472172804185,1.2637194971520347,1.0763980246848288,0.1966493072167015,1.2664031570013714,1.2664030894055307,0.04615309994551353,0.17742622747431172
X3,syn_s6_n480_p8_a100_d5,syn_s6_n480_p8_a100_d5__od2__full_grid__climb_tiebreak__native,syn_s6_n480_p8_a100,synthetic,full_grid,,climb_tiebreak,native,od2,,0.0,10.0,height_tiebreak,0,nan,serial,article_2_HAG_applications,True,6f060dbaf1c69bc25c1517ab2245b48bb8526299,480,480,0.3875611000112258,2.274436090225564,35,532,605,5,532,230400,485,230400,1,2.5.3,207.9714867620852,207.97749070219427,True,25.193498659274262,6003.9401102684,15.534280217083472,2414248,8,Windows-11-10.0.26300-SP0,3.14.7,True,100.0,152.96761305437877,20261002T115338Z,1.18.1,0,230400,107288,221083,109779,100.0,0.0,0.031158800004050136,0.028166200005216524,0.02531890000682324,0.0,31,10,4585.5970167471105,257,409,6,20.072283724002652,2026-10-02T11:53:38+00:00,serial_calibration,5,,,,,,,,,
X3,syn_s6_n480_p8_a100_d5,syn_s6_n480_p8_a100_d5__od2__hag_cta__shared_border__climb_tiebreak__native,syn_s6_n480_p8_a100,synthetic,hag_cta,shared_border,climb_tiebreak,native,od2,,0.060507899994263425,10.0,height_tiebreak,16,28.284271247461902,serial,article_2_HAG_applications,True,6f060dbaf1c69bc25c1517ab2245b48bb8526299,480,480,0.3875611000112258,2.274436090225564,35,532,605,5,17,26811,545,230400,1,2.5.3,277.15983072114193,277.1661612802993,True,35.651489402128156,6330.559159102155,14.28157140945385,2582032,8,Windows-11-10.0.26300-SP0,3.14.7,True,100.0,152.96761305437877,20261002T115338Z,1.18.1,0,26811,11204,20603,11563,11.63671875,88.36328125,0.00401959998998791,0.0032596999953966588,0.003098400018643588,0.00017240000306628644,31,10,4585.5970167471105,257,409,6,20.072283724002652,2026-10-02T11:53:38+00:00,serial_calibration,5,18.115435770177413,480.0,1.0544007839577123,1.0694974170010703,0.10442919991052121,1.3326818740215416,1.3326738405416056,0.02473410000675358,0.11573091133319176
X3,syn_s6_n480_p8_a100_d5,syn_s6_n480_p8_a100_d5__od2__hag_cta_ring1__shared_border__climb_tiebreak__native,syn_s6_n480_p8_a100,synthetic,hag_cta_ring1,shared_border,climb_tiebreak,native,od2,,0.060507899994263425,10.0,height_tiebreak,16,28.284271247461902,serial,article_2_HAG_applications,True,6f060dbaf1c69bc25c1517ab2245b48bb8526299,480,480,0.3875611000112258,2.274436090225564,35,532,605,5,43,53152,530,230400,1,2.5.3,253.55387804157846,253.55997990015945,True,26.14601947784962,6101.858582251266,18.96031423942943,2591176,8,Windows-11-10.0.26300-SP0,3.14.7,True,100.0,152.96761305437877,20261002T115338Z,1.18.1,0,53152,22792,43581,23508,23.069444444444443,76.93055555555556,0.006243100011488423,0.005663199990522116,0.005200899991905317,0.00019320001592859626,31,10,4585.5970167471105,257,409,6,20.072283724002652,2026-10-02T11:53:38+00:00,serial_calibration,5,20.08395413810418,480.0,1.0163090354308162,1.0732849317882835,0.21243755126388786,1.219176157218314,1.2191703008054624,0.02230979999876581,0.20106368588852108
X3,syn_s6_n480_p8_a100_d5,syn_s6_n480_p8_a100_d5__od3__full_grid__climb_tiebreak__native,syn_s6_n480_p8_a100,synthetic,full_grid,,climb_tiebreak,native,od3,,0.0,10.0,height_tiebreak,0,nan,serial,article_2_HAG_applications,True,6f060dbaf1c69bc25c1517ab2245b48bb8526299,480,480,0.3875611000112258,2.274436090225564,35,532,605,5,532,230400,723,230400,1,2.5.3,295.45709955388367,295.46548763612856,True,24.45527358300822,8388.08224589213,15.960326777926307,2430112,8,Windows-11-10.0.26300-SP0,3.14.7,True,100.0,152.96761305437877,20261002T115338Z,1.18.1,0,230400,228635,458880,228954,100.0,0.0,0.06029250001301989,0.05463550001149997,0.052631899976404384,0.0,452,388,5603.57029044876,16,36,6,20.072283724002652,2026-10-02T11:53:38+00:00,serial_calibration,5,,,,,,,,,
X3,syn_s6_n480_p8_a100_d5,syn_s6_n480_p8_a100_d5__od3__hag_cta__shared_border__climb_tiebreak__native,syn_s6_n480_p8_a100,synthetic,hag_cta,shared_border,climb_tiebreak,native,od3,,0.060507899994263425,10.0,height_tiebreak,16,28.284271247461902,serial,article_2_HAG_applications,True,6f060dbaf1c69bc25c1517ab2245b48bb8526299,480,480,0.3875611000112258,2.274436090225564,35,532,605,5,17,28129,700,230400,1,2.5.3,361.92804881969033,361.93619447552794,True,20.602329564814994,8145.655839020936,17.04225878367697,2586264,8,Windows-11-10.0.26300-SP0,3.14.7,True,100.0,152.96761305437877,20261002T115338Z,1.18.1,0,28129,23971,44798,24088,12.20876736111111,87.79123263888889,0.006767099985154346,0.005752100027166307,0.005609200015896931,0.00017919999663718045,452,388,5603.57029044876,16,36,6,20.072283724002652,2026-10-02T11:53:38+00:00,serial_calibration,5,9.199802072894721,793.7883848986454,0.9710987088866567,1.0642571206594593,0.10484396527215868,1.2249766526719867,1.2249694452343596,0.048704199987696484,0.10528136515554126
X3,syn_s6_n480_p8_a100_d5,syn_s6_n480_p8_a100_d5__od3__hag_cta_ring1__shared_border__climb_tiebreak__native,syn_s6_n480_p8_a100,synthetic,hag_cta_ring1,shared_border,climb_tiebreak,native,od3,,0.060507899994263425,10.0,height_tiebreak,16,28.284271247461902,serial,article_2_HAG_applications,True,6f060dbaf1c69bc25c1517ab2245b48bb8526299,480,480,0.3875611000112258,2.274436090225564,35,532,605,5,46,61498,811,230400,1,2.5.3,346.6116866935013,346.6209216386608,True,19.689549615384294,9234.945160902282,17.065291088288415,2607472,8,Windows-11-10.0.26300-SP0,3.14.7,True,100.0,152.96761305437877,20261002T115338Z,1.18.1,0,61498,61293,119651,61358,26.69184027777778,73.30815972222223,0.01615969999693334,0.015040900005260482,0.013951000000815839,0.00019910000264644623,452,388,5603.57029044876,16,36,6,20.072283724002652,2026-10-02T11:53:38+00:00,serial_calibration,5,11.373608659989678,786.0025445251434,1.1009602541063404,1.0729842904359963,0.26808231460625015,1.1731371059177693,1.1731350568616363,0.03939550000359304,0.2752953666040321
X3,syn_s7_n120_p6_a120_d1,syn_s7_n120_p6_a120_d1__od1__full_grid__climb_tiebreak__native,syn_s7_n120_p6_a120,synthetic,full_grid,,climb_tiebreak,native,od1,,0.0,10.0,height_tiebreak,0,nan,serial,article_2_HAG_applications,True,6f060dbaf1c69bc25c1517ab2245b48bb8526299,120,120,0.0924961999990046,7.905859916782247,92,11536,45601,1,11536,14400,121,14400,1,2.5.3,145.916545218132,145.91800617267646,True,60.356180119539395,1460.9545442950503,16.8189843027438,170776,6,Windows-11-10.0.26300-SP0,3.14.7,True,120.0,187.50906202059713,20261002T115338Z,1.18.1,0,14400,7494,15289,8195,100.0,0.0,0.0023404000094160438,0.0017725999932736158,0.001755499979481101,0.0,10,12,1097.8615577567145,83,94,7,72.80928507807593,2026-10-02T11:53:38+00:00,serial_calibration,5,,,,,,,,,
X3,syn_s7_n120_p6_a120_d1,syn_s7_n120_p6_a120_d1__od1__hag_cta__shared_border__climb_tiebreak__native,syn_s7_n120_p6_a120,synthetic,hag_cta,shared_border,climb_tiebreak,native,od1,,0.01611249998677522,10.0,height_tiebreak,86,20.0,serial,article_2_HAG_applications,True,6f060dbaf1c69bc25c1517ab2245b48bb8526299,120,120,0.0924961999990046,7.905859916782247,92,11536,45601,1,87,177,125,14400,1,2.5.3,147.1176539958431,147.11916323465883,True,50.93533510515464,1509.2388155425124,14.681579280064355,165112,6,Windows-11-10.0.26300-SP0,3.14.7,True,120.0,187.50906202059713,20261002T115338Z,1.18.1,0,177,177,187,177,1.2291666666666667,98.77083333333333,0.00034410000080242753,0.0002009000163525343,0.00016850000247359276,0.0033927999902516603,10,12,1097.8615577567145,83,94,7,72.80928507807593,2026-10-02T11:53:38+00:00,serial_calibration,5,inf,28.284271247461902,1.0330498107802255,0.9668337471307443,0.023618895116092876,1.0082314776293226,1.0082317261144655,-0.0018211000133305788,0.11333635175159547
X3,syn_s7_n120_p6_a120_d1,syn_s7_n120_p6_a120_d1__od1__hag_cta_ring1__shared_border__climb_tiebreak__native,syn_s7_n120_p6_a120,synthetic,hag_cta_ring1,shared_border,climb_tiebreak,native,od1,,0.01611249998677522,10.0,height_tiebreak,86,20.0,serial,article_2_HAG_applications,True,6f060dbaf1c69bc25c1517ab2245b48bb8526299,120,120,0.0924961999990046,7.905859916782247,92,11536,45601,1,445,678,121,14400,1,2.5.3,145.916545218132,145.91800617267646,True,60.356180119539395,1460.9545442950503,16.8189843027438,166232,6,Windows-11-10.0.26300-SP0,3.14.7,True,120.0,187.50906202059713,20261002T115338Z,1.18.1,0,678,672,1078,677,4.708333333333333,95.29166666666666,0.00043990000267513096,0.00025710000772960484,0.00024309998843818903,0.0035284000041428953,10,12,1097.8615577567145,83,94,7,72.80928507807593,2026-10-02T11:53:38+00:00,serial_calibration,5,inf,0.0,1.0,0.9733920457207101,0.08967173738991192,1.0,1.0,-0.0020129000185988843,0.14504118735485028
X3,syn_s7_n120_p6_a120_d1,syn_s7_n120_p6_a120_d1__od2__full_grid__climb_tiebreak__native,syn_s7_n120_p6_a120,synthetic,full_grid,,climb_tiebreak,native,od2,,0.0,10.0,height_tiebreak,0,nan,serial,article_2_HAG_applications,True,6f060dbaf1c69bc25c1517ab2245b48bb8526299,120,120,0.0924961999990046,7.905859916782247,92,11536,45601,1,11536,14400,109,14400,1,2.5.3,193.95538281372052,193.9566492098237,True,63.817759973682655,1266.3961030678927,26.309100857794988,173216,6,Windows-11-10.0.26300-SP0,3.14.7,True,120.0,187.50906202059713,20261002T115338Z,1.18.1,0,14400,11580,23064,12192,100.0,0.0,0.004203799995593727,0.00289649999467656,0.0027602000045590103,0.0,108,61,1060.2358228243374,12,106,7,72.80928507807593,2026-10-02T11:53:38+00:00,serial_calibration,5,,,,,,,,,
X3,syn_s7_n120_p6_a120_d1,syn_s7_n120_p6_a120_d1__od2__hag_cta__shared_border__climb_tiebreak__native,syn_s7_n120_p6_a120,synthetic,hag_cta,shared_border,climb_tiebreak,native,od2,,0.01611249998677522,10.0,height_tiebreak,91,20.0,serial,article_2_HAG_applications,True,6f060dbaf1c69bc25c1517ab2245b48bb8526299,120,120,0.0924961999990046,7.905859916782247,92,11536,45601,1,92,161,114,14400,1,2.5.3,195.07699672330216,195.07835039862593,True,79.17502912146905,1353.6753236814716,11.789366747589115,164512,6,Windows-11-10.0.26300-SP0,3.14.7,True,120.0,187.50906202059713,20261002T115338Z,1.18.1,0,161,161,168,161,1.1180555555555556,98.88194444444444,0.0002558999985922128,0.00015269999857991934,0.00014640000881627202,0.003404399991268292,108,61,1060.2358228243374,12,106,7,72.80928507807593,2026-10-02T11:53:38+00:00,serial_calibration,5,inf,50.0,1.0689193692259016,0.949750600406429,0.01390328151986183,1.0057828449683135,1.0057832572039784,-0.0006605999951716512,0.052718798156590606
X3,syn_s7_n120_p6_a120_d1,syn_s7_n120_p6_a120_d1__od2__hag_cta_ring1__shared_border__climb_tiebreak__native,syn_s7_n120_p6_a120,synthetic,hag_cta_ring1,shared_border,climb_tiebreak,native,od2,,0.01611249998677522,10.0,height_tiebreak,91,20.0,serial,article_2_HAG_applications,True,6f060dbaf1c69bc25c1517ab2245b48bb8526299,120,120,0.0924961999990046,7.905859916782247,92,11536,45601,1,410,585,111,14400,1,2.5.3,193.95538281372052,193.95667749409495,True,64.92066642903771,1294.680374315355,11.645833117974874,165248,6,Windows-11-10.0.26300-SP0,3.14.7,True,120.0,187.50906202059713,20261002T115338Z,1.18.1,0,585,575,926,584,4.0625,95.9375,0.0004072000156156719,0.0003383999865036458,0.00026110000908374786,0.005661399976816028,108,61,1060.2358228243374,12,106,7,72.80928507807593,2026-10-02T11:53:38+00:00,serial_calibration,5,inf,30.0,1.0223344585307415,0.9539996305191206,0.049654576856649396,1.0,1.000000145827799,-0.003103299968643114,0.11683065324549861
X3,syn_s7_n120_p6_a120_d1,syn_s7_n120_p6_a120_d1__od3__full_grid__climb_tiebreak__native,syn_s7_n120_p6_a120,synthetic,full_grid,,climb_tiebreak,native,od3,,0.0,10.0,height_tiebreak,0,nan,serial,article_2_HAG_applications,True,6f060dbaf1c69bc25c1517ab2245b48bb8526299,120,120,0.0924961999990046,7.905859916782247,92,11536,45601,1,11536,14400,109,14400,1,2.5.3,211.84630664713134,211.84759375391255,True,68.75025785767687,1287.1067811865476,16.852368916733447,171912,6,Windows-11-10.0.26300-SP0,3.14.7,True,120.0,187.50906202059713,20261002T115338Z,1.18.1,0,14400,10529,21005,11106,100.0,0.0,0.0036186999932397157,0.002590699994470924,0.002587800001492724,0.0,106,6,1118.033988749895,6,56,7,72.80928507807593,2026-10-02T11:53:38+00:00,serial_calibration,5,,,,,,,,,
X3,syn_s7_n120_p6_a120_d1,syn_s7_n120_p6_a120_d1__od3__hag_cta__shared_border__climb_tiebreak__native,syn_s7_n120_p6_a120,synthetic,hag_cta,shared_border,climb_tiebreak,native,od3,,0.01611249998677522,10.0,height_tiebreak,105,20.0,serial,article_2_HAG_applications,True,6f060dbaf1c69bc25c1517ab2245b48bb8526299,120,120,0.0924961999990046,7.905859916782247,92,11536,45601,1,106,191,143,14400,1,2.5.3,215.29322484596952,215.29494307973457,True,82.06258898566972,1718.2337649086287,12.073991807578912,166288,6,Windows-11-10.0.26300-SP0,3.14.7,True,120.0,187.50906202059713,20261002T115338Z,1.18.1,0,191,191,204,191,1.3263888888888888,98.67361111111111,0.00042899997788481414,0.00029299999005161226,0.0002552999940235168,0.0042495999950915575,106,6,1118.033988749895,6,56,7,72.80928507807593,2026-10-02T11:53:38+00:00,serial_calibration,5,inf,300.83217912982644,1.3349582101685746,0.9672855879752431,0.01814037420457783,1.0162708439594355,1.0162727801847329,-0.0019518999906722456,0.11309684281349955
X3,syn_s7_n120_p6_a120_d1,syn_s7_n120_p6_a120_d1__od3__hag_cta_ring1__shared_border__climb_tiebreak__native,syn_s7_n120_p6_a120,synthetic,hag_cta_ring1,shared_border,climb_tiebreak,native,od3,,0.01611249998677522,10.0,height_tiebreak,105,20.0,serial,article_2_HAG_applications,True,6f060dbaf1c69bc25c1517ab2245b48bb8526299,120,120,0.0924961999990046,7.905859916782247,92,11536,45601,1,458,684,142,14400,1,2.5.3,213.073881588541,213.0755276902716,True,48.10177186876558,1646.1017305526643,18.080990413431216,167352,6,Windows-11-10.0.26300-SP0,3.14.7,True,120.0,187.50906202059713,20261002T115338Z,1.18.1,0,684,680,1102,683,4.75,95.25,0.00037209998117759824,0.00030980000155977905,0.00026709999656304717,0.003570200002286583,106,6,1118.033988749895,6,56,7,72.80928507807593,2026-10-02T11:53:38+00:00,serial_calibration,5,inf,300.83217912982644,1.2789162131794298,0.9734748010610079,0.06458353119954412,1.0057946487755127,1.0057963081600325,-0.001289300009375438,0.11958158112516103
X3,syn_s7_n120_p6_a120_d3,syn_s7_n120_p6_a120_d3__od1__full_grid__climb_tiebreak__native,syn_s7_n120_p6_a120,synthetic,full_grid,,climb_tiebreak,native,od1,,0.0,10.0,height_tiebreak,0,nan,serial,article_2_HAG_applications,True,6f060dbaf1c69bc25c1517ab2245b48bb8526299,120,120,0.08948359999340028,7.792336940625914,53,6838,26642,3,6838,14400,121,14400,1,2.5.3,145.916545218132,145.91800617267646,True,60.356180119539395,1460.9545442950503,16.8189843027438,170776,6,Windows-11-10.0.26300-SP0,3.14.7,True,120.0,187.50906202059713,20261002T115338Z,1.18.1,0,14400,7494,15289,8195,100.0,0.0,0.0019370999943930656,0.001508699991973117,0.0014610000071115792,0.0,10,12,1097.8615577567145,83,94,7,72.80928507807593,2026-10-02T11:53:38+00:00,serial_calibration,5,,,,,,,,,
X3,syn_s7_n120_p6_a120_d3,syn_s7_n120_p6_a120_d3__od1__hag_cta__shared_border__climb_tiebreak__native,syn_s7_n120_p6_a120,synthetic,hag_cta,shared_border,climb_tiebreak,native,od1,,0.019641099992441013,10.0,height_tiebreak,45,20.0,serial,article_2_HAG_applications,True,6f060dbaf1c69bc25c1517ab2245b48bb8526299,120,120,0.08948359999340028,7.792336940625914,53,6838,26642,3,46,314,127,14400,1,2.5.3,152.50586876250003,152.5073980013157,True,56.66535253157132,1529.2388155425124,11.901058319651401,165752,6,Windows-11-10.0.26300-SP0,3.14.7,True,120.0,187.50906202059713,20261002T115338Z,1.18.1,0,314,312,365,313,2.1805555555555554,97.81944444444444,0.0006167999817989767,0.0002896999940276146,0.000287600007141009,0.0016855000285431743,10,12,1097.8615577567145,83,94,7,72.80928507807593,2026-10-02T11:53:38+00:00,serial_calibration,5,inf,40.0,1.0467394906392595,0.9705813463250106,0.041633306645316254,1.0451581658167521,1.0451581816492304,-0.00046650003059767187,0.19201961660299172
X3,syn_s7_n120_p6_a120_d3,syn_s7_n120_p6_a120_d3__od1__hag_cta_ring1__shared_border__climb_tiebreak__native,syn_s7_n120_p6_a120,synthetic,hag_cta_ring1,shared_border,climb_tiebreak,native,od1,,0.019641099992441013,10.0,height_tiebreak,45,20.0,serial,article_2_HAG_applications,True,6f060dbaf1c69bc25c1517ab2245b48bb8526299,120,120,0.08948359999340028,7.792336940625914,53,6838,26642,3,299,1044,120,14400,1,2.5.3,145.9462589588035,145.94772233975482,True,60.356180119539395,1463.3809511662432,16.012992179565547,166704,6,Windows-11-10.0.26300-SP0,3.14.7,True,120.0,187.50906202059713,20261002T115338Z,1.18.1,0,1044,1012,1706,1023,7.25,92.75,0.00042389999725855887,0.0002837000065483153,0.0002801000082399696,0.002995199989527464,10,12,1097.8615577567145,83,94,7,72.80928507807593,2026-10-02T11:53:38+00:00,serial_calibration,5,inf,22.360679774997898,1.0016608366637196,0.9761559001264815,0.13504136642647452,1.000203635171235,1.0002036497609705,-0.0017702000041026622,0.18804269109677998
X3,syn_s7_n120_p6_a120_d3,syn_s7_n120_p6_a120_d3__od2__full_grid__climb_tiebreak__native,syn_s7_n120_p6_a120,synthetic,full_grid,,climb_tiebreak,native,od2,,0.0,10.0,height_tiebreak,0,nan,serial,article_2_HAG_applications,True,6f060dbaf1c69bc25c1517ab2245b48bb8526299,120,120,0.08948359999340028,7.792336940625914,53,6838,26642,3,6838,14400,109,14400,1,2.5.3,193.95538281372052,193.9566492098237,True,63.817759973682655,1266.3961030678927,26.309100857794988,173216,6,Windows-11-10.0.26300-SP0,3.14.7,True,120.0,187.50906202059713,20261002T115338Z,1.18.1,0,14400,11580,23064,12192,100.0,0.0,0.0028968999977223575,0.0026983999996446073,0.002437499992083758,0.0,108,61,1060.2358228243374,12,106,7,72.80928507807593,2026-10-02T11:53:38+00:00,serial_calibration,5,,,,,,,,,
X3,syn_s7_n120_p6_a120_d3,syn_s7_n120_p6_a120_d3__od2__hag_cta__shared_border__climb_tiebreak__native,syn_s7_n120_p6_a120,synthetic,hag_cta,shared_border,climb_tiebreak,native,od2,,0.019641099992441013,10.0,height_tiebreak,51,20.0,serial,article_2_HAG_applications,True,6f060dbaf1c69bc25c1517ab2245b48bb8526299,120,120,0.08948359999340028,7.792336940625914,53,6838,26642,3,52,242,112,14400,1,2.5.3,197.09236148270048,197.09368687375303,True,77.6780513246335,1325.3910524340097,11.703157819842348,164608,6,Windows-11-10.0.26300-SP0,3.14.7,True,120.0,187.50906202059713,20261002T115338Z,1.18.1,0,242,242,274,242,1.6805555555555556,98.31944444444444,0.0002750999992713332,0.00016510000568814576,0.00014719998580403626,0.0018380999972578138,108,61,1060.2358228243374,12,106,7,72.80928507807593,2026-10-02T11:53:38+00:00,serial_calibration,5,156.9687866859185,50.0,1.0465849106951604,0.9503048217254757,0.02089810017271157,1.0161737128584505,1.0161739114214934,0.0006951999966986477,0.061184407689701396
X3,syn_s7_n120_p6_a120_d3,syn_s7_n120_p6_a120_d3__od2__hag_cta_ring1__shared_border__climb_tiebreak__native,syn_s7_n120_p6_a120,synthetic,hag_cta_ring1,shared_border,climb_tiebreak,native,od2,,0.019641099992441013,10.0,height_tiebreak,51,20.0,serial,article_2_HAG_applications,True,6f060dbaf1c69bc25c1517ab2245b48bb8526299,120,120,0.08948359999340028,7.792336940625914,53,6838,26642,3,277,809,109,14400,1,2.5.3,193.95538281372052,193.9566492098237,True,70.25546889060422,1266.3961030678927,26.309100857794988,165752,6,Windows-11-10.0.26300-SP0,3.14.7,True,120.0,187.50906202059713,20261002T115338Z,1.18.1,0,809,797,1306,807,5.618055555555555,94.38194444444444,0.0003941000031773001,0.0002724000078160316,0.00025189999723806977,0.0019135999900754541,108,61,1060.2358228243374,12,106,7,72.80928507807593,2026-10-02T11:53:38+00:00,serial_calibration,5,212.96779783856917,20.0,1.0,0.956909292444116,0.06882556131260795,1.0,1.0,0.0005124000017531216,0.10094871325671065
X3,syn_s7_n120_p6_a120_d3,syn_s7_n120_p6_a120_d3__od3__full_grid__climb_tiebreak__native,syn_s7_n120_p6_a120,synthetic,full_grid,,climb_tiebreak,native,od3,,0.0,10.0,height_tiebreak,0,nan,serial,article_2_HAG_applications,True,6f060dbaf1c69bc25c1517ab2245b48bb8526299,120,120,0.08948359999340028,7.792336940625914,53,6838,26642,3,6838,14400,109,14400,1,2.5.3,211.84630664713134,211.84759375391255,True,68.75025785767687,1287.1067811865476,16.852368916733447,171976,6,Windows-11-10.0.26300-SP0,3.14.7,True,120.0,187.50906202059713,20261002T115338Z,1.18.1,0,14400,10529,21005,11106,100.0,0.0,0.004652700008591637,0.0024584000057075173,0.002302300010342151,0.0,106,6,1118.033988749895,6,56,7,72.80928507807593,2026-10-02T11:53:38+00:00,serial_calibration,5,,,,,,,,,
X3,syn_s7_n120_p6_a120_d3,syn_s7_n120_p6_a120_d3__od3__hag_cta__shared_border__climb_tiebreak__native,syn_s7_n120_p6_a120,synthetic,hag_cta,shared_border,climb_tiebreak,native,od3,,0.019641099992441013,10.0,height_tiebreak,70,20.0,serial,article_2_HAG_applications,True,6f060dbaf1c69bc25c1517ab2245b48bb8526299,120,120,0.08948359999340028,7.792336940625914,53,6838,26642,3,71,329,170,14400,1,2.5.3,249.52253819706291,249.5245554257773,True,54.90011493873706,2017.2287142747452,11.764192467593729,168648,6,Windows-11-10.0.26300-SP0,3.14.7,True,120.0,187.50906202059713,20261002T115338Z,1.18.1,0,329,328,385,328,2.2847222222222223,97.71527777777777,0.00030949999927543104,0.0002277999883517623,0.00020260000019334257,0.002171000000089407,106,6,1118.033988749895,6,56,7,72.80928507807593,2026-10-02T11:53:38+00:00,serial_calibration,5,1830.9508116108623,300.83217912982644,1.5672582444287324,0.9806484625761734,0.031152056225662455,1.177847006852417,1.1778493727695167,5.9600017266348004e-05,0.09266188896147615
X3,syn_s7_n120_p6_a120_d3,syn_s7_n120_p6_a120_d3__od3__hag_cta_ring1__shared_border__climb_tiebreak__native,syn_s7_n120_p6_a120,synthetic,hag_cta_ring1,shared_border,climb_tiebreak,native,od3,,0.019641099992441013,10.0,height_tiebreak,70,20.0,serial,article_2_HAG_applications,True,6f060dbaf1c69bc25c1517ab2245b48bb8526299,120,120,0.08948359999340028,7.792336940625914,53,6838,26642,3,337,1158,142,14400,1,2.5.3,212.4658837942487,212.46755474879305,True,48.10177186876558,1670.95454429505,16.821692399807574,168520,6,Windows-11-10.0.26300-SP0,3.14.7,True,120.0,187.50906202059713,20261002T115338Z,1.18.1,0,1158,1124,1913,1128,8.041666666666666,91.95833333333333,0.00046609999844804406,0.00031380000291392207,0.0003020000003743917,0.0018508000066503882,106,6,1118.033988749895,6,56,7,72.80928507807593,2026-10-02T11:53:38+00:00,serial_calibration,5,371.4251239562666,300.83217912982644,1.2982252667138028,0.979904172675257,0.1067527780415994,1.0029246539952634,1.0029264481313895,0.00029379999614320695,0.12764399698396997
X3,syn_s7_n240_p4_a200_d1,syn_s7_n240_p4_a200_d1__od1__full_grid__climb_tiebreak__native,syn_s7_n240_p4_a200,synthetic,full_grid,,climb_tiebreak,native,od1,,0.0,10.0,height_tiebreak,0,nan,serial,article_2_HAG_applications,True,6f060dbaf1c69bc25c1517ab2245b48bb8526299,240,240,0.3818782000162173,7.903476059558483,139,36737,145175,1,36737,57600,249,57600,1,2.5.3,303.58846303192547,303.59167204779493,True,44.76409133012041,3209.0158697766483,26.74875157790378,635064,4,Windows-11-10.0.26300-SP0,3.14.7,True,200.0,305.22956579469746,20261002T115338Z,1.18.1,0,57600,33462,68907,34818,100.0,0.0,0.010326000017812476,0.006519499991554767,0.0059041999920737,0.0,17,21,2294.558781116753,170,192,7,40.47128301688946,2026-10-02T11:53:38+00:00,serial_calibration,5,,,,,,,,,
X3,syn_s7_n240_p4_a200_d1,syn_s7_n240_p4_a200_d1__od1__hag_cta__shared_border__climb_tiebreak__native,syn_s7_n240_p4_a200,synthetic,hag_cta,shared_border,climb_tiebreak,native,od1,,0.05399580000084825,10.0,height_tiebreak,175,20.0,serial,article_2_HAG_applications,True,6f060dbaf1c69bc25c1517ab2245b48bb8526299,240,240,0.3818782000162173,7.903476059558483,139,36737,145175,1,176,565,320,57600,1,2.5.3,312.2569404675136,312.26083048843395,True,46.11976070862454,3890.0209204105313,11.666754109364202,653552,4,Windows-11-10.0.26300-SP0,3.14.7,True,200.0,305.22956579469746,20261002T115338Z,1.18.1,0,565,563,643,563,0.9809027777777778,99.01909722222221,0.000889600021764636,0.0006234000029508024,0.0003215000033378601,0.009487499977694824,17,21,2294.558781116753,170,192,7,40.47128301688946,2026-10-02T11:53:38+00:00,serial_calibration,5,inf,306.10455730027934,1.212216167906107,1.0291120265044154,0.016825055286593747,1.0285533822630029,1.0285553236100435,-0.00359139998909086,0.09562083039471472
X3,syn_s7_n240_p4_a200_d1,syn_s7_n240_p4_a200_d1__od1__hag_cta_ring1__shared_border__climb_tiebreak__native,syn_s7_n240_p4_a200,synthetic,hag_cta_ring1,shared_border,climb_tiebreak,native,od1,,0.05399580000084825,10.0,height_tiebreak,175,20.0,serial,article_2_HAG_applications,True,6f060dbaf1c69bc25c1517ab2245b48bb8526299,240,240,0.3818782000162173,7.903476059558483,139,36737,145175,1,726,1951,289,57600,1,2.5.3,307.9421242362597,307.94569183077306,True,47.1136900902232,3567.594513539338,14.659062546447563,653496,4,Windows-11-10.0.26300-SP0,3.14.7,True,200.0,305.22956579469746,20261002T115338Z,1.18.1,0,1951,1938,3103,1943,3.3871527777777777,96.61284722222221,0.0007442999922204763,0.0006463000026997179,0.0005414000188466161,0.011582900013308972,17,21,2294.558781116753,170,192,7,40.47128301688946,2026-10-02T11:53:38+00:00,serial_calibration,5,inf,268.32815729997475,1.1117410004543378,1.0290238464154793,0.05791644253182715,1.0143406674972244,1.0143416970353938,-0.005709700024453923,0.09913336966591338
X3,syn_s7_n240_p4_a200_d1,syn_s7_n240_p4_a200_d1__od2__full_grid__climb_tiebreak__native,syn_s7_n240_p4_a200,synthetic,full_grid,,climb_tiebreak,native,od2,,0.0,10.0,height_tiebreak,0,nan,serial,article_2_HAG_applications,True,6f060dbaf1c69bc25c1517ab2245b48bb8526299,240,240,0.3818782000162173,7.903476059558483,139,36737,145175,1,36737,57600,219,57600,1,2.5.3,294.2553258860231,294.2580940692815,True,38.82139852371196,2768.1832585697953,16.897698750374115,629416,4,Windows-11-10.0.26300-SP0,3.14.7,True,200.0,305.22956579469746,20261002T115338Z,1.18.1,0,57600,52242,105803,52687,100.0,0.0,0.012934700003825128,0.01261740000336431,0.009883700025966391,0.0,221,124,2214.72345903501,20,217,7,40.47128301688946,2026-10-02T11:53:38+00:00,serial_calibration,5,,,,,,,,,
X3,syn_s7_n240_p4_a200_d1,syn_s7_n240_p4_a200_d1__od2__hag_cta__shared_border__climb_tiebreak__native,syn_s7_n240_p4_a200,synthetic,hag_cta,shared_border,climb_tiebreak,native,od2,,0.05399580000084825,10.0,height_tiebreak,170,20.0,serial,article_2_HAG_applications,True,6f060dbaf1c69bc25c1517ab2245b48bb8526299,240,240,0.3818782000162173,7.903476059558483,139,36737,145175,1,171,488,280,57600,1,2.5.3,304.88504274530203,304.88840021788207,True,64.68762660216916,3357.47258045114,11.578975700448458,650912,4,Windows-11-10.0.26300-SP0,3.14.7,True,200.0,305.22956579469746,20261002T115338Z,1.18.1,0,488,488,531,488,0.8472222222222222,99.15277777777777,0.0004799000162165612,0.0002707000239752233,0.0002682000049389899,0.008297899999888614,221,124,2214.72345903501,20,217,7,40.47128301688946,2026-10-02T11:53:38+00:00,serial_calibration,5,107.65510823551284,360.5551275463989,1.212879447217597,1.03415229355466,0.009341143141533632,1.0361241273281023,1.0361257901238825,0.0040487999795004725,0.021454501236629078
X3,syn_s7_n240_p4_a200_d1,syn_s7_n240_p4_a200_d1__od2__hag_cta_ring1__shared_border__climb_tiebreak__native,syn_s7_n240_p4_a200,synthetic,hag_cta_ring1,shared_border,climb_tiebreak,native,od2,,0.05399580000084825,10.0,height_tiebreak,170,20.0,serial,article_2_HAG_applications,True,6f060dbaf1c69bc25c1517ab2245b48bb8526299,240,240,0.3818782000162173,7.903476059558483,139,36737,145175,1,712,1787,234,57600,1,2.5.3,303.40796448308015,303.4108122500324,True,63.476849988717206,2847.7669529663694,14.199248970873514,649464,4,Windows-11-10.0.26300-SP0,3.14.7,True,200.0,305.22956579469746,20261002T115338Z,1.18.1,0,1787,1746,2815,1786,3.1024305555555554,96.89756944444444,0.0009224999812431633,0.0005715000152122229,0.000521400012075901,0.010091000003740191,221,124,2214.72345903501,20,217,7,40.47128301688946,2026-10-02T11:53:38+00:00,serial_calibration,5,222.9648593240908,367.6955262170047,1.0287494312922374,1.0318517482873013,0.03342138509245435,1.0311044110059786,1.0311043888519034,0.0019548999844118953,0.04529459437442246
X3,syn_s7_n240_p4_a200_d1,syn_s7_n240_p4_a200_d1__od3__full_grid__climb_tiebreak__native,syn_s7_n240_p4_a200,synthetic,full_grid,,climb_tiebreak,native,od3,,0.0,10.0,height_tiebreak,0,nan,serial,article_2_HAG_applications,True,6f060dbaf1c69bc25c1517ab2245b48bb8526299,240,240,0.3818782000162173,7.903476059558483,139,36737,145175,1,36737,57600,283,57600,1,2.5.3,404.3401273085461,404.3435147811256,True,63.56283113329643,3387.4725804511404,27.014433627556738,626112,4,Windows-11-10.0.26300-SP0,3.14.7,True,200.0,305.22956579469746,20261002T115338Z,1.18.1,0,57600,48337,96899,49053,100.0,0.0,0.010607900010654703,0.009525600005872548,0.00824519997695461,0.0,217,7,2334.4592521609793,8,111,7,40.47128301688946,2026-10-02T11:53:38+00:00,serial_calibration,5,,,,,,,,,
X3,syn_s7_n240_p4_a200_d1,syn_s7_n240_p4_a200_d1__od3__hag_cta__shared_border__climb_tiebreak__native,syn_s7_n240_p4_a200,synthetic,hag_cta,shared_border,climb_tiebreak,native,od3,,0.05399580000084825,10.0,height_tiebreak,191,20.0,serial,article_2_HAG_applications,True,6f060dbaf1c69bc25c1517ab2245b48bb8526299,240,240,0.3818782000162173,7.903476059558483,139,36737,145175,1,192,674,308,57600,1,2.5.3,410.11048917045446,410.1142467649673,True,64.68762660216916,3757.594513539338,11.582037153921108,652632,4,Windows-11-10.0.26300-SP0,3.14.7,True,200.0,305.22956579469746,20261002T115338Z,1.18.1,0,674,674,774,674,1.1701388888888888,98.8298611111111,0.000579500017920509,0.00032369999098591506,0.00029769999673590064,0.010179699980653822,217,7,2334.4592521609793,8,111,7,40.47128301688946,2026-10-02T11:53:38+00:00,serial_calibration,5,inf,140.0,1.1092619716611567,1.0423566390677705,0.013943769782981981,1.014271059121236,1.0142718549275247,-0.0009777999657671899,0.033982110395812705
X3,syn_s7_n240_p4_a200_d1,syn_s7_n240_p4_a200_d1__od3__hag_cta_ring1__shared_border__climb_tiebreak__native,syn_s7_n240_p4_a200,synthetic,hag_cta_ring1,shared_border,climb_tiebreak,native,od3,,0.05399580000084825,10.0,height_tiebreak,191,20.0,serial,article_2_HAG_applications,True,6f060dbaf1c69bc25c1517ab2245b48bb8526299,240,240,0.3818782000162173,7.903476059558483,139,36737,145175,1,837,2280,282,57600,1,2.5.3,405.0305062861342,405.0339790278331,True,63.56283113329643,3472.7416997969526,26.343688152822455,652728,4,Windows-11-10.0.26300-SP0,3.14.7,True,200.0,305.22956579469746,20261002T115338Z,1.18.1,0,2280,2276,3778,2279,3.9583333333333335,96.04166666666667,0.0008038999803829938,0.0006444999889936298,0.0006301000248640776,0.010132099996553734,217,7,2334.4592521609793,8,111,7,40.47128301688946,2026-10-02T11:53:38+00:00,serial_calibration,5,inf,104.4030650891055,1.025171899497547,1.042509966268016,0.04708608312472847,1.0017074213785893,1.0017076179571751,-0.0012509999796748161,0.06765977876420326
X3,syn_s7_n480_p4_a200_d1,syn_s7_n480_p4_a200_d1__od1__full_grid__climb_tiebreak__native,syn_s7_n480_p4_a200,synthetic,full_grid,,climb_tiebreak,native,od1,,0.0,10.0,height_tiebreak,0,nan,serial,article_2_HAG_applications,True,6f060dbaf1c69bc25c1517ab2245b48bb8526299,480,480,1.5726145000080578,7.790351678732925,247,85362,332500,1,85362,230400,503,230400,1,2.5.3,291.4558556252035,291.46238336257,True,20.53857683401275,6527.737367038067,26.313447819691945,2426952,4,Windows-11-10.0.26300-SP0,3.14.7,True,200.0,305.25135868017105,20261002T115338Z,1.18.1,0,230400,133544,278309,136318,100.0,0.0,0.04254460000083782,0.03585200000088662,0.03411820001201704,0.0,30,38,4688.752499332844,342,388,7,20.237481461923018,2026-10-02T11:53:38+00:00,serial_calibration,5,,,,,,,,,
X3,syn_s7_n480_p4_a200_d1,syn_s7_n480_p4_a200_d1__od1__hag_cta__shared_border__climb_tiebreak__native,syn_s7_n480_p4_a200,synthetic,hag_cta,shared_border,climb_tiebreak,native,od1,,0.20475460001034662,10.0,height_tiebreak,211,20.0,serial,article_2_HAG_applications,True,6f060dbaf1c69bc25c1517ab2245b48bb8526299,480,480,1.5726145000080578,7.790351678732925,247,85362,332500,1,212,1857,673,230400,1,2.5.3,360.9355846500246,360.94404434698555,True,23.472546149785103,8459.696961967002,10.846587711671603,2578576,4,Windows-11-10.0.26300-SP0,3.14.7,True,200.0,305.25135868017105,20261002T115338Z,1.18.1,0,1857,1855,2355,1855,0.8059895833333334,99.19401041666667,0.001948599994648248,0.0015940000012051314,0.0015371000044979155,0.026192499994067475,30,38,4688.752499332844,342,388,7,20.237481461923018,2026-10-02T11:53:38+00:00,serial_calibration,5,220.3668834890908,247.58836806279893,1.2959615999081706,1.0624750716124587,0.013890552926376325,1.2383885164213968,1.2383898058569793,0.008065500005614012,0.0444605601128448
X3,syn_s7_n480_p4_a200_d1,syn_s7_n480_p4_a200_d1__od1__hag_cta_ring1__shared_border__climb_tiebreak__native,syn_s7_n480_p4_a200,synthetic,hag_cta_ring1,shared_border,climb_tiebreak,native,od1,,0.20475460001034662,10.0,height_tiebreak,211,20.0,serial,article_2_HAG_applications,True,6f060dbaf1c69bc25c1517ab2245b48bb8526299,480,480,1.5726145000080578,7.790351678732925,247,85362,332500,1,1021,6653,509,230400,1,2.5.3,297.6401110274262,297.64661592208046,True,21.118889292374757,6504.894654563448,24.16360370096586,2572768,4,Windows-11-10.0.26300-SP0,3.14.7,True,200.0,305.25135868017105,20261002T115338Z,1.18.1,0,6653,6627,12146,6635,2.8875868055555554,97.11241319444444,0.0027858999965246767,0.002593799988972023,0.0024782000109553337,0.02461250001215376,30,38,4688.752499332844,342,388,7,20.237481461923018,2026-10-02T11:53:38+00:00,serial_calibration,5,205.57839157819163,84.8528137423857,0.9965006691920598,1.0600819464084992,0.04962409393158809,1.021218497699958,1.0212179441071045,0.008645699999760836,0.07234742800702551
X3,syn_s7_n480_p4_a200_d1,syn_s7_n480_p4_a200_d1__od2__full_grid__climb_tiebreak__native,syn_s7_n480_p4_a200,synthetic,full_grid,,climb_tiebreak,native,od2,,0.0,10.0,height_tiebreak,0,nan,serial,article_2_HAG_applications,True,6f060dbaf1c69bc25c1517ab2245b48bb8526299,480,480,1.5726145000080578,7.790351678732925,247,85362,332500,1,85362,230400,374,230400,1,2.5.3,231.58255487227214,231.5873079797708,True,20.22023863521099,4753.107499061545,26.461415323656468,2415336,4,Windows-11-10.0.26300-SP0,3.14.7,True,200.0,305.25135868017105,20261002T115338Z,1.18.1,0,230400,106637,219114,109330,100.0,0.0,0.03072079998673871,0.029173699993407354,0.02480059998924844,0.0,35,100,4145.4070970171315,275,438,7,20.237481461923018,2026-10-02T11:53:38+00:00,serial_calibration,5,,,,,,,,,
X3,syn_s7_n480_p4_a200_d1,syn_s7_n480_p4_a200_d1__od2__hag_cta__shared_border__climb_tiebreak__native,syn_s7_n480_p4_a200,synthetic,hag_cta,shared_border,climb_tiebreak,native,od2,,0.20475460001034662,10.0,height_tiebreak,159,20.0,serial,article_2_HAG_applications,True,6f060dbaf1c69bc25c1517ab2245b48bb8526299,480,480,1.5726145000080578,7.790351678732925,247,85362,332500,1,160,1699,532,230400,1,2.5.3,285.225253914055,285.2318189811484,True,23.472546149785103,6565.0670939904785,10.844946247531558,2569272,4,Windows-11-10.0.26300-SP0,3.14.7,True,200.0,305.25135868017105,20261002T115338Z,1.18.1,0,1699,1689,2177,1691,0.7374131944444444,99.26258680555556,0.0016781000012997538,0.0015230000135488808,0.0014979000261519104,0.02338560001226142,35,100,4145.4070970171315,275,438,7,20.237481461923018,2026-10-02T11:53:38+00:00,serial_calibration,5,416.7239017892868,261.72504656604804,1.3812157825773321,1.0637327477419292,0.015838780160732202,1.2316353192984208,1.2316383892940432,0.0042650999675970525,0.05220455457802908
X3,syn_s7_n480_p4_a200_d1,syn_s7_n480_p4_a200_d1__od2__hag_cta_ring1__shared_border__climb_tiebreak__native,syn_s7_n480_p4_a200,synthetic,hag_cta_ring1,shared_border,climb_tiebreak,native,od2,,0.20475460001034662,10.0,height_tiebreak,159,20.0,serial,article_2_HAG_applications,True,6f060dbaf1c69bc25c1517ab2245b48bb8526299,480,480,1.5726145000080578,7.790351678732925,247,85362,332500,1,752,5979,383,230400,1,2.5.3,234.68552605911225,234.69031531884792,True,21.118889292374757,4789.259735953043,26.1724779827482,2564752,4,Windows-11-10.0.26300-SP0,3.14.7,True,200.0,305.25135868017105,20261002T115338Z,1.18.1,0,5979,5937,10619,5968,2.5950520833333335,97.40494791666666,0.0030793000187259167,0.0022438000014517456,0.0021172999986447394,0.02914150001015514,35,100,4145.4070970171315,275,438,7,20.237481461923018,2026-10-02T11:53:38+00:00,serial_calibration,5,inf,106.30145812734649,1.0076060213026183,1.0618613724964145,0.055674859570317994,1.013398985033875,1.013398866138848,-0.0022116000181995332,0.07691173906493855
X3,syn_s7_n480_p4_a200_d1,syn_s7_n480_p4_a200_d1__od3__full_grid__climb_tiebreak__native,syn_s7_n480_p4_a200,synthetic,full_grid,,climb_tiebreak,native,od3,,0.0,10.0,height_tiebreak,0,nan,serial,article_2_HAG_applications,True,6f060dbaf1c69bc25c1517ab2245b48bb8526299,480,480,1.5726145000080578,7.790351678732925,247,85362,332500,1,85362,230400,446,230400,1,2.5.3,298.3773778354471,298.3830373390481,True,19.501599522824478,5659.503602129439,15.696965034344215,2417192,4,Windows-11-10.0.26300-SP0,3.14.7,True,200.0,305.25135868017105,20261002T115338Z,1.18.1,0,230400,209470,427757,210342,100.0,0.0,0.0636446000135038,0.06226409997907467,0.05504060001112521,0.0,447,248,4527.924469334708,36,438,7,20.237481461923018,2026-10-02T11:53:38+00:00,serial_calibration,5,,,,,,,,,
X3,syn_s7_n480_p4_a200_d1,syn_s7_n480_p4_a200_d1__od3__hag_cta__shared_border__climb_tiebreak__native,syn_s7_n480_p4_a200,synthetic,hag_cta,shared_border,climb_tiebreak,native,od3,,0.20475460001034662,10.0,height_tiebreak,225,20.0,serial,article_2_HAG_applications,True,6f060dbaf1c69bc25c1517ab2245b48bb8526299,480,480,1.5726145000080578,7.790351678732925,247,85362,332500,1,226,2817,659,230400,1,2.5.3,351.7552652921163,351.7632660446338,True,22.720861041354667,8000.7525189397165,10.662620846803293,2577360,4,Windows-11-10.0.26300-SP0,3.14.7,True,200.0,305.25135868017105,20261002T115338Z,1.18.1,0,2817,2816,3989,2816,1.22265625,98.77734375,0.0030408999882638454,0.0021957999852020293,0.0020179999992251396,0.028483600006438792,447,248,4527.924469334708,36,438,7,20.237481461923018,2026-10-02T11:53:38+00:00,serial_calibration,5,56.27310377257155,822.9823813423955,1.4136844998083156,1.0662620098031104,0.013443452523034324,1.1788938821163135,1.1788983354470333,0.03158469998743385,0.035265907415990595
X3,syn_s7_n480_p4_a200_d1,syn_s7_n480_p4_a200_d1__od3__hag_cta_ring1__shared_border__climb_tiebreak__native,syn_s7_n480_p4_a200,synthetic,hag_cta_ring1,shared_border,climb_tiebreak,native,od3,,0.20475460001034662,10.0,height_tiebreak,225,20.0,serial,article_2_HAG_applications,True,6f060dbaf1c69bc25c1517ab2245b48bb8526299,480,480,1.5726145000080578,7.790351678732925,247,85362,332500,1,1066,7359,534,230400,1,2.5.3,317.434337551962,317.4407113701373,True,25.96361225886052,6373.818177180201,11.577659983413938,2573464,4,Windows-11-10.0.26300-SP0,3.14.7,True,200.0,305.25135868017105,20261002T115338Z,1.18.1,0,7359,7310,12566,7354,3.1940104166666665,96.80598958333333,0.0034442000032868236,0.0030928000051062554,0.0026453000027686357,0.02927820000331849,447,248,4527.924469334708,36,438,7,20.237481461923018,2026-10-02T11:53:38+00:00,serial_calibration,5,59.4575036300513,834.0863264674706,1.1262150579393562,1.0646502222413445,0.0348975987014847,1.0638686480012727,1.0638698305407832,0.029893099970649928,0.04967228316390447
X3,syn_s7_n480_p6_a120_d3,syn_s7_n480_p6_a120_d3__od1__full_grid__climb_tiebreak__native,syn_s7_n480_p6_a120,synthetic,full_grid,,climb_tiebreak,native,od1,,0.0,10.0,height_tiebreak,0,nan,serial,article_2_HAG_applications,True,6f060dbaf1c69bc25c1517ab2245b48bb8526299,480,480,0.546073500008788,4.053488372093023,48,860,1743,3,860,230400,509,230400,1,2.5.3,184.80267214072273,184.8088208117139,True,15.853892644760087,6148.6709909225865,16.89772091288519,2438344,6,Windows-11-10.0.26300-SP0,3.14.7,True,120.0,187.83030346749058,20261002T115338Z,1.18.1,0,230400,148810,307867,152026,100.0,0.0,0.04683090001344681,0.04145839999546297,0.04007489999639802,0.0,30,38,4688.752499332844,342,388,7,18.33715313306218,2026-10-02T11:53:38+00:00,serial_calibration,5,,,,,,,,,
X3,syn_s7_n480_p6_a120_d3,syn_s7_n480_p6_a120_d3__od1__hag_cta__shared_border__climb_tiebreak__native,syn_s7_n480_p6_a120,synthetic,hag_cta,shared_border,climb_tiebreak,native,od1,,0.07280970001011156,10.0,height_tiebreak,26,20.0,serial,article_2_HAG_applications,True,6f060dbaf1c69bc25c1517ab2245b48bb8526299,480,480,0.546073500008788,4.053488372093023,48,860,1743,3,27,20020,913,230400,1,2.5.3,383.71978947747635,383.7309142711159,True,26.59646707992173,11124.793641885783,10.654375699544792,2597256,6,Windows-11-10.0.26300-SP0,3.14.7,True,120.0,187.83030346749058,20261002T115338Z,1.18.1,0,20020,18053,29465,18170,8.68923611111111,91.31076388888889,0.006332600023597479,0.005263600003672764,0.005042500008130446,0.00036860001273453236,30,38,4688.752499332844,342,388,7,18.33715313306218,2026-10-02T11:53:38+00:00,serial_calibration,5,17.27459793058444,729.4518489934753,1.809300523366684,1.0651721004091301,0.12131577178953028,2.0763757635781537,2.076366877867085,0.03582619997905567,0.12696100197423899
X3,syn_s7_n480_p6_a120_d3,syn_s7_n480_p6_a120_d3__od1__hag_cta_ring1__shared_border__climb_tiebreak__native,syn_s7_n480_p6_a120,synthetic,hag_cta_ring1,shared_border,climb_tiebreak,native,od1,,0.07280970001011156,10.0,height_tiebreak,26,20.0,serial,article_2_HAG_applications,True,6f060dbaf1c69bc25c1517ab2245b48bb8526299,480,480,0.546073500008788,4.053488372093023,48,860,1743,3,99,48706,512,230400,1,2.5.3,185.7347535608792,185.7409198054635,True,15.853892644760087,6166.244584051393,16.851483312603985,2581104,6,Windows-11-10.0.26300-SP0,3.14.7,True,120.0,187.83030346749058,20261002T115338Z,1.18.1,0,48706,30098,59392,30482,21.139756944444443,78.86024305555556,0.008165399980498478,0.007292799971764907,0.007067400001687929,0.0002612000098451972,30,38,4688.752499332844,342,388,7,18.33715313306218,2026-10-02T11:53:38+00:00,serial_calibration,5,18.253772364826762,22.360679774997898,1.0028581124530407,1.058547932531259,0.2022579127746791,1.0050436576990982,1.0050435849850439,0.033904400013852865,0.1759064501419013
X3,syn_s7_n480_p6_a120_d3,syn_s7_n480_p6_a120_d3__od2__full_grid__climb_tiebreak__native,syn_s7_n480_p6_a120,synthetic,full_grid,,climb_tiebreak,native,od2,,0.0,10.0,height_tiebreak,0,nan,serial,article_2_HAG_applications,True,6f060dbaf1c69bc25c1517ab2245b48bb8526299,480,480,0.546073500008788,4.053488372093023,48,860,1743,3,860,230400,409,230400,1,2.5.3,154.1396026300398,154.14449448862254,True,16.62400300443317,4891.858582251267,26.334525627528087,2431848,6,Windows-11-10.0.26300-SP0,3.14.7,True,120.0,187.83030346749058,20261002T115338Z,1.18.1,0,230400,138975,284742,142278,100.0,0.0,0.04232840001350269,0.039156699989689514,0.037261599994963035,0.0,35,100,4145.4070970171315,275,438,7,18.33715313306218,2026-10-02T11:53:38+00:00,serial_calibration,5,,,,,,,,,
X3,syn_s7_n480_p6_a120_d3,syn_s7_n480_p6_a120_d3__od2__hag_cta__shared_border__climb_tiebreak__native,syn_s7_n480_p6_a120,synthetic,hag_cta,shared_border,climb_tiebreak,native,od2,,0.07280970001011156,10.0,height_tiebreak,9,28.284271247461902,serial,article_2_HAG_applications,True,6f060dbaf1c69bc25c1517ab2245b48bb8526299,480,480,0.546073500008788,4.053488372093023,48,860,1743,3,10,12111,582,230400,1,2.5.3,275.1518413659139,275.15898927572,True,24.66906355425715,7147.909806465097,11.712898664648865,2574920,6,Windows-11-10.0.26300-SP0,3.14.7,True,120.0,187.83030346749058,20261002T115338Z,1.18.1,0,12111,11073,17175,11101,5.256510416666667,94.74348958333333,0.007152800011681393,0.004303199995774776,0.0037589999847114086,0.000225800002226606,35,100,4145.4070970171315,275,438,7,18.33715313306218,2026-10-02T11:53:38+00:00,serial_calibration,5,17.872489370286022,705.7619995437556,1.4611848822448135,1.0588326244074464,0.07967620075553157,1.7850820728163108,1.7850717937644511,0.03462769999168813,0.10989690134530913
X3,syn_s7_n480_p6_a120_d3,syn_s7_n480_p6_a120_d3__od2__hag_cta_ring1__shared_border__climb_tiebreak__native,syn_s7_n480_p6_a120,synthetic,hag_cta_ring1,shared_border,climb_tiebreak,native,od2,,0.07280970001011156,10.0,height_tiebreak,9,20.0,serial,article_2_HAG_applications,True,6f060dbaf1c69bc25c1517ab2245b48bb8526299,480,480,0.546073500008788,4.053488372093023,48,860,1743,3,63,36598,504,230400,1,2.5.3,161.22509925094755,161.23130147532962,True,16.62400300443317,6202.22438151586,26.33424048349623,2578408,6,Windows-11-10.0.26300-SP0,3.14.7,True,120.0,187.83030346749058,20261002T115338Z,1.18.1,0,36598,24553,48554,24813,15.88454861111111,84.1154513888889,0.008797499991487712,0.007266199972946197,0.00670430000172928,0.00031790000502951443,35,100,4145.4070970171315,275,438,7,18.33715313306218,2026-10-02T11:53:38+00:00,serial_calibration,5,19.601907976830752,705.7619995437556,1.2678666558389253,1.060266924577523,0.17667206332074115,1.0459680477956992,1.0459750898675797,0.0315726000117138,0.18556722029332107
X3,syn_s7_n480_p6_a120_d3,syn_s7_n480_p6_a120_d3__od3__full_grid__climb_tiebreak__native,syn_s7_n480_p6_a120,synthetic,full_grid,,climb_tiebreak,native,od3,,0.0,10.0,height_tiebreak,0,nan,serial,article_2_HAG_applications,True,6f060dbaf1c69bc25c1517ab2245b48bb8526299,480,480,0.546073500008788,4.053488372093023,48,860,1743,3,860,230400,516,230400,1,2.5.3,217.41063357054477,217.41698478987547,True,17.609276280865842,6351.219330881977,26.14337721461155,2435960,6,Windows-11-10.0.26300-SP0,3.14.7,True,120.0,187.83030346749058,20261002T115338Z,1.18.1,0,230400,210467,431203,212141,100.0,0.0,0.06600109999999404,0.057279600005131215,0.05666879998170771,0.0,447,248,4527.924469334708,36,438,7,18.33715313306218,2026-10-02T11:53:38+00:00,serial_calibration,5,,,,,,,,,
X3,syn_s7_n480_p6_a120_d3,syn_s7_n480_p6_a120_d3__od3__hag_cta__shared_border__climb_tiebreak__native,syn_s7_n480_p6_a120,synthetic,hag_cta,shared_border,climb_tiebreak,native,od3,,0.07280970001011156,10.0,height_tiebreak,25,20.0,serial,article_2_HAG_applications,True,6f060dbaf1c69bc25c1517ab2245b48bb8526299,480,480,0.546073500008788,4.053488372093023,48,860,1743,3,26,16232,785,230400,1,2.5.3,447.95165653470673,447.9609172872234,True,27.657875392796456,9260.752518939717,11.069530213944187,2587664,6,Windows-11-10.0.26300-SP0,3.14.7,True,120.0,187.83030346749058,20261002T115338Z,1.18.1,0,16232,14474,20042,14518,7.045138888888889,92.95486111111111,0.003942399984225631,0.003568200016161427,0.003488899994408712,0.00024870000197552145,447,248,4527.924469334708,36,438,7,18.33715313306218,2026-10-02T11:53:38+00:00,serial_calibration,5,11.575981014229615,1091.283647820309,1.4581062370040527,1.0622768846779094,0.06877087619436777,2.060394421275428,2.0603768271377656,0.053462699986994267,0.06229442970694245
X3,syn_s7_n480_p6_a120_d3,syn_s7_n480_p6_a120_d3__od3__hag_cta_ring1__shared_border__climb_tiebreak__native,syn_s7_n480_p6_a120,synthetic,hag_cta_ring1,shared_border,climb_tiebreak,native,od3,,0.07280970001011156,10.0,height_tiebreak,25,20.0,serial,article_2_HAG_applications,True,6f060dbaf1c69bc25c1517ab2245b48bb8526299,480,480,0.546073500008788,4.053488372093023,48,860,1743,3,83,46957,538,230400,1,2.5.3,237.48491982462343,237.49150761249663,True,22.942894845096777,6587.7878733769,17.19316097323883,2583832,6,Windows-11-10.0.26300-SP0,3.14.7,True,120.0,187.83030346749058,20261002T115338Z,1.18.1,0,46957,44247,85768,44400,20.38064236111111,79.61935763888889,0.013031100010266528,0.010708699992392212,0.009562599996570498,0.00026309999520890415,447,248,4527.924469334708,36,438,7,18.33715313306218,2026-10-02T11:53:38+00:00,serial_calibration,5,13.3645562904007,140.0,1.0372477362487924,1.0607037882395443,0.21023248300208583,1.0923335069881253,1.0923318978138823,0.0463078000175301,0.18695486685369497
X3,syn_s7_n480_p6_a120_d5,syn_s7_n480_p6_a120_d5__od1__full_grid__climb_tiebreak__native,syn_s7_n480_p6_a120,synthetic,full_grid,,climb_tiebreak,native,od1,,0.0,10.0,height_tiebreak,0,nan,serial,article_2_HAG_applications,True,6f060dbaf1c69bc25c1517ab2245b48bb8526299,480,480,0.3397842000122182,2.014388489208633,50,417,420,5,417,230400,509,230400,1,2.5.3,184.80267214072273,184.8088208117139,True,15.853892644760087,6148.6709909225865,16.89772091288519,2438280,6,Windows-11-10.0.26300-SP0,3.14.7,True,120.0,187.83030346749058,20261002T115338Z,1.18.1,0,230400,148810,307867,152026,100.0,0.0,0.05222799998591654,0.03768740000668913,0.036171199986711144,0.0,30,38,4688.752499332844,342,388,7,18.33715313306218,2026-10-02T11:53:38+00:00,serial_calibration,5,,,,,,,,,
X3,syn_s7_n480_p6_a120_d5,syn_s7_n480_p6_a120_d5__od1__hag_cta__shared_border__climb_tiebreak__native,syn_s7_n480_p6_a120,synthetic,hag_cta,shared_border,climb_tiebreak,native,od1,,0.05182349999086,10.0,height_tiebreak,22,40.0,serial,article_2_HAG_applications,True,6f060dbaf1c69bc25c1517ab2245b48bb8526299,480,480,0.3397842000122182,2.014388489208633,50,417,420,5,23,31734,498,230400,1,2.5.3,200.84905513355585,200.85513936803846,True,15.853892644760087,6084.234482783627,16.910894890860426,2579680,6,Windows-11-10.0.26300-SP0,3.14.7,True,120.0,187.83030346749058,20261002T115338Z,1.18.1,0,31734,18766,35230,19082,13.7734375,86.2265625,0.00617380000767298,0.005052499996963888,0.0048525999882258475,0.00016009999671950936,30,38,4688.752499332844,342,388,7,18.33715313306218,2026-10-02T11:53:38+00:00,serial_calibration,5,12.058817909463475,169.7056274847714,0.98952025433885,1.0579916990665552,0.12610711645722733,1.0868298212734402,1.086826583741221,0.032474800013005733,0.13406337386147946
X3,syn_s7_n480_p6_a120_d5,syn_s7_n480_p6_a120_d5__od1__hag_cta_ring1__shared_border__climb_tiebreak__native,syn_s7_n480_p6_a120,synthetic,hag_cta_ring1,shared_border,climb_tiebreak,native,od1,,0.05182349999086,10.0,height_tiebreak,22,40.0,serial,article_2_HAG_applications,True,6f060dbaf1c69bc25c1517ab2245b48bb8526299,480,480,0.3397842000122182,2.014388489208633,50,417,420,5,43,55733,514,230400,1,2.5.3,186.37475036569805,186.38092832601112,True,15.853892644760087,6177.9603128039325,16.882861733088408,2583088,6,Windows-11-10.0.26300-SP0,3.14.7,True,120.0,187.83030346749058,20261002T115338Z,1.18.1,0,55733,32206,61611,32596,24.18967013888889,75.81032986111111,0.008046200004173443,0.007468600000720471,0.007176999992225319,0.0001823000202421099,30,38,4688.752499332844,342,388,7,18.33715313306218,2026-10-02T11:53:38+00:00,serial_calibration,5,13.037727437922912,22.360679774997898,1.0047635207550683,1.0593894056466033,0.21642362744439217,1.0085067937966732,1.0085066692563278,0.03003649998572655,0.19817233344287136
X3,syn_s7_n480_p6_a120_d5,syn_s7_n480_p6_a120_d5__od2__full_grid__climb_tiebreak__native,syn_s7_n480_p6_a120,synthetic,full_grid,,climb_tiebreak,native,od2,,0.0,10.0,height_tiebreak,0,nan,serial,article_2_HAG_applications,True,6f060dbaf1c69bc25c1517ab2245b48bb8526299,480,480,0.3397842000122182,2.014388489208633,50,417,420,5,417,230400,409,230400,1,2.5.3,154.1396026300398,154.14449448862254,True,16.62400300443317,4891.858582251267,26.334525627528087,2431784,6,Windows-11-10.0.26300-SP0,3.14.7,True,120.0,187.83030346749058,20261002T115338Z,1.18.1,0,230400,138975,284742,142278,100.0,0.0,0.03969659999711439,0.03728009999031201,0.03516289999242872,0.0,35,100,4145.4070970171315,275,438,7,18.33715313306218,2026-10-02T11:53:38+00:00,serial_calibration,5,,,,,,,,,
X3,syn_s7_n480_p6_a120_d5,syn_s7_n480_p6_a120_d5__od2__hag_cta__shared_border__climb_tiebreak__native,syn_s7_n480_p6_a120,synthetic,hag_cta,shared_border,climb_tiebreak,native,od2,,0.05182349999086,10.0,height_tiebreak,8,40.0,serial,article_2_HAG_applications,True,6f060dbaf1c69bc25c1517ab2245b48bb8526299,480,480,0.3397842000122182,2.014388489208633,50,417,420,5,9,19861,575,230400,1,2.5.3,240.05758549240755,240.06465097580707,True,16.62400300443317,7065.483399593904,26.148236856925497,2577488,6,Windows-11-10.0.26300-SP0,3.14.7,True,120.0,187.83030346749058,20261002T115338Z,1.18.1,0,19861,15452,28088,15504,8.620225694444445,91.37977430555554,0.005076100002042949,0.003961300011724234,0.003880500007653609,0.0001564999984111637,35,100,4145.4070970171315,275,438,7,18.33715313306218,2026-10-02T11:53:38+00:00,serial_calibration,5,11.80882207317252,696.419413859206,1.4443351705278284,1.0599165057422864,0.11118546501169276,1.557403687283306,1.5574000989930024,0.03316229998017661,0.10625776252621795
X3,syn_s7_n480_p6_a120_d5,syn_s7_n480_p6_a120_d5__od2__hag_cta_ring1__shared_border__climb_tiebreak__native,syn_s7_n480_p6_a120,synthetic,hag_cta_ring1,shared_border,climb_tiebreak,native,od2,,0.05182349999086,10.0,height_tiebreak,8,40.0,serial,article_2_HAG_applications,True,6f060dbaf1c69bc25c1517ab2245b48bb8526299,480,480,0.3397842000122182,2.014388489208633,50,417,420,5,23,41899,505,230400,1,2.5.3,162.30655826023474,162.31274977393872,True,16.62400300443317,6191.513703397205,26.313328776994116,2581008,6,Windows-11-10.0.26300-SP0,3.14.7,True,120.0,187.83030346749058,20261002T115338Z,1.18.1,0,41899,26057,49132,26285,18.18532986111111,81.81467013888889,0.006941600004211068,0.006833299994468689,0.00599010000587441,0.00017340001068077981,35,100,4145.4070970171315,275,438,7,18.33715313306218,2026-10-02T11:53:38+00:00,serial_calibration,5,12.935702636473312,696.419413859206,1.265677165292834,1.0613640027239262,0.18749415362475266,1.052984148725211,1.0529908986526864,0.03027339998516254,0.18329618204469572
X3,syn_s7_n480_p6_a120_d5,syn_s7_n480_p6_a120_d5__od3__full_grid__climb_tiebreak__native,syn_s7_n480_p6_a120,synthetic,full_grid,,climb_tiebreak,native,od3,,0.0,10.0,height_tiebreak,0,nan,serial,article_2_HAG_applications,True,6f060dbaf1c69bc25c1517ab2245b48bb8526299,480,480,0.3397842000122182,2.014388489208633,50,417,420,5,417,230400,516,230400,1,2.5.3,217.41063357054477,217.41698478987547,True,17.609276280865842,6351.219330881977,26.14337721461155,2436024,6,Windows-11-10.0.26300-SP0,3.14.7,True,120.0,187.83030346749058,20261002T115338Z,1.18.1,0,230400,210467,431203,212141,100.0,0.0,0.06358749998616986,0.054310599982272834,0.052218299999367446,0.0,447,248,4527.924469334708,36,438,7,18.33715313306218,2026-10-02T11:53:38+00:00,serial_calibration,5,,,,,,,,,
X3,syn_s7_n480_p6_a120_d5,syn_s7_n480_p6_a120_d5__od3__hag_cta__shared_border__climb_tiebreak__native,syn_s7_n480_p6_a120,synthetic,hag_cta,shared_border,climb_tiebreak,native,od3,,0.05182349999086,10.0,height_tiebreak,26,40.0,serial,article_2_HAG_applications,True,6f060dbaf1c69bc25c1517ab2245b48bb8526299,480,480,0.3397842000122182,2.014388489208633,50,417,420,5,27,42402,516,230400,1,2.5.3,217.41097685211787,217.41732807144857,True,17.609276280865842,6351.219330881977,26.14337721461155,2584408,6,Windows-11-10.0.26300-SP0,3.14.7,True,120.0,187.83030346749058,20261002T115338Z,1.18.1,0,42402,38081,74799,38505,18.403645833333332,81.59635416666666,0.009309800021583214,0.009044300008099526,0.008611600002041087,0.00016379999578930438,447,248,4527.924469334708,36,438,7,18.33715313306218,2026-10-02T11:53:38+00:00,serial_calibration,5,8.682616267186113,10.0,1.0,1.0609123719634945,0.18093572864154475,1.0000015789548444,1.0000015789087198,0.045102499978384,0.16652918603461603
X3,syn_s7_n480_p6_a120_d5,syn_s7_n480_p6_a120_d5__od3__hag_cta_ring1__shared_border__climb_tiebreak__native,syn_s7_n480_p6_a120,synthetic,hag_cta_ring1,shared_border,climb_tiebreak,native,od3,,0.05182349999086,10.0,height_tiebreak,26,20.0,serial,article_2_HAG_applications,True,6f060dbaf1c69bc25c1517ab2245b48bb8526299,480,480,0.3397842000122182,2.014388489208633,50,417,420,5,46,64638,516,230400,1,2.5.3,217.41063357054477,217.41698478987547,True,17.609276280865842,6351.219330881977,26.14337721461155,2588440,6,Windows-11-10.0.26300-SP0,3.14.7,True,120.0,187.83030346749058,20261002T115338Z,1.18.1,0,64638,54753,106510,55117,28.0546875,71.9453125,0.018804999999701977,0.015126899990718812,0.014593500003684312,0.0002018999948631972,447,248,4527.924469334708,36,438,7,18.33715313306218,2026-10-02T11:53:38+00:00,serial_calibration,5,10.045911169733616,0.0,1.0,1.062567528070331,0.26015004727582,1.0,1.0,0.038981799996690825,0.27852573891019955
X3,syn_s7_n480_p8_a100_d1,syn_s7_n480_p8_a100_d1__od1__full_grid__climb_tiebreak__native,syn_s7_n480_p8_a100,synthetic,full_grid,,climb_tiebreak,native,od1,,0.0,10.0,height_tiebreak,0,nan,serial,article_2_HAG_applications,True,6f060dbaf1c69bc25c1517ab2245b48bb8526299,480,480,1.8071722000022419,7.8261564454997945,216,87596,342770,1,87596,230400,519,230400,1,2.5.3,326.7658389927328,326.77179771422925,True,26.019283039828167,5958.721497261418,18.968847998041202,2416920,8,Windows-11-10.0.26300-SP0,3.14.7,True,100.0,181.10747982029267,20261002T115338Z,1.18.1,0,230400,198850,400304,200604,100.0,0.0,0.05351659998996183,0.05030359997181222,0.04729630000656471,0.0,30,38,4688.752499332844,342,388,7,20.368060061429496,2026-10-02T11:53:38+00:00,serial_calibration,5,,,,,,,,,
X3,syn_s7_n480_p8_a100_d1,syn_s7_n480_p8_a100_d1__od1__hag_cta__shared_border__climb_tiebreak__native,syn_s7_n480_p8_a100,synthetic,hag_cta,shared_border,climb_tiebreak,native,od1,,0.20698540000012144,10.0,height_tiebreak,241,20.0,serial,article_2_HAG_applications,True,6f060dbaf1c69bc25c1517ab2245b48bb8526299,480,480,1.8071722000022419,7.8261564454997945,216,87596,342770,1,242,1635,627,230400,1,2.5.3,360.21682690340106,360.22431297554454,True,22.485065104190948,7486.072144624361,10.772711149129055,2574832,8,Windows-11-10.0.26300-SP0,3.14.7,True,100.0,181.10747982029267,20261002T115338Z,1.18.1,0,1635,1635,2122,1635,0.7096354166666666,99.29036458333333,0.0024502000014763325,0.0016525000100955367,0.0016123999957926571,0.026544799999101087,30,38,4688.752499332844,342,388,7,20.368060061429496,2026-10-02T11:53:38+00:00,serial_calibration,5,91.11237988304445,338.3784863137726,1.256321871741262,1.0653360475315692,0.008222278099069651,1.1023699050481595,1.1023727123800642,0.022106299962615594,0.032850531791393064
X3,syn_s7_n480_p8_a100_d1,syn_s7_n480_p8_a100_d1__od1__hag_cta_ring1__shared_border__climb_tiebreak__native,syn_s7_n480_p8_a100,synthetic,hag_cta_ring1,shared_border,climb_tiebreak,native,od1,,0.20698540000012144,10.0,height_tiebreak,241,20.0,serial,article_2_HAG_applications,True,6f060dbaf1c69bc25c1517ab2245b48bb8526299,480,480,1.8071722000022419,7.8261564454997945,216,87596,342770,1,1109,5367,564,230400,1,2.5.3,336.7180054981763,336.724484635978,True,21.726653982171626,6479.137802864845,14.398539279690342,2572552,8,Windows-11-10.0.26300-SP0,3.14.7,True,100.0,181.10747982029267,20261002T115338Z,1.18.1,0,5367,5363,8977,5366,2.3294270833333335,97.67057291666667,0.002573700010543689,0.0025050999829545617,0.002049800008535385,0.029012200015131384,30,38,4688.752499332844,342,388,7,20.368060061429496,2026-10-02T11:53:38+00:00,serial_calibration,5,107.21417217968835,291.547594742265,1.0873369070601144,1.0643926981447462,0.02697007794820216,1.0304565695610084,1.0304576067805358,0.018786299973726273,0.04979961641628636
X3,syn_s7_n480_p8_a100_d1,syn_s7_n480_p8_a100_d1__od2__full_grid__climb_tiebreak__native,syn_s7_n480_p8_a100,synthetic,full_grid,,climb_tiebreak,native,od2,,0.0,10.0,height_tiebreak,0,nan,serial,article_2_HAG_applications,True,6f060dbaf1c69bc25c1517ab2245b48bb8526299,480,480,1.8071722000022419,7.8261564454997945,216,87596,342770,1,87596,230400,444,230400,1,2.5.3,230.04451297172346,230.04972583535553,True,19.149103848166828,5212.863632885151,26.155786411698244,2401016,8,Windows-11-10.0.26300-SP0,3.14.7,True,100.0,181.10747982029267,20261002T115338Z,1.18.1,0,230400,170841,344808,172884,100.0,0.0,0.05598539998754859,0.04596819999278523,0.039829399989685044,0.0,35,100,4145.4070970171315,275,438,7,20.368060061429496,2026-10-02T11:53:38+00:00,serial_calibration,5,,,,,,,,,
X3,syn_s7_n480_p8_a100_d1,syn_s7_n480_p8_a100_d1__od2__hag_cta__shared_border__climb_tiebreak__native,syn_s7_n480_p8_a100,synthetic,hag_cta,shared_border,climb_tiebreak,native,od2,,0.20698540000012144,10.0,height_tiebreak,195,20.0,serial,article_2_HAG_applications,True,6f060dbaf1c69bc25c1517ab2245b48bb8526299,480,480,1.8071722000022419,7.8261564454997945,216,87596,342770,1,196,1824,594,230400,1,2.5.3,273.80044570293194,273.8072662620906,True,22.48283655323289,6820.559159102155,10.682857546886646,2573128,8,Windows-11-10.0.26300-SP0,3.14.7,True,100.0,181.10747982029267,20261002T115338Z,1.18.1,0,1824,1501,1987,1544,0.7916666666666666,99.20833333333333,0.0021662999934051186,0.001672999991569668,0.0016008999955374748,0.02669120000791736,35,100,4145.4070970171315,275,438,7,20.368060061429496,2026-10-02T11:53:38+00:00,serial_calibration,5,114.41476941428925,1182.7087553578015,1.3084092812393784,1.0716829875352767,0.00878594716724908,1.1902063742619535,1.1902090527073783,0.017603999993298203,0.036394724871372984
X3,syn_s7_n480_p8_a100_d1,syn_s7_n480_p8_a100_d1__od2__hag_cta_ring1__shared_border__climb_tiebreak__native,syn_s7_n480_p8_a100,synthetic,hag_cta_ring1,shared_border,climb_tiebreak,native,od2,,0.20698540000012144,10.0,height_tiebreak,195,20.0,serial,article_2_HAG_applications,True,6f060dbaf1c69bc25c1517ab2245b48bb8526299,480,480,1.8071722000022419,7.8261564454997945,216,87596,342770,1,875,5670,525,230400,1,2.5.3,252.1193311811084,252.1252173542654,True,20.13470495597526,5886.173157302029,14.387140521377834,2570496,8,Windows-11-10.0.26300-SP0,3.14.7,True,100.0,181.10747982029267,20261002T115338Z,1.18.1,0,5670,4775,7934,4846,2.4609375,97.5390625,0.0027208000246901065,0.0019770000071730465,0.001947699987795204,0.03158640000037849,35,100,4145.4070970171315,275,438,7,20.368060061429496,2026-10-02T11:53:38+00:00,serial_calibration,5,162.36921211143724,1098.7720418721983,1.1291630803785717,1.070586784927714,0.027949965172294707,1.0959588991027067,1.0959596515003418,0.012404799985233694,0.043007992644552955
X3,syn_s7_n480_p8_a100_d1,syn_s7_n480_p8_a100_d1__od3__full_grid__climb_tiebreak__native,syn_s7_n480_p8_a100,synthetic,full_grid,,climb_tiebreak,native,od3,,0.0,10.0,height_tiebreak,0,nan,serial,article_2_HAG_applications,True,6f060dbaf1c69bc25c1517ab2245b48bb8526299,480,480,1.8071722000022419,7.8261564454997945,216,87596,342770,1,87596,230400,448,230400,1,2.5.3,203.2321451208128,203.2376755075322,True,19.77173109188115,5530.386719675124,19.030137345015792,2407736,8,Windows-11-10.0.26300-SP0,3.14.7,True,100.0,181.10747982029267,20261002T115338Z,1.18.1,0,230400,189621,386852,191420,100.0,0.0,0.051257000013720244,0.046326200012117624,0.04376369999954477,0.0,447,248,4527.924469334708,36,438,7,20.368060061429496,2026-10-02T11:53:38+00:00,serial_calibration,5,,,,,,,,,
X3,syn_s7_n480_p8_a100_d1,syn_s7_n480_p8_a100_d1__od3__hag_cta__shared_border__climb_tiebreak__native,syn_s7_n480_p8_a100,synthetic,hag_cta,shared_border,climb_tiebreak,native,od3,,0.20698540000012144,10.0,height_tiebreak,161,20.0,serial,article_2_HAG_applications,True,6f060dbaf1c69bc25c1517ab2245b48bb8526299,480,480,1.8071722000022419,7.8261564454997945,216,87596,342770,1,162,1535,542,230400,1,2.5.3,231.11327995542553,231.12008171299462,True,22.833122578271198,6801.7575695736,10.657357381943106,2569624,8,Windows-11-10.0.26300-SP0,3.14.7,True,100.0,181.10747982029267,20261002T115338Z,1.18.1,0,1535,1432,1966,1461,0.6662326388888888,99.33376736111111,0.0016797000134829432,0.0015872000076342374,0.0015392999921459705,0.027436100004706532,447,248,4527.924469334708,36,438,7,20.368060061429496,2026-10-02T11:53:38+00:00,serial_calibration,5,116.40578169141234,170.0,1.2298882364546762,1.067236607335688,0.007551906170730035,1.1371886067434784,1.1371911292324788,0.017302899999776855,0.034261390038878015
X3,syn_s7_n480_p8_a100_d1,syn_s7_n480_p8_a100_d1__od3__hag_cta_ring1__shared_border__climb_tiebreak__native,syn_s7_n480_p8_a100,synthetic,hag_cta_ring1,shared_border,climb_tiebreak,native,od3,,0.20698540000012144,10.0,height_tiebreak,161,20.0,serial,article_2_HAG_applications,True,6f060dbaf1c69bc25c1517ab2245b48bb8526299,480,480,1.8071722000022419,7.8261564454997945,216,87596,342770,1,798,4670,450,230400,1,2.5.3,204.0521184055047,204.05768536076656,True,20.515257098760316,5566.955262170049,18.623525258973494,2565864,8,Windows-11-10.0.26300-SP0,3.14.7,True,100.0,181.10747982029267,20261002T115338Z,1.18.1,0,4670,4507,8470,4576,2.0269097222222223,97.97309027777777,0.00208760000532493,0.0019237999804317951,0.0018149999959859997,0.03622109998832457,447,248,4527.924469334708,36,438,7,20.368060061429496,2026-10-02T11:53:38+00:00,serial_calibration,5,246.190408532536,22.360679774997898,1.006612293922381,1.065674974332734,0.02376846446332421,1.0040346633363757,1.0040347334773763,0.008181300043361261,0.041527256281080324
X3,syn_s7_n480_p8_a100_d3,syn_s7_n480_p8_a100_d3__od1__full_grid__climb_tiebreak__native,syn_s7_n480_p8_a100,synthetic,full_grid,,climb_tiebreak,native,od1,,0.0,10.0,height_tiebreak,0,nan,serial,article_2_HAG_applications,True,6f060dbaf1c69bc25c1517ab2245b48bb8526299,480,480,0.7558983000053558,4.782608695652174,43,1403,3355,3,1403,230400,519,230400,1,2.5.3,326.7658389927328,326.77179771422925,True,26.019283039828167,5958.721497261418,18.968847998041202,2416984,8,Windows-11-10.0.26300-SP0,3.14.7,True,100.0,181.10747982029267,20261002T115338Z,1.18.1,0,230400,198850,400304,200604,100.0,0.0,0.05794130000867881,0.054785899992566556,0.049693899985868484,0.0,30,38,4688.752499332844,342,388,7,20.368060061429496,2026-10-02T11:53:38+00:00,serial_calibration,5,,,,,,,,,
X3,syn_s7_n480_p8_a100_d3,syn_s7_n480_p8_a100_d3__od1__hag_cta__shared_border__climb_tiebreak__native,syn_s7_n480_p8_a100,synthetic,hag_cta,shared_border,climb_tiebreak,native,od1,,0.09980280001764186,10.0,height_tiebreak,24,20.0,serial,article_2_HAG_applications,True,6f060dbaf1c69bc25c1517ab2245b48bb8526299,480,480,0.7558983000053558,4.782608695652174,43,1403,3355,3,25,12172,981,230400,1,2.5.3,669.1196912596579,669.1315291903803,True,31.94957013148933,11837.93072687563,10.845214870707022,2598584,8,Windows-11-10.0.26300-SP0,3.14.7,True,100.0,181.10747982029267,20261002T115338Z,1.18.1,0,12172,11653,14917,11673,5.282986111111111,94.71701388888889,0.0034327000030316412,0.0033488999761175364,0.00323729999945499,0.0003281999961473048,30,38,4688.752499332844,342,388,7,20.368060061429496,2026-10-02T11:53:38+00:00,serial_calibration,5,16.742735100082403,1306.330739131557,1.9866561530550217,1.0751349615884922,0.05860196127734473,2.0477039256069203,2.047702812393724,0.051108800020301715,0.06112704138422333
X3,syn_s7_n480_p8_a100_d3,syn_s7_n480_p8_a100_d3__od1__hag_cta_ring1__shared_border__climb_tiebreak__native,syn_s7_n480_p8_a100,synthetic,hag_cta_ring1,shared_border,climb_tiebreak,native,od1,,0.09980280001764186,10.0,height_tiebreak,24,20.0,serial,article_2_HAG_applications,True,6f060dbaf1c69bc25c1517ab2245b48bb8526299,480,480,0.7558983000053558,4.782608695652174,43,1403,3355,3,139,41891,690,230400,1,2.5.3,416.57684663079397,416.5849088551733,True,26.019283039828167,8062.22438151586,16.809753643572645,2595440,8,Windows-11-10.0.26300-SP0,3.14.7,True,100.0,181.10747982029267,20261002T115338Z,1.18.1,0,41891,38890,70647,38970,18.18185763888889,81.81814236111111,0.010998299985658377,0.009351500018965453,0.008466700004646555,0.00036020000698044896,30,38,4688.752499332844,342,388,7,20.368060061429496,2026-10-02T11:53:38+00:00,serial_calibration,5,18.984277051099752,1012.3734488813898,1.3530124516175484,1.0738341668790525,0.19557455368368118,1.2748482152078893,1.2748496405417704,0.045074199966620654,0.17069172944561065
X3,syn_s7_n480_p8_a100_d3,syn_s7_n480_p8_a100_d3__od2__full_grid__climb_tiebreak__native,syn_s7_n480_p8_a100,synthetic,full_grid,,climb_tiebreak,native,od2,,0.0,10.0,height_tiebreak,0,nan,serial,article_2_HAG_applications,True,6f060dbaf1c69bc25c1517ab2245b48bb8526299,480,480,0.7558983000053558,4.782608695652174,43,1403,3355,3,1403,230400,444,230400,1,2.5.3,230.04451297172346,230.04972583535553,True,19.149103848166828,5212.863632885151,26.155786411698244,2401040,8,Windows-11-10.0.26300-SP0,3.14.7,True,100.0,181.10747982029267,20261002T115338Z,1.18.1,0,230400,170841,344808,172884,100.0,0.0,0.04513529999530874,0.042338799976278096,0.03955139999743551,0.0,35,100,4145.4070970171315,275,438,7,20.368060061429496,2026-10-02T11:53:38+00:00,serial_calibration,5,,,,,,,,,
X3,syn_s7_n480_p8_a100_d3,syn_s7_n480_p8_a100_d3__od2__hag_cta__shared_border__climb_tiebreak__native,syn_s7_n480_p8_a100,synthetic,hag_cta,shared_border,climb_tiebreak,native,od2,,0.09980280001764186,10.0,height_tiebreak,12,20.0,serial,article_2_HAG_applications,True,6f060dbaf1c69bc25c1517ab2245b48bb8526299,480,480,0.7558983000053558,4.782608695652174,43,1403,3355,3,13,10722,704,230400,1,2.5.3,428.8177568618685,428.8261579087576,True,27.811238180002082,8401.046891454946,15.953771675664722,2580840,8,Windows-11-10.0.26300-SP0,3.14.7,True,100.0,181.10747982029267,20261002T115338Z,1.18.1,0,10722,8399,10710,8466,4.653645833333333,95.34635416666667,0.008612699981313199,0.002976000017952174,0.002682399994228035,0.0003166999958921224,35,100,4145.4070970171315,275,438,7,20.368060061429496,2026-10-02T11:53:38+00:00,serial_calibration,5,21.91514903783647,811.5417426109393,1.6115992059445527,1.0748842168393695,0.04916267172400068,1.8640642687903526,1.864058548001333,0.0390460999624338,0.07029013622539113
X3,syn_s7_n480_p8_a100_d3,syn_s7_n480_p8_a100_d3__od2__hag_cta_ring1__shared_border__climb_tiebreak__native,syn_s7_n480_p8_a100,synthetic,hag_cta_ring1,shared_border,climb_tiebreak,native,od2,,0.09980280001764186,10.0,height_tiebreak,12,20.0,serial,article_2_HAG_applications,True,6f060dbaf1c69bc25c1517ab2245b48bb8526299,480,480,0.7558983000053558,4.782608695652174,43,1403,3355,3,114,40057,668,230400,1,2.5.3,348.6273073137682,348.6352572336741,True,16.58019453555724,7949.919907732865,26.158893590208166,2590680,8,Windows-11-10.0.26300-SP0,3.14.7,True,100.0,181.10747982029267,20261002T115338Z,1.18.1,0,40057,32354,61286,32514,17.385850694444443,82.61414930555556,0.007966999983182177,0.0075422000081744045,0.007071900006849319,0.0003418999840505421,35,100,4145.4070970171315,275,438,7,20.368060061429496,2026-10-02T11:53:38+00:00,serial_calibration,5,24.835540591531675,783.9005038906405,1.525058100039506,1.0789824409422584,0.1893807692532823,1.5154776039219011,1.5154778210133106,0.03445469998405315,0.17813920121496607
X3,syn_s7_n480_p8_a100_d3,syn_s7_n480_p8_a100_d3__od3__full_grid__climb_tiebreak__native,syn_s7_n480_p8_a100,synthetic,full_grid,,climb_tiebreak,native,od3,,0.0,10.0,height_tiebreak,0,nan,serial,article_2_HAG_applications,True,6f060dbaf1c69bc25c1517ab2245b48bb8526299,480,480,0.7558983000053558,4.782608695652174,43,1403,3355,3,1403,230400,448,230400,1,2.5.3,203.2321451208128,203.2376755075322,True,19.77173109188115,5530.386719675124,19.030137345015792,2407736,8,Windows-11-10.0.26300-SP0,3.14.7,True,100.0,181.10747982029267,20261002T115338Z,1.18.1,0,230400,189621,386852,191420,100.0,0.0,0.050198799988720566,0.04709439998259768,0.04624429999967106,0.0,447,248,4527.924469334708,36,438,7,20.368060061429496,2026-10-02T11:53:38+00:00,serial_calibration,5,,,,,,,,,
X3,syn_s7_n480_p8_a100_d3,syn_s7_n480_p8_a100_d3__od3__hag_cta__shared_border__climb_tiebreak__native,syn_s7_n480_p8_a100,synthetic,hag_cta,shared_border,climb_tiebreak,native,od3,,0.09980280001764186,10.0,height_tiebreak,12,40.0,serial,article_2_HAG_applications,True,6f060dbaf1c69bc25c1517ab2245b48bb8526299,480,480,0.7558983000053558,4.782608695652174,43,1403,3355,3,13,9760,711,230400,1,2.5.3,452.9608191095593,452.9692818721768,True,31.235450618748644,8462.762620207484,16.807601585925514,2586960,8,Windows-11-10.0.26300-SP0,3.14.7,True,100.0,181.10747982029267,20261002T115338Z,1.18.1,0,9760,8113,13260,8237,4.236111111111111,95.76388888888889,0.002888300019549206,0.002720499993301928,0.002669100009370595,0.0003205999964848161,447,248,4527.924469334708,36,438,7,20.368060061429496,2026-10-02T11:53:38+00:00,serial_calibration,5,19.42422247964715,1445.0605523645022,1.5302298101686131,1.0744367322663282,0.04278534550498099,2.2287853077587383,2.22876629906835,0.044053299992810935,0.057766953062512894
X3,syn_s7_n480_p8_a100_d3,syn_s7_n480_p8_a100_d3__od3__hag_cta_ring1__shared_border__climb_tiebreak__native,syn_s7_n480_p8_a100,synthetic,hag_cta_ring1,shared_border,climb_tiebreak,native,od3,,0.09980280001764186,10.0,height_tiebreak,12,20.0,serial,article_2_HAG_applications,True,6f060dbaf1c69bc25c1517ab2245b48bb8526299,480,480,0.7558983000053558,4.782608695652174,43,1403,3355,3,83,29855,638,230400,1,2.5.3,342.0568952061566,342.06435044568804,True,18.784929382300817,7455.239533417509,24.246391689197726,2586072,8,Windows-11-10.0.26300-SP0,3.14.7,True,100.0,181.10747982029267,20261002T115338Z,1.18.1,0,29855,24315,46923,24552,12.957899305555555,87.04210069444444,0.007638700015377253,0.006675900018308312,0.005871900008060038,0.00045759999193251133,447,248,4527.924469334708,36,438,7,20.368060061429496,2026-10-02T11:53:38+00:00,serial_calibration,5,21.413459171713676,1238.4667940643383,1.3480503102783845,1.0740679210677582,0.12822946825509832,1.6830846075202248,1.683075490759639,0.039960899972356856,0.14175570812612945
X3,syn_s8_n120_p4_a200_d3,syn_s8_n120_p4_a200_d3__od1__full_grid__climb_tiebreak__native,syn_s8_n120_p4_a200,synthetic,full_grid,,climb_tiebreak,native,od1,,0.0,10.0,height_tiebreak,0,nan,serial,article_2_HAG_applications,True,6f060dbaf1c69bc25c1517ab2245b48bb8526299,120,120,0.09733839999535121,7.729230769230769,63,6825,26376,3,6825,14400,133,14400,1,2.5.3,200.05843038821592,200.05993678431892,True,40.942066368893535,1506.396103067893,26.23310905937896,162776,4,Windows-11-10.0.26300-SP0,3.14.7,True,200.0,267.5208015582871,20261002T115338Z,1.18.1,0,14400,8452,16500,8825,100.0,0.0,0.002810200006933883,0.0022721999848727137,0.0020671999955084175,0.0,106,106,1132.2985472038724,36,17,8,72.2290815842803,2026-10-02T11:53:38+00:00,serial_calibration,5,,,,,,,,,
X3,syn_s8_n120_p4_a200_d3,syn_s8_n120_p4_a200_d3__od1__hag_cta__shared_border__climb_tiebreak__native,syn_s8_n120_p4_a200,synthetic,hag_cta,shared_border,climb_tiebreak,native,od1,,0.01333310001064092,10.0,height_tiebreak,50,20.0,serial,article_2_HAG_applications,True,6f060dbaf1c69bc25c1517ab2245b48bb8526299,120,120,0.09733839999535121,7.729230769230769,63,6825,26376,3,51,247,132,14400,1,2.5.3,218.0228582423034,218.0244250547119,True,50.32298670423902,1566.812408671319,15.981674530843794,165776,4,Windows-11-10.0.26300-SP0,3.14.7,True,200.0,267.5208015582871,20261002T115338Z,1.18.1,0,247,247,272,247,1.7152777777777777,98.28472222222221,0.000601100007770583,0.00034459997550584376,0.00024789999588392675,0.002206700009992346,106,106,1132.2985472038724,36,17,8,72.2290815842803,2026-10-02T11:53:38+00:00,serial_calibration,5,inf,22.360679774997898,1.0401065201113993,1.0184302354155403,0.029223852342640796,1.0897959052224258,1.0897955310750707,-0.00027910000062547624,0.15165917516065291
X3,syn_s8_n120_p4_a200_d3,syn_s8_n120_p4_a200_d3__od1__hag_cta_ring1__shared_border__climb_tiebreak__native,syn_s8_n120_p4_a200,synthetic,hag_cta_ring1,shared_border,climb_tiebreak,native,od1,,0.01333310001064092,10.0,height_tiebreak,50,20.0,serial,article_2_HAG_applications,True,6f060dbaf1c69bc25c1517ab2245b48bb8526299,120,120,0.09733839999535121,7.729230769230769,63,6825,26376,3,276,913,133,14400,1,2.5.3,200.64179330996927,200.64329970607227,True,40.942066368893535,1506.396103067893,26.23310905937896,166936,4,Windows-11-10.0.26300-SP0,3.14.7,True,200.0,267.5208015582871,20261002T115338Z,1.18.1,0,913,898,1531,905,6.340277777777778,93.65972222222221,0.0006198000046424568,0.0005372999876271933,0.00044010000419802964,0.002987499989103526,106,106,1132.2985472038724,36,17,8,72.2290815842803,2026-10-02T11:53:38+00:00,serial_calibration,5,inf,10.0,1.0,1.0255565931095494,0.10624704212020823,1.0029159627046025,1.0029159407482082,-0.0012525999918580055,0.2364668564405841
X3,syn_s8_n120_p4_a200_d3,syn_s8_n120_p4_a200_d3__od2__full_grid__climb_tiebreak__native,syn_s8_n120_p4_a200,synthetic,full_grid,,climb_tiebreak,native,od2,,0.0,10.0,height_tiebreak,0,nan,serial,article_2_HAG_applications,True,6f060dbaf1c69bc25c1517ab2245b48bb8526299,120,120,0.09733839999535121,7.729230769230769,63,6825,26376,3,6825,14400,112,14400,1,2.5.3,304.4094892937634,304.41081882695124,True,80.85166398188292,1329.5331880577407,15.602502835505161,163440,4,Windows-11-10.0.26300-SP0,3.14.7,True,200.0,267.5208015582871,20261002T115338Z,1.18.1,0,14400,11190,22286,11521,100.0,0.0,0.004735800001071766,0.0037001000018790364,0.0036321000079624355,0.0,85,7,1100.5453193758083,49,111,8,72.2290815842803,2026-10-02T11:53:38+00:00,serial_calibration,5,,,,,,,,,
X3,syn_s8_n120_p4_a200_d3,syn_s8_n120_p4_a200_d3__od2__hag_cta__shared_border__climb_tiebreak__native,syn_s8_n120_p4_a200,synthetic,hag_cta,shared_border,climb_tiebreak,native,od2,,0.01333310001064092,10.0,height_tiebreak,57,20.0,serial,article_2_HAG_applications,True,6f060dbaf1c69bc25c1517ab2245b48bb8526299,120,120,0.09733839999535121,7.729230769230769,63,6825,26376,3,58,263,120,14400,1,2.5.3,320.3917729360146,320.39326531191483,True,95.77279676837156,1492.37590053236,14.171717781242242,165168,4,Windows-11-10.0.26300-SP0,3.14.7,True,200.0,267.5208015582871,20261002T115338Z,1.18.1,0,263,263,301,263,1.8263888888888888,98.17361111111111,0.0005518999823834747,0.00028509998810477555,0.00024530000519007444,0.0025615999766159803,85,7,1100.5453193758083,49,111,8,72.2290815842803,2026-10-02T11:53:38+00:00,serial_calibration,5,129.6830269360134,42.42640687119285,1.1224811188899386,1.0105726872246696,0.023503127792672027,1.0525025802557288,1.0525028858913492,0.0008534000371582806,0.07705196831436774
X3,syn_s8_n120_p4_a200_d3,syn_s8_n120_p4_a200_d3__od2__hag_cta_ring1__shared_border__climb_tiebreak__native,syn_s8_n120_p4_a200,synthetic,hag_cta_ring1,shared_border,climb_tiebreak,native,od2,,0.01333310001064092,10.0,height_tiebreak,57,20.0,serial,article_2_HAG_applications,True,6f060dbaf1c69bc25c1517ab2245b48bb8526299,120,120,0.09733839999535121,7.729230769230769,63,6825,26376,3,319,945,112,14400,1,2.5.3,304.4094892937634,304.4108188269513,True,80.85166398188292,1329.5331880577407,14.28285622952887,165816,4,Windows-11-10.0.26300-SP0,3.14.7,True,200.0,267.5208015582871,20261002T115338Z,1.18.1,0,945,939,1641,944,6.5625,93.4375,0.0007862999918870628,0.0004901000065729022,0.00042210001265630126,0.0027587999938987195,85,7,1100.5453193758083,49,111,8,72.2290815842803,2026-10-02T11:53:38+00:00,serial_calibration,5,245.28257903541186,22.360679774997898,1.0,1.0145374449339206,0.0839142091152815,1.0,1.0000000000000002,0.0004512000014074147,0.13245588127996885
X3,syn_s8_n120_p4_a200_d3,syn_s8_n120_p4_a200_d3__od3__full_grid__climb_tiebreak__native,syn_s8_n120_p4_a200,synthetic,full_grid,,climb_tiebreak,native,od3,,0.0,10.0,height_tiebreak,0,nan,serial,article_2_HAG_applications,True,6f060dbaf1c69bc25c1517ab2245b48bb8526299,120,120,0.09733839999535121,7.729230769230769,63,6825,26376,3,6825,14400,107,14400,1,2.5.3,289.389708334709,289.39099201003233,True,76.39993458605701,1283.6753236814716,26.286380917448447,163048,4,Windows-11-10.0.26300-SP0,3.14.7,True,200.0,267.5208015582871,20261002T115338Z,1.18.1,0,14400,11114,22288,11451,100.0,0.0,0.004281400004401803,0.0037598999915644526,0.003698000014992431,0.0,88,7,1144.0279716860073,20,99,8,72.2290815842803,2026-10-02T11:53:38+00:00,serial_calibration,5,,,,,,,,,
X3,syn_s8_n120_p4_a200_d3,syn_s8_n120_p4_a200_d3__od3__hag_cta__shared_border__climb_tiebreak__native,syn_s8_n120_p4_a200,synthetic,hag_cta,shared_border,climb_tiebreak,native,od3,,0.01333310001064092,10.0,height_tiebreak,54,20.0,serial,article_2_HAG_applications,True,6f060dbaf1c69bc25c1517ab2245b48bb8526299,120,120,0.09733839999535121,7.729230769230769,63,6825,26376,3,55,228,113,14400,1,2.5.3,312.64428315928853,312.64569310878187,True,83.86398236345147,1409.9494936611668,11.726633379195734,164672,4,Windows-11-10.0.26300-SP0,3.14.7,True,200.0,267.5208015582871,20261002T115338Z,1.18.1,0,228,221,258,224,1.5833333333333333,98.41666666666666,0.0003105000068899244,0.00020290000247769058,0.00017400001524947584,0.0020203000167384744,88,7,1144.0279716860073,20,99,8,72.2290815842803,2026-10-02T11:53:38+00:00,serial_calibration,5,72.01893798232517,60.0,1.0983692431023382,1.009960257102203,0.019884829944214505,1.0803572972874462,1.0803573771845094,0.0015366999723482877,0.05396420195561269
X3,syn_s8_n120_p4_a200_d3,syn_s8_n120_p4_a200_d3__od3__hag_cta_ring1__shared_border__climb_tiebreak__native,syn_s8_n120_p4_a200,synthetic,hag_cta_ring1,shared_border,climb_tiebreak,native,od3,,0.01333310001064092,10.0,height_tiebreak,54,20.0,serial,article_2_HAG_applications,True,6f060dbaf1c69bc25c1517ab2245b48bb8526299,120,120,0.09733839999535121,7.729230769230769,63,6825,26376,3,299,859,107,14400,1,2.5.3,291.1195921581698,291.12087583349313,True,76.39993458605701,1283.6753236814718,26.286380917448447,165576,4,Windows-11-10.0.26300-SP0,3.14.7,True,200.0,267.5208015582871,20261002T115338Z,1.18.1,0,859,819,1460,843,5.965277777777778,94.03472222222223,0.0004932000010740012,0.00037200000951997936,0.0003501999890431762,0.002767199999652803,88,7,1144.0279716860073,20,99,8,72.2290815842803,2026-10-02T11:53:38+00:00,serial_calibration,5,178.30111671592874,14.142135623730951,1.0000000000000002,1.0155046366714096,0.07369084038150081,1.0059776964198741,1.0059776699041165,0.0006206999823916703,0.0989388043178229
X3,syn_s8_n120_p4_a200_d5,syn_s8_n120_p4_a200_d5__od1__full_grid__climb_tiebreak__native,syn_s8_n120_p4_a200,synthetic,full_grid,,climb_tiebreak,native,od1,,0.0,10.0,height_tiebreak,0,nan,serial,article_2_HAG_applications,True,6f060dbaf1c69bc25c1517ab2245b48bb8526299,120,120,0.06971619999967515,7.343697003957038,43,3538,12991,5,3538,14400,133,14400,1,2.5.3,200.05843038821592,200.05993678431892,True,40.942066368893535,1506.396103067893,26.23310905937896,162776,4,Windows-11-10.0.26300-SP0,3.14.7,True,200.0,267.5208015582871,20261002T115338Z,1.18.1,0,14400,8452,16500,8825,100.0,0.0,0.003355000022565946,0.002786299999570474,0.002149499981896952,0.0,106,106,1132.2985472038724,36,17,8,72.2290815842803,2026-10-02T11:53:38+00:00,serial_calibration,5,,,,,,,,,
X3,syn_s8_n120_p4_a200_d5,syn_s8_n120_p4_a200_d5__od1__hag_cta__shared_border__climb_tiebreak__native,syn_s8_n120_p4_a200,synthetic,hag_cta,shared_border,climb_tiebreak,native,od1,,0.023673799994867295,10.0,height_tiebreak,23,20.0,serial,article_2_HAG_applications,True,6f060dbaf1c69bc25c1517ab2245b48bb8526299,120,120,0.06971619999967515,7.343697003957038,43,3538,12991,5,24,392,132,14400,1,2.5.3,226.86498060529524,226.86650599634757,True,47.60912209175217,1525.3910524340095,26.790902817880742,166304,4,Windows-11-10.0.26300-SP0,3.14.7,True,200.0,267.5208015582871,20261002T115338Z,1.18.1,0,392,328,430,328,2.7222222222222223,97.27777777777777,0.0003595000016503036,0.00028649999876506627,0.00022340001305565238,0.0013638999953400344,106,106,1132.2985472038724,36,17,8,72.2290815842803,2026-10-02T11:53:38+00:00,serial_calibration,5,82.21674403133837,63.245553203367585,1.0126095316679535,1.0216739568486755,0.03880738286796025,1.1339936045937222,1.1339926906051576,0.0011359000054653734,0.10282453390131431
X3,syn_s8_n120_p4_a200_d5,syn_s8_n120_p4_a200_d5__od1__hag_cta_ring1__shared_border__climb_tiebreak__native,syn_s8_n120_p4_a200,synthetic,hag_cta_ring1,shared_border,climb_tiebreak,native,od1,,0.023673799994867295,10.0,height_tiebreak,23,20.0,serial,article_2_HAG_applications,True,6f060dbaf1c69bc25c1517ab2245b48bb8526299,120,120,0.06971619999967515,7.343697003957038,43,3538,12991,5,180,1286,133,14400,1,2.5.3,209.21480859047284,209.21633983938958,True,36.803668831324856,1531.2489168102784,26.220832146557076,167720,4,Windows-11-10.0.26300-SP0,3.14.7,True,200.0,267.5208015582871,20261002T115338Z,1.18.1,0,1286,1062,1790,1080,8.930555555555555,91.06944444444444,0.0003076000139117241,0.00027200000477023423,0.0002477999951224774,0.0008177999989129603,106,106,1132.2985472038724,36,17,8,72.2290815842803,2026-10-02T11:53:38+00:00,serial_calibration,5,55.04862966162221,42.42640687119285,1.0164981930660673,1.0303730279648105,0.12565073355418835,1.0457685196494286,1.0457682992519488,0.0016964999958872795,0.0976205020321447
X3,syn_s8_n120_p4_a200_d5,syn_s8_n120_p4_a200_d5__od2__full_grid__climb_tiebreak__native,syn_s8_n120_p4_a200,synthetic,full_grid,,climb_tiebreak,native,od2,,0.0,10.0,height_tiebreak,0,nan,serial,article_2_HAG_applications,True,6f060dbaf1c69bc25c1517ab2245b48bb8526299,120,120,0.06971619999967515,7.343697003957038,43,3538,12991,5,3538,14400,112,14400,1,2.5.3,304.4094892937634,304.41081882695124,True,80.85166398188292,1329.5331880577407,15.602502835505161,163504,4,Windows-11-10.0.26300-SP0,3.14.7,True,200.0,267.5208015582871,20261002T115338Z,1.18.1,0,14400,11190,22286,11521,100.0,0.0,0.0026950000028591603,0.0023929000017233193,0.0022905000078026205,0.0,85,7,1100.5453193758083,49,111,8,72.2290815842803,2026-10-02T11:53:38+00:00,serial_calibration,5,,,,,,,,,
X3,syn_s8_n120_p4_a200_d5,syn_s8_n120_p4_a200_d5__od2__hag_cta__shared_border__climb_tiebreak__native,syn_s8_n120_p4_a200,synthetic,hag_cta,shared_border,climb_tiebreak,native,od2,,0.023673799994867295,10.0,height_tiebreak,42,20.0,serial,article_2_HAG_applications,True,6f060dbaf1c69bc25c1517ab2245b48bb8526299,120,120,0.06971619999967515,7.343697003957038,43,3538,12991,5,43,499,181,14400,1,2.5.3,402.0393074224372,402.0415133517278,True,91.77011177781382,2205.929291125633,10.847959026140913,169568,4,Windows-11-10.0.26300-SP0,3.14.7,True,200.0,267.5208015582871,20261002T115338Z,1.18.1,0,499,498,633,498,3.4652777777777777,96.53472222222223,0.0002510999911464751,0.0001934999891091138,0.00018939998699352145,0.0009029999782796949,85,7,1100.5453193758083,49,111,8,72.2290815842803,2026-10-02T11:53:38+00:00,serial_calibration,5,72.03794933751522,210.95023109728987,1.6591758001529713,1.037087777669048,0.04450402144772118,1.3207187080638554,1.320720186296259,0.0012964000343345106,0.08086421871777297
X3,syn_s8_n120_p4_a200_d5,syn_s8_n120_p4_a200_d5__od2__hag_cta_ring1__shared_border__climb_tiebreak__native,syn_s8_n120_p4_a200,synthetic,hag_cta_ring1,shared_border,climb_tiebreak,native,od2,,0.023673799994867295,10.0,height_tiebreak,42,20.0,serial,article_2_HAG_applications,True,6f060dbaf1c69bc25c1517ab2245b48bb8526299,120,120,0.06971619999967515,7.343697003957038,43,3538,12991,5,251,1816,112,14400,1,2.5.3,309.01439954793443,309.0157373653935,True,87.98667198478896,1337.8174593052026,16.849819744306462,166840,4,Windows-11-10.0.26300-SP0,3.14.7,True,200.0,267.5208015582871,20261002T115338Z,1.18.1,0,1816,1775,3144,1785,12.61111111111111,87.3888888888889,0.000535999977728352,0.0004135000053793192,0.00040109999827109277,0.0015061000012792647,85,7,1100.5453193758083,49,111,8,72.2290815842803,2026-10-02T11:53:38+00:00,serial_calibration,5,197.31671449049787,10.0,1.0062309623572196,1.0204031705646346,0.15862377122430743,1.015127354488372,1.0151273156328258,0.0004732999950647354,0.1728028772959692
X3,syn_s8_n120_p4_a200_d5,syn_s8_n120_p4_a200_d5__od3__full_grid__climb_tiebreak__native,syn_s8_n120_p4_a200,synthetic,full_grid,,climb_tiebreak,native,od3,,0.0,10.0,height_tiebreak,0,nan,serial,article_2_HAG_applications,True,6f060dbaf1c69bc25c1517ab2245b48bb8526299,120,120,0.06971619999967515,7.343697003957038,43,3538,12991,5,3538,14400,107,14400,1,2.5.3,289.389708334709,289.39099201003233,True,76.39993458605701,1283.6753236814716,26.286380917448447,163240,4,Windows-11-10.0.26300-SP0,3.14.7,True,200.0,267.5208015582871,20261002T115338Z,1.18.1,0,14400,11114,22288,11451,100.0,0.0,0.0027812999906018376,0.0023523999843746424,0.0020960000110790133,0.0,88,7,1144.0279716860073,20,99,8,72.2290815842803,2026-10-02T11:53:38+00:00,serial_calibration,5,,,,,,,,,
X3,syn_s8_n120_p4_a200_d5,syn_s8_n120_p4_a200_d5__od3__hag_cta__shared_border__climb_tiebreak__native,syn_s8_n120_p4_a200,synthetic,hag_cta,shared_border,climb_tiebreak,native,od3,,0.023673799994867295,10.0,height_tiebreak,40,20.0,serial,article_2_HAG_applications,True,6f060dbaf1c69bc25c1517ab2245b48bb8526299,120,120,0.06971619999967515,7.343697003957038,43,3538,12991,5,41,440,155,14400,1,2.5.3,379.8875384359465,379.8894346596099,True,87.19682375595823,1896.223663640862,12.009597280452168,167920,4,Windows-11-10.0.26300-SP0,3.14.7,True,200.0,267.5208015582871,20261002T115338Z,1.18.1,0,440,420,544,430,3.0555555555555554,96.94444444444444,0.0002450999745633453,0.0001967000134754926,0.0001914000022225082,0.0006717999931424856,88,7,1144.0279716860073,20,99,8,72.2290815842803,2026-10-02T11:53:38+00:00,serial_calibration,5,62.935508723255005,235.3720459187964,1.4771832321296432,1.0286694437637833,0.0377901745546158,1.3127195870993709,1.3127203166242307,0.0014838999777566642,0.08361673813213485
X3,syn_s8_n120_p4_a200_d5,syn_s8_n120_p4_a200_d5__od3__hag_cta_ring1__shared_border__climb_tiebreak__native,syn_s8_n120_p4_a200,synthetic,hag_cta_ring1,shared_border,climb_tiebreak,native,od3,,0.023673799994867295,10.0,height_tiebreak,40,20.0,serial,article_2_HAG_applications,True,6f060dbaf1c69bc25c1517ab2245b48bb8526299,120,120,0.06971619999967515,7.343697003957038,43,3538,12991,5,229,1591,107,14400,1,2.5.3,293.99461858888003,293.9959105484746,True,87.98667198478896,1291.9595949289333,26.213199031551092,166600,4,Windows-11-10.0.26300-SP0,3.14.7,True,200.0,267.5208015582871,20261002T115338Z,1.18.1,0,1591,1490,2659,1534,11.04861111111111,88.9513888888889,0.00039420000393874943,0.0003418999840505421,0.0003268999862484634,0.0006962000043131411,88,7,1144.0279716860073,20,99,8,72.2290815842803,2026-10-02T11:53:38+00:00,serial_calibration,5,71.0568365502481,10.0,1.0064535565143553,1.020583190394511,0.13406514306280368,1.0159124879757127,1.0159124460179556,0.0013142999960109591,0.14534092259885478
X3,syn_s8_n240_p4_a200_d5,syn_s8_n240_p4_a200_d5__od1__full_grid__climb_tiebreak__native,syn_s8_n240_p4_a200,synthetic,full_grid,,climb_tiebreak,native,od1,,0.0,10.0,height_tiebreak,0,nan,serial,article_2_HAG_applications,True,6f060dbaf1c69bc25c1517ab2245b48bb8526299,240,240,0.1384099000133574,5.471895424836601,39,765,2093,5,765,57600,199,57600,1,2.5.3,224.12526252191455,224.12775614673183,True,32.75169815798023,2493.6248173426384,17.8311918592783,616888,4,Windows-11-10.0.26300-SP0,3.14.7,True,200.0,267.53463854074255,20261002T115338Z,1.18.1,0,57600,45474,93277,46219,100.0,0.0,0.010614600003464147,0.010047799994936213,0.009700499998871237,0.0,131,55,2054.555913086816,25,231,8,36.25217143278599,2026-10-02T11:53:38+00:00,serial_calibration,5,,,,,,,,,
X3,syn_s8_n240_p4_a200_d5,syn_s8_n240_p4_a200_d5__od1__hag_cta__shared_border__climb_tiebreak__native,syn_s8_n240_p4_a200,synthetic,hag_cta,shared_border,climb_tiebreak,native,od1,,0.01688900002045557,10.0,height_tiebreak,20,20.0,serial,article_2_HAG_applications,True,6f060dbaf1c69bc25c1517ab2245b48bb8526299,240,240,0.1384099000133574,5.471895424836601,39,765,2093,5,21,4595,530,57600,1,2.5.3,674.0369865406929,674.04329964819,True,60.826057603646596,6313.107499061545,10.943303993750362,668320,4,Windows-11-10.0.26300-SP0,3.14.7,True,200.0,267.53463854074255,20261002T115338Z,1.18.1,0,4595,4551,6175,4569,7.977430555555555,92.02256944444444,0.001751799980411306,0.001060700014932081,0.0009239000210072845,0.00019940000493079424,131,55,2054.555913086816,25,231,8,36.25217143278599,2026-10-02T11:53:38+00:00,serial_calibration,5,17.672303387043765,766.550715869472,2.531699017091587,1.0833733189817276,0.10007916611690197,3.0074119220486657,3.007406629310596,0.008787699975073338,0.10556539893973226
X3,syn_s8_n240_p4_a200_d5,syn_s8_n240_p4_a200_d5__od1__hag_cta_ring1__shared_border__climb_tiebreak__native,syn_s8_n240_p4_a200,synthetic,hag_cta_ring1,shared_border,climb_tiebreak,native,od1,,0.01688900002045557,10.0,height_tiebreak,20,20.0,serial,article_2_HAG_applications,True,6f060dbaf1c69bc25c1517ab2245b48bb8526299,240,240,0.1384099000133574,5.471895424836601,39,765,2093,5,93,14088,400,57600,1,2.5.3,464.9161809876743,464.9210284097467,True,27.697294673623247,4847.422074112308,17.616721362569283,667584,4,Windows-11-10.0.26300-SP0,3.14.7,True,200.0,267.53463854074255,20261002T115338Z,1.18.1,0,14088,13294,25056,13403,24.458333333333332,75.54166666666666,0.0027490999782457948,0.00245800000266172,0.0024246999819297343,0.0002204999909736216,131,55,2054.555913086816,25,231,8,36.25217143278599,2026-10-02T11:53:38+00:00,serial_calibration,5,21.073765487413826,905.5385138137417,1.9439259829303521,1.0821802336890975,0.29234287724853764,2.074358667810665,2.0743572166285933,0.007369300001300871,0.24463066580748796
X3,syn_s8_n240_p4_a200_d5,syn_s8_n240_p4_a200_d5__od2__full_grid__climb_tiebreak__native,syn_s8_n240_p4_a200,synthetic,full_grid,,climb_tiebreak,native,od2,,0.0,10.0,height_tiebreak,0,nan,serial,article_2_HAG_applications,True,6f060dbaf1c69bc25c1517ab2245b48bb8526299,240,240,0.1384099000133574,5.471895424836601,39,765,2093,5,765,57600,224,57600,1,2.5.3,312.445613075584,312.4483318475872,True,47.1404193118552,2718.7720036002524,18.36935023947767,622224,4,Windows-11-10.0.26300-SP0,3.14.7,True,200.0,267.53463854074255,20261002T115338Z,1.18.1,0,57600,54982,110886,55343,100.0,0.0,0.01134759999695234,0.011011700000381097,0.010855000000447035,0.0,209,101,2128.966885604377,20,199,8,36.25217143278599,2026-10-02T11:53:38+00:00,serial_calibration,5,,,,,,,,,
X3,syn_s8_n240_p4_a200_d5,syn_s8_n240_p4_a200_d5__od2__hag_cta__shared_border__climb_tiebreak__native,syn_s8_n240_p4_a200,synthetic,hag_cta,shared_border,climb_tiebreak,native,od2,,0.01688900002045557,10.0,height_tiebreak,21,20.0,serial,article_2_HAG_applications,True,6f060dbaf1c69bc25c1517ab2245b48bb8526299,240,240,0.1384099000133574,5.471895424836601,39,765,2093,5,22,5157,451,57600,1,2.5.3,650.2555687186695,650.2609178564711,True,52.59541794358188,5349.137802864845,11.606051614865876,662976,4,Windows-11-10.0.26300-SP0,3.14.7,True,200.0,267.53463854074255,20261002T115338Z,1.18.1,0,5157,5051,6793,5065,8.953125,91.046875,0.0010871000122278929,0.0009880999859888107,0.0009526000067126006,0.00021120000747032464,209,101,2128.966885604377,20,199,8,36.25217143278599,2026-10-02T11:53:38+00:00,serial_calibration,5,15.826800774964378,684.7627326307996,1.9674830385855855,1.0654940985882897,0.09186642901313156,2.0811800246379697,2.0811790353026094,0.009812400006921962,0.08973182941367946
X3,syn_s8_n240_p4_a200_d5,syn_s8_n240_p4_a200_d5__od2__hag_cta_ring1__shared_border__climb_tiebreak__native,syn_s8_n240_p4_a200,synthetic,hag_cta_ring1,shared_border,climb_tiebreak,native,od2,,0.01688900002045557,10.0,height_tiebreak,21,20.0,serial,article_2_HAG_applications,True,6f060dbaf1c69bc25c1517ab2245b48bb8526299,240,240,0.1384099000133574,5.471895424836601,39,765,2093,5,86,14759,269,57600,1,2.5.3,413.26625007525143,413.2694395579323,True,47.1404193118552,3189.4826817189073,17.686959448592063,658880,4,Windows-11-10.0.26300-SP0,3.14.7,True,200.0,267.53463854074255,20261002T115338Z,1.18.1,0,14759,14377,27398,14494,25.62326388888889,74.37673611111111,0.003476699988823384,0.0027701999933924526,0.0024794999917503446,0.00023360000341199338,209,101,2128.966885604377,20,199,8,36.25217143278599,2026-10-02T11:53:38+00:00,serial_calibration,5,19.393211699003512,468.61498055439927,1.1731335608485487,1.0589112602535422,0.26148557709795933,1.3226821974142355,1.322680896115412,0.008007900003576651,0.2515687853189408
X3,syn_s8_n240_p4_a200_d5,syn_s8_n240_p4_a200_d5__od3__full_grid__climb_tiebreak__native,syn_s8_n240_p4_a200,synthetic,full_grid,,climb_tiebreak,native,od3,,0.0,10.0,height_tiebreak,0,nan,serial,article_2_HAG_applications,True,6f060dbaf1c69bc25c1517ab2245b48bb8526299,240,240,0.1384099000133574,5.471895424836601,39,765,2093,5,765,57600,272,57600,1,2.5.3,205.25501448819813,205.2581055646755,True,21.336685751560083,3091.076477383248,19.275635438582672,619000,4,Windows-11-10.0.26300-SP0,3.14.7,True,200.0,267.53463854074255,20261002T115338Z,1.18.1,0,57600,33819,67793,34688,100.0,0.0,0.008239499991759658,0.007162399997469038,0.006832799990661442,0.0,217,217,2370.759372015642,70,31,8,36.25217143278599,2026-10-02T11:53:38+00:00,serial_calibration,5,,,,,,,,,
X3,syn_s8_n240_p4_a200_d5,syn_s8_n240_p4_a200_d5__od3__hag_cta__shared_border__climb_tiebreak__native,syn_s8_n240_p4_a200,synthetic,hag_cta,shared_border,climb_tiebreak,native,od3,,0.01688900002045557,10.0,height_tiebreak,3,28.284271247461902,serial,article_2_HAG_applications,True,6f060dbaf1c69bc25c1517ab2245b48bb8526299,240,240,0.1384099000133574,5.471895424836601,39,765,2093,5,4,2489,334,57600,1,2.5.3,334.40802481544534,334.41199270433054,True,42.89641233812123,3967.8888860545662,11.63494285467163,655592,4,Windows-11-10.0.26300-SP0,3.14.7,True,200.0,267.53463854074255,20261002T115338Z,1.18.1,0,2489,1913,2821,1921,4.321180555555555,95.67881944444444,0.0006557999877259135,0.0005551000067498535,0.0005247000080998987,0.00031010000384412706,217,217,2370.759372015642,70,31,8,36.25217143278599,2026-10-02T11:53:38+00:00,serial_calibration,5,24.661579806500477,304.138126514911,1.2836592413959245,1.0591147011308562,0.056565835772790445,1.6292319369116963,1.6292267327730914,0.006297199986875057,0.07750195562185971
X3,syn_s8_n240_p4_a200_d5,syn_s8_n240_p4_a200_d5__od3__hag_cta_ring1__shared_border__climb_tiebreak__native,syn_s8_n240_p4_a200,synthetic,hag_cta_ring1,shared_border,climb_tiebreak,native,od3,,0.01688900002045557,10.0,height_tiebreak,3,20.0,serial,article_2_HAG_applications,True,6f060dbaf1c69bc25c1517ab2245b48bb8526299,240,240,0.1384099000133574,5.471895424836601,39,765,2093,5,26,8764,272,57600,1,2.5.3,219.3814793269794,219.38462839335523,True,21.336685751560083,3149.066376115481,26.305211204964607,656824,4,Windows-11-10.0.26300-SP0,3.14.7,True,200.0,267.53463854074255,20261002T115338Z,1.18.1,0,8764,6040,11036,6095,15.215277777777779,84.78472222222221,0.0016917999892029911,0.0011620000004768372,0.0011195999977644533,0.00023289999808184803,217,217,2370.759372015642,70,31,8,36.25217143278599,2026-10-02T11:53:38+00:00,serial_calibration,5,26.926553977139736,106.30145812734649,1.018760421864853,1.0611050080775444,0.17859782962240162,1.0688239694119313,1.068823215481878,0.005767499998910353,0.16223612209419339
X3,syn_s8_n240_p6_a120_d1,syn_s8_n240_p6_a120_d1__od1__full_grid__climb_tiebreak__native,syn_s8_n240_p6_a120,synthetic,full_grid,,climb_tiebreak,native,od1,,0.0,10.0,height_tiebreak,0,nan,serial,article_2_HAG_applications,True,6f060dbaf1c69bc25c1517ab2245b48bb8526299,240,240,0.3953587999858428,7.899659961961847,141,34702,137067,1,34702,57600,242,57600,1,2.5.3,173.79652426299168,173.79952658838585,True,29.634424600803158,3002.3253941935263,16.799593873782946,634000,6,Windows-11-10.0.26300-SP0,3.14.7,True,120.0,201.05751426002462,20261002T115338Z,1.18.1,0,57600,49933,99713,50704,100.0,0.0,0.015831500000786036,0.01265429999330081,0.012463100021705031,0.0,131,55,2054.555913086816,25,231,8,35.18063698712163,2026-10-02T11:53:38+00:00,serial_calibration,5,,,,,,,,,
X3,syn_s8_n240_p6_a120_d1,syn_s8_n240_p6_a120_d1__od1__hag_cta__shared_border__climb_tiebreak__native,syn_s8_n240_p6_a120,synthetic,hag_cta,shared_border,climb_tiebreak,native,od1,,0.07415900001069531,10.0,height_tiebreak,131,20.0,serial,article_2_HAG_applications,True,6f060dbaf1c69bc25c1517ab2245b48bb8526299,240,240,0.3953587999858428,7.899659961961847,141,34702,137067,1,132,593,303,57600,1,2.5.3,188.34551446940702,188.34908951558043,True,38.09614362806615,3575.046173579948,11.572812556632094,652352,6,Windows-11-10.0.26300-SP0,3.14.7,True,120.0,201.05751426002462,20261002T115338Z,1.18.1,0,593,593,655,593,1.0295138888888888,98.97048611111111,0.0006280000088736415,0.0005187999922782183,0.00043399998685345054,0.013153000007150695,131,55,2054.555913086816,25,231,8,35.18063698712163,2026-10-02T11:53:38+00:00,serial_calibration,5,inf,220.0,1.190759063122891,1.0289463722397476,0.011875913724390683,1.0837127800346547,1.0837146292213597,-0.0010175000061281025,0.04099792106658378
X3,syn_s8_n240_p6_a120_d1,syn_s8_n240_p6_a120_d1__od1__hag_cta_ring1__shared_border__climb_tiebreak__native,syn_s8_n240_p6_a120,synthetic,hag_cta_ring1,shared_border,climb_tiebreak,native,od1,,0.07415900001069531,10.0,height_tiebreak,131,20.0,serial,article_2_HAG_applications,True,6f060dbaf1c69bc25c1517ab2245b48bb8526299,240,240,0.3953587999858428,7.899659961961847,141,34702,137067,1,682,2013,269,57600,1,2.5.3,181.2818607234948,181.28503777976934,True,28.302383195070746,3177.0562748477146,16.797429742803246,652304,6,Windows-11-10.0.26300-SP0,3.14.7,True,120.0,201.05751426002462,20261002T115338Z,1.18.1,0,2013,2000,3403,2012,3.4947916666666665,96.50520833333334,0.0018470999784767628,0.0009003000159282237,0.0008554000232834369,0.012677799997618422,131,55,2054.555913086816,25,231,8,35.18063698712163,2026-10-02T11:53:38+00:00,serial_calibration,5,inf,222.03603311174518,1.0581985153881444,1.028870662460568,0.0400536719203733,1.0430695406150712,1.0430698019627616,-0.0009238000202458352,0.07114577783084348
X3,syn_s8_n240_p6_a120_d1,syn_s8_n240_p6_a120_d1__od2__full_grid__climb_tiebreak__native,syn_s8_n240_p6_a120,synthetic,full_grid,,climb_tiebreak,native,od2,,0.0,10.0,height_tiebreak,0,nan,serial,article_2_HAG_applications,True,6f060dbaf1c69bc25c1517ab2245b48bb8526299,240,240,0.3953587999858428,7.899659961961847,141,34702,137067,1,34702,57600,235,57600,1,2.5.3,270.92170159081587,270.92436053525836,True,45.77552325075146,2658.9444430272833,18.966353740470797,632368,6,Windows-11-10.0.26300-SP0,3.14.7,True,120.0,201.05751426002462,20261002T115338Z,1.18.1,0,57600,52683,104223,53266,100.0,0.0,0.020258700009435415,0.01733449997846037,0.015957800002070144,0.0,209,101,2128.966885604377,20,199,8,35.18063698712163,2026-10-02T11:53:38+00:00,serial_calibration,5,,,,,,,,,
X3,syn_s8_n240_p6_a120_d1,syn_s8_n240_p6_a120_d1__od2__hag_cta__shared_border__climb_tiebreak__native,syn_s8_n240_p6_a120,synthetic,hag_cta,shared_border,climb_tiebreak,native,od2,,0.07415900001069531,10.0,height_tiebreak,162,20.0,serial,article_2_HAG_applications,True,6f060dbaf1c69bc25c1517ab2245b48bb8526299,240,240,0.3953587999858428,7.899659961961847,141,34702,137067,1,163,649,306,57600,1,2.5.3,282.5983588591721,282.6019887581587,True,39.32960656313384,3629.898987322333,11.584131048835104,652456,6,Windows-11-10.0.26300-SP0,3.14.7,True,120.0,201.05751426002462,20261002T115338Z,1.18.1,0,649,646,720,649,1.1267361111111112,98.87326388888889,0.000826000003144145,0.000628299982054159,0.000544899987289682,0.01505610000458546,209,101,2128.966885604377,20,199,8,35.18063698712163,2026-10-02T11:53:38+00:00,serial_calibration,5,284.5389990448173,280.0,1.3651654124783408,1.0317663132859347,0.012262020006453695,1.0430997487458276,1.0431029096085311,0.0016500999918207526,0.03624563632264424
X3,syn_s8_n240_p6_a120_d1,syn_s8_n240_p6_a120_d1__od2__hag_cta_ring1__shared_border__climb_tiebreak__native,syn_s8_n240_p6_a120,synthetic,hag_cta_ring1,shared_border,climb_tiebreak,native,od2,,0.07415900001069531,10.0,height_tiebreak,162,20.0,serial,article_2_HAG_applications,True,6f060dbaf1c69bc25c1517ab2245b48bb8526299,240,240,0.3953587999858428,7.899659961961847,141,34702,137067,1,774,2232,251,57600,1,2.5.3,271.2467187002341,271.2496867615591,True,40.259568350436155,2968.061325481598,15.54396039425599,650960,6,Windows-11-10.0.26300-SP0,3.14.7,True,120.0,201.05751426002462,20261002T115338Z,1.18.1,0,2232,2207,3806,2225,3.875,96.125,0.001486499997554347,0.0008403999963775277,0.0007850000110920519,0.014786300016567111,209,101,2128.966885604377,20,199,8,35.18063698712163,2026-10-02T11:53:38+00:00,serial_calibration,5,274.92552375989186,250.0,1.11625548749803,1.0294006021810085,0.04189207144619707,1.0011996717409857,1.0012008009381586,0.0017077999655157328,0.048481352067945314
X3,syn_s8_n240_p6_a120_d1,syn_s8_n240_p6_a120_d1__od3__full_grid__climb_tiebreak__native,syn_s8_n240_p6_a120,synthetic,full_grid,,climb_tiebreak,native,od3,,0.0,10.0,height_tiebreak,0,nan,serial,article_2_HAG_applications,True,6f060dbaf1c69bc25c1517ab2245b48bb8526299,240,240,0.3953587999858428,7.899659961961847,141,34702,137067,1,34702,57600,278,57600,1,2.5.3,245.28620026407447,245.28944246753503,True,51.8433547695701,3242.2034611053286,14.221899161023357,623624,6,Windows-11-10.0.26300-SP0,3.14.7,True,120.0,201.05751426002462,20261002T115338Z,1.18.1,0,57600,45472,92026,46411,100.0,0.0,0.016227699990849942,0.015251500008162111,0.013474799983669072,0.0,217,217,2370.759372015642,70,31,8,35.18063698712163,2026-10-02T11:53:38+00:00,serial_calibration,5,,,,,,,,,
X3,syn_s8_n240_p6_a120_d1,syn_s8_n240_p6_a120_d1__od3__hag_cta__shared_border__climb_tiebreak__native,syn_s8_n240_p6_a120,synthetic,hag_cta,shared_border,climb_tiebreak,native,od3,,0.07415900001069531,10.0,height_tiebreak,181,20.0,serial,article_2_HAG_applications,True,6f060dbaf1c69bc25c1517ab2245b48bb8526299,240,240,0.3953587999858428,7.899659961961847,141,34702,137067,1,182,565,332,57600,1,2.5.3,260.05628263882113,260.060213959164,True,44.88497627303574,3931.3203435596433,11.583673072690196,654248,6,Windows-11-10.0.26300-SP0,3.14.7,True,120.0,201.05751426002462,20261002T115338Z,1.18.1,0,565,565,631,565,0.9809027777777778,99.01909722222221,0.0019061000202782452,0.0008043000125326216,0.0006510999810416251,0.024822400009725243,217,217,2370.759372015642,70,31,8,35.18063698712163,2026-10-02T11:53:38+00:00,serial_calibration,5,inf,127.27922061357856,1.2125458475142648,1.049106512898798,0.012425228712174524,1.060215708665409,1.0602177221450693,-0.010375200014095753,0.05273579727254278
X3,syn_s8_n240_p6_a120_d1,syn_s8_n240_p6_a120_d1__od3__hag_cta_ring1__shared_border__climb_tiebreak__native,syn_s8_n240_p6_a120,synthetic,hag_cta_ring1,shared_border,climb_tiebreak,native,od3,,0.07415900001069531,10.0,height_tiebreak,181,20.0,serial,article_2_HAG_applications,True,6f060dbaf1c69bc25c1517ab2245b48bb8526299,240,240,0.3953587999858428,7.899659961961847,141,34702,137067,1,788,2097,295,57600,1,2.5.3,249.77911987882916,249.7825362244252,True,47.64986795024862,3416.3455967290593,11.766002087109586,653168,6,Windows-11-10.0.26300-SP0,3.14.7,True,120.0,201.05751426002462,20261002T115338Z,1.18.1,0,2097,2087,3498,2095,3.640625,96.359375,0.0015156000154092908,0.0010803000186569989,0.000999299983959645,0.01574329999857582,217,217,2370.759372015642,70,31,8,35.18063698712163,2026-10-02T11:53:38+00:00,serial_calibration,5,inf,64.03124237432849,1.0537110448843832,1.047374700139828,0.04589637579169599,1.018317050082384,1.018317517915533,-0.0015721000090707093,0.07083237832861404
X3,syn_s8_n240_p8_a100_d1,syn_s8_n240_p8_a100_d1__od1__full_grid__climb_tiebreak__native,syn_s8_n240_p8_a100,synthetic,full_grid,,climb_tiebreak,native,od1,,0.0,10.0,height_tiebreak,0,nan,serial,article_2_HAG_applications,True,6f060dbaf1c69bc25c1517ab2245b48bb8526299,240,240,0.4485100999881979,7.924265126542621,137,36707,145438,1,36707,57600,237,57600,1,2.5.3,204.43347636710473,204.4363748447358,True,27.087780701452147,2898.4776310850248,16.800972867687754,634168,8,Windows-11-10.0.26300-SP0,3.14.7,True,100.0,148.640840266086,20261002T115338Z,1.18.1,0,57600,47411,95485,48627,100.0,0.0,0.012509400025010109,0.01102609999361448,0.010900000022957101,0.0,131,55,2054.555913086816,25,231,8,39.05144679083407,2026-10-02T11:53:38+00:00,serial_calibration,5,,,,,,,,,
X3,syn_s8_n240_p8_a100_d1,syn_s8_n240_p8_a100_d1__od1__hag_cta__shared_border__climb_tiebreak__native,syn_s8_n240_p8_a100,synthetic,hag_cta,shared_border,climb_tiebreak,native,od1,,0.06689339998411015,10.0,height_tiebreak,132,20.0,serial,article_2_HAG_applications,True,6f060dbaf1c69bc25c1517ab2245b48bb8526299,240,240,0.4485100999881979,7.924265126542621,137,36707,145438,1,133,320,244,57600,1,2.5.3,209.13592351200344,209.1389209845839,True,33.901742410492375,2997.472580451141,11.713692741614482,648552,8,Windows-11-10.0.26300-SP0,3.14.7,True,100.0,148.640840266086,20261002T115338Z,1.18.1,0,320,319,345,319,0.5555555555555556,99.44444444444444,0.0005051000043749809,0.000357700017048046,0.0003079000161960721,0.01187200000276789,131,55,2054.555913086816,25,231,8,39.05144679083407,2026-10-02T11:53:38+00:00,serial_calibration,5,inf,30.0,1.034154118805139,1.0226816868716175,0.0067283963637130625,1.0230023341991918,1.0230024923080325,-0.0012036000262014568,0.03244120924490074
X3,syn_s8_n240_p8_a100_d1,syn_s8_n240_p8_a100_d1__od1__hag_cta_ring1__shared_border__climb_tiebreak__native,syn_s8_n240_p8_a100,synthetic,hag_cta_ring1,shared_border,climb_tiebreak,native,od1,,0.06689339998411015,10.0,height_tiebreak,132,20.0,serial,article_2_HAG_applications,True,6f060dbaf1c69bc25c1517ab2245b48bb8526299,240,240,0.4485100999881979,7.924265126542621,137,36707,145438,1,645,1224,239,57600,1,2.5.3,204.89076948258742,204.89368796021853,True,26.33756015050679,2918.4776310850248,16.80084415911301,649056,8,Windows-11-10.0.26300-SP0,3.14.7,True,100.0,148.640840266086,20261002T115338Z,1.18.1,0,1224,1191,2063,1218,2.125,97.875,0.0012750000169035047,0.0007692999788559973,0.0007005000079516321,0.014762600010726601,131,55,2054.555913086816,25,231,8,39.05144679083407,2026-10-02T11:53:38+00:00,serial_calibration,5,inf,10.0,1.0069001740035899,1.0234764289588878,0.02512075256796946,1.0022368798085766,1.0022369459242761,-0.004505799995968118,0.06977081463994705
X3,syn_s8_n240_p8_a100_d1,syn_s8_n240_p8_a100_d1__od2__full_grid__climb_tiebreak__native,syn_s8_n240_p8_a100,synthetic,full_grid,,climb_tiebreak,native,od2,,0.0,10.0,height_tiebreak,0,nan,serial,article_2_HAG_applications,True,6f060dbaf1c69bc25c1517ab2245b48bb8526299,240,240,0.4485100999881979,7.924265126542621,137,36707,145438,1,36707,57600,242,57600,1,2.5.3,219.27670649521997,219.27968810993576,True,24.799191156613745,2981.6147160748715,14.255976931002701,628616,8,Windows-11-10.0.26300-SP0,3.14.7,True,100.0,148.640840266086,20261002T115338Z,1.18.1,0,57600,50937,101089,51751,100.0,0.0,0.012397100013913587,0.012137899990193546,0.011130400002002716,0.0,209,101,2128.966885604377,20,199,8,39.05144679083407,2026-10-02T11:53:38+00:00,serial_calibration,5,,,,,,,,,
X3,syn_s8_n240_p8_a100_d1,syn_s8_n240_p8_a100_d1__od2__hag_cta__shared_border__climb_tiebreak__native,syn_s8_n240_p8_a100,synthetic,hag_cta,shared_border,climb_tiebreak,native,od2,,0.06689339998411015,10.0,height_tiebreak,146,20.0,serial,article_2_HAG_applications,True,6f060dbaf1c69bc25c1517ab2245b48bb8526299,240,240,0.4485100999881979,7.924265126542621,137,36707,145438,1,147,425,267,57600,1,2.5.3,225.1088933877595,225.1120545861699,True,32.800615784876165,3161.198410471445,12.155742996358233,649776,8,Windows-11-10.0.26300-SP0,3.14.7,True,100.0,148.640840266086,20261002T115338Z,1.18.1,0,425,424,474,424,0.7378472222222222,99.26215277777779,0.0004361000028438866,0.0003305999853182584,0.0003037000133190304,0.01101280000875704,209,101,2128.966885604377,20,199,8,39.05144679083407,2026-10-02T11:53:38+00:00,serial_calibration,5,648.7142888489067,607.289058027559,1.0602303488201807,1.0336612494750372,0.008324008088422954,1.026597384582054,1.0265978419000217,0.0007944999961182475,0.027237000270669293
X3,syn_s8_n240_p8_a100_d1,syn_s8_n240_p8_a100_d1__od2__hag_cta_ring1__shared_border__climb_tiebreak__native,syn_s8_n240_p8_a100,synthetic,hag_cta_ring1,shared_border,climb_tiebreak,native,od2,,0.06689339998411015,10.0,height_tiebreak,146,20.0,serial,article_2_HAG_applications,True,6f060dbaf1c69bc25c1517ab2245b48bb8526299,240,240,0.4485100999881979,7.924265126542621,137,36707,145438,1,726,1455,266,57600,1,2.5.3,221.8464481153707,221.84957031883167,True,35.25063340417712,3122.2034611053286,16.829642305870752,650968,8,Windows-11-10.0.26300-SP0,3.14.7,True,100.0,148.640840266086,20261002T115338Z,1.18.1,0,1455,1415,2358,1434,2.5260416666666665,97.47395833333333,0.0006733000045642257,0.0005405000119935721,0.0004910999850835651,0.010259599977871403,209,101,2128.966885604377,20,199,8,39.05144679083407,2026-10-02T11:53:38+00:00,serial_calibration,5,385.2619971936928,608.7692502089769,1.0471518819224015,1.0355574786515138,0.027779413785656792,1.0117191728260784,1.0117196546157412,0.0013378000003285706,0.04452994442450943
X3,syn_s8_n240_p8_a100_d1,syn_s8_n240_p8_a100_d1__od3__full_grid__climb_tiebreak__native,syn_s8_n240_p8_a100,synthetic,full_grid,,climb_tiebreak,native,od3,,0.0,10.0,height_tiebreak,0,nan,serial,article_2_HAG_applications,True,6f060dbaf1c69bc25c1517ab2245b48bb8526299,240,240,0.4485100999881979,7.924265126542621,137,36707,145438,1,36707,57600,250,57600,1,2.5.3,204.75684227383778,204.75992874136733,True,35.702502673079266,3086.467529817257,16.874401327507922,630568,8,Windows-11-10.0.26300-SP0,3.14.7,True,100.0,148.640840266086,20261002T115338Z,1.18.1,0,57600,43120,86198,44383,100.0,0.0,0.014834100002190098,0.010689399990951642,0.010309199977200478,0.0,217,217,2370.759372015642,70,31,8,39.05144679083407,2026-10-02T11:53:38+00:00,serial_calibration,5,,,,,,,,,
X3,syn_s8_n240_p8_a100_d1,syn_s8_n240_p8_a100_d1__od3__hag_cta__shared_border__climb_tiebreak__native,syn_s8_n240_p8_a100,synthetic,hag_cta,shared_border,climb_tiebreak,native,od3,,0.06689339998411015,10.0,height_tiebreak,137,20.0,serial,article_2_HAG_applications,True,6f060dbaf1c69bc25c1517ab2245b48bb8526299,240,240,0.4485100999881979,7.924265126542621,137,36707,145438,1,138,402,264,57600,1,2.5.3,210.9141317258754,210.91744103611745,True,42.90842749113422,3309.3102422918764,10.780618922133566,649784,8,Windows-11-10.0.26300-SP0,3.14.7,True,100.0,148.640840266086,20261002T115338Z,1.18.1,0,402,402,431,402,0.6979166666666666,99.30208333333333,0.0005073999927844852,0.0003578999894671142,0.000301799998851493,0.012089399999240413,217,217,2370.759372015642,70,31,8,39.05144679083407,2026-10-02T11:53:38+00:00,serial_calibration,5,inf,90.0,1.0721999212114872,1.0304741122289744,0.009322820037105752,1.030071226844781,1.0300718618755123,-0.0017578999977558851,0.033481766027098736
X3,syn_s8_n240_p8_a100_d1,syn_s8_n240_p8_a100_d1__od3__hag_cta_ring1__shared_border__climb_tiebreak__native,syn_s8_n240_p8_a100,synthetic,hag_cta_ring1,shared_border,climb_tiebreak,native,od3,,0.06689339998411015,10.0,height_tiebreak,137,20.0,serial,article_2_HAG_applications,True,6f060dbaf1c69bc25c1517ab2245b48bb8526299,240,240,0.4485100999881979,7.924265126542621,137,36707,145438,1,715,1522,253,57600,1,2.5.3,205.09519476310825,205.09835679412964,True,44.76591342710822,3162.0310216782973,14.166799933619663,650448,8,Windows-11-10.0.26300-SP0,3.14.7,True,100.0,148.640840266086,20261002T115338Z,1.18.1,0,1522,1517,2564,1521,2.642361111111111,97.35763888888889,0.0006556999869644642,0.0005013999762013555,0.0004879999905824661,0.010834599990630522,217,217,2370.759372015642,70,31,8,39.05144679083407,2026-10-02T11:53:38+00:00,serial_calibration,5,inf,70.0,1.0244821923869436,1.0315271310945053,0.035180890538033395,1.001652459988702,1.001652804114763,-0.0006465999758802354,0.0469062788019702
X3,syn_s8_n480_p4_a200_d3,syn_s8_n480_p4_a200_d3__od1__full_grid__climb_tiebreak__native,syn_s8_n480_p4_a200,synthetic,full_grid,,climb_tiebreak,native,od1,,0.0,10.0,height_tiebreak,0,nan,serial,article_2_HAG_applications,True,6f060dbaf1c69bc25c1517ab2245b48bb8526299,480,480,0.5739460999902803,3.8692421991084696,68,673,1302,3,673,230400,405,230400,1,2.5.3,229.9448159218108,229.94989559785202,True,17.562832851401993,5079.6760415564695,26.23147566995324,2388360,4,Windows-11-10.0.26300-SP0,3.14.7,True,200.0,267.535984944481,20261002T115338Z,1.18.1,0,230400,184950,381798,186466,100.0,0.0,0.057992199988802895,0.054856899980222806,0.05063730000983924,0.0,264,107,4203.439068191664,47,467,8,18.156716145638207,2026-10-02T11:53:38+00:00,serial_calibration,5,,,,,,,,,
X3,syn_s8_n480_p4_a200_d3,syn_s8_n480_p4_a200_d3__od1__hag_cta__shared_border__climb_tiebreak__native,syn_s8_n480_p4_a200,synthetic,hag_cta,shared_border,climb_tiebreak,native,od1,,0.09353130002273247,10.0,height_tiebreak,25,20.0,serial,article_2_HAG_applications,True,6f060dbaf1c69bc25c1517ab2245b48bb8526299,480,480,0.5739460999902803,3.8692421991084696,68,673,1302,3,26,18109,995,230400,1,2.5.3,685.8582019819776,685.8701757705637,True,28.600223139116913,11973.788591251898,11.964061948393779,2602728,4,Windows-11-10.0.26300-SP0,3.14.7,True,200.0,267.535984944481,20261002T115338Z,1.18.1,0,18109,15840,22644,15895,7.859809027777778,92.14019097222223,0.008994400006486103,0.0047667000035289675,0.00464930001180619,0.00021189998369663954,264,107,4203.439068191664,47,467,8,18.156716145638207,2026-10-02T11:53:38+00:00,serial_calibration,5,13.382120082415101,1605.8953888718904,2.3571953197989757,1.0897553132693565,0.08564476885644769,2.9827078259298228,2.9826940081331808,0.0498782999929972,0.08689335352977427
X3,syn_s8_n480_p4_a200_d3,syn_s8_n480_p4_a200_d3__od1__hag_cta_ring1__shared_border__climb_tiebreak__native,syn_s8_n480_p4_a200,synthetic,hag_cta_ring1,shared_border,climb_tiebreak,native,od1,,0.09353130002273247,10.0,height_tiebreak,25,20.0,serial,article_2_HAG_applications,True,6f060dbaf1c69bc25c1517ab2245b48bb8526299,480,480,0.5739460999902803,3.8692421991084696,68,673,1302,3,85,45475,947,230400,1,2.5.3,526.7426863569885,526.7542049983895,True,15.474823202355026,11518.641404994283,17.221459833217573,2610088,4,Windows-11-10.0.26300-SP0,3.14.7,True,200.0,267.535984944481,20261002T115338Z,1.18.1,0,45475,43312,84443,43493,19.737413194444443,80.26258680555556,0.011938299983739853,0.011751200014259666,0.011332599999150261,0.00026810000417754054,264,107,4203.439068191664,47,467,8,18.156716145638207,2026-10-02T11:53:38+00:00,serial_calibration,5,15.581577880377367,1605.8953888718904,2.267593702976547,1.0928369257565862,0.23418221140848877,2.2907352107302965,2.2907346995260385,0.0428375999617856,0.21421553202051608
X3,syn_s8_n480_p4_a200_d3,syn_s8_n480_p4_a200_d3__od2__full_grid__climb_tiebreak__native,syn_s8_n480_p4_a200,synthetic,full_grid,,climb_tiebreak,native,od2,,0.0,10.0,height_tiebreak,0,nan,serial,article_2_HAG_applications,True,6f060dbaf1c69bc25c1517ab2245b48bb8526299,480,480,0.5739460999902803,3.8692421991084696,68,673,1302,3,673,230400,459,230400,1,2.5.3,330.8324450452815,330.83800258928807,True,23.874477954385895,5557.544007200506,26.393500603463846,2392232,4,Windows-11-10.0.26300-SP0,3.14.7,True,200.0,267.535984944481,20261002T115338Z,1.18.1,0,230400,223464,456253,224097,100.0,0.0,0.067413899989333,0.06315879998146556,0.06243590000667609,0.0,423,202,4347.367019242796,37,402,8,18.156716145638207,2026-10-02T11:53:38+00:00,serial_calibration,5,,,,,,,,,
X3,syn_s8_n480_p4_a200_d3,syn_s8_n480_p4_a200_d3__od2__hag_cta__shared_border__climb_tiebreak__native,syn_s8_n480_p4_a200,synthetic,hag_cta,shared_border,climb_tiebreak,native,od2,,0.09353130002273247,10.0,height_tiebreak,38,20.0,serial,article_2_HAG_applications,True,6f060dbaf1c69bc25c1517ab2245b48bb8526299,480,480,0.5739460999902803,3.8692421991084696,68,673,1302,3,39,23234,772,230400,1,2.5.3,598.213671883834,598.2228523419776,True,30.82477952666617,9180.458146424487,11.641382898224727,2588760,4,Windows-11-10.0.26300-SP0,3.14.7,True,200.0,267.535984944481,20261002T115338Z,1.18.1,0,23234,22244,32378,22282,10.08420138888889,89.91579861111111,0.007139199995435774,0.004648200003430247,0.00459600001340732,0.00023509998572990298,423,202,4347.367019242796,37,402,8,18.156716145638207,2026-10-02T11:53:38+00:00,serial_calibration,5,11.45382536573938,1387.984149765407,1.651891219310191,1.0821525671423173,0.0995417606415351,1.8082073897013204,1.8082047638421663,0.05827549999230541,0.07359544520786172
X3,syn_s8_n480_p4_a200_d3,syn_s8_n480_p4_a200_d3__od2__hag_cta_ring1__shared_border__climb_tiebreak__native,syn_s8_n480_p4_a200,synthetic,hag_cta_ring1,shared_border,climb_tiebreak,native,od2,,0.09353130002273247,10.0,height_tiebreak,38,20.0,serial,article_2_HAG_applications,True,6f060dbaf1c69bc25c1517ab2245b48bb8526299,480,480,0.5739460999902803,3.8692421991084696,68,673,1302,3,104,49228,678,230400,1,2.5.3,476.60436113379353,476.61247732786893,True,23.3361675297175,8116.19407771256,26.398222792607275,2593192,4,Windows-11-10.0.26300-SP0,3.14.7,True,200.0,267.535984944481,20261002T115338Z,1.18.1,0,49228,47733,94454,47948,21.366319444444443,78.63368055555556,0.010781799996038899,0.010330699995392933,0.010090800002217293,0.0002491000050213188,423,202,4347.367019242796,37,402,8,18.156716145638207,2026-10-02T11:53:38+00:00,serial_calibration,5,12.694752662727739,1315.4847015454038,1.4603922285090316,1.0840052302619478,0.21360487595317368,1.4406215843447885,1.4406219164596685,0.05257899998105131,0.16356707218035424
X3,syn_s8_n480_p4_a200_d3,syn_s8_n480_p4_a200_d3__od3__full_grid__climb_tiebreak__native,syn_s8_n480_p4_a200,synthetic,full_grid,,climb_tiebreak,native,od3,,0.0,10.0,height_tiebreak,0,nan,serial,article_2_HAG_applications,True,6f060dbaf1c69bc25c1517ab2245b48bb8526299,480,480,0.5739460999902803,3.8692421991084696,68,673,1302,3,673,230400,551,230400,1,2.5.3,214.9523926741755,214.9586838220791,True,11.634700857515428,6291.147904132611,26.151850220338623,2395504,4,Windows-11-10.0.26300-SP0,3.14.7,True,200.0,267.535984944481,20261002T115338Z,1.18.1,0,230400,138310,280206,140107,100.0,0.0,0.04078170002321713,0.03582049999386072,0.03453510001418181,0.0,438,439,4849.340161300298,138,58,8,18.156716145638207,2026-10-02T11:53:38+00:00,serial_calibration,5,,,,,,,,,
X3,syn_s8_n480_p4_a200_d3,syn_s8_n480_p4_a200_d3__od3__hag_cta__shared_border__climb_tiebreak__native,syn_s8_n480_p4_a200,synthetic,hag_cta,shared_border,climb_tiebreak,native,od3,,0.09353130002273247,10.0,height_tiebreak,7,40.0,serial,article_2_HAG_applications,True,6f060dbaf1c69bc25c1517ab2245b48bb8526299,480,480,0.5739460999902803,3.8692421991084696,68,673,1302,3,8,10997,561,230400,1,2.5.3,292.10921075004273,292.11590013171053,True,24.521267596933715,6689.3816690412405,15.534554871795667,2572816,4,Windows-11-10.0.26300-SP0,3.14.7,True,200.0,267.535984944481,20261002T115338Z,1.18.1,0,10997,7931,12530,7969,4.773003472222222,95.22699652777777,0.0028583999956026673,0.002641099999891594,0.0025037999730557203,0.00020989999757148325,438,439,4849.340161300298,138,58,8,18.156716145638207,2026-10-02T11:53:38+00:00,serial_calibration,5,20.245299446031744,332.41540277189324,1.063300652118993,1.074018661626113,0.05734220229918299,1.3589484030206698,1.3589397503638154,0.032969499996397644,0.07373152246183756
X3,syn_s8_n480_p4_a200_d3,syn_s8_n480_p4_a200_d3__od3__hag_cta_ring1__shared_border__climb_tiebreak__native,syn_s8_n480_p4_a200,synthetic,hag_cta_ring1,shared_border,climb_tiebreak,native,od3,,0.09353130002273247,10.0,height_tiebreak,7,40.0,serial,article_2_HAG_applications,True,6f060dbaf1c69bc25c1517ab2245b48bb8526299,480,480,0.5739460999902803,3.8692421991084696,68,673,1302,3,31,29100,551,230400,1,2.5.3,239.39195265726278,239.39845091194738,True,11.634700857515428,6498.25468531916,24.17808890361387,2582896,4,Windows-11-10.0.26300-SP0,3.14.7,True,200.0,267.535984944481,20261002T115338Z,1.18.1,0,29100,19495,37412,19587,12.630208333333334,87.36979166666666,0.007309099979465827,0.0052032000094186515,0.004617700004018843,0.0001947999990079552,438,439,4849.340161300298,138,58,8,18.156716145638207,2026-10-02T11:53:38+00:00,serial_calibration,5,21.94025475659765,311.1269837220809,1.032920348455089,1.0782265443931631,0.14095148579278433,1.113697547996745,1.1136951839084437,0.030422499985434115,0.14525760417387887
X3,syn_s8_n480_p4_a200_d5,syn_s8_n480_p4_a200_d5__od1__full_grid__climb_tiebreak__native,syn_s8_n480_p4_a200,synthetic,full_grid,,climb_tiebreak,native,od1,,0.0,10.0,height_tiebreak,0,nan,serial,article_2_HAG_applications,True,6f060dbaf1c69bc25c1517ab2245b48bb8526299,480,480,0.32618790000560693,1.9941520467836258,74,342,341,5,342,230400,405,230400,1,2.5.3,229.9448159218108,229.94989559785202,True,17.562832851401993,5079.6760415564695,26.23147566995324,2388296,4,Windows-11-10.0.26300-SP0,3.14.7,True,200.0,267.535984944481,20261002T115338Z,1.18.1,0,230400,184950,381798,186466,100.0,0.0,0.05201789998682216,0.050361800007522106,0.044485999998869374,0.0,264,107,4203.439068191664,47,467,8,18.156716145638207,2026-10-02T11:53:38+00:00,serial_calibration,5,,,,,,,,,
X3,syn_s8_n480_p4_a200_d5,syn_s8_n480_p4_a200_d5__od1__hag_cta__shared_border__climb_tiebreak__native,syn_s8_n480_p4_a200,synthetic,hag_cta,shared_border,climb_tiebreak,native,od1,,0.04833329998655245,10.0,height_tiebreak,27,40.0,serial,article_2_HAG_applications,True,6f060dbaf1c69bc25c1517ab2245b48bb8526299,480,480,0.32618790000560693,1.9941520467836258,74,342,341,5,28,40630,573,230400,1,2.5.3,348.37515015470495,348.3821914959674,True,19.402621271585474,7041.341263970173,24.14461324332012,2584504,4,Windows-11-10.0.26300-SP0,3.14.7,True,200.0,267.535984944481,20261002T115338Z,1.18.1,0,40630,40027,78819,40102,17.63454861111111,82.36545138888889,0.012742299993988127,0.009445900010177866,0.008707599976332858,0.0002018999948631972,264,107,4203.439068191664,47,467,8,18.156716145638207,2026-10-02T11:53:38+00:00,serial_calibration,5,9.198830868235415,1315.5227098001767,1.386179198509011,1.0821539708645829,0.2164206542308732,1.5150380701479462,1.5150352236090412,0.04071400000248104,0.18756081015307263
X3,syn_s8_n480_p4_a200_d5,syn_s8_n480_p4_a200_d5__od1__hag_cta_ring1__shared_border__climb_tiebreak__native,syn_s8_n480_p4_a200,synthetic,hag_cta_ring1,shared_border,climb_tiebreak,native,od1,,0.04833329998655245,10.0,height_tiebreak,27,28.284271247461902,serial,article_2_HAG_applications,True,6f060dbaf1c69bc25c1517ab2245b48bb8526299,480,480,0.32618790000560693,1.9941520467836258,74,342,341,5,42,54773,552,230400,1,2.5.3,330.5877941220519,330.59457161555065,True,17.265580333522053,6777.493500861672,26.16472403502076,2587648,4,Windows-11-10.0.26300-SP0,3.14.7,True,200.0,267.535984944481,20261002T115338Z,1.18.1,0,54773,52846,106155,53042,23.77300347222222,76.22699652777779,0.015306099987355992,0.014162900013616309,0.013694199995370582,0.0001824999926611781,264,107,4203.439068191664,47,467,8,18.156716145638207,2026-10-02T11:53:38+00:00,serial_calibration,5,10.398629512644714,1274.0486646906388,1.3342373500623816,1.0834703906048497,0.28573127872397946,1.4376831797524114,1.4376808945967565,0.03601640000124462,0.2812230700948123
X3,syn_s8_n480_p4_a200_d5,syn_s8_n480_p4_a200_d5__od2__full_grid__climb_tiebreak__native,syn_s8_n480_p4_a200,synthetic,full_grid,,climb_tiebreak,native,od2,,0.0,10.0,height_tiebreak,0,nan,serial,article_2_HAG_applications,True,6f060dbaf1c69bc25c1517ab2245b48bb8526299,480,480,0.32618790000560693,1.9941520467836258,74,342,341,5,342,230400,459,230400,1,2.5.3,330.8324450452815,330.83800258928807,True,23.874477954385895,5557.544007200506,26.393500603463846,2392296,4,Windows-11-10.0.26300-SP0,3.14.7,True,200.0,267.535984944481,20261002T115338Z,1.18.1,0,230400,223464,456253,224097,100.0,0.0,0.0624314000015147,0.06053079999401234,0.05610720001277514,0.0,423,202,4347.367019242796,37,402,8,18.156716145638207,2026-10-02T11:53:38+00:00,serial_calibration,5,,,,,,,,,
X3,syn_s8_n480_p4_a200_d5,syn_s8_n480_p4_a200_d5__od2__hag_cta__shared_border__climb_tiebreak__native,syn_s8_n480_p4_a200,synthetic,hag_cta,shared_border,climb_tiebreak,native,od2,,0.04833329998655245,10.0,height_tiebreak,39,40.0,serial,article_2_HAG_applications,True,6f060dbaf1c69bc25c1517ab2245b48bb8526299,480,480,0.32618790000560693,1.9941520467836258,74,342,341,5,40,43970,697,230400,1,2.5.3,487.15874985351144,487.167051905452,True,24.026534759463942,8302.051942088829,26.28027641572862,2592176,4,Windows-11-10.0.26300-SP0,3.14.7,True,200.0,267.535984944481,20261002T115338Z,1.18.1,0,43970,42855,83861,43081,19.08420138888889,80.91579861111111,0.011018999997759238,0.009908000007271767,0.009405699995113537,0.00017929999739862978,423,202,4347.367019242796,37,402,8,18.156716145638207,2026-10-02T11:53:38+00:00,serial_calibration,5,7.424568082533742,1358.3077707206126,1.493834674333206,1.0835515337566923,0.19177585651380089,1.4725241044203914,1.472524462403539,0.050443499989341944,0.16368526449760878
X3,syn_s8_n480_p4_a200_d5,syn_s8_n480_p4_a200_d5__od2__hag_cta_ring1__shared_border__climb_tiebreak__native,syn_s8_n480_p4_a200,synthetic,hag_cta_ring1,shared_border,climb_tiebreak,native,od2,,0.04833329998655245,10.0,height_tiebreak,39,28.284271247461902,serial,article_2_HAG_applications,True,6f060dbaf1c69bc25c1517ab2245b48bb8526299,480,480,0.32618790000560693,1.9941520467836258,74,342,341,5,55,56944,549,230400,1,2.5.3,433.62703312543647,433.63350723798453,True,23.874477954385895,6474.112549695428,26.290341132658046,2588032,4,Windows-11-10.0.26300-SP0,3.14.7,True,200.0,267.535984944481,20261002T115338Z,1.18.1,0,56944,55466,109780,55687,24.71527777777778,75.28472222222223,0.013387399987550452,0.013162400020519271,0.012527999992016703,0.0001736000122036785,423,202,4347.367019242796,37,402,8,18.156716145638207,2026-10-02T11:53:38+00:00,serial_calibration,5,7.935645458808026,960.0,1.1649233080849006,1.0818193066409842,0.24821000250599648,1.3107149544116974,1.3107125053475486,0.04719479996128939,0.21744962930972803
X3,syn_s8_n480_p4_a200_d5,syn_s8_n480_p4_a200_d5__od3__full_grid__climb_tiebreak__native,syn_s8_n480_p4_a200,synthetic,full_grid,,climb_tiebreak,native,od3,,0.0,10.0,height_tiebreak,0,nan,serial,article_2_HAG_applications,True,6f060dbaf1c69bc25c1517ab2245b48bb8526299,480,480,0.32618790000560693,1.9941520467836258,74,342,341,5,342,230400,551,230400,1,2.5.3,214.9523926741755,214.9586838220791,True,11.634700857515428,6291.147904132611,26.151850220338623,2395568,4,Windows-11-10.0.26300-SP0,3.14.7,True,200.0,267.535984944481,20261002T115338Z,1.18.1,0,230400,138310,280206,140107,100.0,0.0,0.044560200010892004,0.03292230001534335,0.031909999990602955,0.0,438,439,4849.340161300298,138,58,8,18.156716145638207,2026-10-02T11:53:38+00:00,serial_calibration,5,,,,,,,,,
X3,syn_s8_n480_p4_a200_d5,syn_s8_n480_p4_a200_d5__od3__hag_cta__shared_border__climb_tiebreak__native,syn_s8_n480_p4_a200,synthetic,hag_cta,shared_border,climb_tiebreak,native,od3,,0.04833329998655245,10.0,height_tiebreak,8,56.568542494923804,serial,article_2_HAG_applications,True,6f060dbaf1c69bc25c1517ab2245b48bb8526299,480,480,0.32618790000560693,1.9941520467836258,74,342,341,5,9,18691,551,230400,1,2.5.3,246.57567047780452,246.58218530103136,True,12.1201717050279,6514.823227814084,24.149010117403176,2577200,4,Windows-11-10.0.26300-SP0,3.14.7,True,200.0,267.535984944481,20261002T115338Z,1.18.1,0,18691,11898,22192,11943,8.112413194444445,91.88758680555556,0.004322200024034828,0.003742700006114319,0.0033838999806903303,0.00016309999045915902,438,439,4849.340161300298,138,58,8,18.156716145638207,2026-10-02T11:53:38+00:00,serial_calibration,5,12.907180388740654,339.4112549695428,1.0355539763314963,1.0758200142930612,0.08602414865157978,1.1471175892029428,1.1471143240955408,0.029016500018769875,0.1136828230217829
X3,syn_s8_n480_p4_a200_d5,syn_s8_n480_p4_a200_d5__od3__hag_cta_ring1__shared_border__climb_tiebreak__native,syn_s8_n480_p4_a200,synthetic,hag_cta_ring1,shared_border,climb_tiebreak,native,od3,,0.04833329998655245,10.0,height_tiebreak,8,56.568542494923804,serial,article_2_HAG_applications,True,6f060dbaf1c69bc25c1517ab2245b48bb8526299,480,480,0.32618790000560693,1.9941520467836258,74,342,341,5,21,31335,551,230400,1,2.5.3,232.62572469933423,232.6321401113063,True,11.634700857515428,6415.41197284454,26.580265124203667,2580528,4,Windows-11-10.0.26300-SP0,3.14.7,True,200.0,267.535984944481,20261002T115338Z,1.18.1,0,31335,20958,40437,21061,13.600260416666666,86.39973958333333,0.010480099997948855,0.006189099978655577,0.0052247999992687255,0.00015999999595806003,438,439,4849.340161300298,138,58,8,18.156716145638207,2026-10-02T11:53:38+00:00,serial_calibration,5,14.093944252785402,208.08652046684813,1.0197522090730535,1.0772092464083673,0.15152917359554624,1.082219750174858,1.0822179219512504,0.026573200040729716,0.18799111774606156
X3,syn_s9_n120_p6_a120_d5,syn_s9_n120_p6_a120_d5__od1__full_grid__climb_tiebreak__native,syn_s9_n120_p6_a120,synthetic,full_grid,,climb_tiebreak,native,od1,,0.0,10.0,height_tiebreak,0,nan,serial,article_2_HAG_applications,True,6f060dbaf1c69bc25c1517ab2245b48bb8526299,120,120,0.0806264000129886,7.378640776699029,39,3193,11780,5,3193,14400,135,14400,1,2.5.3,214.348902943204,214.35045833425625,True,60.41477190362997,1555.3910524340095,18.101437343590373,167672,6,Windows-11-10.0.26300-SP0,3.14.7,True,120.0,202.4753825896954,20261002T115338Z,1.18.1,0,14400,10372,20355,10815,100.0,0.0,0.0030055000097490847,0.0027768999862018973,0.0026172999932896346,0.0,107,100,1145.8621208504974,10,39,9,70.18696306307652,2026-10-02T11:53:38+00:00,serial_calibration,5,,,,,,,,,
X3,syn_s9_n120_p6_a120_d5,syn_s9_n120_p6_a120_d5__od1__hag_cta__shared_border__climb_tiebreak__native,syn_s9_n120_p6_a120,synthetic,hag_cta,shared_border,climb_tiebreak,native,od1,,0.008742100006202236,10.0,height_tiebreak,35,20.0,serial,article_2_HAG_applications,True,6f060dbaf1c69bc25c1517ab2245b48bb8526299,120,120,0.0806264000129886,7.378640776699029,39,3193,11780,5,36,350,139,14400,1,2.5.3,234.4187986617283,234.42037748423803,True,79.03282236504994,1578.8225099390854,11.61653852270367,166568,6,Windows-11-10.0.26300-SP0,3.14.7,True,120.0,202.4753825896954,20261002T115338Z,1.18.1,0,350,321,396,322,2.4305555555555554,97.56944444444444,0.0003161999920848757,0.0002564000023994595,0.00023410000721924007,0.0008883999835234135,107,100,1145.8621208504974,10,39,9,70.18696306307652,2026-10-02T11:53:38+00:00,serial_calibration,5,54.75675510318753,110.45361017187261,1.015064672944086,0.9934157163986831,0.030948708060161974,1.093631903139911,1.0936313330325842,0.0016321000002790242,0.09233317860689336
X3,syn_s9_n120_p6_a120_d5,syn_s9_n120_p6_a120_d5__od1__hag_cta_ring1__shared_border__climb_tiebreak__native,syn_s9_n120_p6_a120,synthetic,hag_cta_ring1,shared_border,climb_tiebreak,native,od1,,0.008742100006202236,10.0,height_tiebreak,35,20.0,serial,article_2_HAG_applications,True,6f060dbaf1c69bc25c1517ab2245b48bb8526299,120,120,0.0806264000129886,7.378640776699029,39,3193,11780,5,200,1371,136,14400,1,2.5.3,214.38271587294645,214.3842439847781,True,60.41477190362997,1528.111831820431,18.251630116823073,168096,6,Windows-11-10.0.26300-SP0,3.14.7,True,120.0,202.4753825896954,20261002T115338Z,1.18.1,0,1371,1309,2150,1352,9.520833333333334,90.47916666666667,0.0005241999751888216,0.0004566000134218484,0.00043990000267513096,0.0009510999952908605,107,100,1145.8621208504974,10,39,9,70.18696306307652,2026-10-02T11:53:38+00:00,serial_calibration,5,65.27059705556891,114.0175425099138,0.98246150344578,1.0025287466005057,0.1262051677593521,1.000157747155587,1.0001576187463483,0.0013691999774891883,0.16442796488553507
X3,syn_s9_n120_p6_a120_d5,syn_s9_n120_p6_a120_d5__od2__full_grid__climb_tiebreak__native,syn_s9_n120_p6_a120,synthetic,full_grid,,climb_tiebreak,native,od2,,0.0,10.0,height_tiebreak,0,nan,serial,article_2_HAG_applications,True,6f060dbaf1c69bc25c1517ab2245b48bb8526299,120,120,0.0806264000129886,7.378640776699029,39,3193,11780,5,3193,14400,134,14400,1,2.5.3,198.5461338509557,198.54763782065203,True,48.085769856638976,1503.9696961966997,18.622441017620474,169520,6,Windows-11-10.0.26300-SP0,3.14.7,True,120.0,202.4753825896954,20261002T115338Z,1.18.1,0,14400,10200,19883,10723,100.0,0.0,0.003029399988008663,0.002829099976224825,0.002793099993141368,0.0,12,17,1029.0286682109493,97,75,9,70.18696306307652,2026-10-02T11:53:38+00:00,serial_calibration,5,,,,,,,,,
X3,syn_s9_n120_p6_a120_d5,syn_s9_n120_p6_a120_d5__od2__hag_cta__shared_border__climb_tiebreak__native,syn_s9_n120_p6_a120,synthetic,hag_cta,shared_border,climb_tiebreak,native,od2,,0.008742100006202236,10.0,height_tiebreak,32,20.0,serial,article_2_HAG_applications,True,6f060dbaf1c69bc25c1517ab2245b48bb8526299,120,120,0.0806264000129886,7.378640776699029,39,3193,11780,5,33,487,136,14400,1,2.5.3,223.98907691097043,223.99062573348056,True,64.56487725148021,1548.8225099390854,11.834689582634466,166840,6,Windows-11-10.0.26300-SP0,3.14.7,True,120.0,202.4753825896954,20261002T115338Z,1.18.1,0,487,486,653,486,3.3819444444444446,96.61805555555556,0.00032789999386295676,0.0002649000089149922,0.0002476999943610281,0.0009231999865733087,12,17,1029.0286682109493,97,75,9,70.18696306307652,2026-10-02T11:53:38+00:00,serial_calibration,5,54.459781272562786,40.0,1.0298229504595813,0.984190655969797,0.04764705882352941,1.1281462527954043,1.1281455080105822,0.0016409999807365239,0.0936340218236038
X3,syn_s9_n120_p6_a120_d5,syn_s9_n120_p6_a120_d5__od2__hag_cta_ring1__shared_border__climb_tiebreak__native,syn_s9_n120_p6_a120,synthetic,hag_cta_ring1,shared_border,climb_tiebreak,native,od2,,0.008742100006202236,10.0,height_tiebreak,32,20.0,serial,article_2_HAG_applications,True,6f060dbaf1c69bc25c1517ab2245b48bb8526299,120,120,0.0806264000129886,7.378640776699029,39,3193,11780,5,181,1486,134,14400,1,2.5.3,198.5461338509557,198.54763782065203,True,48.085769856638976,1503.9696961966997,18.622441017620474,168136,6,Windows-11-10.0.26300-SP0,3.14.7,True,120.0,202.4753825896954,20261002T115338Z,1.18.1,0,1486,1473,2526,1476,10.319444444444445,89.68055555555556,0.0005726999952457845,0.0004566000134218484,0.0004434000002220273,0.000985099992249161,12,17,1029.0286682109493,97,75,9,70.18696306307652,2026-10-02T11:53:38+00:00,serial_calibration,5,64.41437358796912,0.0,1.0,0.9918357715903728,0.14441176470588235,1.0,1.0,0.0013873999705538154,0.1613940890244322
X3,syn_s9_n120_p6_a120_d5,syn_s9_n120_p6_a120_d5__od3__full_grid__climb_tiebreak__native,syn_s9_n120_p6_a120,synthetic,full_grid,,climb_tiebreak,native,od3,,0.0,10.0,height_tiebreak,0,nan,serial,article_2_HAG_applications,True,6f060dbaf1c69bc25c1517ab2245b48bb8526299,120,120,0.0806264000129886,7.378640776699029,39,3193,11780,5,3193,14400,169,14400,1,2.5.3,272.37272962168504,272.3746871447716,True,55.17921862618791,1957.5230867899736,14.16409495091626,172416,6,Windows-11-10.0.26300-SP0,3.14.7,True,120.0,202.4753825896954,20261002T115338Z,1.18.1,0,14400,13157,25455,13442,100.0,0.0,0.0033515999966766685,0.0032731000101193786,0.0029959999956190586,0.0,9,106,1026.1091559868278,109,83,9,70.18696306307652,2026-10-02T11:53:38+00:00,serial_calibration,5,,,,,,,,,
X3,syn_s9_n120_p6_a120_d5,syn_s9_n120_p6_a120_d5__od3__hag_cta__shared_border__climb_tiebreak__native,syn_s9_n120_p6_a120,synthetic,hag_cta,shared_border,climb_tiebreak,native,od3,,0.008742100006202236,10.0,height_tiebreak,46,20.0,serial,article_2_HAG_applications,True,6f060dbaf1c69bc25c1517ab2245b48bb8526299,120,120,0.0806264000129886,7.378640776699029,39,3193,11780,5,47,400,171,14400,1,2.5.3,313.68845352318795,313.6904558990882,True,76.71103394424405,2002.3759005323598,14.162328686634,168496,6,Windows-11-10.0.26300-SP0,3.14.7,True,120.0,202.4753825896954,20261002T115338Z,1.18.1,0,400,393,504,399,2.7777777777777777,97.22222222222221,0.00031740000122226775,0.0002649999805726111,0.0002452000044286251,0.0007977999921422452,9,106,1026.1091559868278,109,83,9,70.18696306307652,2026-10-02T11:53:38+00:00,serial_calibration,5,40.43274601041636,36.05551275463989,1.0229130445740682,0.977264291017075,0.029870031162119025,1.1516881809676351,1.151687255476705,0.0022103000374045223,0.08096299525016526
X3,syn_s9_n120_p6_a120_d5,syn_s9_n120_p6_a120_d5__od3__hag_cta_ring1__shared_border__climb_tiebreak__native,syn_s9_n120_p6_a120,synthetic,hag_cta_ring1,shared_border,climb_tiebreak,native,od3,,0.008742100006202236,10.0,height_tiebreak,46,20.0,serial,article_2_HAG_applications,True,6f060dbaf1c69bc25c1517ab2245b48bb8526299,120,120,0.0806264000129886,7.378640776699029,39,3193,11780,5,215,1356,169,14400,1,2.5.3,272.37272962168504,272.3746871447716,True,55.17921862618791,1957.5230867899736,14.16409495091626,169152,6,Windows-11-10.0.26300-SP0,3.14.7,True,120.0,202.4753825896954,20261002T115338Z,1.18.1,0,1356,1324,2196,1341,9.416666666666666,90.58333333333334,0.0005704000068362802,0.00042479997500777245,0.00040210000588558614,0.0008833000028971583,9,106,1026.1091559868278,109,83,9,70.18696306307652,2026-10-02T11:53:38+00:00,serial_calibration,5,45.48015193591494,0.0,1.0,0.9810690423162584,0.10063084289731702,1.0,1.0,0.001965000032214448,0.1297852108687259
X3,syn_s9_n120_p8_a100_d1,syn_s9_n120_p8_a100_d1__od1__full_grid__climb_tiebreak__native,syn_s9_n120_p8_a100,synthetic,full_grid,,climb_tiebreak,native,od1,,0.0,10.0,height_tiebreak,0,nan,serial,article_2_HAG_applications,True,6f060dbaf1c69bc25c1517ab2245b48bb8526299,120,120,0.13184539999929257,7.87352812908853,97,11465,45135,1,11465,14400,126,14400,1,2.5.3,247.1845705830931,247.186073253366,True,63.7483637405353,1502.6702730475884,15.998495985059307,169808,8,Windows-11-10.0.26300-SP0,3.14.7,True,100.0,151.82813475907795,20261002T115338Z,1.18.1,0,14400,13907,26309,14080,100.0,0.0,0.015969199972460046,0.005059899995103478,0.004696600022725761,0.0,107,100,1145.8621208504974,10,39,9,72.49048820654536,2026-10-02T11:53:38+00:00,serial_calibration,5,,,,,,,,,
X3,syn_s9_n120_p8_a100_d1,syn_s9_n120_p8_a100_d1__od1__hag_cta__shared_border__climb_tiebreak__native,syn_s9_n120_p8_a100,synthetic,hag_cta,shared_border,climb_tiebreak,native,od1,,0.044071000011172146,10.0,height_tiebreak,102,20.0,serial,article_2_HAG_applications,True,6f060dbaf1c69bc25c1517ab2245b48bb8526299,120,120,0.13184539999929257,7.87352812908853,97,11465,45135,1,103,183,138,14400,1,2.5.3,248.20006847215814,248.2017491323299,True,56.356433717597795,1680.6601717798212,11.716522318013453,166048,8,Windows-11-10.0.26300-SP0,3.14.7,True,100.0,151.82813475907795,20261002T115338Z,1.18.1,0,183,183,194,183,1.2708333333333333,98.72916666666667,0.00043650000588968396,0.0002891999902203679,0.0002736999886110425,0.005489200004376471,107,100,1145.8621208504974,10,39,9,72.49048820654536,2026-10-02T11:53:38+00:00,serial_calibration,5,inf,100.4987562112089,1.1184490715792552,0.9778573447658532,0.01315884087150356,1.0041082575933828,1.00410895268328,-0.0007184999994933605,0.05715527787114962
X3,syn_s9_n120_p8_a100_d1,syn_s9_n120_p8_a100_d1__od1__hag_cta_ring1__shared_border__climb_tiebreak__native,syn_s9_n120_p8_a100,synthetic,hag_cta_ring1,shared_border,climb_tiebreak,native,od1,,0.044071000011172146,10.0,height_tiebreak,102,20.0,serial,article_2_HAG_applications,True,6f060dbaf1c69bc25c1517ab2245b48bb8526299,120,120,0.13184539999929257,7.87352812908853,97,11465,45135,1,493,677,136,14400,1,2.5.3,247.21127095526083,247.2129067626188,True,63.7483637405353,1635.8073580374355,14.538875756573857,166800,8,Windows-11-10.0.26300-SP0,3.14.7,True,100.0,151.82813475907795,20261002T115338Z,1.18.1,0,677,670,1105,675,4.701388888888889,95.29861111111111,0.0005662000039592385,0.0004955999902449548,0.00043559999903663993,0.005233899981249124,107,100,1145.8621208504974,10,39,9,72.49048820654536,2026-10-02T11:53:38+00:00,serial_calibration,5,inf,100.4987562112089,1.0886003319409718,0.9822858758126826,0.04817717696124254,1.000108017956399,1.0001085559105318,-0.0006695999763906002,0.097946597902044
X3,syn_s9_n120_p8_a100_d1,syn_s9_n120_p8_a100_d1__od2__full_grid__climb_tiebreak__native,syn_s9_n120_p8_a100,synthetic,full_grid,,climb_tiebreak,native,od2,,0.0,10.0,height_tiebreak,0,nan,serial,article_2_HAG_applications,True,6f060dbaf1c69bc25c1517ab2245b48bb8526299,120,120,0.13184539999929257,7.87352812908853,97,11465,45135,1,11465,14400,119,14400,1,2.5.3,214.3593162347984,214.36081517924129,True,69.26122767756752,1498.944443027284,16.02173406523564,167240,8,Windows-11-10.0.26300-SP0,3.14.7,True,100.0,151.82813475907795,20261002T115338Z,1.18.1,0,14400,11831,22904,12293,100.0,0.0,0.004667999979574233,0.003975600004196167,0.003944900003261864,0.0,12,17,1029.0286682109493,97,75,9,72.49048820654536,2026-10-02T11:53:38+00:00,serial_calibration,5,,,,,,,,,
X3,syn_s9_n120_p8_a100_d1,syn_s9_n120_p8_a100_d1__od2__hag_cta__shared_border__climb_tiebreak__native,syn_s9_n120_p8_a100,synthetic,hag_cta,shared_border,climb_tiebreak,native,od2,,0.044071000011172146,10.0,height_tiebreak,94,20.0,serial,article_2_HAG_applications,True,6f060dbaf1c69bc25c1517ab2245b48bb8526299,120,120,0.13184539999929257,7.87352812908853,97,11465,45135,1,95,165,121,14400,1,2.5.3,216.09327342057787,216.0947840807495,True,69.26122767756752,1510.6601717798212,14.339014958076861,164936,8,Windows-11-10.0.26300-SP0,3.14.7,True,100.0,151.82813475907795,20261002T115338Z,1.18.1,0,165,165,176,165,1.1458333333333333,98.85416666666667,0.0003991000121459365,0.00037579998024739325,0.00024190000840462744,0.004985399980796501,12,17,1029.0286682109493,97,75,9,72.49048820654536,2026-10-02T11:53:38+00:00,serial_calibration,5,inf,72.80109889280519,1.0078159859806919,0.986223391533126,0.01394641196855718,1.0080890218173686,1.0080890199081316,-0.0013855999568477273,0.09452660726701474
X3,syn_s9_n120_p8_a100_d1,syn_s9_n120_p8_a100_d1__od2__hag_cta_ring1__shared_border__climb_tiebreak__native,syn_s9_n120_p8_a100,synthetic,hag_cta_ring1,shared_border,climb_tiebreak,native,od2,,0.044071000011172146,10.0,height_tiebreak,94,20.0,serial,article_2_HAG_applications,True,6f060dbaf1c69bc25c1517ab2245b48bb8526299,120,120,0.13184539999929257,7.87352812908853,97,11465,45135,1,458,617,118,14400,1,2.5.3,215.64956654512844,215.65105134743567,True,69.26122767756752,1484.802307403553,14.20807223339306,165752,8,Windows-11-10.0.26300-SP0,3.14.7,True,100.0,151.82813475907795,20261002T115338Z,1.18.1,0,617,607,998,614,4.284722222222222,95.71527777777777,0.0006096000142861158,0.000464599987026304,0.00041530001908540726,0.005220800027018413,12,17,1029.0286682109493,97,75,9,72.49048820654536,2026-10-02T11:53:38+00:00,serial_calibration,5,inf,72.80109889280519,0.9905652703210471,0.9911026070318105,0.051305891302510356,1.0060191006996717,1.0060189926368563,-0.00170980000984855,0.11686286008047286
X3,syn_s9_n120_p8_a100_d1,syn_s9_n120_p8_a100_d1__od3__full_grid__climb_tiebreak__native,syn_s9_n120_p8_a100,synthetic,full_grid,,climb_tiebreak,native,od3,,0.0,10.0,height_tiebreak,0,nan,serial,article_2_HAG_applications,True,6f060dbaf1c69bc25c1517ab2245b48bb8526299,120,120,0.13184539999929257,7.87352812908853,97,11465,45135,1,11465,14400,106,14400,1,2.5.3,214.14268713747214,214.14402708696568,True,59.11173365086,1339.9494936611668,16.859330991016126,167848,8,Windows-11-10.0.26300-SP0,3.14.7,True,100.0,151.82813475907795,20261002T115338Z,1.18.1,0,14400,11414,22073,11886,100.0,0.0,0.004432399990037084,0.004129900014959276,0.003816299984464422,0.0,9,106,1026.1091559868278,109,83,9,72.49048820654536,2026-10-02T11:53:38+00:00,serial_calibration,5,,,,,,,,,
X3,syn_s9_n120_p8_a100_d1,syn_s9_n120_p8_a100_d1__od3__hag_cta__shared_border__climb_tiebreak__native,syn_s9_n120_p8_a100,synthetic,hag_cta,shared_border,climb_tiebreak,native,od3,,0.044071000011172146,10.0,height_tiebreak,97,20.0,serial,article_2_HAG_applications,True,6f060dbaf1c69bc25c1517ab2245b48bb8526299,120,120,0.13184539999929257,7.87352812908853,97,11465,45135,1,98,161,126,14400,1,2.5.3,214.88020978955655,214.88175802332145,True,69.86690049147228,1548.2337649086294,11.651656179316928,165400,8,Windows-11-10.0.26300-SP0,3.14.7,True,100.0,151.82813475907795,20261002T115338Z,1.18.1,0,161,161,169,161,1.1180555555555556,98.88194444444444,0.0009472999954596162,0.0003073000116273761,0.0002795000036712736,0.005017699993913993,9,106,1026.1091559868278,109,83,9,72.49048820654536,2026-10-02T11:53:38+00:00,serial_calibration,5,inf,304.138126514911,1.1554418821252463,0.9854153758162146,0.014105484492728228,1.0034440711562145,1.0034450222422322,-0.0011950999905820936,0.07440858386747319
X3,syn_s9_n120_p8_a100_d1,syn_s9_n120_p8_a100_d1__od3__hag_cta_ring1__shared_border__climb_tiebreak__native,syn_s9_n120_p8_a100,synthetic,hag_cta_ring1,shared_border,climb_tiebreak,native,od3,,0.044071000011172146,10.0,height_tiebreak,97,20.0,serial,article_2_HAG_applications,True,6f060dbaf1c69bc25c1517ab2245b48bb8526299,120,120,0.13184539999929257,7.87352812908853,97,11465,45135,1,468,630,120,14400,1,2.5.3,214.88020978955655,214.88166488623642,True,64.84673532329893,1455.0966799187813,16.788029753471704,165784,8,Windows-11-10.0.26300-SP0,3.14.7,True,100.0,151.82813475907795,20261002T115338Z,1.18.1,0,630,624,991,629,4.375,95.625,0.0007340000011026859,0.00037039999733678997,0.00035000001662410796,0.005209499999182299,9,106,1026.1091559868278,109,83,9,72.49048820654536,2026-10-02T11:53:38+00:00,serial_calibration,5,inf,304.138126514911,1.0859339749761732,0.9877031600019065,0.05466970387243736,1.0034440711562145,1.0034445873149251,-0.001449999981559813,0.08968740066227546
X3,syn_s9_n240_p4_a200_d5,syn_s9_n240_p4_a200_d5__od1__full_grid__climb_tiebreak__native,syn_s9_n240_p4_a200,synthetic,full_grid,,climb_tiebreak,native,od1,,0.0,10.0,height_tiebreak,0,nan,serial,article_2_HAG_applications,True,6f060dbaf1c69bc25c1517ab2245b48bb8526299,240,240,0.1610285000060685,5.309401709401709,32,585,1553,5,585,57600,202,57600,1,2.5.3,191.40946961765923,191.4119269683069,True,27.198489316947132,2457.350647362943,24.25090396530871,624416,4,Windows-11-10.0.26300-SP0,3.14.7,True,200.0,270.4795066791675,20261002T115338Z,1.18.1,0,57600,39745,79791,40773,100.0,0.0,0.011102099990239367,0.010029900004155934,0.009547099994961172,0.0,172,219,2045.6050449683585,210,18,9,36.62744412983464,2026-10-02T11:53:38+00:00,serial_calibration,5,,,,,,,,,
X3,syn_s9_n240_p4_a200_d5,syn_s9_n240_p4_a200_d5__od1__hag_cta__shared_border__climb_tiebreak__native,syn_s9_n240_p4_a200,synthetic,hag_cta,shared_border,climb_tiebreak,native,od1,,0.02271019999170676,10.0,height_tiebreak,14,20.0,serial,article_2_HAG_applications,True,6f060dbaf1c69bc25c1517ab2245b48bb8526299,240,240,0.1610285000060685,5.309401709401709,32,585,1553,5,15,1267,325,57600,1,2.5.3,375.7972610125799,375.80091936827716,True,47.1207296295853,3658.355697996826,26.23366978619078,655016,4,Windows-11-10.0.26300-SP0,3.14.7,True,200.0,270.4795066791675,20261002T115338Z,1.18.1,0,1267,1225,1804,1228,2.1996527777777777,97.80034722222221,0.0007160999812185764,0.0006026000191923231,0.0005270999972708523,0.00026729999808594584,172,219,2045.6050449683585,210,18,9,36.62744412983464,2026-10-02T11:53:38+00:00,serial_calibration,5,20.05881007216088,594.3904440685432,1.4887397945924883,1.0490057910111208,0.030821486979494276,1.9633159308326575,1.9633098382134806,0.009159999986877665,0.06008036161304032
X3,syn_s9_n240_p4_a200_d5,syn_s9_n240_p4_a200_d5__od1__hag_cta_ring1__shared_border__climb_tiebreak__native,syn_s9_n240_p4_a200,synthetic,hag_cta_ring1,shared_border,climb_tiebreak,native,od1,,0.02271019999170676,10.0,height_tiebreak,14,20.0,serial,article_2_HAG_applications,True,6f060dbaf1c69bc25c1517ab2245b48bb8526299,240,240,0.1610285000060685,5.309401709401709,32,585,1553,5,70,4557,316,57600,1,2.5.3,307.22979119052934,307.23329741419275,True,29.859716602371986,3506.223663640862,26.357168810827808,658864,4,Windows-11-10.0.26300-SP0,3.14.7,True,200.0,270.4795066791675,20261002T115338Z,1.18.1,0,4557,4111,7627,4177,7.911458333333333,92.08854166666667,0.0012764999992214143,0.0011698000016622245,0.0010907000105362386,0.0002521999995224178,172,219,2045.6050449683585,210,18,9,36.62744412983464,2026-10-02T11:53:38+00:00,serial_calibration,5,21.345357164273747,586.9412236331675,1.4268308299442312,1.0551683493055912,0.10343439426342936,1.6050919100513754,1.6050896215315937,0.008607900002971292,0.11663127261263947
X3,syn_s9_n240_p4_a200_d5,syn_s9_n240_p4_a200_d5__od2__full_grid__climb_tiebreak__native,syn_s9_n240_p4_a200,synthetic,full_grid,,climb_tiebreak,native,od2,,0.0,10.0,height_tiebreak,0,nan,serial,article_2_HAG_applications,True,6f060dbaf1c69bc25c1517ab2245b48bb8526299,240,240,0.1610285000060685,5.309401709401709,32,585,1553,5,585,57600,308,57600,1,2.5.3,279.9399365898738,279.9434415141143,True,27.899580298502542,3504.9242404917495,14.242056591547184,629424,4,Windows-11-10.0.26300-SP0,3.14.7,True,200.0,270.4795066791675,20261002T115338Z,1.18.1,0,57600,50642,102739,51527,100.0,0.0,0.013448999990941957,0.012394100020173937,0.01189279998652637,0.0,219,204,2394.5354455509737,16,77,9,36.62744412983464,2026-10-02T11:53:38+00:00,serial_calibration,5,,,,,,,,,
X3,syn_s9_n240_p4_a200_d5,syn_s9_n240_p4_a200_d5__od2__hag_cta__shared_border__climb_tiebreak__native,syn_s9_n240_p4_a200,synthetic,hag_cta,shared_border,climb_tiebreak,native,od2,,0.02271019999170676,10.0,height_tiebreak,16,20.0,serial,article_2_HAG_applications,True,6f060dbaf1c69bc25c1517ab2245b48bb8526299,240,240,0.1610285000060685,5.309401709401709,32,585,1553,5,17,4327,712,57600,1,2.5.3,882.3950334926469,882.403232874314,True,53.69232606758997,8199.38166904124,10.89371058184803,680152,4,Windows-11-10.0.26300-SP0,3.14.7,True,200.0,270.4795066791675,20261002T115338Z,1.18.1,0,4327,3665,4903,3708,7.512152777777778,92.48784722222221,0.0014321999915409833,0.0013057000178378075,0.0011473999766167253,0.000219000008655712,219,204,2394.5354455509737,16,77,9,36.62744412983464,2026-10-02T11:53:38+00:00,serial_calibration,5,16.90421735372724,1112.2050170719426,2.3393891298177807,1.0805943211571214,0.07237075944867896,3.152086994952065,3.1520768198808637,0.010869399993680418,0.10534851386647787
X3,syn_s9_n240_p4_a200_d5,syn_s9_n240_p4_a200_d5__od2__hag_cta_ring1__shared_border__climb_tiebreak__native,syn_s9_n240_p4_a200,synthetic,hag_cta_ring1,shared_border,climb_tiebreak,native,od2,,0.02271019999170676,10.0,height_tiebreak,16,20.0,serial,article_2_HAG_applications,True,6f060dbaf1c69bc25c1517ab2245b48bb8526299,240,240,0.1610285000060685,5.309401709401709,32,585,1553,5,93,15918,441,57600,1,2.5.3,509.42143728194765,509.4264668865619,True,34.47827852116262,5029.604614807105,26.168713933756717,671344,4,Windows-11-10.0.26300-SP0,3.14.7,True,200.0,270.4795066791675,20261002T115338Z,1.18.1,0,15918,14112,26719,14256,27.635416666666668,72.36458333333333,0.0033872000058181584,0.0031857000140007585,0.0031000000017229468,0.0002474999928381294,219,204,2394.5354455509737,16,77,9,36.62744412983464,2026-10-02T11:53:38+00:00,serial_calibration,5,20.504491705559357,1191.0499569707392,1.4350109359571888,1.0666005744935052,0.2786619801745587,1.8197526351099946,1.8197478180994553,0.00896090001333505,0.2570335892735559
X3,syn_s9_n240_p4_a200_d5,syn_s9_n240_p4_a200_d5__od3__full_grid__climb_tiebreak__native,syn_s9_n240_p4_a200,synthetic,full_grid,,climb_tiebreak,native,od3,,0.0,10.0,height_tiebreak,0,nan,serial,article_2_HAG_applications,True,6f060dbaf1c69bc25c1517ab2245b48bb8526299,240,240,0.1610285000060685,5.309401709401709,32,585,1553,5,585,57600,258,57600,1,2.5.3,256.73173208083745,256.73494411185897,True,40.83502328750356,3212.031021678298,26.1653541759493,631624,4,Windows-11-10.0.26300-SP0,3.14.7,True,200.0,270.4795066791675,20261002T115338Z,1.18.1,0,57600,52576,106245,53002,100.0,0.0,0.012893100007204339,0.012130599992815405,0.012120500003220513,0.0,21,30,2144.061566280222,198,151,9,36.62744412983464,2026-10-02T11:53:38+00:00,serial_calibration,5,,,,,,,,,
X3,syn_s9_n240_p4_a200_d5,syn_s9_n240_p4_a200_d5__od3__hag_cta__shared_border__climb_tiebreak__native,syn_s9_n240_p4_a200,synthetic,hag_cta,shared_border,climb_tiebreak,native,od3,,0.02271019999170676,10.0,height_tiebreak,18,20.0,serial,article_2_HAG_applications,True,6f060dbaf1c69bc25c1517ab2245b48bb8526299,240,240,0.1610285000060685,5.309401709401709,32,585,1553,5,19,4597,356,57600,1,2.5.3,387.96389435236347,387.9682355002672,True,48.40564847622722,4341.147904132612,10.969494250526372,660392,4,Windows-11-10.0.26300-SP0,3.14.7,True,200.0,270.4795066791675,20261002T115338Z,1.18.1,0,4597,4127,6521,4148,7.980902777777778,92.01909722222223,0.0012005000025965273,0.0010983000101987273,0.0010024999792221934,0.00021570001263171434,21,30,2144.061566280222,198,151,9,36.62744412983464,2026-10-02T11:53:38+00:00,serial_calibration,5,16.98673340121967,333.7663853655727,1.3515273902505294,1.0455460843793143,0.07849589166159464,1.5111645576800175,1.5111625604468948,0.010816599969984964,0.0905396279532107
X3,syn_s9_n240_p4_a200_d5,syn_s9_n240_p4_a200_d5__od3__hag_cta_ring1__shared_border__climb_tiebreak__native,syn_s9_n240_p4_a200,synthetic,hag_cta_ring1,shared_border,climb_tiebreak,native,od3,,0.02271019999170676,10.0,height_tiebreak,18,20.0,serial,article_2_HAG_applications,True,6f060dbaf1c69bc25c1517ab2245b48bb8526299,240,240,0.1610285000060685,5.309401709401709,32,585,1553,5,79,12811,260,57600,1,2.5.3,262.9954877395345,262.99869491774217,True,40.83502328750356,3207.1782079359123,26.16788400133007,656456,4,Windows-11-10.0.26300-SP0,3.14.7,True,200.0,270.4795066791675,20261002T115338Z,1.18.1,0,12811,10463,20837,10721,22.241319444444443,77.75868055555556,0.0030818999803159386,0.002373000024817884,0.002268899988848716,0.0002671999973244965,21,30,2144.061566280222,198,151,9,36.62744412983464,2026-10-02T11:53:38+00:00,serial_calibration,5,19.360480123657545,50.0,0.9984891759420648,1.0393145288969388,0.19900715155203896,1.0243980578790501,1.0243977337309957,0.009490399970673025,0.1956209937038021
X3,syn_s9_n240_p8_a100_d3,syn_s9_n240_p8_a100_d3__od1__full_grid__climb_tiebreak__native,syn_s9_n240_p8_a100,synthetic,full_grid,,climb_tiebreak,native,od1,,0.0,10.0,height_tiebreak,0,nan,serial,article_2_HAG_applications,True,6f060dbaf1c69bc25c1517ab2245b48bb8526299,240,240,0.26143270000466146,7.277753496503497,56,9152,33303,3,9152,57600,239,57600,1,2.5.3,196.8149328090684,196.8178554288352,True,47.73624616990389,2922.6197667087545,26.187947044774724,630248,8,Windows-11-10.0.26300-SP0,3.14.7,True,100.0,151.9627132215548,20261002T115338Z,1.18.1,0,57600,52106,103379,52815,100.0,0.0,0.05105319997528568,0.013953500019852072,0.01359810002031736,0.0,172,219,2045.6050449683585,210,18,9,36.79195445318348,2026-10-02T11:53:38+00:00,serial_calibration,5,,,,,,,,,
X3,syn_s9_n240_p8_a100_d3,syn_s9_n240_p8_a100_d3__od1__hag_cta__shared_border__climb_tiebreak__native,syn_s9_n240_p8_a100,synthetic,hag_cta,shared_border,climb_tiebreak,native,od1,,0.03975029999855906,10.0,height_tiebreak,44,20.0,serial,article_2_HAG_applications,True,6f060dbaf1c69bc25c1517ab2245b48bb8526299,240,240,0.26143270000466146,7.277753496503497,56,9152,33303,3,45,1132,301,57600,1,2.5.3,272.5494044787684,272.5530299412472,True,50.05462208052121,3625.462479183374,10.697452946445553,652664,8,Windows-11-10.0.26300-SP0,3.14.7,True,100.0,151.9627132215548,20261002T115338Z,1.18.1,0,1132,1088,1462,1098,1.9652777777777777,98.03472222222223,0.0007469999836757779,0.000526699994225055,0.000505700008943677,0.002481400006217882,172,219,2045.6050449683585,210,18,9,36.79195445318348,2026-10-02T11:53:38+00:00,serial_calibration,5,27.516856347793787,240.8318915758459,1.2404838017181108,1.0355669514222972,0.02088051280082908,1.3848004345441134,1.3847982915340529,0.010945400019409135,0.037746801410090854
X3,syn_s9_n240_p8_a100_d3,syn_s9_n240_p8_a100_d3__od1__hag_cta_ring1__shared_border__climb_tiebreak__native,syn_s9_n240_p8_a100,synthetic,hag_cta_ring1,shared_border,climb_tiebreak,native,od1,,0.03975029999855906,10.0,height_tiebreak,44,20.0,serial,article_2_HAG_applications,True,6f060dbaf1c69bc25c1517ab2245b48bb8526299,240,240,0.26143270000466146,7.277753496503497,56,9152,33303,3,288,4026,273,57600,1,2.5.3,218.2949033577383,218.2981991145902,True,27.289881400104886,3295.756851698602,14.146374704311796,653384,8,Windows-11-10.0.26300-SP0,3.14.7,True,100.0,151.9627132215548,20261002T115338Z,1.18.1,0,4026,3850,6674,3914,6.989583333333333,93.01041666666666,0.0012944000191055238,0.0011093999783042818,0.001032100000884384,0.0026171999925281852,172,219,2045.6050449683585,210,18,9,36.79195445318348,2026-10-02T11:53:38+00:00,serial_calibration,5,29.450077595321098,240.41630560342617,1.1276721280134392,1.0367093588555616,0.07388784401028672,1.109137910635611,1.109138185856932,0.010226900049019605,0.07950693207624643
X3,syn_s9_n240_p8_a100_d3,syn_s9_n240_p8_a100_d3__od2__full_grid__climb_tiebreak__native,syn_s9_n240_p8_a100,synthetic,full_grid,,climb_tiebreak,native,od2,,0.0,10.0,height_tiebreak,0,nan,serial,article_2_HAG_applications,True,6f060dbaf1c69bc25c1517ab2245b48bb8526299,240,240,0.26143270000466146,7.277753496503497,56,9152,33303,3,9152,57600,270,57600,1,2.5.3,260.17925664289703,260.18253068402004,True,39.66578265825348,3274.041122946064,12.02089399404701,632688,8,Windows-11-10.0.26300-SP0,3.14.7,True,100.0,151.9627132215548,20261002T115338Z,1.18.1,0,57600,56464,111194,56752,100.0,0.0,0.01724720001220703,0.014782700018258765,0.014394999976502731,0.0,219,204,2394.5354455509737,16,77,9,36.79195445318348,2026-10-02T11:53:38+00:00,serial_calibration,5,,,,,,,,,
X3,syn_s9_n240_p8_a100_d3,syn_s9_n240_p8_a100_d3__od2__hag_cta__shared_border__climb_tiebreak__native,syn_s9_n240_p8_a100,synthetic,hag_cta,shared_border,climb_tiebreak,native,od2,,0.03975029999855906,10.0,height_tiebreak,59,20.0,serial,article_2_HAG_applications,True,6f060dbaf1c69bc25c1517ab2245b48bb8526299,240,240,0.26143270000466146,7.277753496503497,56,9152,33303,3,60,1132,345,57600,1,2.5.3,374.720942515625,374.7250701101378,True,46.54825668396753,4127.594513539338,11.63796781957372,655696,8,Windows-11-10.0.26300-SP0,3.14.7,True,100.0,151.9627132215548,20261002T115338Z,1.18.1,0,1132,1126,1490,1126,1.9652777777777777,98.03472222222223,0.0017986000166274607,0.0006136000156402588,0.0005091999773867428,0.002304800000274554,219,204,2394.5354455509737,16,77,9,36.79195445318348,2026-10-02T11:53:38+00:00,serial_calibration,5,25.385652751845264,323.88269481403296,1.2607033200075461,1.036365475558253,0.019941909889487106,1.4402414218207236,1.4402391625793836,0.011864300002343953,0.0415079799280493
X3,syn_s9_n240_p8_a100_d3,syn_s9_n240_p8_a100_d3__od2__hag_cta_ring1__shared_border__climb_tiebreak__native,syn_s9_n240_p8_a100,synthetic,hag_cta_ring1,shared_border,climb_tiebreak,native,od2,,0.03975029999855906,10.0,height_tiebreak,59,20.0,serial,article_2_HAG_applications,True,6f060dbaf1c69bc25c1517ab2245b48bb8526299,240,240,0.26143270000466146,7.277753496503497,56,9152,33303,3,371,3858,318,57600,1,2.5.3,292.8734287131816,292.87714961721935,True,41.45346109039522,3720.9040379562166,12.001894559692886,655720,8,Windows-11-10.0.26300-SP0,3.14.7,True,100.0,151.9627132215548,20261002T115338Z,1.18.1,0,3858,3826,6450,3835,6.697916666666667,93.30208333333333,0.004197900008875877,0.0010275999957229942,0.0009751000034157187,0.002522900002077222,219,204,2394.5354455509737,16,77,9,36.79195445318348,2026-10-02T11:53:38+00:00,serial_calibration,5,26.814248273235865,284.42925306655786,1.1364866531083928,1.036403408947222,0.06775998866534429,1.1256601794168326,1.1256603156531884,0.01123220002045855,0.06951368792262307
X3,syn_s9_n240_p8_a100_d3,syn_s9_n240_p8_a100_d3__od3__full_grid__climb_tiebreak__native,syn_s9_n240_p8_a100,synthetic,full_grid,,climb_tiebreak,native,od3,,0.0,10.0,height_tiebreak,0,nan,serial,article_2_HAG_applications,True,6f060dbaf1c69bc25c1517ab2245b48bb8526299,240,240,0.26143270000466146,7.277753496503497,56,9152,33303,3,9152,57600,235,57600,1,2.5.3,233.87351972400563,233.87655560279015,True,36.33103205379385,3035.8787847868007,14.322907370194597,626208,8,Windows-11-10.0.26300-SP0,3.14.7,True,100.0,151.9627132215548,20261002T115338Z,1.18.1,0,57600,48282,95781,49154,100.0,0.0,0.02738879999378696,0.012586900003952906,0.011591299989959225,0.0,21,30,2144.061566280222,198,151,9,36.79195445318348,2026-10-02T11:53:38+00:00,serial_calibration,5,,,,,,,,,
X3,syn_s9_n240_p8_a100_d3,syn_s9_n240_p8_a100_d3__od3__hag_cta__shared_border__climb_tiebreak__native,syn_s9_n240_p8_a100,synthetic,hag_cta,shared_border,climb_tiebreak,native,od3,,0.03975029999855906,10.0,height_tiebreak,53,20.0,serial,article_2_HAG_applications,True,6f060dbaf1c69bc25c1517ab2245b48bb8526299,240,240,0.26143270000466146,7.277753496503497,56,9152,33303,3,54,1146,333,57600,1,2.5.3,370.8107289658208,370.8148608244022,True,35.61538083406291,4131.858582251267,11.85355688740323,654800,8,Windows-11-10.0.26300-SP0,3.14.7,True,100.0,151.9627132215548,20261002T115338Z,1.18.1,0,1146,1146,1487,1146,1.9895833333333333,98.01041666666667,0.0012285000120755285,0.000770699989516288,0.0007451999990735203,0.0021821999980602413,21,30,2144.061566280222,198,151,9,36.79195445318348,2026-10-02T11:53:38+00:00,serial_calibration,5,31.262507732121023,1145.469336123844,1.3610090768302638,1.045658950380704,0.023735553622468,1.5855182296970383,1.5855153154135917,0.009634000016376376,0.06123032591617081
X3,syn_s9_n240_p8_a100_d3,syn_s9_n240_p8_a100_d3__od3__hag_cta_ring1__shared_border__climb_tiebreak__native,syn_s9_n240_p8_a100,synthetic,hag_cta_ring1,shared_border,climb_tiebreak,native,od3,,0.03975029999855906,10.0,height_tiebreak,53,20.0,serial,article_2_HAG_applications,True,6f060dbaf1c69bc25c1517ab2245b48bb8526299,240,240,0.26143270000466146,7.277753496503497,56,9152,33303,3,371,4708,319,57600,1,2.5.3,279.73491801184605,279.7388601648002,True,36.384185573719634,3942.152954766495,12.007697484273828,655856,8,Windows-11-10.0.26300-SP0,3.14.7,True,100.0,151.9627132215548,20261002T115338Z,1.18.1,0,4708,4615,8286,4639,8.17361111111111,91.82638888888889,0.0012707000132650137,0.001111799996579066,0.0010987000132445246,0.002373800001805648,21,30,2144.061566280222,198,151,9,36.79195445318348,2026-10-02T11:53:38+00:00,serial_calibration,5,33.09230547492734,1180.889495253472,1.2985211973946906,1.0473452910215135,0.09558427571351642,1.19609487359647,1.1960962031607023,0.009101300005568191,0.08832993002485966
