experiment,unit_id,scenario_id,case_id,family,search_space,hag_edge_cost,grid_edge_cost,engine,od_id,od_band,area_graph_time_s,cell_size_m,cost_model,cta_hops,cta_narrowest_width_m,dem_col0,dem_cols_1m,dem_label,dem_row0,dem_rows_1m,executor,git_branch,git_dirty,git_sha,grid_cols,grid_rows,hag_build_time_s,hag_edges_per_area_mean,hag_hop_diameter_lb,hag_n_areas,hag_n_edges,height_delta_m,lane,n_areas_selected,n_cells_selected,n_path_cells,n_valid_cells,n_workers,numpy,objective_sum_abs_dh_m,path_cost,path_found,path_i_max_percent,path_length_m,path_r_min_m,peak_memory_bytes,platform,python,python_free_threaded,relief_m,run_id,scipy,search_n_edges,search_n_nodes,search_nodes_expanded,search_nodes_pushed,search_nodes_reached,search_space_percent_of_full,search_space_reduction_percent,search_time_s_max,search_time_s_median,search_time_s_min,selection_time_s,start_i,start_j,straight_line_m,target_i,target_j,terrain_slope_percent_p50,timestamp_utc,timing_mode,timing_repeats,void_policy,window_valid_share_20m,worker_id,break_even_queries,hausdorff_to_full_m,length_ratio_to_full,memory_ratio_to_full,nodes_expanded_ratio_to_full,objective_ratio_to_full,path_cost_ratio_to_full,query_time_saving_s,search_time_ratio_to_full
X7,win1920_k0_c10_d3,win1920_k0_c10_d3__win1__full_grid__climb_tiebreak__native,idrija_win1920_k0_c10,dem,full_grid,,climb_tiebreak,native,win1,win,0.0,10,height_tiebreak,0,nan,2100,1920,idrija_win1920_k0,3960,1920,process,article-2026,True,0fc96e99b9a09a800a7e28c9437774072ad2cf51,192,192,0.08893154200632125,7.651804670912951,60,7536,28832,3,main,7536,32832,148,32832,6,2.5.3,200.23994750976567,200.2417778755653,True,83.61084740407587,1830.365799264593,10.845687062500389,434080,macOS-26.7.1-arm64-arm-64bit-Mach-O,3.14.7,True,599.498724822998,20261009T001006Z,1.18.1,0,32832,21505,40839,22083,100.0,0.0,0.004166084007010795,0.003415291997953318,0.0031259169918484986,0.0,159,107,1277.810627597063,37,145,36.31379451486329,2026-10-09T00:11:03+00:00,parallel,3,"block mean, streamed in bands, NaN-aware, any void -> void",0.875,p04,,,,,,,,,
X7,win1920_k0_c10_d3,win1920_k0_c10_d3__win1__hag_cta__shared_border__climb_tiebreak__native,idrija_win1920_k0_c10,dem,hag_cta,shared_border,climb_tiebreak,native,win1,win,0.01169504200515803,10,height_tiebreak,39,20.0,2100,1920,idrija_win1920_k0,3960,1920,process,article-2026,True,0fc96e99b9a09a800a7e28c9437774072ad2cf51,192,192,0.08893154200632125,7.651804670912951,60,7536,28832,3,main,40,404,158,32832,6,2.5.3,211.73930297851564,211.7412333443153,True,83.61084740407587,1930.365799264593,10.983497288005124,415056,macOS-26.7.1-arm64-arm-64bit-Mach-O,3.14.7,True,599.498724822998,20261009T001006Z,1.18.1,0,404,403,560,403,1.2305068226120857,98.76949317738791,0.00017174999811686575,0.00011420800001360476,0.00010566700075287372,0.0013517920015146956,159,107,1277.810627597063,37,145,36.31379451486329,2026-10-09T00:11:03+00:00,parallel,3,"block mean, streamed in bands, NaN-aware, any void -> void",0.875,p04,51.62211931102546,90.55385138137417,1.0546338879584496,0.9561739771470696,0.01873982794698907,1.0574278789610108,1.0574278534217572,0.0019492919964250177,0.033440186104744835
X7,win1920_k0_c10_d3,win1920_k0_c10_d3__win1__hag_cta_ring1__shared_border__climb_tiebreak__native,idrija_win1920_k0_c10,dem,hag_cta_ring1,shared_border,climb_tiebreak,native,win1,win,0.01169504200515803,10,height_tiebreak,39,20.0,2100,1920,idrija_win1920_k0,3960,1920,process,article-2026,True,0fc96e99b9a09a800a7e28c9437774072ad2cf51,192,192,0.08893154200632125,7.651804670912951,60,7536,28832,3,main,228,1506,150,32832,6,2.5.3,202.0288244628906,202.0306831129615,True,83.61084740407587,1858.6500705120548,10.884021767732122,415952,macOS-26.7.1-arm64-arm-64bit-Mach-O,3.14.7,True,599.498724822998,20261009T001006Z,1.18.1,0,1506,1482,2572,1495,4.586988304093567,95.41301169590643,0.0004167080041952431,0.00022249999165069312,0.00017137499526143074,0.0016067500109784305,159,107,1277.810627597063,37,145,36.31379451486329,2026-10-09T00:11:03+00:00,parallel,3,"block mean, streamed in bands, NaN-aware, any void -> void",0.875,p04,63.44509433428384,50.0,1.0154527970632021,0.958238112790269,0.06891420599860497,1.0089336667102238,1.0089337263001523,0.0015860419953241944,0.06514816062112132
X7,win1920_k0_c10_d3,win1920_k0_c10_d3__win2__full_grid__climb_tiebreak__native,idrija_win1920_k0_c10,dem,full_grid,,climb_tiebreak,native,win2,win,0.0,10,height_tiebreak,0,nan,2100,1920,idrija_win1920_k0,3960,1920,process,article-2026,True,0fc96e99b9a09a800a7e28c9437774072ad2cf51,192,192,0.08893154200632125,7.651804670912951,60,7536,28832,3,main,7536,32832,167,32832,6,2.5.3,262.030848388672,262.03281490670844,True,158.41582031250027,1966.5180361560901,11.656717320429502,436088,macOS-26.7.1-arm64-arm-64bit-Mach-O,3.14.7,True,599.498724822998,20261009T001006Z,1.18.1,0,32832,28041,51881,28597,100.0,0.0,0.004921292013023049,0.004691957990871742,0.004350624993094243,0.0,97,159,1505.456741324705,47,17,36.31379451486329,2026-10-09T00:11:03+00:00,parallel,3,"block mean, streamed in bands, NaN-aware, any void -> void",0.875,p04,,,,,,,,,
X7,win1920_k0_c10_d3,win1920_k0_c10_d3__win2__hag_cta__shared_border__climb_tiebreak__native,idrija_win1920_k0_c10,dem,hag_cta,shared_border,climb_tiebreak,native,win2,win,0.01169504200515803,10,height_tiebreak,58,20.0,2100,1920,idrija_win1920_k0,3960,1920,process,article-2026,True,0fc96e99b9a09a800a7e28c9437774072ad2cf51,192,192,0.08893154200632125,7.651804670912951,60,7536,28832,3,main,59,556,189,32832,6,2.5.3,305.33308044433636,305.33538294216964,True,142.8518599275243,2302.4978336205572,11.60871275144062,416888,macOS-26.7.1-arm64-arm-64bit-Mach-O,3.14.7,True,599.498724822998,20261009T001006Z,1.18.1,0,556,510,660,515,1.6934697855750487,98.30653021442495,0.00021225000091362745,0.00013299999409355223,0.00012037499982398003,0.0013895419979235157,97,159,1505.456741324705,47,17,36.31379451486329,2026-10-09T00:11:03+00:00,parallel,3,"block mean, streamed in bands, NaN-aware, any void -> void",0.875,p04,31.749250981203637,58.309518948453004,1.1708500971194749,0.9559721890994478,0.018187653792660748,1.1652562372787265,1.1652562792598256,0.0031694159988546744,0.028346373593349565
X7,win1920_k0_c10_d3,win1920_k0_c10_d3__win2__hag_cta_ring1__shared_border__climb_tiebreak__native,idrija_win1920_k0_c10,dem,hag_cta_ring1,shared_border,climb_tiebreak,native,win2,win,0.01169504200515803,10,height_tiebreak,58,20.0,2100,1920,idrija_win1920_k0,3960,1920,process,article-2026,True,0fc96e99b9a09a800a7e28c9437774072ad2cf51,192,192,0.08893154200632125,7.651804670912951,60,7536,28832,3,main,338,2192,175,32832,6,2.5.3,270.14825561523435,270.1503021332707,True,158.41582031250027,2046.5180361560901,12.052728067370543,417168,macOS-26.7.1-arm64-arm-64bit-Mach-O,3.14.7,True,599.498724822998,20261009T001006Z,1.18.1,0,2192,2001,3129,2023,6.6764132553606235,93.32358674463937,0.00035645799653138965,0.0002607079950394109,0.00022958300542086363,0.0019179590017301962,97,159,1505.456741324705,47,17,36.31379451486329,2026-10-09T00:11:03+00:00,parallel,3,"block mean, streamed in bands, NaN-aware, any void -> void",0.875,p04,40.0377768621368,53.85164807134504,1.0406810405646594,0.9566142613417475,0.07135979458649834,1.0309788228236463,1.030978895637374,0.0025132909941021353,0.05556486131091141
X7,win1920_k0_c10_d3,win1920_k0_c10_d3__win3__full_grid__climb_tiebreak__native,idrija_win1920_k0_c10,dem,full_grid,,climb_tiebreak,native,win3,win,0.0,10,height_tiebreak,0,nan,2100,1920,idrija_win1920_k0,3960,1920,process,article-2026,True,0fc96e99b9a09a800a7e28c9437774072ad2cf51,192,192,0.08893154200632125,7.651804670912951,60,7536,28832,3,main,7536,32832,105,32832,6,2.5.3,250.24741729736314,250.2486064142458,True,99.61905396458972,1189.1168824543142,11.94142813869402,430888,macOS-26.7.1-arm64-arm-64bit-Mach-O,3.14.7,True,599.498724822998,20261009T001006Z,1.18.1,0,32832,25825,47824,26339,100.0,0.0,0.004710499997599982,0.003857125004287809,0.0035749590024352074,0.0,115,137,1023.9140588936164,15,159,36.31379451486329,2026-10-09T00:11:03+00:00,parallel,3,"block mean, streamed in bands, NaN-aware, any void -> void",0.875,p04,,,,,,,,,
X7,win1920_k0_c10_d3,win1920_k0_c10_d3__win3__hag_cta__shared_border__climb_tiebreak__native,idrija_win1920_k0_c10,dem,hag_cta,shared_border,climb_tiebreak,native,win3,win,0.01169504200515803,10,height_tiebreak,54,20.0,2100,1920,idrija_win1920_k0,3960,1920,process,article-2026,True,0fc96e99b9a09a800a7e28c9437774072ad2cf51,192,192,0.08893154200632125,7.651804670912951,60,7536,28832,3,main,55,364,139,32832,6,2.5.3,277.54100555419933,277.54268378796445,True,97.33469238281259,1678.2337649086285,11.58995035271757,413664,macOS-26.7.1-arm64-arm-64bit-Mach-O,3.14.7,True,599.498724822998,20261009T001006Z,1.18.1,0,364,364,430,364,1.1086744639376218,98.89132553606238,0.00014612499217037112,0.00010237499373033643,9.266599954571575e-05,0.0013418330054264516,115,137,1023.9140588936164,15,159,36.31379451486329,2026-10-09T00:11:03+00:00,parallel,3,"block mean, streamed in bands, NaN-aware, any void -> void",0.875,p04,41.703292652627006,90.0,1.4113278431004919,0.9600267354857875,0.01409486931268151,1.1090664133584398,1.1090678496268536,0.002412917005131021,0.026541787890340684
X7,win1920_k0_c10_d3,win1920_k0_c10_d3__win3__hag_cta_ring1__shared_border__climb_tiebreak__native,idrija_win1920_k0_c10,dem,hag_cta_ring1,shared_border,climb_tiebreak,native,win3,win,0.01169504200515803,10,height_tiebreak,54,20.0,2100,1920,idrija_win1920_k0,3960,1920,process,article-2026,True,0fc96e99b9a09a800a7e28c9437774072ad2cf51,192,192,0.08893154200632125,7.651804670912951,60,7536,28832,3,main,263,1308,105,32832,6,2.5.3,251.2460873413084,251.24727645819107,True,97.33469238281259,1189.1168824543142,11.94142813869402,413016,macOS-26.7.1-arm64-arm-64bit-Mach-O,3.14.7,True,599.498724822998,20261009T001006Z,1.18.1,0,1308,1288,2044,1303,3.9839181286549707,96.01608187134502,0.00029508399893529713,0.00016754200623836368,0.00013158300134819,0.001269957996555604,115,137,1023.9140588936164,15,159,36.31379451486329,2026-10-09T00:11:03+00:00,parallel,3,"block mean, streamed in bands, NaN-aware, any void -> void",0.875,p04,41.58767740842233,50.0,1.0,0.9585228644102411,0.049874152952565344,1.003990730672591,1.0039907117096674,0.0024196250014938414,0.04343701748118457
X7,win1920_k0_c1_d3,win1920_k0_c1_d3__win1__full_grid__climb_tiebreak__native,idrija_win1920_k0_c1,dem,full_grid,,climb_tiebreak,native,win1,win,0.0,1,height_tiebreak,0,nan,2100,1920,idrija_win1920_k0,3960,1920,process,article-2026,True,0fc96e99b9a09a800a7e28c9437774072ad2cf51,1920,1920,2.246858041995438,6.493302597968974,127,16051,52112,3,main,16051,3285120,1400,3285120,6,2.5.3,270.1723937988281,270.17405665286253,True,764.0456225207402,1662.8540392316618,10.476041694725279,40848808,macOS-26.7.1-arm64-arm-64bit-Mach-O,3.14.7,True,600.9924621582031,20261009T001006Z,1.18.1,0,3285120,2027447,3704771,2033162,100.0,0.0,0.3639842919947114,0.36396912499913014,0.3626965419971384,0.0,1590,1070,1277.810627597063,370,1450,36.973107575000746,2026-10-09T00:10:07+00:00,parallel,3,"block mean, streamed in bands, NaN-aware, any void -> void",0.875,p06,,,,,,,,,
X7,win1920_k0_c1_d3,win1920_k0_c1_d3__win1__hag_cta__shared_border__climb_tiebreak__native,idrija_win1920_k0_c1,dem,hag_cta,shared_border,climb_tiebreak,native,win1,win,0.2938488329964457,1,height_tiebreak,44,2.0,2100,1920,idrija_win1920_k0,3960,1920,process,article-2026,True,0fc96e99b9a09a800a7e28c9437774072ad2cf51,1920,1920,2.246858041995438,6.493302597968974,127,16051,52112,3,main,45,128499,1510,3285120,6,2.5.3,310.8590393066406,310.8608105038203,True,1286.4654541015625,1771.1971849821693,12.26479818309069,40673384,macOS-26.7.1-arm64-arm-64bit-Mach-O,3.14.7,True,600.9924621582031,20261009T001006Z,1.18.1,0,128499,113698,222314,114244,3.9115466101694913,96.0884533898305,0.01798120900639333,0.01781049999408424,0.01753108399861958,0.0026868329878197983,1590,1070,1277.810627597063,370,1450,36.973107575000746,2026-10-09T00:10:07+00:00,parallel,3,"block mean, streamed in bands, NaN-aware, any void -> void",0.875,p06,7.397134012287273,53.2634959423431,1.065154934344429,0.9957055295224282,0.056079394430532586,1.1505951253409998,1.1505945994779017,0.3434717920172261,0.04893409569871292
X7,win1920_k0_c1_d3,win1920_k0_c1_d3__win1__hag_cta_ring1__shared_border__climb_tiebreak__native,idrija_win1920_k0_c1,dem,hag_cta_ring1,shared_border,climb_tiebreak,native,win1,win,0.2938488329964457,1,height_tiebreak,44,2.0,2100,1920,idrija_win1920_k0,3960,1920,process,article-2026,True,0fc96e99b9a09a800a7e28c9437774072ad2cf51,1920,1920,2.246858041995438,6.493302597968974,127,16051,52112,3,main,362,214037,1474,3285120,6,2.5.3,276.5076599121094,276.50940505041484,True,764.0456225207402,1745.138310479124,8.866225182941573,40685592,macOS-26.7.1-arm64-arm-64bit-Mach-O,3.14.7,True,600.9924621582031,20261009T001006Z,1.18.1,0,214037,177759,344032,178648,6.515347993376193,93.4846520066238,0.02764829200168606,0.027389125010813586,0.026664165998226963,0.0026177079998888075,1590,1070,1277.810627597063,370,1450,36.973107575000746,2026-10-09T00:10:07+00:00,parallel,3,"block mean, streamed in bands, NaN-aware, any void -> void",0.875,p06,7.607765714699079,55.86591089385369,1.0494837606345067,0.996004387692292,0.08767627464491057,1.0234489765005321,1.023449136738145,0.33396229198842775,0.07525123184797348
X7,win1920_k0_c1_d3,win1920_k0_c1_d3__win2__full_grid__climb_tiebreak__native,idrija_win1920_k0_c1,dem,full_grid,,climb_tiebreak,native,win2,win,0.0,1,height_tiebreak,0,nan,2100,1920,idrija_win1920_k0,3960,1920,process,article-2026,True,0fc96e99b9a09a800a7e28c9437774072ad2cf51,1920,1920,2.246858041995438,6.493302597968974,127,16051,52112,3,main,16051,3285120,1657,3285120,6,2.5.3,394.0345458984375,394.0364910194985,True,791.0400390625,1945.1210665364206,14.207369305158831,40855720,macOS-26.7.1-arm64-arm-64bit-Mach-O,3.14.7,True,600.9924621582031,20261009T001006Z,1.18.1,0,3285120,3004968,5429471,3008431,100.0,0.0,0.5466194170003291,0.5445683750003809,0.5389793340000324,0.0,970,1590,1505.456741324705,470,170,36.973107575000746,2026-10-09T00:10:07+00:00,parallel,3,"block mean, streamed in bands, NaN-aware, any void -> void",0.875,p06,,,,,,,,,
X7,win1920_k0_c1_d3,win1920_k0_c1_d3__win2__hag_cta__shared_border__climb_tiebreak__native,idrija_win1920_k0_c1,dem,hag_cta,shared_border,climb_tiebreak,native,win2,win,0.2938488329964457,1,height_tiebreak,107,2.0,2100,1920,idrija_win1920_k0,3960,1920,process,article-2026,True,0fc96e99b9a09a800a7e28c9437774072ad2cf51,1920,1920,2.246858041995438,6.493302597968974,127,16051,52112,3,main,108,366840,2133,3285120,6,2.5.3,482.92242431640625,482.92494236343913,True,607.7259959669269,2518.0470401317248,9.141137852598987,40729256,macOS-26.7.1-arm64-arm-64bit-Mach-O,3.14.7,True,600.9924621582031,20261009T001006Z,1.18.1,0,366840,352928,648809,353495,11.166715371127996,88.833284628872,0.05239579200861044,0.05093791701074224,0.050707292000879534,0.0025347079936182126,970,1590,1505.456741324705,470,170,36.973107575000746,2026-10-09T00:10:07+00:00,parallel,3,"block mean, streamed in bands, NaN-aware, any void -> void",0.875,p06,5.173546859268222,276.00724628168734,1.2945451486037753,0.9969046194755593,0.11744817249301823,1.2255839731394507,1.2255843135592792,0.49109574999602046,0.09353814754796698
X7,win1920_k0_c1_d3,win1920_k0_c1_d3__win2__hag_cta_ring1__shared_border__climb_tiebreak__native,idrija_win1920_k0_c1,dem,hag_cta_ring1,shared_border,climb_tiebreak,native,win2,win,0.2938488329964457,1,height_tiebreak,107,2.0,2100,1920,idrija_win1920_k0,3960,1920,process,article-2026,True,0fc96e99b9a09a800a7e28c9437774072ad2cf51,1920,1920,2.246858041995438,6.493302597968974,127,16051,52112,3,main,900,501037,1877,3285120,6,2.5.3,414.09002685546875,414.0922350547394,True,471.6552734375,2208.1992770232227,10.384945639804679,40716992,macOS-26.7.1-arm64-arm-64bit-Mach-O,3.14.7,True,600.9924621582031,20261009T001006Z,1.18.1,0,501037,476312,880635,476973,15.25171074420417,84.74828925579583,0.07127054198645055,0.0702171669981908,0.06964708300074562,0.0026448339922353625,970,1590,1505.456741324705,470,170,36.973107575000746,2026-10-09T00:10:07+00:00,parallel,3,"block mean, streamed in bands, NaN-aware, any void -> void",0.875,p06,5.3862042469204905,276.00724628168734,1.1352503013888242,0.9966044411896302,0.1585081771253471,1.0508977732175813,1.0508981896152567,0.47170637400995474,0.1289409562171907
X7,win1920_k0_c1_d3,win1920_k0_c1_d3__win3__full_grid__climb_tiebreak__native,idrija_win1920_k0_c1,dem,full_grid,,climb_tiebreak,native,win3,win,0.0,1,height_tiebreak,0,nan,2100,1920,idrija_win1920_k0,3960,1920,process,article-2026,True,0fc96e99b9a09a800a7e28c9437774072ad2cf51,1920,1920,2.246858041995438,6.493302597968974,127,16051,52112,3,main,16051,3285120,1038,3285120,6,2.5.3,280.3532409667969,280.3544092724935,True,1173.5015869140625,1168.305699272271,11.267043535255434,40804880,macOS-26.7.1-arm64-arm-64bit-Mach-O,3.14.7,True,600.9924621582031,20261009T001006Z,1.18.1,0,3285120,2222006,4057099,2226939,100.0,0.0,0.4369480830064276,0.4184113750088727,0.4129767499980517,0.0,1150,1370,1023.9140588936164,150,1590,36.973107575000746,2026-10-09T00:10:07+00:00,parallel,3,"block mean, streamed in bands, NaN-aware, any void -> void",0.875,p06,,,,,,,,,
X7,win1920_k0_c1_d3,win1920_k0_c1_d3__win3__hag_cta__shared_border__climb_tiebreak__native,idrija_win1920_k0_c1,dem,hag_cta,shared_border,climb_tiebreak,native,win3,win,0.2938488329964457,1,height_tiebreak,97,6.0,2100,1920,idrija_win1920_k0,3960,1920,process,article-2026,True,0fc96e99b9a09a800a7e28c9437774072ad2cf51,1920,1920,2.246858041995438,6.493302597968974,127,16051,52112,3,main,98,369982,1091,3285120,6,2.5.3,317.1917419433594,317.19295040843576,True,246.93494624248962,1208.4650788387053,11.883515273984713,40661872,macOS-26.7.1-arm64-arm-64bit-Mach-O,3.14.7,True,600.9924621582031,20261009T001006Z,1.18.1,0,369982,366448,688468,367648,11.262358757062147,88.73764124293785,0.05409487499855459,0.05375695799011737,0.05374833299720194,0.0026787910028360784,1150,1370,1023.9140588936164,150,1590,36.973107575000746,2026-10-09T00:10:07+00:00,parallel,3,"block mean, streamed in bands, NaN-aware, any void -> void",0.875,p06,7.018999878406581,111.11255554616679,1.0343740337751062,0.9964953211478627,0.1649176464870032,1.13140030359387,1.1313998992615688,0.36197562601591926,0.1284787202283337
X7,win1920_k0_c1_d3,win1920_k0_c1_d3__win3__hag_cta_ring1__shared_border__climb_tiebreak__native,idrija_win1920_k0_c1,dem,hag_cta_ring1,shared_border,climb_tiebreak,native,win3,win,0.2938488329964457,1,height_tiebreak,97,2.0,2100,1920,idrija_win1920_k0,3960,1920,process,article-2026,True,0fc96e99b9a09a800a7e28c9437774072ad2cf51,1920,1920,2.246858041995438,6.493302597968974,127,16051,52112,3,main,727,430825,1034,3285120,6,2.5.3,298.0471496582031,298.0482940816491,True,623.516845703125,1144.4234482783627,18.839401735620598,40662824,macOS-26.7.1-arm64-arm-64bit-Mach-O,3.14.7,True,600.9924621582031,20261009T001006Z,1.18.1,0,430825,421452,805645,422740,13.114437219949348,86.88556278005065,0.06409041601000354,0.06371362498612143,0.06341129199427087,0.0027516249974723905,1150,1370,1023.9140588936164,150,1590,36.973107575000746,2026-10-09T00:10:07+00:00,parallel,3,"block mean, streamed in bands, NaN-aware, any void -> void",0.875,p06,7.219022158034542,59.0,0.9795582175035314,0.9965186516906801,0.18967185507149845,1.0631129093795701,1.0631125611866437,0.3519461250252789,0.15227507852713215
X7,win1920_k0_c20_d3,win1920_k0_c20_d3__win1__full_grid__climb_tiebreak__native,idrija_win1920_k0_c20,dem,full_grid,,climb_tiebreak,native,win1,win,0.0,20,height_tiebreak,0,nan,2100,1920,idrija_win1920_k0,3960,1920,process,article-2026,True,0fc96e99b9a09a800a7e28c9437774072ad2cf51,96,96,0.032762540999101475,7.790452261306533,46,3980,15503,3,main,3980,8160,71,8160,6,2.5.3,167.58490837097173,167.5866894474493,True,40.02438087463389,1781.0764773832475,14.152273464927106,118208,macOS-26.7.1-arm64-arm-64bit-Mach-O,3.14.7,True,596.6394387817382,20261009T001006Z,1.18.1,0,8160,5724,10821,5981,100.0,0.0,0.0009181670029647648,0.0009062080061994493,0.0007735410035820678,0.0,79,53,1277.810627597063,18,72,34.14036789219149,2026-10-09T00:11:04+00:00,parallel,3,"block mean, streamed in bands, NaN-aware, any void -> void",0.875,p05,,,,,,,,,
X7,win1920_k0_c20_d3,win1920_k0_c20_d3__win1__hag_cta__shared_border__climb_tiebreak__native,idrija_win1920_k0_c20,dem,hag_cta,shared_border,climb_tiebreak,native,win1,win,0.003887957995175384,20,height_tiebreak,38,40.0,2100,1920,idrija_win1920_k0,3960,1920,process,article-2026,True,0fc96e99b9a09a800a7e28c9437774072ad2cf51,96,96,0.032762540999101475,7.790452261306533,46,3980,15503,3,main,39,111,75,8160,6,2.5.3,173.3943755340576,173.39622004199265,True,40.02438087463389,1844.5079348883235,14.182672129286077,107648,macOS-26.7.1-arm64-arm-64bit-Mach-O,3.14.7,True,596.6394387817382,20261009T001006Z,1.18.1,0,111,111,119,111,1.3602941176470589,98.63970588235294,0.00018512499809730798,0.00011837499914690852,5.979200068395585e-05,0.0007222910062409937,79,53,1277.810627597063,18,72,34.14036789219149,2026-10-09T00:11:04+00:00,parallel,3,"block mean, streamed in bands, NaN-aware, any void -> void",0.875,p05,559.1910307965431,100.0,1.0356141122015543,0.9106659447753113,0.01939203354297694,1.0346658134050222,1.0346658234833446,6.554200081154704e-05,0.13062674169406435
X7,win1920_k0_c20_d3,win1920_k0_c20_d3__win1__hag_cta_ring1__shared_border__climb_tiebreak__native,idrija_win1920_k0_c20,dem,hag_cta_ring1,shared_border,climb_tiebreak,native,win1,win,0.003887957995175384,20,height_tiebreak,38,40.0,2100,1920,idrija_win1920_k0,3960,1920,process,article-2026,True,0fc96e99b9a09a800a7e28c9437774072ad2cf51,96,96,0.032762540999101475,7.790452261306533,46,3980,15503,3,main,196,475,75,8160,6,2.5.3,167.6103330230713,167.61216096246386,True,40.02438087463389,1827.9393923933999,14.168501930591933,108176,macOS-26.7.1-arm64-arm-64bit-Mach-O,3.14.7,True,596.6394387817382,20261009T001006Z,1.18.1,0,475,468,762,472,5.821078431372549,94.17892156862744,0.0001696250110398978,8.974999946076423e-05,7.100000220816582e-05,0.0007736249972367659,79,53,1277.810627597063,18,72,34.14036789219149,2026-10-09T00:11:04+00:00,parallel,3,"block mean, streamed in bands, NaN-aware, any void -> void",0.875,p05,855.6601420368261,100.0,1.026311568091115,0.9151326475365458,0.08176100628930817,1.00015171206254,1.0001519900840488,4.283300950191915e-05,0.09903907143478818
X7,win1920_k0_c20_d3,win1920_k0_c20_d3__win2__full_grid__climb_tiebreak__native,idrija_win1920_k0_c20,dem,full_grid,,climb_tiebreak,native,win2,win,0.0,20,height_tiebreak,0,nan,2100,1920,idrija_win1920_k0,3960,1920,process,article-2026,True,0fc96e99b9a09a800a7e28c9437774072ad2cf51,96,96,0.032762540999101475,7.790452261306533,46,3980,15503,3,main,3980,8160,108,8160,6,2.5.3,246.45201782226536,246.4546465942694,True,58.77838592529258,2628.772003600253,14.16629087824446,116720,macOS-26.7.1-arm64-arm-64bit-Mach-O,3.14.7,True,596.6394387817382,20261009T001006Z,1.18.1,0,8160,7017,12937,7285,100.0,0.0,0.0011276250006631017,0.0010354590049246326,0.0008894170023268089,0.0,48,79,1505.456741324705,23,8,34.14036789219149,2026-10-09T00:11:04+00:00,parallel,3,"block mean, streamed in bands, NaN-aware, any void -> void",0.875,p05,,,,,,,,,
X7,win1920_k0_c20_d3,win1920_k0_c20_d3__win2__hag_cta__shared_border__climb_tiebreak__native,idrija_win1920_k0_c20,dem,hag_cta,shared_border,climb_tiebreak,native,win2,win,0.003887957995175384,20,height_tiebreak,50,40.0,2100,1920,idrija_win1920_k0,3960,1920,process,article-2026,True,0fc96e99b9a09a800a7e28c9437774072ad2cf51,96,96,0.032762540999101475,7.790452261306533,46,3980,15503,3,main,51,174,119,8160,6,2.5.3,269.1691551208497,269.1720784512951,True,45.77163276672337,2923.330444827411,14.158270221266454,107912,macOS-26.7.1-arm64-arm-64bit-Mach-O,3.14.7,True,596.6394387817382,20261009T001006Z,1.18.1,0,174,171,179,171,2.1323529411764706,97.86764705882352,0.00013333400420378894,7.999999797903001e-05,7.287500193342566e-05,0.0010184580023633316,48,79,1505.456741324705,23,8,34.14036789219149,2026-10-09T00:11:04+00:00,parallel,3,"block mean, streamed in bands, NaN-aware, any void -> void",0.875,p05,inf,160.0,1.112051726366434,0.9245373543522961,0.02436938862761864,1.0921767145561265,1.0921769265499979,-6.299899541772902e-05,0.07726042035324511
X7,win1920_k0_c20_d3,win1920_k0_c20_d3__win2__hag_cta_ring1__shared_border__climb_tiebreak__native,idrija_win1920_k0_c20,dem,hag_cta_ring1,shared_border,climb_tiebreak,native,win2,win,0.003887957995175384,20,height_tiebreak,50,40.0,2100,1920,idrija_win1920_k0,3960,1920,process,article-2026,True,0fc96e99b9a09a800a7e28c9437774072ad2cf51,96,96,0.032762540999101475,7.790452261306533,46,3980,15503,3,main,292,809,109,8160,6,2.5.3,253.1049104309077,253.1075509186405,True,50.8373565673827,2640.4877323527908,14.145782124021261,108312,macOS-26.7.1-arm64-arm-64bit-Mach-O,3.14.7,True,596.6394387817382,20261009T001006Z,1.18.1,0,809,766,1218,783,9.91421568627451,90.0857843137255,0.00017912499606609344,0.0001102920068660751,9.037500421982259e-05,0.0007713330123806372,48,79,1505.456741324705,23,8,34.14036789219149,2026-10-09T00:11:04+00:00,parallel,3,"block mean, streamed in bands, NaN-aware, any void -> void",0.875,p05,238.2470871619449,82.46211251235322,1.0044567306470444,0.9279643591501028,0.10916346016816303,1.0269946769656406,1.0269944365679726,0.00015383398567792028,0.10651508784174692
X7,win1920_k0_c20_d3,win1920_k0_c20_d3__win3__full_grid__climb_tiebreak__native,idrija_win1920_k0_c20,dem,full_grid,,climb_tiebreak,native,win3,win,0.0,20,height_tiebreak,0,nan,2100,1920,idrija_win1920_k0,3960,1920,process,article-2026,True,0fc96e99b9a09a800a7e28c9437774072ad2cf51,96,96,0.032762540999101475,7.790452261306533,46,3980,15503,3,main,3980,8160,57,8160,6,2.5.3,238.41347038269066,238.4147809209295,True,60.90846242424358,1310.5382386916235,14.161610271124353,115848,macOS-26.7.1-arm64-arm-64bit-Mach-O,3.14.7,True,596.6394387817382,20261009T001006Z,1.18.1,0,8160,6668,12375,6914,100.0,0.0,0.0009233750024577603,0.0008430419984506443,0.0007689589983783662,0.0,57,68,1023.9140588936164,7,79,34.14036789219149,2026-10-09T00:11:04+00:00,parallel,3,"block mean, streamed in bands, NaN-aware, any void -> void",0.875,p05,,,,,,,,,
X7,win1920_k0_c20_d3,win1920_k0_c20_d3__win3__hag_cta__shared_border__climb_tiebreak__native,idrija_win1920_k0_c20,dem,hag_cta,shared_border,climb_tiebreak,native,win3,win,0.003887957995175384,20,height_tiebreak,41,40.0,2100,1920,idrija_win1920_k0,3960,1920,process,article-2026,True,0fc96e99b9a09a800a7e28c9437774072ad2cf51,96,96,0.032762540999101475,7.790452261306533,46,3980,15503,3,main,42,123,62,8160,6,2.5.3,241.02816459655776,241.02961655615286,True,90.17512245178239,1451.959594928933,14.281121506886198,107688,macOS-26.7.1-arm64-arm-64bit-Mach-O,3.14.7,True,596.6394387817382,20261009T001006Z,1.18.1,0,123,122,143,123,1.5073529411764706,98.49264705882354,8.429199806414545e-05,5.5500000598840415e-05,4.866698873229325e-05,0.0007495830068364739,57,68,1023.9140588936164,7,79,34.14036789219149,2026-10-09T00:11:04+00:00,parallel,3,"block mean, streamed in bands, NaN-aware, any void -> void",0.875,p05,965.528798683699,120.0,1.1079108965019575,0.929562875492024,0.01829634073185363,1.0109670573968412,1.0109675902858162,3.795899101532996e-05,0.06583301982681666
X7,win1920_k0_c20_d3,win1920_k0_c20_d3__win3__hag_cta_ring1__shared_border__climb_tiebreak__native,idrija_win1920_k0_c20,dem,hag_cta_ring1,shared_border,climb_tiebreak,native,win3,win,0.003887957995175384,20,height_tiebreak,41,40.0,2100,1920,idrija_win1920_k0,3960,1920,process,article-2026,True,0fc96e99b9a09a800a7e28c9437774072ad2cf51,96,96,0.032762540999101475,7.790452261306533,46,3980,15503,3,main,195,424,59,8160,6,2.5.3,238.41347038269066,238.414837489472,True,83.19298439025886,1367.1067811865476,14.207724415035743,108344,macOS-26.7.1-arm64-arm-64bit-Mach-O,3.14.7,True,596.6394387817382,20261009T001006Z,1.18.1,0,424,409,693,417,5.196078431372549,94.80392156862744,0.00012066600902471691,7.162499241530895e-05,6.0542006394825876e-05,0.0008269590034615248,57,68,1023.9140588936164,7,79,34.14036789219149,2026-10-09T00:11:04+00:00,parallel,3,"block mean, streamed in bands, NaN-aware, any void -> void",0.875,p05,inf,80.0,1.0431643586007833,0.93522546785443,0.0613377324535093,1.0,1.0000002372694439,-5.554199742618948e-05,0.08496017107918998
X7,win1920_k0_c3_d3,win1920_k0_c3_d3__win1__full_grid__climb_tiebreak__native,idrija_win1920_k0_c3,dem,full_grid,,climb_tiebreak,native,win1,win,0.0,3,height_tiebreak,0,nan,2100,1920,idrija_win1920_k0,3960,1920,process,article-2026,True,0fc96e99b9a09a800a7e28c9437774072ad2cf51,640,640,0.501633749998291,6.634895472109383,81,10093,33483,3,main,10093,364800,469,364800,6,2.5.3,235.95694308810766,235.95862543962184,True,351.77015056440194,1682.35151391472,12.670249183340673,4602456,macOS-26.7.1-arm64-arm-64bit-Mach-O,3.14.7,True,600.5839131673176,20261009T001006Z,1.18.1,0,364800,223758,409063,225579,100.0,0.0,0.042166666011326015,0.038953290990320966,0.03713170799892396,0.0,530,356,1277.810627597063,123,483,36.19408681869031,2026-10-09T00:10:57+00:00,parallel,3,"block mean, streamed in bands, NaN-aware, any void -> void",0.875,p04,,,,,,,,,
X7,win1920_k0_c3_d3,win1920_k0_c3_d3__win1__hag_cta__shared_border__climb_tiebreak__native,idrija_win1920_k0_c3,dem,hag_cta,shared_border,climb_tiebreak,native,win1,win,0.08325020800111815,3,height_tiebreak,36,6.0,2100,1920,idrija_win1920_k0,3960,1920,process,article-2026,True,0fc96e99b9a09a800a7e28c9437774072ad2cf51,640,640,0.501633749998291,6.634895472109383,81,10093,33483,3,main,37,6359,565,364800,6,2.5.3,330.5232543945318,330.5252620252657,True,351.77015056440194,2007.6307345282983,6.020549961821126,4543848,macOS-26.7.1-arm64-arm-64bit-Mach-O,3.14.7,True,600.5839131673176,20261009T001006Z,1.18.1,0,6359,5906,9375,5911,1.7431469298245614,98.25685307017544,0.001039124996168539,0.0008869159937603399,0.0007981249946169555,0.00162974999693688,530,356,1277.810627597063,123,483,36.19408681869031,2026-10-09T00:10:57+00:00,parallel,3,"block mean, streamed in bands, NaN-aware, any void -> void",0.875,p04,16.052089292173708,84.0535543567314,1.193347952507663,0.9872659293212146,0.02639458700917956,1.400777828652885,1.4007763497073007,0.036436624999623746,0.02276870506219151
X7,win1920_k0_c3_d3,win1920_k0_c3_d3__win1__hag_cta_ring1__shared_border__climb_tiebreak__native,idrija_win1920_k0_c3,dem,hag_cta_ring1,shared_border,climb_tiebreak,native,win1,win,0.08325020800111815,3,height_tiebreak,36,6.0,2100,1920,idrija_win1920_k0,3960,1920,process,article-2026,True,0fc96e99b9a09a800a7e28c9437774072ad2cf51,640,640,0.501633749998291,6.634895472109383,81,10093,33483,3,main,272,18130,474,364800,6,2.5.3,237.21217854817735,237.21388459817638,True,351.77015056440194,1706.0499987245553,9.200184913113018,4542976,macOS-26.7.1-arm64-arm-64bit-Mach-O,3.14.7,True,600.5839131673176,20261009T001006Z,1.18.1,0,18130,15408,27498,15591,4.96984649122807,95.03015350877193,0.0022194579942151904,0.002105665989802219,0.002026624992140569,0.0016462079947814345,530,356,1277.810627597063,123,483,36.19408681869031,2026-10-09T00:10:57+00:00,parallel,3,"block mean, streamed in bands, NaN-aware, any void -> void",0.875,p04,16.615352669015618,25.80697580112788,1.0140865239005197,0.9870764652611562,0.06886010779502856,1.0053197648843966,1.0053198273901445,0.03520141700573731,0.05405617693060724
X7,win1920_k0_c3_d3,win1920_k0_c3_d3__win2__full_grid__climb_tiebreak__native,idrija_win1920_k0_c3,dem,full_grid,,climb_tiebreak,native,win2,win,0.0,3,height_tiebreak,0,nan,2100,1920,idrija_win1920_k0,3960,1920,process,article-2026,True,0fc96e99b9a09a800a7e28c9437774072ad2cf51,640,640,0.501633749998291,6.634895472109383,81,10093,33483,3,main,10093,364800,567,364800,6,2.5.3,342.91480848524304,342.91682335861606,True,241.55205620659595,2014.8733752154176,11.400768609454788,4609416,macOS-26.7.1-arm64-arm-64bit-Mach-O,3.14.7,True,600.5839131673176,20261009T001006Z,1.18.1,0,364800,334722,604328,335985,100.0,0.0,0.05269579100422561,0.05266083299648017,0.05218287500611041,0.0,323,530,1505.456741324705,156,56,36.19408681869031,2026-10-09T00:10:57+00:00,parallel,3,"block mean, streamed in bands, NaN-aware, any void -> void",0.875,p04,,,,,,,,,
X7,win1920_k0_c3_d3,win1920_k0_c3_d3__win2__hag_cta__shared_border__climb_tiebreak__native,idrija_win1920_k0_c3,dem,hag_cta,shared_border,climb_tiebreak,native,win2,win,0.08325020800111815,3,height_tiebreak,83,6.0,2100,1920,idrija_win1920_k0,3960,1920,process,article-2026,True,0fc96e99b9a09a800a7e28c9437774072ad2cf51,640,640,0.501633749998291,6.634895472109383,81,10093,33483,3,main,84,11622,831,364800,6,2.5.3,484.29415554470586,484.2971314172109,True,277.7535897714112,2975.872508663641,9.273060478961066,4560632,macOS-26.7.1-arm64-arm-64bit-Mach-O,3.14.7,True,600.5839131673176,20261009T001006Z,1.18.1,0,11622,10431,17304,10478,3.1858552631578947,96.8141447368421,0.001723792011034675,0.0015943750040605664,0.001466125002480112,0.0016128749994095415,323,530,1505.456741324705,156,56,36.19408681869031,2026-10-09T00:10:57+00:00,parallel,3,"block mean, streamed in bands, NaN-aware, any void -> void",0.875,p04,11.826927850345621,246.2194143441983,1.4769526190922442,0.9894164466821828,0.03116317421621525,1.41228708577497,1.4122874657296762,0.04945358299301006,0.03027629669601189
X7,win1920_k0_c3_d3,win1920_k0_c3_d3__win2__hag_cta_ring1__shared_border__climb_tiebreak__native,idrija_win1920_k0_c3,dem,hag_cta_ring1,shared_border,climb_tiebreak,native,win2,win,0.08325020800111815,3,height_tiebreak,83,6.0,2100,1920,idrija_win1920_k0,3960,1920,process,article-2026,True,0fc96e99b9a09a800a7e28c9437774072ad2cf51,640,640,0.501633749998291,6.634895472109383,81,10093,33483,3,main,496,32017,597,364800,6,2.5.3,349.4318712022574,349.4340183254135,True,277.7535897714112,2147.123158577474,11.658967906036835,4550304,macOS-26.7.1-arm64-arm-64bit-Mach-O,3.14.7,True,600.5839131673176,20261009T001006Z,1.18.1,0,32017,29202,49537,29356,8.776589912280702,91.2234100877193,0.003853667003568262,0.003689499993924983,0.0036087089974898845,0.002082040999084711,323,530,1505.456741324705,156,56,36.19408681869031,2026-10-09T00:10:57+00:00,parallel,3,"block mean, streamed in bands, NaN-aware, any void -> void",0.875,p04,12.473721248683377,155.9134375222354,1.0656367715156876,0.9871758157649473,0.08724254754691953,1.019004903129737,1.0190051771241968,0.04688929200347047,0.07006155778378188
X7,win1920_k0_c3_d3,win1920_k0_c3_d3__win3__full_grid__climb_tiebreak__native,idrija_win1920_k0_c3,dem,full_grid,,climb_tiebreak,native,win3,win,0.0,3,height_tiebreak,0,nan,2100,1920,idrija_win1920_k0,3960,1920,process,article-2026,True,0fc96e99b9a09a800a7e28c9437774072ad2cf51,640,640,0.501633749998291,6.634895472109383,81,10093,33483,3,main,10093,364800,347,364800,6,2.5.3,270.3839552137586,270.38515102912515,True,618.6227303964112,1195.8153672641492,15.270729930506242,4592912,macOS-26.7.1-arm64-arm-64bit-Mach-O,3.14.7,True,600.5839131673176,20261009T001006Z,1.18.1,0,364800,261602,478582,263289,100.0,0.0,0.04142554200370796,0.04135650000534952,0.04135125000902917,0.0,383,456,1023.9140588936164,50,530,36.19408681869031,2026-10-09T00:10:57+00:00,parallel,3,"block mean, streamed in bands, NaN-aware, any void -> void",0.875,p04,,,,,,,,,
X7,win1920_k0_c3_d3,win1920_k0_c3_d3__win3__hag_cta__shared_border__climb_tiebreak__native,idrija_win1920_k0_c3,dem,hag_cta,shared_border,climb_tiebreak,native,win3,win,0.08325020800111815,3,height_tiebreak,62,6.0,2100,1920,idrija_win1920_k0,3960,1920,process,article-2026,True,0fc96e99b9a09a800a7e28c9437774072ad2cf51,640,640,0.501633749998291,6.634895472109383,81,10093,33483,3,main,63,17523,1315,364800,6,2.5.3,770.7106085883254,770.7152849889764,True,413.6771873191549,4676.400646087498,6.792640893467963,4595600,macOS-26.7.1-arm64-arm-64bit-Mach-O,3.14.7,True,600.5839131673176,20261009T001006Z,1.18.1,0,17523,17143,28134,17152,4.803453947368421,95.19654605263158,0.002591709009720944,0.0024660409981152043,0.002382999999099411,0.0015880420105531812,383,456,1023.9140588936164,50,530,36.19408681869031,2026-10-09T00:10:57+00:00,parallel,3,"block mean, streamed in bands, NaN-aware, any void -> void",0.875,p04,15.67951905238332,384.0,3.9106376904876368,1.0005852496194136,0.06553084456540852,2.8504302630643203,2.850434951976919,0.03730241699668113,0.05962886118980616
X7,win1920_k0_c3_d3,win1920_k0_c3_d3__win3__hag_cta_ring1__shared_border__climb_tiebreak__native,idrija_win1920_k0_c3,dem,hag_cta_ring1,shared_border,climb_tiebreak,native,win3,win,0.08325020800111815,3,height_tiebreak,62,6.0,2100,1920,idrija_win1920_k0,3960,1920,process,article-2026,True,0fc96e99b9a09a800a7e28c9437774072ad2cf51,640,640,0.501633749998291,6.634895472109383,81,10093,33483,3,main,488,36057,348,364800,6,2.5.3,286.7472500271269,286.7484948201994,True,413.6771873191549,1244.793072687563,13.331158955407966,4542008,macOS-26.7.1-arm64-arm-64bit-Mach-O,3.14.7,True,600.5839131673176,20261009T001006Z,1.18.1,0,36057,35100,62452,35466,9.884046052631579,90.11595394736842,0.005326083992258646,0.005073916996479966,0.0047818750026635826,0.0020263329934095964,383,456,1023.9140588936164,50,530,36.19408681869031,2026-10-09T00:10:57+00:00,parallel,3,"block mean, streamed in bands, NaN-aware, any void -> void",0.875,p04,17.073788220702767,116.49892703368559,1.0409575815499574,0.9889168353323556,0.13417328613695614,1.0605187345544667,1.0605186480425903,0.034256250015459955,0.12268729210217615
X7,win1920_k0_c5_d3,win1920_k0_c5_d3__win1__full_grid__climb_tiebreak__native,idrija_win1920_k0_c5,dem,full_grid,,climb_tiebreak,native,win1,win,0.0,5,height_tiebreak,0,nan,2100,1920,idrija_win1920_k0,3960,1920,process,article-2026,True,0fc96e99b9a09a800a7e28c9437774072ad2cf51,384,384,0.24505716700514313,7.106699246589289,73,9822,34901,3,main,9822,131328,276,131328,6,2.5.3,211.7178503417964,211.7195256466288,True,241.8562415560322,1675.304832720494,11.033391155556142,1680384,macOS-26.7.1-arm64-arm-64bit-Mach-O,3.14.7,True,600.3768072509765,20261009T001006Z,1.18.1,0,131328,78417,144898,79581,100.0,0.0,0.011869708992890082,0.011443499999586493,0.011349082997185178,0.0,318,214,1277.810627597063,74,290,35.71884407409654,2026-10-09T00:10:59+00:00,parallel,3,"block mean, streamed in bands, NaN-aware, any void -> void",0.875,p04,,,,,,,,,
X7,win1920_k0_c5_d3,win1920_k0_c5_d3__win1__hag_cta__shared_border__climb_tiebreak__native,idrija_win1920_k0_c5,dem,hag_cta,shared_border,climb_tiebreak,native,win1,win,0.030448459001490846,5,height_tiebreak,40,10.0,2100,1920,idrija_win1920_k0,3960,1920,process,article-2026,True,0fc96e99b9a09a800a7e28c9437774072ad2cf51,384,384,0.24505716700514313,7.106699246589289,73,9822,34901,3,main,41,1955,319,131328,6,2.5.3,282.2872766113277,282.28922283499014,True,144.9490698460776,1946.2236636408616,9.486467209627415,1643336,macOS-26.7.1-arm64-arm-64bit-Mach-O,3.14.7,True,600.3768072509765,20261009T001006Z,1.18.1,0,1955,1955,3023,1955,1.4886391325536061,98.5113608674464,0.000410624998039566,0.00031916699663270265,0.0002701250050449744,0.0017153340013464913,318,214,1277.810627597063,74,290,35.71884407409654,2026-10-09T00:10:59+00:00,parallel,3,"block mean, streamed in bands, NaN-aware, any void -> void",0.875,p04,29.28107718574213,75.0,1.1617131554980522,0.9779526584399756,0.02493081857250341,1.333318263696728,1.3333169058112568,0.009408999001607299,0.027890680005613285
X7,win1920_k0_c5_d3,win1920_k0_c5_d3__win1__hag_cta_ring1__shared_border__climb_tiebreak__native,idrija_win1920_k0_c5,dem,hag_cta_ring1,shared_border,climb_tiebreak,native,win1,win,0.030448459001490846,5,height_tiebreak,40,10.0,2100,1920,idrija_win1920_k0,3960,1920,process,article-2026,True,0fc96e99b9a09a800a7e28c9437774072ad2cf51,384,384,0.24505716700514313,7.106699246589289,73,9822,34901,3,main,254,5795,286,131328,6,2.5.3,234.97705200195276,234.97881044386997,True,241.8562415560322,1758.4419177103416,10.914257442604066,1643376,macOS-26.7.1-arm64-arm-64bit-Mach-O,3.14.7,True,600.3768072509765,20261009T001006Z,1.18.1,0,5795,5747,10187,5775,4.4126157407407405,95.58738425925925,0.0008549160120310262,0.0007688749901717529,0.000687708001350984,0.0016887090023374185,318,214,1277.810627597063,74,290,35.71884407409654,2026-10-09T00:10:59+00:00,parallel,3,"block mean, streamed in bands, NaN-aware, any void -> void",0.875,p04,30.65971524657534,74.33034373659252,1.0496250493439112,0.977976462522852,0.07328767996735401,1.1098594266974031,1.1098589500718141,0.008985916007077321,0.06718879627732215
X7,win1920_k0_c5_d3,win1920_k0_c5_d3__win2__full_grid__climb_tiebreak__native,idrija_win1920_k0_c5,dem,full_grid,,climb_tiebreak,native,win2,win,0.0,5,height_tiebreak,0,nan,2100,1920,idrija_win1920_k0,3960,1920,process,article-2026,True,0fc96e99b9a09a800a7e28c9437774072ad2cf51,384,384,0.24505716700514313,7.106699246589289,73,9822,34901,3,main,9822,131328,349,131328,6,2.5.3,301.70581298828176,301.7079174962145,True,201.9615722656249,2104.507934888324,10.552863180829247,1687544,macOS-26.7.1-arm64-arm-64bit-Mach-O,3.14.7,True,600.3768072509765,20261009T001006Z,1.18.1,0,131328,115800,211323,116787,100.0,0.0,0.017337999990559183,0.017041083992808126,0.016774083007476293,0.0,194,318,1505.456741324705,94,34,35.71884407409654,2026-10-09T00:10:59+00:00,parallel,3,"block mean, streamed in bands, NaN-aware, any void -> void",0.875,p04,,,,,,,,,
X7,win1920_k0_c5_d3,win1920_k0_c5_d3__win2__hag_cta__shared_border__climb_tiebreak__native,idrija_win1920_k0_c5,dem,hag_cta,shared_border,climb_tiebreak,native,win2,win,0.030448459001490846,5,height_tiebreak,70,10.0,2100,1920,idrija_win1920_k0,3960,1920,process,article-2026,True,0fc96e99b9a09a800a7e28c9437774072ad2cf51,384,384,0.24505716700514313,7.106699246589289,73,9822,34901,3,main,71,2517,414,131328,6,2.5.3,371.13681640625066,371.13933082796166,True,179.91298828124854,2514.4217151748085,8.916814662174922,1649440,macOS-26.7.1-arm64-arm-64bit-Mach-O,3.14.7,True,600.3768072509765,20261009T001006Z,1.18.1,0,2517,2403,3466,2411,1.916575292397661,98.08342470760235,0.0005003750120522454,0.0004190419858787209,0.0003627909900387749,0.0015753749903524294,194,318,1505.456741324705,94,34,35.71884407409654,2026-10-09T00:10:59+00:00,parallel,3,"block mean, streamed in bands, NaN-aware, any void -> void",0.875,p04,18.310076623820297,98.99494936611666,1.194778918858406,0.9774204405929564,0.020751295336787566,1.2301281593824167,1.2301279128103035,0.015046667016576976,0.024590101548444324
X7,win1920_k0_c5_d3,win1920_k0_c5_d3__win2__hag_cta_ring1__shared_border__climb_tiebreak__native,idrija_win1920_k0_c5,dem,hag_cta_ring1,shared_border,climb_tiebreak,native,win2,win,0.030448459001490846,5,height_tiebreak,70,10.0,2100,1920,idrija_win1920_k0,3960,1920,process,article-2026,True,0fc96e99b9a09a800a7e28c9437774072ad2cf51,384,384,0.24505716700514313,7.106699246589289,73,9822,34901,3,main,391,8349,360,131328,6,2.5.3,320.68988525390625,320.6920675435846,True,201.9615722656249,2182.289680818844,10.52281234021843,1647768,macOS-26.7.1-arm64-arm-64bit-Mach-O,3.14.7,True,600.3768072509765,20261009T001006Z,1.18.1,0,8349,7930,12716,7953,6.357364766081871,93.64263523391813,0.001141750006354414,0.000999500000034459,0.0009055000118678436,0.0017375000024912879,194,318,1505.456741324705,94,34,35.71884407409654,2026-10-09T00:10:59+00:00,parallel,3,"block mean, streamed in bands, NaN-aware, any void -> void",0.875,p04,19.260626978546927,76.32168761236873,1.0369595878642517,0.9764296516120469,0.06848013816925734,1.0629224610477155,1.0629222799484812,0.014304083990282379,0.058652372141131365
X7,win1920_k0_c5_d3,win1920_k0_c5_d3__win3__full_grid__climb_tiebreak__native,idrija_win1920_k0_c5,dem,full_grid,,climb_tiebreak,native,win3,win,0.0,5,height_tiebreak,0,nan,2100,1920,idrija_win1920_k0,3960,1920,process,article-2026,True,0fc96e99b9a09a800a7e28c9437774072ad2cf51,384,384,0.24505716700514313,7.106699246589289,73,9822,34901,3,main,9822,131328,212,131328,6,2.5.3,266.2763610839842,266.2775755562048,True,375.1366943359369,1214.4722215136417,12.465841916256073,1673736,macOS-26.7.1-arm64-arm-64bit-Mach-O,3.14.7,True,600.3768072509765,20261009T001006Z,1.18.1,0,131328,97838,179601,98798,100.0,0.0,0.014812791996519081,0.014635208004619926,0.014444915999774821,0.0,230,274,1023.9140588936164,30,318,35.71884407409654,2026-10-09T00:10:59+00:00,parallel,3,"block mean, streamed in bands, NaN-aware, any void -> void",0.875,p04,,,,,,,,,
X7,win1920_k0_c5_d3,win1920_k0_c5_d3__win3__hag_cta__shared_border__climb_tiebreak__native,idrija_win1920_k0_c5,dem,hag_cta,shared_border,climb_tiebreak,native,win3,win,0.030448459001490846,5,height_tiebreak,63,10.0,2100,1920,idrija_win1920_k0,3960,1920,process,article-2026,True,0fc96e99b9a09a800a7e28c9437774072ad2cf51,384,384,0.24505716700514313,7.106699246589289,73,9822,34901,3,main,64,2167,491,131328,6,2.5.3,486.7987634277345,486.80167320478336,True,150.49755859374955,2909.777054234136,8.990381691222314,1653568,macOS-26.7.1-arm64-arm-64bit-Mach-O,3.14.7,True,600.3768072509765,20261009T001006Z,1.18.1,0,2167,2126,2738,2131,1.650067007797271,98.34993299220272,0.0005123750015627593,0.0003839169949060306,0.0003504999913275242,0.0016090830031316727,230,274,1023.9140588936164,30,318,35.71884407409654,2026-10-09T00:10:59+00:00,parallel,3,"block mean, streamed in bands, NaN-aware, any void -> void",0.875,p04,21.79252436466721,342.96501279285036,2.395918986609322,0.9879503099652513,0.021729798237903473,1.8281711581382059,1.8281737475938196,0.012642208006582223,0.026232424901978756
X7,win1920_k0_c5_d3,win1920_k0_c5_d3__win3__hag_cta_ring1__shared_border__climb_tiebreak__native,idrija_win1920_k0_c5,dem,hag_cta_ring1,shared_border,climb_tiebreak,native,win3,win,0.030448459001490846,5,height_tiebreak,63,10.0,2100,1920,idrija_win1920_k0,3960,1920,process,article-2026,True,0fc96e99b9a09a800a7e28c9437774072ad2cf51,384,384,0.24505716700514313,7.106699246589289,73,9822,34901,3,main,356,7369,286,131328,6,2.5.3,308.19655883789045,308.19823029495853,True,150.49755859374955,1671.4570696119915,11.533481753322116,1642808,macOS-26.7.1-arm64-arm-64bit-Mach-O,3.14.7,True,600.3768072509765,20261009T001006Z,1.18.1,0,7369,7189,11980,7250,5.61114156920078,94.38885843079922,0.0010411250113975257,0.000910333008505404,0.0008549999911338091,0.0016573750035604462,230,274,1023.9140588936164,30,318,35.71884407409654,2026-10-09T00:10:59+00:00,parallel,3,"block mean, streamed in bands, NaN-aware, any void -> void",0.875,p04,22.83038128664821,280.0,1.3762826683090312,0.9815215780744394,0.07347860749402073,1.1574311650619429,1.1574321632273736,0.012067499992554076,0.06220157637787159
X7,win1920_k1_c10_d3,win1920_k1_c10_d3__win1__full_grid__climb_tiebreak__native,idrija_win1920_k1_c10,dem,full_grid,,climb_tiebreak,native,win1,win,0.0,10,height_tiebreak,0,nan,16860,1920,idrija_win1920_k1,12720,1920,process,article-2026,True,0fc96e99b9a09a800a7e28c9437774072ad2cf51,192,192,0.11029283300740644,7.5753871230643846,67,7362,27885,3,main,7362,34752,155,34752,6,2.5.3,174.45789672851583,174.45970182519602,True,51.05442504882831,1805.0966799187809,14.15726306828746,440504,macOS-26.7.1-arm64-arm-64bit-Mach-O,3.14.7,True,391.21969085693354,20261009T001006Z,1.18.1,0,34752,25611,48394,26180,100.0,0.0,0.004255332998582162,0.004077208010130562,0.0038256249972619116,0.0,55,107,1252.9964086141667,179,89,35.66266157690873,2026-10-09T00:11:03+00:00,parallel,3,"block mean, streamed in bands, NaN-aware, any void -> void",0.9270833333333334,p05,,,,,,,,,
X7,win1920_k1_c10_d3,win1920_k1_c10_d3__win1__hag_cta__shared_border__climb_tiebreak__native,idrija_win1920_k1_c10,dem,hag_cta,shared_border,climb_tiebreak,native,win1,win,0.0114798750000773,10,height_tiebreak,42,20.0,16860,1920,idrija_win1920_k1,12720,1920,process,article-2026,True,0fc96e99b9a09a800a7e28c9437774072ad2cf51,192,192,0.11029283300740644,7.5753871230643846,67,7362,27885,3,main,43,229,152,34752,6,2.5.3,203.657829589843,203.6596171129301,True,81.09623128226112,1787.5230867899736,14.407165399670932,414320,macOS-26.7.1-arm64-arm-64bit-Mach-O,3.14.7,True,391.21969085693354,20261009T001006Z,1.18.1,0,229,225,263,225,0.6589548802946593,99.34104511970534,0.00032974999339785427,0.0002801249938784167,0.00014474999625235796,0.002309250005055219,55,107,1252.9964086141667,179,89,35.66266157690873,2026-10-09T00:11:03+00:00,parallel,3,"block mean, streamed in bands, NaN-aware, any void -> void",0.9270833333333334,p05,81.84568233871924,50.0,0.9902644587825634,0.9405589960590596,0.008785287571746516,1.1673752430179007,1.1673734104910465,0.0014878330111969262,0.06870510240890222
X7,win1920_k1_c10_d3,win1920_k1_c10_d3__win1__hag_cta_ring1__shared_border__climb_tiebreak__native,idrija_win1920_k1_c10,dem,hag_cta_ring1,shared_border,climb_tiebreak,native,win1,win,0.0114798750000773,10,height_tiebreak,42,20.0,16860,1920,idrija_win1920_k1,12720,1920,process,article-2026,True,0fc96e99b9a09a800a7e28c9437774072ad2cf51,192,192,0.11029283300740644,7.5753871230643846,67,7362,27885,3,main,245,1040,153,34752,6,2.5.3,185.69519042968727,185.69697552636745,True,51.05442504882831,1785.0966799187809,14.157291680986658,415384,macOS-26.7.1-arm64-arm-64bit-Mach-O,3.14.7,True,391.21969085693354,20261009T001006Z,1.18.1,0,1040,1017,1695,1032,2.992633517495396,97.00736648250461,0.0002598340070107952,0.00016312500520143658,0.00013579199730884284,0.0015845830057514831,55,107,1252.9964086141667,179,89,35.66266157690873,2026-10-09T00:11:03+00:00,parallel,3,"block mean, streamed in bands, NaN-aware, any void -> void",0.9270833333333334,p05,52.27418246425062,60.8276253029822,0.9889202610461286,0.9429744111290703,0.039709499824294246,1.0644126400231595,1.0644118589198948,0.002329499999177642,0.04000899752873117
X7,win1920_k1_c10_d3,win1920_k1_c10_d3__win2__full_grid__climb_tiebreak__native,idrija_win1920_k1_c10,dem,full_grid,,climb_tiebreak,native,win2,win,0.0,10,height_tiebreak,0,nan,16860,1920,idrija_win1920_k1,12720,1920,process,article-2026,True,0fc96e99b9a09a800a7e28c9437774072ad2cf51,192,192,0.11029283300740644,7.5753871230643846,67,7362,27885,3,main,7362,34752,126,34752,6,2.5.3,146.70861877441416,146.71014629750124,True,47.40807427207705,1527.5230867899743,14.188963935484887,430704,macOS-26.7.1-arm64-arm-64bit-Mach-O,3.14.7,True,391.21969085693354,20261009T001006Z,1.18.1,0,34752,14184,26819,14802,100.0,0.0,0.0020797079923795536,0.0019377499993424863,0.00188416700984817,0.0,135,175,1122.853507809456,23,167,35.66266157690873,2026-10-09T00:11:03+00:00,parallel,3,"block mean, streamed in bands, NaN-aware, any void -> void",0.9270833333333334,p05,,,,,,,,,
X7,win1920_k1_c10_d3,win1920_k1_c10_d3__win2__hag_cta__shared_border__climb_tiebreak__native,idrija_win1920_k1_c10,dem,hag_cta,shared_border,climb_tiebreak,native,win2,win,0.0114798750000773,10,height_tiebreak,28,20.0,16860,1920,idrija_win1920_k1,12720,1920,process,article-2026,True,0fc96e99b9a09a800a7e28c9437774072ad2cf51,192,192,0.11029283300740644,7.5753871230643846,67,7362,27885,3,main,29,676,143,34752,6,2.5.3,167.46305236816374,167.464770601929,True,88.24217529296902,1718.233764908628,11.645027166019405,414376,macOS-26.7.1-arm64-arm-64bit-Mach-O,3.14.7,True,391.21969085693354,20261009T001006Z,1.18.1,0,676,671,962,671,1.9452117863720073,98.054788213628,0.00023837499611545354,0.00013137499627191573,0.00011379100033082068,0.0017001669912133366,135,175,1122.853507809456,23,167,35.66266157690873,2026-10-09T00:11:03+00:00,parallel,3,"block mean, streamed in bands, NaN-aware, any void -> void",0.9270833333333334,p05,1146.5491715556454,85.44003745317531,1.1248496207801508,0.9620899736245775,0.04730682459108855,1.1414670369548128,1.1414668639368757,0.00010620801185723394,0.0677977016212069
X7,win1920_k1_c10_d3,win1920_k1_c10_d3__win2__hag_cta_ring1__shared_border__climb_tiebreak__native,idrija_win1920_k1_c10,dem,hag_cta_ring1,shared_border,climb_tiebreak,native,win2,win,0.0114798750000773,10,height_tiebreak,28,20.0,16860,1920,idrija_win1920_k1,12720,1920,process,article-2026,True,0fc96e99b9a09a800a7e28c9437774072ad2cf51,192,192,0.11029283300740644,7.5753871230643846,67,7362,27885,3,main,170,1917,125,34752,6,2.5.3,146.94380676269543,146.94532014364688,True,47.40807427207705,1513.3809511662432,14.17667893033158,414032,macOS-26.7.1-arm64-arm-64bit-Mach-O,3.14.7,True,391.21969085693354,20261009T001006Z,1.18.1,0,1917,1807,3157,1852,5.516229281767956,94.48377071823204,0.0003370829945197329,0.00022420800814870745,0.00017416699847672135,0.0013279589911689982,135,175,1122.853507809456,23,167,35.66266157690873,2026-10-09T00:11:03+00:00,parallel,3,"block mean, streamed in bands, NaN-aware, any void -> void",0.9270833333333334,p05,315.81451464317064,14.142135623730951,0.9907417860024295,0.9612912812511609,0.1273970671178793,1.0016030959206488,1.0016029828343893,0.00038558300002478063,0.1157053325892325
X7,win1920_k1_c10_d3,win1920_k1_c10_d3__win3__full_grid__climb_tiebreak__native,idrija_win1920_k1_c10,dem,full_grid,,climb_tiebreak,native,win3,win,0.0,10,height_tiebreak,0,nan,16860,1920,idrija_win1920_k1,12720,1920,process,article-2026,True,0fc96e99b9a09a800a7e28c9437774072ad2cf51,192,192,0.11029283300740644,7.5753871230643846,67,7362,27885,3,main,7362,34752,234,34752,6,2.5.3,252.04131774902385,252.0441075260786,True,51.05442504882831,2789.777054234136,11.645712876777504,438648,macOS-26.7.1-arm64-arm-64bit-Mach-O,3.14.7,True,391.21969085693354,20261009T001006Z,1.18.1,0,34752,31592,58914,31995,100.0,0.0,0.004735916998470202,0.004640874991309829,0.004575083003146574,0.0,25,97,1806.7650649710936,187,17,35.66266157690873,2026-10-09T00:11:03+00:00,parallel,3,"block mean, streamed in bands, NaN-aware, any void -> void",0.9270833333333334,p05,,,,,,,,,
X7,win1920_k1_c10_d3,win1920_k1_c10_d3__win3__hag_cta__shared_border__climb_tiebreak__native,idrija_win1920_k1_c10,dem,hag_cta,shared_border,climb_tiebreak,native,win3,win,0.0114798750000773,10,height_tiebreak,64,20.0,16860,1920,idrija_win1920_k1,12720,1920,process,article-2026,True,0fc96e99b9a09a800a7e28c9437774072ad2cf51,192,192,0.11029283300740644,7.5753871230643846,67,7362,27885,3,main,65,729,234,34752,6,2.5.3,288.89321228027325,288.8960186258703,True,58.470825464467325,2806.34559672906,10.806024356052221,420344,macOS-26.7.1-arm64-arm-64bit-Mach-O,3.14.7,True,391.21969085693354,20261009T001006Z,1.18.1,0,729,727,932,727,2.097720994475138,97.90227900552486,0.00026708299992606044,0.00016912499268073589,0.00014162500156089664,0.0012430420028977096,25,97,1806.7650649710936,187,17,35.66266157690873,2026-10-09T00:11:03+00:00,parallel,3,"block mean, streamed in bands, NaN-aware, any void -> void",0.9270833333333334,p05,37.7156150907661,100.0,1.0059390202775442,0.9582717805620908,0.023012154975943278,1.1462137036116655,1.1462121509663887,0.0032287079957313836,0.036442479704242685
X7,win1920_k1_c10_d3,win1920_k1_c10_d3__win3__hag_cta_ring1__shared_border__climb_tiebreak__native,idrija_win1920_k1_c10,dem,hag_cta_ring1,shared_border,climb_tiebreak,native,win3,win,0.0114798750000773,10,height_tiebreak,64,20.0,16860,1920,idrija_win1920_k1,12720,1920,process,article-2026,True,0fc96e99b9a09a800a7e28c9437774072ad2cf51,192,192,0.11029283300740644,7.5753871230643846,67,7362,27885,3,main,379,2428,234,34752,6,2.5.3,252.04131774902385,252.0441075260786,True,51.05442504882831,2789.777054234136,11.645712876777504,422216,macOS-26.7.1-arm64-arm-64bit-Mach-O,3.14.7,True,391.21969085693354,20261009T001006Z,1.18.1,0,2428,2409,3951,2419,6.986648250460405,93.0133517495396,0.0004447499959496781,0.00032479100627824664,0.00025662498956080526,0.0014121249987510964,25,97,1806.7650649710936,187,17,35.66266157690873,2026-10-09T00:11:03+00:00,parallel,3,"block mean, streamed in bands, NaN-aware, any void -> void",0.9270833333333334,p05,41.93334292350161,10.0,1.0,0.9625394393682406,0.07625348189415042,1.0,1.0,0.002903958986280486,0.06998486425219966
X7,win1920_k1_c1_d3,win1920_k1_c1_d3__win1__full_grid__climb_tiebreak__native,idrija_win1920_k1_c1,dem,full_grid,,climb_tiebreak,native,win1,win,0.0,1,height_tiebreak,0,nan,16860,1920,idrija_win1920_k1,12720,1920,process,article-2026,True,0fc96e99b9a09a800a7e28c9437774072ad2cf51,1920,1920,2.100374292000197,4.682029598308668,105,4730,11073,3,main,4730,3490560,1430,3490560,6,2.5.3,192.01446533203125,192.0161846957354,True,92.99766187138503,1719.36370722354,13.413073436454349,40952712,macOS-26.7.1-arm64-arm-64bit-Mach-O,3.14.7,True,393.7192687988281,20261009T001006Z,1.18.1,0,3490560,2355405,4403880,2364581,100.0,0.0,0.4609711250086548,0.4581297499971697,0.4552423339919187,0.0,550,1070,1252.9964086141667,1790,890,40.125114441033254,2026-10-09T00:10:07+00:00,parallel,3,"block mean, streamed in bands, NaN-aware, any void -> void",0.9270833333333334,p05,,,,,,,,,
X7,win1920_k1_c1_d3,win1920_k1_c1_d3__win1__hag_cta__shared_border__climb_tiebreak__native,idrija_win1920_k1_c1,dem,hag_cta,shared_border,climb_tiebreak,native,win1,win,0.26395325000339653,1,height_tiebreak,35,8.0,16860,1920,idrija_win1920_k1,12720,1920,process,article-2026,True,0fc96e99b9a09a800a7e28c9437774072ad2cf51,1920,1920,2.100374292000197,4.682029598308668,105,4730,11073,3,main,36,665148,1817,3490560,6,2.5.3,251.23358154296875,251.23574382550225,True,111.2795486213009,2162.282538143908,14.073470901715053,40736952,macOS-26.7.1-arm64-arm-64bit-Mach-O,3.14.7,True,393.7192687988281,20261009T001006Z,1.18.1,0,665148,630370,1168794,631790,19.05562431243124,80.94437568756877,0.09926470801292453,0.09877287500421517,0.09844825000618584,0.0006935410056030378,550,1070,1252.9964086141667,1790,890,40.125114441033254,2026-10-09T00:10:07+00:00,parallel,3,"block mean, streamed in bands, NaN-aware, any void -> void",0.9270833333333334,p05,6.592052540522508,311.78999342506165,1.2576062464617224,0.9947314844496745,0.2676270110660375,1.3084096612645086,1.3084092063572914,0.3586633339873515,0.2156002202538154
X7,win1920_k1_c1_d3,win1920_k1_c1_d3__win1__hag_cta_ring1__shared_border__climb_tiebreak__native,idrija_win1920_k1_c1,dem,hag_cta_ring1,shared_border,climb_tiebreak,native,win1,win,0.26395325000339653,1,height_tiebreak,35,2.0,16860,1920,idrija_win1920_k1,12720,1920,process,article-2026,True,0fc96e99b9a09a800a7e28c9437774072ad2cf51,1920,1920,2.100374292000197,4.682029598308668,105,4730,11073,3,main,541,838296,1573,3490560,6,2.5.3,205.73492431640625,205.73679372174004,True,111.2795486213009,1869.4053377838823,13.392532787565981,40750264,macOS-26.7.1-arm64-arm-64bit-Mach-O,3.14.7,True,393.7192687988281,20261009T001006Z,1.18.1,0,838296,733408,1380057,734758,24.01608910891089,75.98391089108911,0.12422879099904094,0.12393479200545698,0.12271566600247752,0.0007263750012498349,550,1070,1252.9964086141667,1790,890,40.125114441033254,2026-10-09T00:10:07+00:00,parallel,3,"block mean, streamed in bands, NaN-aware, any void -> void",0.9270833333333334,p05,7.090105822866115,101.11874208078342,1.087265789041594,0.9950565422871139,0.3113723542235836,1.0714553404122424,1.0714554819831776,0.3334685829904629,0.27052334410987855
X7,win1920_k1_c1_d3,win1920_k1_c1_d3__win2__full_grid__climb_tiebreak__native,idrija_win1920_k1_c1,dem,full_grid,,climb_tiebreak,native,win2,win,0.0,1,height_tiebreak,0,nan,16860,1920,idrija_win1920_k1,12720,1920,process,article-2026,True,0fc96e99b9a09a800a7e28c9437774072ad2cf51,1920,1920,2.100374292000197,4.682029598308668,105,4730,11073,3,main,4730,3490560,1362,3490560,6,2.5.3,202.968994140625,202.9706794698402,True,675.79345703125,1685.3292193381335,10.490254353921758,40834248,macOS-26.7.1-arm64-arm-64bit-Mach-O,3.14.7,True,393.7192687988281,20261009T001006Z,1.18.1,0,3490560,1610860,3036474,1617103,100.0,0.0,0.3123440000053961,0.30164745899674017,0.2985763749893522,0.0,1350,1750,1122.853507809456,230,1670,40.125114441033254,2026-10-09T00:10:07+00:00,parallel,3,"block mean, streamed in bands, NaN-aware, any void -> void",0.9270833333333334,p05,,,,,,,,,
X7,win1920_k1_c1_d3,win1920_k1_c1_d3__win2__hag_cta__shared_border__climb_tiebreak__native,idrija_win1920_k1_c1,dem,hag_cta,shared_border,climb_tiebreak,native,win2,win,0.26395325000339653,1,height_tiebreak,49,2.0,16860,1920,idrija_win1920_k1,12720,1920,process,article-2026,True,0fc96e99b9a09a800a7e28c9437774072ad2cf51,1920,1920,2.100374292000197,4.682029598308668,105,4730,11073,3,main,50,141741,1599,3490560,6,2.5.3,255.0198974609375,255.0218500277413,True,221.51466461902305,1952.5668093913696,11.626262176171219,40669056,macOS-26.7.1-arm64-arm-64bit-Mach-O,3.14.7,True,393.7192687988281,20261009T001006Z,1.18.1,0,141741,140492,269647,140523,4.060695132013201,95.93930486798679,0.019962917009252124,0.019862790999468416,0.01982604101067409,0.0006427089974749833,1350,1750,1122.853507809456,230,1670,40.125114441033254,2026-10-09T00:10:07+00:00,parallel,3,"block mean, streamed in bands, NaN-aware, any void -> void",0.9270833333333334,p05,8.409728488821203,125.39936203984452,1.1585669950932116,0.9959545722502346,0.08721552462659697,1.2564475600852096,1.2564467473521734,0.28114195899979677,0.06584769871932875
X7,win1920_k1_c1_d3,win1920_k1_c1_d3__win2__hag_cta_ring1__shared_border__climb_tiebreak__native,idrija_win1920_k1_c1,dem,hag_cta_ring1,shared_border,climb_tiebreak,native,win2,win,0.26395325000339653,1,height_tiebreak,49,2.0,16860,1920,idrija_win1920_k1,12720,1920,process,article-2026,True,0fc96e99b9a09a800a7e28c9437774072ad2cf51,1920,1920,2.100374292000197,4.682029598308668,105,4730,11073,3,main,638,296694,1369,3490560,6,2.5.3,207.996826171875,207.99851228788668,True,633.75244140625,1686.1160159025371,10.479195182471535,40662768,macOS-26.7.1-arm64-arm-64bit-Mach-O,3.14.7,True,393.7192687988281,20261009T001006Z,1.18.1,0,296694,265778,509978,266220,8.499896864686468,91.50010313531354,0.041352792002726346,0.039819165991502814,0.039490750001277775,0.0007758330029901117,1350,1750,1122.853507809456,230,1670,40.125114441033254,2026-10-09T00:10:07+00:00,parallel,3,"block mean, streamed in bands, NaN-aware, any void -> void",0.9270833333333334,p05,9.056905811127926,32.55764119219941,1.000466850366905,0.9958005838628399,0.16499137106887005,1.0247714290182002,1.02477122720966,0.26105246000224724,0.13200564037217077
X7,win1920_k1_c1_d3,win1920_k1_c1_d3__win3__full_grid__climb_tiebreak__native,idrija_win1920_k1_c1,dem,full_grid,,climb_tiebreak,native,win3,win,0.0,1,height_tiebreak,0,nan,16860,1920,idrija_win1920_k1,12720,1920,process,article-2026,True,0fc96e99b9a09a800a7e28c9437774072ad2cf51,1920,1920,2.100374292000197,4.682029598308668,105,4730,11073,3,main,4730,3490560,2393,3490560,6,2.5.3,262.86163330078125,262.86449087681825,True,80.48095703125,2857.576044107359,12.328040885458776,40969472,macOS-26.7.1-arm64-arm-64bit-Mach-O,3.14.7,True,393.7192687988281,20261009T001006Z,1.18.1,0,3490560,2898437,5458794,2905239,100.0,0.0,0.5702495000005001,0.5690915409941226,0.5623444999946514,0.0,250,970,1806.7650649710936,1870,170,40.125114441033254,2026-10-09T00:10:07+00:00,parallel,3,"block mean, streamed in bands, NaN-aware, any void -> void",0.9270833333333334,p05,,,,,,,,,
X7,win1920_k1_c1_d3,win1920_k1_c1_d3__win3__hag_cta__shared_border__climb_tiebreak__native,idrija_win1920_k1_c1,dem,hag_cta,shared_border,climb_tiebreak,native,win3,win,0.26395325000339653,1,height_tiebreak,22,10.770329614269007,16860,1920,idrija_win1920_k1,12720,1920,process,article-2026,True,0fc96e99b9a09a800a7e28c9437774072ad2cf51,1920,1920,2.100374292000197,4.682029598308668,105,4730,11073,3,main,23,276774,3191,3490560,6,2.5.3,439.78082275390625,439.7846075645718,True,100.0065816263103,3784.810675567765,12.462317403389168,40788384,macOS-26.7.1-arm64-arm-64bit-Mach-O,3.14.7,True,393.7192687988281,20261009T001006Z,1.18.1,0,276774,265746,501863,266035,7.9292147964796476,92.07078520352036,0.04014379100408405,0.03938187500170898,0.03934600000502542,0.0006569999968633056,250,970,1806.7650649710936,1870,170,40.125114441033254,2026-10-09T00:10:07+00:00,parallel,3,"block mean, streamed in bands, NaN-aware, any void -> void",0.9270833333333334,p05,4.468983324286809,494.74538906391035,1.324482924390575,0.9955799283915594,0.09168596729892697,1.6730506359240491,1.6730468466760717,0.5290526659955503,0.06920130095926992
X7,win1920_k1_c1_d3,win1920_k1_c1_d3__win3__hag_cta_ring1__shared_border__climb_tiebreak__native,idrija_win1920_k1_c1,dem,hag_cta_ring1,shared_border,climb_tiebreak,native,win3,win,0.26395325000339653,1,height_tiebreak,22,2.0,16860,1920,idrija_win1920_k1,12720,1920,process,article-2026,True,0fc96e99b9a09a800a7e28c9437774072ad2cf51,1920,1920,2.100374292000197,4.682029598308668,105,4730,11073,3,main,158,413323,3214,3490560,6,2.5.3,389.99957275390625,390.0033668955243,True,117.059326171875,3794.1416280094527,12.461229274414471,40802648,macOS-26.7.1-arm64-arm-64bit-Mach-O,3.14.7,True,393.7192687988281,20261009T001006Z,1.18.1,0,413323,399359,759324,399824,11.841165887422076,88.15883411257792,0.06313425001280848,0.06078033299127128,0.05926683300640434,0.0007781250023981556,250,970,1806.7650649710936,1870,170,40.125114441033254,2026-10-09T00:10:07+00:00,parallel,3,"block mean, streamed in bands, NaN-aware, any void -> void",0.9270833333333334,p05,4.658469804620563,530.4724309518828,1.3277482626694734,0.995928090066672,0.137784260965479,1.4836686809582686,1.4836669859615426,0.5075330830004532,0.10680238347085007
X7,win1920_k1_c20_d3,win1920_k1_c20_d3__win1__full_grid__climb_tiebreak__native,idrija_win1920_k1_c20,dem,full_grid,,climb_tiebreak,native,win1,win,0.0,20,height_tiebreak,0,nan,16860,1920,idrija_win1920_k1,12720,1920,process,article-2026,True,0fc96e99b9a09a800a7e28c9437774072ad2cf51,96,96,0.028758582993759774,7.70908207867897,52,4118,15873,3,main,4118,8640,74,8640,6,2.5.3,178.2105290222164,178.21222098181147,True,55.868492126464844,1691.9595949289333,24.180766533303963,119648,macOS-26.7.1-arm64-arm-64bit-Mach-O,3.14.7,True,386.7185162353516,20261009T001006Z,1.18.1,0,8640,6634,12404,6898,100.0,0.0,0.0010169580054935068,0.0010000000038417056,0.0007903329969849437,0.0,27,53,1252.9964086141667,89,44,34.19744333780661,2026-10-09T00:11:05+00:00,parallel,3,"block mean, streamed in bands, NaN-aware, any void -> void",0.9270833333333334,p06,,,,,,,,,
X7,win1920_k1_c20_d3,win1920_k1_c20_d3__win1__hag_cta__shared_border__climb_tiebreak__native,idrija_win1920_k1_c20,dem,hag_cta,shared_border,climb_tiebreak,native,win1,win,0.003749499999685213,20,height_tiebreak,38,40.0,16860,1920,idrija_win1920_k1,12720,1920,process,article-2026,True,0fc96e99b9a09a800a7e28c9437774072ad2cf51,96,96,0.028758582993759774,7.70908207867897,52,4118,15873,3,main,39,110,72,8640,6,2.5.3,183.94699996948202,183.94868506616208,True,55.868492126464844,1685.0966799187804,14.334562912654643,107392,macOS-26.7.1-arm64-arm-64bit-Mach-O,3.14.7,True,386.7185162353516,20261009T001006Z,1.18.1,0,110,109,115,110,1.2731481481481481,98.72685185185185,8.40419961605221e-05,5.4750009439885616e-05,5.3292009397409856e-05,0.0008304999937536195,27,53,1252.9964086141667,89,44,34.19744333780661,2026-10-09T00:11:05+00:00,parallel,3,"block mean, streamed in bands, NaN-aware, any void -> void",0.9270833333333334,p06,283.2948393012037,89.44271909999159,0.9959438067961421,0.8975661941695641,0.016430509496533012,1.0321892930722993,1.0321889489550555,0.00011475000064820051,0.0547500092295522
X7,win1920_k1_c20_d3,win1920_k1_c20_d3__win1__hag_cta_ring1__shared_border__climb_tiebreak__native,idrija_win1920_k1_c20,dem,hag_cta_ring1,shared_border,climb_tiebreak,native,win1,win,0.003749499999685213,20,height_tiebreak,38,40.0,16860,1920,idrija_win1920_k1,12720,1920,process,article-2026,True,0fc96e99b9a09a800a7e28c9437774072ad2cf51,96,96,0.028758582993759774,7.70908207867897,52,4118,15873,3,main,198,403,72,8640,6,2.5.3,181.5230436706538,181.52472876733387,True,55.868492126464844,1685.0966799187804,24.255389311525636,108448,macOS-26.7.1-arm64-arm-64bit-Mach-O,3.14.7,True,386.7185162353516,20261009T001006Z,1.18.1,0,403,393,632,400,4.664351851851852,95.33564814814814,0.00012283299292903394,7.679099508095533e-05,6.612500874325633e-05,0.0007212499913293868,27,53,1252.9964086141667,89,44,34.19744333780661,2026-10-09T00:11:05+00:00,parallel,3,"block mean, streamed in bands, NaN-aware, any void -> void",0.9270833333333334,p06,160.96376090011915,89.44271909999159,0.9959438067961421,0.9063920834447713,0.059240277359059394,1.0185876483651786,1.0185874333829243,0.00020195901743136346,0.07679099478594693
X7,win1920_k1_c20_d3,win1920_k1_c20_d3__win2__full_grid__climb_tiebreak__native,idrija_win1920_k1_c20,dem,full_grid,,climb_tiebreak,native,win2,win,0.0,20,height_tiebreak,0,nan,16860,1920,idrija_win1920_k1,12720,1920,process,article-2026,True,0fc96e99b9a09a800a7e28c9437774072ad2cf51,96,96,0.028758582993759774,7.70908207867897,52,4118,15873,3,main,4118,8640,57,8640,6,2.5.3,142.09362411499,142.09500921167003,True,47.510634750418326,1385.0966799187809,14.157647519898774,115760,macOS-26.7.1-arm64-arm-64bit-Mach-O,3.14.7,True,386.7185162353516,20261009T001006Z,1.18.1,0,8640,3513,6678,3801,100.0,0.0,0.0005076670058770105,0.00042787499842233956,0.0003830419882433489,0.0,67,87,1122.853507809456,11,83,34.19744333780661,2026-10-09T00:11:05+00:00,parallel,3,"block mean, streamed in bands, NaN-aware, any void -> void",0.9270833333333334,p06,,,,,,,,,
X7,win1920_k1_c20_d3,win1920_k1_c20_d3__win2__hag_cta__shared_border__climb_tiebreak__native,idrija_win1920_k1_c20,dem,hag_cta,shared_border,climb_tiebreak,native,win2,win,0.003749499999685213,20,height_tiebreak,37,40.0,16860,1920,idrija_win1920_k1,12720,1920,process,article-2026,True,0fc96e99b9a09a800a7e28c9437774072ad2cf51,96,96,0.028758582993759774,7.70908207867897,52,4118,15873,3,main,38,146,65,8640,6,2.5.3,160.7931605529784,160.79472221820097,True,37.22271041870101,1561.6652224137047,14.193791942150774,107664,macOS-26.7.1-arm64-arm-64bit-Mach-O,3.14.7,True,386.7185162353516,20261009T001006Z,1.18.1,0,146,143,162,143,1.6898148148148149,98.31018518518519,7.68329919083044e-05,5.499999679159373e-05,5.0458009354770184e-05,0.0007195000071078539,67,87,1122.853507809456,11,83,34.19744333780661,2026-10-09T00:11:05+00:00,parallel,3,"block mean, streamed in bands, NaN-aware, any void -> void",0.9270833333333334,p06,inf,82.46211251235322,1.1274774137104115,0.930062197650311,0.04070594933105608,1.1316001091143661,1.1316000689276506,-0.00034662500547710806,0.12854220740727942
X7,win1920_k1_c20_d3,win1920_k1_c20_d3__win2__hag_cta_ring1__shared_border__climb_tiebreak__native,idrija_win1920_k1_c20,dem,hag_cta_ring1,shared_border,climb_tiebreak,native,win2,win,0.003749499999685213,20,height_tiebreak,37,40.0,16860,1920,idrija_win1920_k1,12720,1920,process,article-2026,True,0fc96e99b9a09a800a7e28c9437774072ad2cf51,96,96,0.028758582993759774,7.70908207867897,52,4118,15873,3,main,154,498,60,8640,6,2.5.3,143.0136296081539,143.01506642056268,True,43.31415410100754,1436.812408671319,14.228803297464818,108088,macOS-26.7.1-arm64-arm-64bit-Mach-O,3.14.7,True,386.7185162353516,20261009T001006Z,1.18.1,0,498,433,742,464,5.763888888888889,94.23611111111111,0.000144957986776717,0.00014170800568535924,7.558299694210291e-05,0.0008733750000828877,67,87,1122.853507809456,11,83,34.19744333780661,2026-10-09T00:11:05+00:00,parallel,3,"block mean, streamed in bands, NaN-aware, any void -> void",0.9270833333333334,p06,inf,44.721359549995796,1.0373372700276566,0.9337249481686247,0.12325647594648449,1.0064746430312692,1.0064749438702811,-0.0005872080073459074,0.33119019855767434
X7,win1920_k1_c20_d3,win1920_k1_c20_d3__win3__full_grid__climb_tiebreak__native,idrija_win1920_k1_c20,dem,full_grid,,climb_tiebreak,native,win3,win,0.0,20,height_tiebreak,0,nan,16860,1920,idrija_win1920_k1,12720,1920,process,article-2026,True,0fc96e99b9a09a800a7e28c9437774072ad2cf51,96,96,0.028758582993759774,7.70908207867897,52,4118,15873,3,main,4118,8640,107,8640,6,2.5.3,251.25357162475598,251.25611412258993,True,45.824386950577555,2542.4978336205572,14.190839618024722,115768,macOS-26.7.1-arm64-arm-64bit-Mach-O,3.14.7,True,386.7185162353516,20261009T001006Z,1.18.1,0,8640,8015,14750,8199,100.0,0.0,0.0011700409959303215,0.0010594170016702265,0.0009924580081133172,0.0,12,48,1806.7650649710936,93,8,34.19744333780661,2026-10-09T00:11:05+00:00,parallel,3,"block mean, streamed in bands, NaN-aware, any void -> void",0.9270833333333334,p06,,,,,,,,,
X7,win1920_k1_c20_d3,win1920_k1_c20_d3__win3__hag_cta__shared_border__climb_tiebreak__native,idrija_win1920_k1_c20,dem,hag_cta,shared_border,climb_tiebreak,native,win3,win,0.003749499999685213,20,height_tiebreak,51,40.0,16860,1920,idrija_win1920_k1,12720,1920,process,article-2026,True,0fc96e99b9a09a800a7e28c9437774072ad2cf51,96,96,0.028758582993759774,7.70908207867897,52,4118,15873,3,main,52,204,114,8640,6,2.5.3,256.37054000854505,256.37323079065027,True,41.65619888305628,2690.7821048680194,14.152868732692204,107720,macOS-26.7.1-arm64-arm-64bit-Mach-O,3.14.7,True,386.7185162353516,20261009T001006Z,1.18.1,0,204,204,230,204,2.361111111111111,97.63888888888889,0.0001362080074613914,7.741698937024921e-05,7.087500125635415e-05,0.0007479170017177239,12,48,1806.7650649710936,93,8,34.19744333780661,2026-10-09T00:11:05+00:00,parallel,3,"block mean, streamed in bands, NaN-aware, any void -> void",0.9270833333333334,p06,138.8741665300059,116.61903789690601,1.0583222802736092,0.9304816529610946,0.02545227698066126,1.0203657538107804,1.0203661378984936,0.00023408301058225334,0.07307508681491544
X7,win1920_k1_c20_d3,win1920_k1_c20_d3__win3__hag_cta_ring1__shared_border__climb_tiebreak__native,idrija_win1920_k1_c20,dem,hag_cta_ring1,shared_border,climb_tiebreak,native,win3,win,0.003749499999685213,20,height_tiebreak,51,40.0,16860,1920,idrija_win1920_k1,12720,1920,process,article-2026,True,0fc96e99b9a09a800a7e28c9437774072ad2cf51,96,96,0.028758582993759774,7.70908207867897,52,4118,15873,3,main,288,716,107,8640,6,2.5.3,251.25357162475598,251.25611412258993,True,45.824386950577555,2542.4978336205572,14.190839618024722,108664,macOS-26.7.1-arm64-arm-64bit-Mach-O,3.14.7,True,386.7185162353516,20261009T001006Z,1.18.1,0,716,708,1136,712,8.287037037037036,91.71296296296296,0.0002084580046357587,0.000116915995022282,9.179099288303405e-05,0.001070583995897323,12,48,1806.7650649710936,93,8,34.19744333780661,2026-10-09T00:11:05+00:00,parallel,3,"block mean, streamed in bands, NaN-aware, any void -> void",0.9270833333333334,p06,inf,0.0,1.0,0.9386358924746043,0.08833437305053025,1.0,1.0,-0.00012808298924937844,0.1103588056808205
X7,win1920_k1_c3_d3,win1920_k1_c3_d3__win1__full_grid__climb_tiebreak__native,idrija_win1920_k1_c3,dem,full_grid,,climb_tiebreak,native,win1,win,0.0,3,height_tiebreak,0,nan,16860,1920,idrija_win1920_k1,12720,1920,process,article-2026,True,0fc96e99b9a09a800a7e28c9437774072ad2cf51,640,640,0.48538937501143664,5.719136894234171,60,2827,8084,3,main,2827,387840,466,387840,6,2.5.3,180.86052788628388,180.86220620836062,True,86.14555087123954,1678.322076663197,14.727646216812376,4623232,macOS-26.7.1-arm64-arm-64bit-Mach-O,3.14.7,True,393.105953640408,20261009T001006Z,1.18.1,0,387840,277385,522795,279710,100.0,0.0,0.05319824999605771,0.04828379199898336,0.047759292006958276,0.0,183,356,1252.9964086141667,596,296,37.956110972233645,2026-10-09T00:10:57+00:00,parallel,3,"block mean, streamed in bands, NaN-aware, any void -> void",0.9270833333333334,p03,,,,,,,,,
X7,win1920_k1_c3_d3,win1920_k1_c3_d3__win1__hag_cta__shared_border__climb_tiebreak__native,idrija_win1920_k1_c3,dem,hag_cta,shared_border,climb_tiebreak,native,win1,win,0.08214691700413823,3,height_tiebreak,33,8.485281374238571,16860,1920,idrija_win1920_k1,12720,1920,process,article-2026,True,0fc96e99b9a09a800a7e28c9437774072ad2cf51,640,640,0.48538937501143664,5.719136894234171,60,2827,8084,3,main,34,36460,1290,387840,6,2.5.3,597.1299913194429,597.1346262713815,True,206.50737944955299,4634.951944639719,9.407662278913008,4597904,macOS-26.7.1-arm64-arm-64bit-Mach-O,3.14.7,True,393.105953640408,20261009T001006Z,1.18.1,0,36460,31027,50121,31141,9.400783828382838,90.59921617161716,0.00433916698966641,0.004095666998182423,0.004014582998934202,0.00046183299855329096,183,356,1252.9964086141667,596,296,37.956110972233645,2026-10-09T00:10:57+00:00,parallel,3,"block mean, streamed in bands, NaN-aware, any void -> void",0.9270833333333334,p03,12.979291543550092,833.3414666269764,2.761658211548303,0.9945215814391317,0.11185536348396632,3.301604823883344,3.301599813415182,0.043726292002247646,0.08482488281509994
X7,win1920_k1_c3_d3,win1920_k1_c3_d3__win1__hag_cta_ring1__shared_border__climb_tiebreak__native,idrija_win1920_k1_c3,dem,hag_cta_ring1,shared_border,climb_tiebreak,native,win1,win,0.08214691700413823,3,height_tiebreak,33,6.0,16860,1920,idrija_win1920_k1,12720,1920,process,article-2026,True,0fc96e99b9a09a800a7e28c9437774072ad2cf51,640,640,0.48538937501143664,5.719136894234171,60,2827,8084,3,main,241,84816,525,387840,6,2.5.3,191.9362114800332,191.9380879270017,True,86.14555087123954,1876.446968344225,14.127763073105358,4566632,macOS-26.7.1-arm64-arm-64bit-Mach-O,3.14.7,True,393.105953640408,20261009T001006Z,1.18.1,0,84816,73518,136075,74017,21.86881188118812,78.13118811881188,0.010889166995184496,0.010526499987463467,0.01038245900417678,0.0004973750037606806,183,356,1252.9964086141667,596,296,37.956110972233645,2026-10-09T00:10:57+00:00,parallel,3,"block mean, streamed in bands, NaN-aware, any void -> void",0.9270833333333334,p03,15.231818468553968,204.02205763103166,1.1180493866081624,0.9877574822115784,0.265039565946248,1.0612388104977397,1.06123933767501,0.03725991700775921,0.21801311685886451
X7,win1920_k1_c3_d3,win1920_k1_c3_d3__win2__full_grid__climb_tiebreak__native,idrija_win1920_k1_c3,dem,full_grid,,climb_tiebreak,native,win2,win,0.0,3,height_tiebreak,0,nan,16860,1920,idrija_win1920_k1,12720,1920,process,article-2026,True,0fc96e99b9a09a800a7e28c9437774072ad2cf51,640,640,0.48538937501143664,5.719136894234171,60,2827,8084,3,main,2827,387840,447,387840,6,2.5.3,172.56951226128365,172.57114973768955,True,304.36035826939303,1637.476405595748,13.875415642023839,4595832,macOS-26.7.1-arm64-arm-64bit-Mach-O,3.14.7,True,393.105953640408,20261009T001006Z,1.18.1,0,387840,166780,314528,168833,100.0,0.0,0.02694312500534579,0.026079458999447525,0.025959874998079613,0.0,450,583,1122.853507809456,76,556,37.956110972233645,2026-10-09T00:10:57+00:00,parallel,3,"block mean, streamed in bands, NaN-aware, any void -> void",0.9270833333333334,p03,,,,,,,,,
X7,win1920_k1_c3_d3,win1920_k1_c3_d3__win2__hag_cta__shared_border__climb_tiebreak__native,idrija_win1920_k1_c3,dem,hag_cta,shared_border,climb_tiebreak,native,win2,win,0.08214691700413823,3,height_tiebreak,46,6.0,16860,1920,idrija_win1920_k1,12720,1920,process,article-2026,True,0fc96e99b9a09a800a7e28c9437774072ad2cf51,640,640,0.48538937501143664,5.719136894234171,60,2827,8084,3,main,47,12302,543,387840,6,2.5.3,237.06968858507037,237.07168613463648,True,407.6858187698028,1997.5495654486663,10.618748299938103,4543048,macOS-26.7.1-arm64-arm-64bit-Mach-O,3.14.7,True,393.105953640408,20261009T001006Z,1.18.1,0,12302,12126,20331,12133,3.1719265676567656,96.82807343234323,0.0017597079859115183,0.0016297500114887953,0.0015744579868623987,0.0004612500051734969,450,583,1122.853507809456,76,556,37.956110972233645,2026-10-09T00:10:57+00:00,parallel,3,"block mean, streamed in bands, NaN-aware, any void -> void",0.9270833333333334,p03,23.658722405755796,123.14625451064275,1.219895174441867,0.9885148108111872,0.07270655953951313,1.3737634503256198,1.373761990315233,0.023988458982785232,0.06249171087189042
X7,win1920_k1_c3_d3,win1920_k1_c3_d3__win2__hag_cta_ring1__shared_border__climb_tiebreak__native,idrija_win1920_k1_c3,dem,hag_cta_ring1,shared_border,climb_tiebreak,native,win2,win,0.08214691700413823,3,height_tiebreak,46,6.0,16860,1920,idrija_win1920_k1,12720,1920,process,article-2026,True,0fc96e99b9a09a800a7e28c9437774072ad2cf51,640,640,0.48538937501143664,5.719136894234171,60,2827,8084,3,main,283,31756,428,387840,6,2.5.3,176.85994466145837,176.8615338363491,True,264.1113392634976,1589.174890405583,9.81854560504368,4540264,macOS-26.7.1-arm64-arm-64bit-Mach-O,3.14.7,True,393.105953640408,20261009T001006Z,1.18.1,0,31756,29196,54470,29305,8.187912541254125,91.81208745874588,0.004038750004838221,0.0038426660030381754,0.003751209005713463,0.0004973749892087653,450,583,1122.853507809456,76,556,37.956110972233645,2026-10-09T00:10:57+00:00,parallel,3,"block mean, streamed in bands, NaN-aware, any void -> void",0.9270833333333334,p03,26.106324089614272,48.093658625644196,0.9705024664629645,0.9879090445429685,0.17505696126633888,1.0248620532326629,1.0248615374306829,0.021739418007200584,0.14734454434501804
X7,win1920_k1_c3_d3,win1920_k1_c3_d3__win3__full_grid__climb_tiebreak__native,idrija_win1920_k1_c3,dem,full_grid,,climb_tiebreak,native,win3,win,0.0,3,height_tiebreak,0,nan,16860,1920,idrija_win1920_k1,12720,1920,process,article-2026,True,0fc96e99b9a09a800a7e28c9437774072ad2cf51,640,640,0.48538937501143664,5.719136894234171,60,2827,8084,3,main,2827,387840,783,387840,6,2.5.3,257.84124077691,257.84407264941933,True,85.20168728298738,2831.8725086636414,13.472903160485817,4627552,macOS-26.7.1-arm64-arm-64bit-Mach-O,3.14.7,True,393.105953640408,20261009T001006Z,1.18.1,0,387840,340049,642428,341784,100.0,0.0,0.05809045799833257,0.057822165996185504,0.05739108299894724,0.0,83,323,1806.7650649710936,623,56,37.956110972233645,2026-10-09T00:10:57+00:00,parallel,3,"block mean, streamed in bands, NaN-aware, any void -> void",0.9270833333333334,p03,,,,,,,,,
X7,win1920_k1_c3_d3,win1920_k1_c3_d3__win3__hag_cta__shared_border__climb_tiebreak__native,idrija_win1920_k1_c3,dem,hag_cta,shared_border,climb_tiebreak,native,win3,win,0.08214691700413823,3,height_tiebreak,21,6.0,16860,1920,idrija_win1920_k1,12720,1920,process,article-2026,True,0fc96e99b9a09a800a7e28c9437774072ad2cf51,640,640,0.48538937501143664,5.719136894234171,60,2827,8084,3,main,22,18835,1158,387840,6,2.5.3,563.0381944444449,563.042333985128,True,202.61001853310245,4139.540689670176,9.4444596390802,4589448,macOS-26.7.1-arm64-arm-64bit-Mach-O,3.14.7,True,393.105953640408,20261009T001006Z,1.18.1,0,18835,18662,32281,18666,4.856384075907591,95.1436159240924,0.0029889169964008033,0.002748250000877306,0.002665042004082352,0.00046675000339746475,83,323,1806.7650649710936,623,56,37.956110972233645,2026-10-09T00:10:57+00:00,parallel,3,"block mean, streamed in bands, NaN-aware, any void -> void",0.9270833333333334,p03,10.393073540927709,498.26197928399074,1.4617680269877764,0.9917658407728319,0.054880326070654524,2.1836622905937615,2.1836543621100613,0.05460716599191073,0.04752935061371804
X7,win1920_k1_c3_d3,win1920_k1_c3_d3__win3__hag_cta_ring1__shared_border__climb_tiebreak__native,idrija_win1920_k1_c3,dem,hag_cta_ring1,shared_border,climb_tiebreak,native,win3,win,0.08214691700413823,3,height_tiebreak,21,6.0,16860,1920,idrija_win1920_k1,12720,1920,process,article-2026,True,0fc96e99b9a09a800a7e28c9437774072ad2cf51,640,640,0.48538937501143664,5.719136894234171,60,2827,8084,3,main,97,41847,1026,387840,6,2.5.3,380.2353108723954,380.2390022221716,True,82.13501911035905,3691.349780811166,12.932797425353138,4584904,macOS-26.7.1-arm64-arm-64bit-Mach-O,3.14.7,True,393.105953640408,20261009T001006Z,1.18.1,0,41847,39945,73725,40081,10.789758663366337,89.21024133663367,0.006368625006871298,0.005667792007443495,0.005523040992557071,0.0004936250043101609,83,323,1806.7650649710936,623,56,37.956110972233645,2026-10-09T00:10:57+00:00,parallel,3,"block mean, streamed in bands, NaN-aware, any void -> void",0.9270833333333334,p03,10.985831664705518,486.7864007960781,1.3035014004048902,0.9907838961074884,0.11746836485330055,1.4746877176308018,1.4746858375106724,0.05166074898443185,0.09802109467530837
X7,win1920_k1_c5_d3,win1920_k1_c5_d3__win1__full_grid__climb_tiebreak__native,idrija_win1920_k1_c5,dem,full_grid,,climb_tiebreak,native,win1,win,0.0,5,height_tiebreak,0,nan,16860,1920,idrija_win1920_k1,12720,1920,process,article-2026,True,0fc96e99b9a09a800a7e28c9437774072ad2cf51,384,384,0.24261066698818468,6.827173913043478,58,5520,18843,3,main,5520,139392,277,139392,6,2.5.3,181.59719238281264,181.59886233230588,True,59.50293205675352,1669.9494936611666,14.200698482473896,1692344,macOS-26.7.1-arm64-arm-64bit-Mach-O,3.14.7,True,392.4604113769532,20261009T001006Z,1.18.1,0,139392,102542,193284,103733,100.0,0.0,0.01694591600971762,0.016890416998649016,0.01638929100590758,0.0,110,214,1252.9964086141667,358,178,36.989741174057336,2026-10-09T00:10:59+00:00,parallel,3,"block mean, streamed in bands, NaN-aware, any void -> void",0.9270833333333334,p03,,,,,,,,,
X7,win1920_k1_c5_d3,win1920_k1_c5_d3__win1__hag_cta__shared_border__climb_tiebreak__native,idrija_win1920_k1_c5,dem,hag_cta,shared_border,climb_tiebreak,native,win1,win,0.032630999994580634,5,height_tiebreak,30,10.0,16860,1920,idrija_win1920_k1,12720,1920,process,article-2026,True,0fc96e99b9a09a800a7e28c9437774072ad2cf51,384,384,0.24261066698818468,6.827173913043478,58,5520,18843,3,main,31,1408,451,139392,6,2.5.3,338.6387500000001,338.64139764501715,True,65.58247070312518,2647.6450198781713,8.32455481054096,1650536,macOS-26.7.1-arm64-arm-64bit-Mach-O,3.14.7,True,392.4604113769532,20261009T001006Z,1.18.1,0,1408,1364,1808,1366,1.0101010101010102,98.98989898989899,0.00040674999763723463,0.00031637500796932727,0.00028633399051614106,0.0008594579994678497,110,214,1252.9964086141667,358,178,36.989741174057336,2026-10-09T00:10:59+00:00,parallel,3,"block mean, streamed in bands, NaN-aware, any void -> void",0.9270833333333334,p03,17.515046350364116,165.6804152578089,1.5854641292614922,0.9752958027445957,0.013301866552242008,1.8647796563183578,1.864777087784508,0.01571458399121184,0.018731035947462553
X7,win1920_k1_c5_d3,win1920_k1_c5_d3__win1__hag_cta_ring1__shared_border__climb_tiebreak__native,idrija_win1920_k1_c5,dem,hag_cta_ring1,shared_border,climb_tiebreak,native,win1,win,0.032630999994580634,5,height_tiebreak,30,10.0,16860,1920,idrija_win1920_k1,12720,1920,process,article-2026,True,0fc96e99b9a09a800a7e28c9437774072ad2cf51,384,384,0.24261066698818468,6.827173913043478,58,5520,18843,3,main,182,7463,311,139392,6,2.5.3,210.50410156249973,210.50593322772178,True,79.75891730867653,1831.6652224137044,12.992247904827762,1646872,macOS-26.7.1-arm64-arm-64bit-Mach-O,3.14.7,True,392.4604113769532,20261009T001006Z,1.18.1,0,7463,7104,12645,7212,5.353965794306704,94.6460342056933,0.0011308749963063747,0.001006167003652081,0.000882416992681101,0.000865958005306311,110,214,1252.9964086141667,358,178,36.989741174057336,2026-10-09T00:10:59+00:00,parallel,3,"block mean, streamed in bands, NaN-aware, any void -> void",0.9270833333333334,p03,18.32709519642488,112.36102527122117,1.096838694443384,0.9731307582855495,0.06927892960933081,1.1591814763234358,1.1591809030307643,0.015018291989690624,0.05957028791725861
X7,win1920_k1_c5_d3,win1920_k1_c5_d3__win2__full_grid__climb_tiebreak__native,idrija_win1920_k1_c5,dem,full_grid,,climb_tiebreak,native,win2,win,0.0,5,height_tiebreak,0,nan,16860,1920,idrija_win1920_k1,12720,1920,process,article-2026,True,0fc96e99b9a09a800a7e28c9437774072ad2cf51,384,384,0.24261066698818468,6.827173913043478,58,5520,18843,3,main,5520,139392,255,139392,6,2.5.3,161.17002441406225,161.1716009320983,True,142.71534783620086,1576.5180361560901,12.686321718254879,1676936,macOS-26.7.1-arm64-arm-64bit-Mach-O,3.14.7,True,392.4604113769532,20261009T001006Z,1.18.1,0,139392,58210,110109,59486,100.0,0.0,0.008955832992796786,0.008695333992363885,0.008474332993500866,0.0,270,350,1122.853507809456,46,334,36.989741174057336,2026-10-09T00:10:59+00:00,parallel,3,"block mean, streamed in bands, NaN-aware, any void -> void",0.9270833333333334,p03,,,,,,,,,
X7,win1920_k1_c5_d3,win1920_k1_c5_d3__win2__hag_cta__shared_border__climb_tiebreak__native,idrija_win1920_k1_c5,dem,hag_cta,shared_border,climb_tiebreak,native,win2,win,0.032630999994580634,5,height_tiebreak,36,10.0,16860,1920,idrija_win1920_k1,12720,1920,process,article-2026,True,0fc96e99b9a09a800a7e28c9437774072ad2cf51,384,384,0.24261066698818468,6.827173913043478,58,5520,18843,3,main,37,3771,261,139392,6,2.5.3,166.72116210937452,166.72275620100362,True,158.3167480468751,1594.0916292848976,14.187279975931746,1640344,macOS-26.7.1-arm64-arm-64bit-Mach-O,3.14.7,True,392.4604113769532,20261009T001006Z,1.18.1,0,3771,3725,6321,3733,2.7053202479338845,97.29467975206612,0.0006538750021718442,0.0005127500044181943,0.0004885410016868263,0.0009514999983366579,270,350,1122.853507809456,46,334,36.989741174057336,2026-10-09T00:10:59+00:00,parallel,3,"block mean, streamed in bands, NaN-aware, any void -> void",0.9270833333333334,p03,38.06367999296976,28.284271247461902,1.01114709297691,0.9781792507287099,0.06399244116131249,1.0344427427835514,1.0344425149145478,0.007231083989609033,0.05896840821393219
X7,win1920_k1_c5_d3,win1920_k1_c5_d3__win2__hag_cta_ring1__shared_border__climb_tiebreak__native,idrija_win1920_k1_c5,dem,hag_cta_ring1,shared_border,climb_tiebreak,native,win2,win,0.032630999994580634,5,height_tiebreak,36,10.0,16860,1920,idrija_win1920_k1,12720,1920,process,article-2026,True,0fc96e99b9a09a800a7e28c9437774072ad2cf51,384,384,0.24261066698818468,6.827173913043478,58,5520,18843,3,main,192,8383,255,139392,6,2.5.3,161.17002441406225,161.1716009320983,True,142.71534783620086,1576.5180361560901,12.686321718254879,1642192,macOS-26.7.1-arm64-arm-64bit-Mach-O,3.14.7,True,392.4604113769532,20261009T001006Z,1.18.1,0,8383,7884,13744,7954,6.0139749770431585,93.98602502295684,0.0011145000025862828,0.0010632499906932935,0.0009669169958215207,0.0009157089953077957,270,350,1122.853507809456,46,334,36.989741174057336,2026-10-09T00:10:59+00:00,parallel,3,"block mean, streamed in bands, NaN-aware, any void -> void",0.9270833333333334,p03,40.98068775522712,0.0,1.0,0.9792812605847808,0.1354406459371242,1.0,1.0,0.006716375006362796,0.12227822319729456
X7,win1920_k1_c5_d3,win1920_k1_c5_d3__win3__full_grid__climb_tiebreak__native,idrija_win1920_k1_c5,dem,full_grid,,climb_tiebreak,native,win3,win,0.0,5,height_tiebreak,0,nan,16860,1920,idrija_win1920_k1,12720,1920,process,article-2026,True,0fc96e99b9a09a800a7e28c9437774072ad2cf51,384,384,0.24261066698818468,6.827173913043478,58,5520,18843,3,main,5520,139392,463,139392,6,2.5.3,256.0011767578113,256.00390511350787,True,52.95746417311078,2728.3556979968266,13.228843263673925,1693872,macOS-26.7.1-arm64-arm-64bit-Mach-O,3.14.7,True,392.4604113769532,20261009T001006Z,1.18.1,0,139392,123714,232033,124701,100.0,0.0,0.024190416996134445,0.022220624989131466,0.021095290998346172,0.0,50,194,1806.7650649710936,374,34,36.989741174057336,2026-10-09T00:10:59+00:00,parallel,3,"block mean, streamed in bands, NaN-aware, any void -> void",0.9270833333333334,p03,,,,,,,,,
X7,win1920_k1_c5_d3,win1920_k1_c5_d3__win3__hag_cta__shared_border__climb_tiebreak__native,idrija_win1920_k1_c5,dem,hag_cta,shared_border,climb_tiebreak,native,win3,win,0.032630999994580634,5,height_tiebreak,41,10.0,16860,1920,idrija_win1920_k1,12720,1920,process,article-2026,True,0fc96e99b9a09a800a7e28c9437774072ad2cf51,384,384,0.24261066698818468,6.827173913043478,58,5520,18843,3,main,42,3334,721,139392,6,2.5.3,544.7918994140622,544.7962284299246,True,100.49423671310042,4329.015869776648,9.360129423402594,1670336,macOS-26.7.1-arm64-arm-64bit-Mach-O,3.14.7,True,392.4604113769532,20261009T001006Z,1.18.1,0,3334,3331,4820,3332,2.391815886134068,97.60818411386593,0.0007348749932134524,0.0005795829929411411,0.0005070839979453012,0.001264291990082711,50,194,1806.7650649710936,374,34,36.989741174057336,2026-10-09T00:10:59+00:00,parallel,3,"block mean, streamed in bands, NaN-aware, any void -> void",0.9270833333333334,p03,13.50763330267417,650.3076195155644,1.5866757670031935,0.9861052074773065,0.02692500444573775,2.1280835749027043,2.128077804861496,0.020376750006107613,0.026083109418597646
X7,win1920_k1_c5_d3,win1920_k1_c5_d3__win3__hag_cta_ring1__shared_border__climb_tiebreak__native,idrija_win1920_k1_c5,dem,hag_cta_ring1,shared_border,climb_tiebreak,native,win3,win,0.032630999994580634,5,height_tiebreak,41,10.0,16860,1920,idrija_win1920_k1,12720,1920,process,article-2026,True,0fc96e99b9a09a800a7e28c9437774072ad2cf51,384,384,0.24261066698818468,6.827173913043478,58,5520,18843,3,main,336,10643,648,139392,6,2.5.3,376.7171826171867,376.7210575771353,True,53.31284179687373,3874.9599538664324,11.536867170472096,1667960,macOS-26.7.1-arm64-arm-64bit-Mach-O,3.14.7,True,392.4604113769532,20261009T001006Z,1.18.1,0,10643,10575,18280,10607,7.635301882460974,92.36469811753902,0.0016095829923870042,0.0015717499918537214,0.0014360829954966903,0.0009749589953571558,50,194,1806.7650649710936,374,34,36.989741174057336,2026-10-09T00:10:59+00:00,parallel,3,"block mean, streamed in bands, NaN-aware, any void -> void",0.9270833333333334,p03,13.990182074371768,650.4805915628843,1.4202546818625772,0.9847025040853146,0.08547941219263785,1.4715447303337132,1.4715441837111956,0.01967391600192059,0.07073383366230673
X7,win1920_k2_c10_d3,win1920_k2_c10_d3__win1__full_grid__climb_tiebreak__native,idrija_win1920_k2_c10,dem,full_grid,,climb_tiebreak,native,win1,win,0.0,10,height_tiebreak,0,nan,16800,1920,idrija_win1920_k2,10500,1920,process,article-2026,True,0fc96e99b9a09a800a7e28c9437774072ad2cf51,192,192,0.05814183301117737,7.117838541666667,43,3072,10933,3,main,3072,26367,185,26367,6,2.5.3,279.1365307617185,279.1387601224671,True,368.9522376134077,2229.3607486307096,14.172267725063126,427832,macOS-26.7.1-arm64-arm-64bit-Mach-O,3.14.7,True,283.41706024169923,20261009T001006Z,1.18.1,0,26367,22148,39526,22457,100.0,0.0,0.003027082988410257,0.0028984170057810843,0.002833582999301143,0.0,95,165,1542.0765220960989,121,13,24.09788812923636,2026-10-09T00:11:03+00:00,parallel,3,"block mean, streamed in bands, NaN-aware, any void -> void",0.7087673611111112,p03,,,,,,,,,
X7,win1920_k2_c10_d3,win1920_k2_c10_d3__win1__hag_cta__shared_border__climb_tiebreak__native,idrija_win1920_k2_c10,dem,hag_cta,shared_border,climb_tiebreak,native,win1,win,0.00810970799648203,10,height_tiebreak,45,20.0,16800,1920,idrija_win1920_k2,10500,1920,process,article-2026,True,0fc96e99b9a09a800a7e28c9437774072ad2cf51,192,192,0.05814183301117737,7.117838541666667,43,3072,10933,3,main,46,1119,291,26367,6,2.5.3,336.7133862304687,336.71684956091286,True,322.7353473801966,3463.3304448274093,11.602404876275893,423912,macOS-26.7.1-arm64-arm-64bit-Mach-O,3.14.7,True,283.41706024169923,20261009T001006Z,1.18.1,0,1119,1096,1450,1103,4.243941290249175,95.75605870975082,0.0003269159933552146,0.0002202500036219135,0.00018600000475998968,0.0006527499936055392,95,165,1542.0765220960989,121,13,24.09788812923636,2026-10-09T00:11:03+00:00,parallel,3,"block mean, streamed in bands, NaN-aware, any void -> void",0.7087673611111112,p03,32.71007438363037,370.5401462729781,1.5535083081347931,0.9908375250098169,0.04948528083799892,1.2062677189246145,1.2062704921852645,0.0020254170085536316,0.07598975688543447
X7,win1920_k2_c10_d3,win1920_k2_c10_d3__win1__hag_cta_ring1__shared_border__climb_tiebreak__native,idrija_win1920_k2_c10,dem,hag_cta_ring1,shared_border,climb_tiebreak,native,win1,win,0.00810970799648203,10,height_tiebreak,45,20.0,16800,1920,idrija_win1920_k2,10500,1920,process,article-2026,True,0fc96e99b9a09a800a7e28c9437774072ad2cf51,192,192,0.05814183301117737,7.117838541666667,43,3072,10933,3,main,321,4145,270,26367,6,2.5.3,305.6130200195304,305.61624435502574,True,322.7353473801966,3224.3354954612923,11.61944648892232,425024,macOS-26.7.1-arm64-arm-64bit-Mach-O,3.14.7,True,283.41706024169923,20261009T001006Z,1.18.1,0,4145,4073,6762,4090,15.720408085864907,84.2795919141351,0.0008994999952847138,0.0008638340077595785,0.0005198340077186003,0.0005931250052526593,95,165,1542.0765220960989,121,13,24.09788812923636,2026-10-09T00:11:03+00:00,parallel,3,"block mean, streamed in bands, NaN-aware, any void -> void",0.7087673611111112,p03,45.96147882214668,370.5401462729781,1.4463049542079287,0.9934366760784608,0.18389922340617662,1.0948513947119778,1.0948542016198042,0.0014414579927688465,0.2980364819957254
X7,win1920_k2_c10_d3,win1920_k2_c10_d3__win2__full_grid__climb_tiebreak__native,idrija_win1920_k2_c10,dem,full_grid,,climb_tiebreak,native,win2,win,0.0,10,height_tiebreak,0,nan,16800,1920,idrija_win1920_k2,10500,1920,process,article-2026,True,0fc96e99b9a09a800a7e28c9437774072ad2cf51,192,192,0.05814183301117737,7.117838541666667,43,3072,10933,3,main,3072,26367,127,26367,6,2.5.3,201.87405456542967,201.8755796621098,True,368.9522376134077,1525.0966799187813,14.293325028819561,429224,macOS-26.7.1-arm64-arm-64bit-Mach-O,3.14.7,True,283.41706024169923,20261009T001006Z,1.18.1,0,26367,22541,40289,22853,100.0,0.0,0.003102707996731624,0.0030083330057095736,0.0028292909992160276,0.0,105,61,1020.7840124139876,109,163,24.09788812923636,2026-10-09T00:11:03+00:00,parallel,3,"block mean, streamed in bands, NaN-aware, any void -> void",0.7087673611111112,p03,,,,,,,,,
X7,win1920_k2_c10_d3,win1920_k2_c10_d3__win2__hag_cta__shared_border__climb_tiebreak__native,idrija_win1920_k2_c10,dem,hag_cta,shared_border,climb_tiebreak,native,win2,win,0.00810970799648203,10,height_tiebreak,35,20.0,16800,1920,idrija_win1920_k2,10500,1920,process,article-2026,True,0fc96e99b9a09a800a7e28c9437774072ad2cf51,192,192,0.05814183301117737,7.117838541666667,43,3072,10933,3,main,36,1152,205,26367,6,2.5.3,251.75919860839815,251.76166110623225,True,322.7353473801966,2462.4978336205572,11.649049025738295,418952,macOS-26.7.1-arm64-arm-64bit-Mach-O,3.14.7,True,283.41706024169923,20261009T001006Z,1.18.1,0,1152,1109,1543,1131,4.369097735806121,95.63090226419388,0.00023099999816622585,0.0001748750073602423,0.00015358399832621217,0.0005053329950897023,105,61,1020.7840124139876,109,163,24.09788812923636,2026-10-09T00:11:03+00:00,parallel,3,"block mean, streamed in bands, NaN-aware, any void -> void",0.7087673611111112,p03,28.457037708413427,370.5401462729781,1.6146503143339719,0.9760684397890146,0.04919923694600949,1.2471102299419075,1.2471130065737497,0.002328125003259629,0.05813020268312837
X7,win1920_k2_c10_d3,win1920_k2_c10_d3__win2__hag_cta_ring1__shared_border__climb_tiebreak__native,idrija_win1920_k2_c10,dem,hag_cta_ring1,shared_border,climb_tiebreak,native,win2,win,0.00810970799648203,10,height_tiebreak,35,20.0,16800,1920,idrija_win1920_k2,10500,1920,process,article-2026,True,0fc96e99b9a09a800a7e28c9437774072ad2cf51,192,192,0.05814183301117737,7.117838541666667,43,3072,10933,3,main,255,3858,198,26367,6,2.5.3,219.98907165527305,219.9914268738865,True,322.7353473801966,2355.2186130069786,11.695173173793325,419656,macOS-26.7.1-arm64-arm-64bit-Mach-O,3.14.7,True,283.41706024169923,20261009T001006Z,1.18.1,0,3858,3435,5534,3487,14.631926271475708,85.36807372852428,0.0008200830052373931,0.0007897920004324988,0.0005412089958554134,0.0005298750038491562,105,61,1020.7840124139876,109,163,24.09788812923636,2026-10-09T00:11:03+00:00,parallel,3,"block mean, streamed in bands, NaN-aware, any void -> void",0.7087673611111112,p03,39.23306382176095,370.5401462729781,1.544307743908016,0.9777086090246585,0.15238898008074175,1.0897342510350785,1.0897376851727099,0.0016886660014279187,0.2625347655773271
X7,win1920_k2_c10_d3,win1920_k2_c10_d3__win3__full_grid__climb_tiebreak__native,idrija_win1920_k2_c10,dem,full_grid,,climb_tiebreak,native,win3,win,0.0,10,height_tiebreak,0,nan,16800,1920,idrija_win1920_k2,10500,1920,process,article-2026,True,0fc96e99b9a09a800a7e28c9437774072ad2cf51,192,192,0.05814183301117737,7.117838541666667,43,3072,10933,3,main,3072,26367,121,26367,6,2.5.3,119.48053771972673,119.48193654223692,True,42.49437255859334,1398.822509939086,14.629573588912582,432112,macOS-26.7.1-arm64-arm-64bit-Mach-O,3.14.7,True,283.41706024169923,20261009T001006Z,1.18.1,0,26367,6526,11999,7249,100.0,0.0,0.0009669580031186342,0.0008690419927006587,0.0007946660043671727,0.0,63,145,1120.714058089752,175,149,24.09788812923636,2026-10-09T00:11:03+00:00,parallel,3,"block mean, streamed in bands, NaN-aware, any void -> void",0.7087673611111112,p03,,,,,,,,,
X7,win1920_k2_c10_d3,win1920_k2_c10_d3__win3__hag_cta__shared_border__climb_tiebreak__native,idrija_win1920_k2_c10,dem,hag_cta,shared_border,climb_tiebreak,native,win3,win,0.00810970799648203,10,height_tiebreak,28,20.0,16800,1920,idrija_win1920_k2,10500,1920,process,article-2026,True,0fc96e99b9a09a800a7e28c9437774072ad2cf51,192,192,0.05814183301117737,7.117838541666667,43,3072,10933,3,main,29,810,141,26367,6,2.5.3,141.7166839599613,141.718398762269,True,53.7976843237562,1714.8023074035523,10.65969402552196,414144,macOS-26.7.1-arm64-arm-64bit-Mach-O,3.14.7,True,283.41706024169923,20261009T001006Z,1.18.1,0,810,782,1078,788,3.072021845488679,96.92797815451132,0.00018483299936633557,0.00017962499987334013,0.00015783400158397853,0.0005279579927446321,63,145,1120.714058089752,175,149,24.09788812923636,2026-10-09T00:11:03+00:00,parallel,3,"block mean, streamed in bands, NaN-aware, any void -> void",0.7087673611111112,p03,410.3304304729411,67.08203932499369,1.225889843221229,0.958418187877217,0.11982837879252221,1.1861068477310954,1.1861073134864322,0.00016145900008268654,0.20669311883897873
X7,win1920_k2_c10_d3,win1920_k2_c10_d3__win3__hag_cta_ring1__shared_border__climb_tiebreak__native,idrija_win1920_k2_c10,dem,hag_cta_ring1,shared_border,climb_tiebreak,native,win3,win,0.00810970799648203,10,height_tiebreak,28,20.0,16800,1920,idrija_win1920_k2,10500,1920,process,article-2026,True,0fc96e99b9a09a800a7e28c9437774072ad2cf51,192,192,0.05814183301117737,7.117838541666667,43,3072,10933,3,main,207,2692,123,26367,6,2.5.3,120.70311584472734,120.70453466723754,True,42.49437255859334,1418.822509939086,14.47003609722123,415552,macOS-26.7.1-arm64-arm-64bit-Mach-O,3.14.7,True,283.41706024169923,20261009T001006Z,1.18.1,0,2692,2568,4126,2607,10.209731861796943,89.79026813820306,0.0004520419897744432,0.0003009590000147,0.00022837499273009598,0.0005375829932745546,63,145,1120.714058089752,175,149,24.09788812923636,2026-10-09T00:11:03+00:00,parallel,3,"block mean, streamed in bands, NaN-aware, any void -> void",0.7087673611111112,p03,2172.1817143015273,64.03124237432849,1.014297739604484,0.9616766023623505,0.3935029114311983,1.0102324457885223,1.0102324933825326,3.0499999411404133e-05,0.3463112283900477
X7,win1920_k2_c1_d3,win1920_k2_c1_d3__win1__full_grid__climb_tiebreak__native,idrija_win1920_k2_c1,dem,full_grid,,climb_tiebreak,native,win1,win,0.0,1,height_tiebreak,0,nan,16800,1920,idrija_win1920_k2,10500,1920,process,article-2026,True,0fc96e99b9a09a800a7e28c9437774072ad2cf51,1920,1920,1.2671650410047732,5.519335511982571,53,7344,20267,3,main,7344,2647980,1911,2647980,6,2.5.3,393.30126953125,393.30360534278554,True,2195.2290571083463,2335.811542119542,9.900783428617745,40804312,macOS-26.7.1-arm64-arm-64bit-Mach-O,3.14.7,True,365.0989990234375,20261009T001006Z,1.18.1,0,2647980,2410006,4300121,2413457,100.0,0.0,0.41304324999509845,0.4066520420019515,0.4055309160030447,0.0,950,1650,1542.0765220960989,1210,130,20.646206418790698,2026-10-09T00:10:19+00:00,parallel,3,"block mean, streamed in bands, NaN-aware, any void -> void",0.7087673611111112,p06,,,,,,,,,
X7,win1920_k2_c1_d3,win1920_k2_c1_d3__win1__hag_cta__shared_border__climb_tiebreak__native,idrija_win1920_k2_c1,dem,hag_cta,shared_border,climb_tiebreak,native,win1,win,0.20043179199274164,1,height_tiebreak,51,2.0,16800,1920,idrija_win1920_k2,10500,1920,process,article-2026,True,0fc96e99b9a09a800a7e28c9437774072ad2cf51,1920,1920,1.2671650410047732,5.519335511982571,53,7344,20267,3,main,52,200110,3629,2647980,6,2.5.3,509.6893310546875,509.69362096794765,True,2195.2290571083463,4289.913272672207,8.876385623700775,40804760,macOS-26.7.1-arm64-arm-64bit-Mach-O,3.14.7,True,365.0989990234375,20261009T001006Z,1.18.1,0,200110,196805,338766,196898,7.557081246837212,92.44291875316279,0.02821070799836889,0.02775554099935107,0.027170875007868744,0.0009655000030761585,950,1650,1542.0765220960989,1210,130,20.646206418790698,2026-10-09T00:10:19+00:00,parallel,3,"block mean, streamed in bands, NaN-aware, any void -> void",0.7087673611111112,p06,3.883240139380263,379.0052770081177,1.8365836435500662,1.0000109792318028,0.08166162241919729,1.2959259746660692,1.295929185606427,0.37793100099952426,0.06825378488869822
X7,win1920_k2_c1_d3,win1920_k2_c1_d3__win1__hag_cta_ring1__shared_border__climb_tiebreak__native,idrija_win1920_k2_c1,dem,hag_cta_ring1,shared_border,climb_tiebreak,native,win1,win,0.20043179199274164,1,height_tiebreak,51,2.0,16800,1920,idrija_win1920_k2,10500,1920,process,article-2026,True,0fc96e99b9a09a800a7e28c9437774072ad2cf51,1920,1920,1.2671650410047732,5.519335511982571,53,7344,20267,3,main,821,546240,2789,2647980,6,2.5.3,442.222412109375,442.2257907779054,True,2195.2290571083463,3378.668539944034,8.85510299967573,40763160,macOS-26.7.1-arm64-arm-64bit-Mach-O,3.14.7,True,365.0989990234375,20261009T001006Z,1.18.1,0,546240,530568,940217,531030,20.62855459633381,79.37144540366619,0.07575725000060629,0.07505145799950697,0.07422770799894352,0.00102599999809172,950,1650,1542.0765220960989,1210,130,20.646206418790698,2026-10-09T00:10:19+00:00,parallel,3,"block mean, streamed in bands, NaN-aware, any void -> void",0.7087673611111112,p06,4.439533176507576,362.60446770551516,1.4464645280749797,0.9989914791358325,0.22015214899879917,1.1243859259250062,1.1243878387346118,0.3305745840043528,0.18455940275137436
X7,win1920_k2_c1_d3,win1920_k2_c1_d3__win2__full_grid__climb_tiebreak__native,idrija_win1920_k2_c1,dem,full_grid,,climb_tiebreak,native,win2,win,0.0,1,height_tiebreak,0,nan,16800,1920,idrija_win1920_k2,10500,1920,process,article-2026,True,0fc96e99b9a09a800a7e28c9437774072ad2cf51,1920,1920,1.2671650410047732,5.519335511982571,53,7344,20267,3,main,7344,2647980,1285,2647980,6,2.5.3,287.52923583984375,287.53079404921914,True,2195.2290571083463,1558.2093782909892,9.047042647829631,40805688,macOS-26.7.1-arm64-arm-64bit-Mach-O,3.14.7,True,365.0989990234375,20261009T001006Z,1.18.1,0,2647980,2208931,3878694,2213939,100.0,0.0,0.3790060830069706,0.37857979100954253,0.37651058299525175,0.0,1050,610,1020.7840124139876,1090,1630,20.646206418790698,2026-10-09T00:10:19+00:00,parallel,3,"block mean, streamed in bands, NaN-aware, any void -> void",0.7087673611111112,p06,,,,,,,,,
X7,win1920_k2_c1_d3,win1920_k2_c1_d3__win2__hag_cta__shared_border__climb_tiebreak__native,idrija_win1920_k2_c1,dem,hag_cta,shared_border,climb_tiebreak,native,win2,win,0.20043179199274164,1,height_tiebreak,47,2.0,16800,1920,idrija_win1920_k2,10500,1920,process,article-2026,True,0fc96e99b9a09a800a7e28c9437774072ad2cf51,1920,1920,1.2671650410047732,5.519335511982571,53,7344,20267,3,main,48,269946,2294,2647980,6,2.5.3,368.44757080078125,368.4503339331675,True,2195.2290571083463,2763.1323932934633,10.291993126544483,40728768,macOS-26.7.1-arm64-arm-64bit-Mach-O,3.14.7,True,365.0989990234375,20261009T001006Z,1.18.1,0,269946,261446,446795,261791,10.194412344504112,89.80558765549588,0.03671104199020192,0.03634166601113975,0.03622741599974688,0.001014374996884726,1050,610,1020.7840124139876,1090,1630,20.646206418790698,2026-10-09T00:10:19+00:00,parallel,3,"block mean, streamed in bands, NaN-aware, any void -> void",0.7087673611111112,p06,4.300980904731824,358.9428923937623,1.7732741387579172,0.9981149686778961,0.11835860875690549,1.281426459902706,1.2814291253621226,0.34122375000151806,0.09599473314259323
X7,win1920_k2_c1_d3,win1920_k2_c1_d3__win2__hag_cta_ring1__shared_border__climb_tiebreak__native,idrija_win1920_k2_c1,dem,hag_cta_ring1,shared_border,climb_tiebreak,native,win2,win,0.20043179199274164,1,height_tiebreak,47,2.0,16800,1920,idrija_win1920_k2,10500,1920,process,article-2026,True,0fc96e99b9a09a800a7e28c9437774072ad2cf51,1920,1920,1.2671650410047732,5.519335511982571,53,7344,20267,3,main,585,538568,1672,2647980,6,2.5.3,306.22393798828125,306.2259498860386,True,2195.2290571083463,2011.8977618330575,11.093089122155613,40695560,macOS-26.7.1-arm64-arm-64bit-Mach-O,3.14.7,True,365.0989990234375,20261009T001006Z,1.18.1,0,538568,505284,867682,506148,20.33882431136187,79.66117568863812,0.07271054199372884,0.07269370899302885,0.07214458299858961,0.0010874579893425107,1050,610,1020.7840124139876,1090,1630,20.646206418790698,2026-10-09T00:10:19+00:00,parallel,3,"block mean, streamed in bands, NaN-aware, any void -> void",0.7087673611111112,p06,4.814971975945293,216.01157376399996,1.2911600904620817,0.997301160563694,0.22874594090987904,1.065018439233952,1.0650196647584789,0.30479862402717117,0.192016876545839
X7,win1920_k2_c1_d3,win1920_k2_c1_d3__win3__full_grid__climb_tiebreak__native,idrija_win1920_k2_c1,dem,full_grid,,climb_tiebreak,native,win3,win,0.0,1,height_tiebreak,0,nan,16800,1920,idrija_win1920_k2,10500,1920,process,article-2026,True,0fc96e99b9a09a800a7e28c9437774072ad2cf51,1920,1920,1.2671650410047732,5.519335511982571,53,7344,20267,3,main,7344,2647980,1389,2647980,6,2.5.3,172.28857421875,172.2902505113856,True,315.24658203125,1676.2926394116744,8.830237834847937,40828048,macOS-26.7.1-arm64-arm-64bit-Mach-O,3.14.7,True,365.0989990234375,20261009T001006Z,1.18.1,0,2647980,730440,1331856,736368,100.0,0.0,0.12332120801147539,0.12306825000268873,0.12218358300742693,0.0,630,1450,1120.714058089752,1750,1490,20.646206418790698,2026-10-09T00:10:19+00:00,parallel,3,"block mean, streamed in bands, NaN-aware, any void -> void",0.7087673611111112,p06,,,,,,,,,
X7,win1920_k2_c1_d3,win1920_k2_c1_d3__win3__hag_cta__shared_border__climb_tiebreak__native,idrija_win1920_k2_c1,dem,hag_cta,shared_border,climb_tiebreak,native,win3,win,0.20043179199274164,1,height_tiebreak,36,2.0,16800,1920,idrija_win1920_k2,10500,1920,process,article-2026,True,0fc96e99b9a09a800a7e28c9437774072ad2cf51,1920,1920,1.2671650410047732,5.519335511982571,53,7344,20267,3,main,37,125075,1773,2647980,6,2.5.3,238.8262939453125,238.82840062986574,True,323.0224609375,2106.684558397461,7.8942132542503485,40677344,macOS-26.7.1-arm64-arm-64bit-Mach-O,3.14.7,True,365.0989990234375,20261009T001006Z,1.18.1,0,125075,120834,210449,120995,4.7234118082462855,95.2765881917537,0.017281416992773302,0.017167790996609256,0.016932082988205366,0.0010455409938003868,630,1450,1120.714058089752,1750,1490,20.646206418790698,2026-10-09T00:10:19+00:00,parallel,3,"block mean, streamed in bands, NaN-aware, any void -> void",0.7087673611111112,p06,13.99645205793448,213.58136622842358,1.256752257253149,0.9963088120205992,0.16542631838344013,1.3861992591689882,1.3861979997184055,0.10485491801227909,0.1394981321033994
X7,win1920_k2_c1_d3,win1920_k2_c1_d3__win3__hag_cta_ring1__shared_border__climb_tiebreak__native,idrija_win1920_k2_c1,dem,hag_cta_ring1,shared_border,climb_tiebreak,native,win3,win,0.20043179199274164,1,height_tiebreak,36,2.0,16800,1920,idrija_win1920_k2,10500,1920,process,article-2026,True,0fc96e99b9a09a800a7e28c9437774072ad2cf51,1920,1920,1.2671650410047732,5.519335511982571,53,7344,20267,3,main,520,252372,1368,2647980,6,2.5.3,172.668212890625,172.66985534264032,True,354.022216796875,1642.4520189781083,11.097165972693858,40673176,macOS-26.7.1-arm64-arm-64bit-Mach-O,3.14.7,True,365.0989990234375,20261009T001006Z,1.18.1,0,252372,215513,381989,216760,9.530736636983663,90.46926336301634,0.03209270798834041,0.031274041000870056,0.031269833008991554,0.0011000420054187998,630,1450,1120.714058089752,1750,1490,20.646206418790698,2026-10-09T00:10:19+00:00,parallel,3,"block mean, streamed in bands, NaN-aware, any void -> void",0.7087673611111112,p06,16.181821627578007,30.0,0.9798122239292042,0.9962067253374445,0.29504545205629484,1.0022035046351534,1.0022032867798845,0.09069416699639987,0.2541194906093716
X7,win1920_k2_c20_d3,win1920_k2_c20_d3__win1__full_grid__climb_tiebreak__native,idrija_win1920_k2_c20,dem,full_grid,,climb_tiebreak,native,win1,win,0.0,20,height_tiebreak,0,nan,16800,1920,idrija_win1920_k2,10500,1920,process,article-2026,True,0fc96e99b9a09a800a7e28c9437774072ad2cf51,96,96,0.020031915992149152,7.475603745687531,38,2029,7584,3,main,2029,6510,99,6510,6,2.5.3,239.4738247680673,239.47624040298632,True,190.98776293404435,2415.634918610405,14.150385265690629,113072,macOS-26.7.1-arm64-arm-64bit-Mach-O,3.14.7,True,269.1932623291016,20261009T001006Z,1.18.1,0,6510,5153,9189,5297,100.0,0.0,0.0007540420047007501,0.0006007500051055104,0.000512500002514571,0.0,47,82,1542.0765220960989,60,6,23.1328437605828,2026-10-09T00:11:05+00:00,parallel,3,"block mean, streamed in bands, NaN-aware, any void -> void",0.7087673611111112,p04,,,,,,,,,
X7,win1920_k2_c20_d3,win1920_k2_c20_d3__win1__hag_cta__shared_border__climb_tiebreak__native,idrija_win1920_k2_c20,dem,hag_cta,shared_border,climb_tiebreak,native,win1,win,0.00264641699322965,20,height_tiebreak,46,40.0,16800,1920,idrija_win1920_k2,10500,1920,process,article-2026,True,0fc96e99b9a09a800a7e28c9437774072ad2cf51,96,96,0.020031915992149152,7.475603745687531,38,2029,7584,3,main,47,218,125,6510,6,2.5.3,256.3394445800784,256.3424299206251,True,191.16364355362444,2985.3405460951767,14.150283616064211,108312,macOS-26.7.1-arm64-arm-64bit-Mach-O,3.14.7,True,269.1932623291016,20261009T001006Z,1.18.1,0,218,216,245,216,3.348694316436252,96.65130568356375,0.0001111250021494925,8.333299774676561e-05,7.949999417178333e-05,0.0003766250010812655,47,82,1542.0765220960989,60,6,23.1328437605828,2026-10-09T00:11:05+00:00,parallel,3,"block mean, streamed in bands, NaN-aware, any void -> void",0.7087673611111112,p04,161.0768507743495,339.4112549695428,1.2358409472787781,0.9579029291071176,0.04191732971084805,1.0704278216140977,1.0704294901626008,0.00014079200627747923,0.1387149347291803
X7,win1920_k2_c20_d3,win1920_k2_c20_d3__win1__hag_cta_ring1__shared_border__climb_tiebreak__native,idrija_win1920_k2_c20,dem,hag_cta_ring1,shared_border,climb_tiebreak,native,win1,win,0.00264641699322965,20,height_tiebreak,46,40.0,16800,1920,idrija_win1920_k2,10500,1920,process,article-2026,True,0fc96e99b9a09a800a7e28c9437774072ad2cf51,96,96,0.020031915992149152,7.475603745687531,38,2029,7584,3,main,234,946,105,6510,6,2.5.3,243.92886505126967,243.9314669603587,True,191.16364355362444,2601.9090885901005,14.16028328907422,108768,macOS-26.7.1-arm64-arm-64bit-Mach-O,3.14.7,True,269.1932623291016,20261009T001006Z,1.18.1,0,946,926,1513,940,14.531490015360983,85.46850998463901,0.0002392919996054843,0.00012229199637658894,0.00010208299499936402,0.0003986249939771369,47,82,1542.0765220960989,60,6,23.1328437605828,2026-10-09T00:11:05+00:00,parallel,3,"block mean, streamed in bands, NaN-aware, any void -> void",0.7087673611111112,p04,284.07211046570023,216.33307652783935,1.0771118882843647,0.961935757747276,0.17970114496409859,1.0186034539996893,1.01860404418357,7.98330147517845e-05,0.2035655353096679
X7,win1920_k2_c20_d3,win1920_k2_c20_d3__win2__full_grid__climb_tiebreak__native,idrija_win1920_k2_c20,dem,full_grid,,climb_tiebreak,native,win2,win,0.0,20,height_tiebreak,0,nan,16800,1920,idrija_win1920_k2,10500,1920,process,article-2026,True,0fc96e99b9a09a800a7e28c9437774072ad2cf51,96,96,0.020031915992149152,7.475603745687531,38,2029,7584,3,main,2029,6510,82,6510,6,2.5.3,179.847657318115,179.8495755518801,True,141.10365073070602,1918.2337649086287,14.23109805736223,115312,macOS-26.7.1-arm64-arm-64bit-Mach-O,3.14.7,True,269.1932623291016,20261009T001006Z,1.18.1,0,6510,5781,10480,5897,100.0,0.0,0.0008224580087698996,0.0007047499966574833,0.0007011669949861243,0.0,52,30,1020.7840124139876,54,81,23.1328437605828,2026-10-09T00:11:05+00:00,parallel,3,"block mean, streamed in bands, NaN-aware, any void -> void",0.7087673611111112,p04,,,,,,,,,
X7,win1920_k2_c20_d3,win1920_k2_c20_d3__win2__hag_cta__shared_border__climb_tiebreak__native,idrija_win1920_k2_c20,dem,hag_cta,shared_border,climb_tiebreak,native,win2,win,0.00264641699322965,20,height_tiebreak,31,40.0,16800,1920,idrija_win1920_k2,10500,1920,process,article-2026,True,0fc96e99b9a09a800a7e28c9437774072ad2cf51,96,96,0.020031915992149152,7.475603745687531,38,2029,7584,3,main,32,184,92,6510,6,2.5.3,194.44227340698228,194.44447448345986,True,191.16364355362444,2201.076477383248,14.149362343243018,107520,macOS-26.7.1-arm64-arm-64bit-Mach-O,3.14.7,True,269.1932623291016,20261009T001006Z,1.18.1,0,184,183,198,184,2.82642089093702,97.17357910906298,0.0001780419988790527,0.00015400000847876072,6.62079983158037e-05,0.000436707996414043,52,30,1020.7840124139876,54,81,23.1328437605828,2026-10-09T00:11:05+00:00,parallel,3,"block mean, streamed in bands, NaN-aware, any void -> void",0.7087673611111112,p04,198.85949582654175,388.329756778952,1.147449553672147,0.932426807270709,0.0316554229372081,1.0811498815525424,1.0811505886894333,0.00011404199176467955,0.21851721774978103
X7,win1920_k2_c20_d3,win1920_k2_c20_d3__win2__hag_cta_ring1__shared_border__climb_tiebreak__native,idrija_win1920_k2_c20,dem,hag_cta_ring1,shared_border,climb_tiebreak,native,win2,win,0.00264641699322965,20,height_tiebreak,31,40.0,16800,1920,idrija_win1920_k2,10500,1920,process,article-2026,True,0fc96e99b9a09a800a7e28c9437774072ad2cf51,96,96,0.020031915992149152,7.475603745687531,38,2029,7584,3,main,169,785,76,6510,6,2.5.3,185.4361531066894,185.43803418316693,True,191.16364355362444,1881.0764773832475,14.150373953977029,108552,macOS-26.7.1-arm64-arm-64bit-Mach-O,3.14.7,True,269.1932623291016,20261009T001006Z,1.18.1,0,785,727,1233,757,12.058371735791091,87.9416282642089,0.00017462500545661896,0.00010670899064280093,8.870899910107255e-05,0.00036874999932479113,52,30,1020.7840124139876,54,81,23.1328437605828,2026-10-09T00:11:05+00:00,parallel,3,"block mean, streamed in bands, NaN-aware, any void -> void",0.7087673611111112,p04,98.90633441219317,388.329756778952,0.980629426816939,0.9413764395726377,0.12575678948278846,1.0310734978253815,1.031072959800646,0.00022929100668989122,0.15141396402824353
X7,win1920_k2_c20_d3,win1920_k2_c20_d3__win3__full_grid__climb_tiebreak__native,idrija_win1920_k2_c20,dem,full_grid,,climb_tiebreak,native,win3,win,0.0,20,height_tiebreak,0,nan,16800,1920,idrija_win1920_k2,10500,1920,process,article-2026,True,0fc96e99b9a09a800a7e28c9437774072ad2cf51,96,96,0.020031915992149152,7.475603745687531,38,2029,7584,3,main,2029,6510,60,6510,6,2.5.3,97.81363571166958,97.81500624990841,True,25.40361328124959,1370.5382386916235,14.351405614445992,113640,macOS-26.7.1-arm64-arm-64bit-Mach-O,3.14.7,True,269.1932623291016,20261009T001006Z,1.18.1,0,6510,1358,2539,1595,100.0,0.0,0.00023483300174120814,0.0001651250058785081,0.00012199999764561653,0.0,31,72,1120.714058089752,87,74,23.1328437605828,2026-10-09T00:11:05+00:00,parallel,3,"block mean, streamed in bands, NaN-aware, any void -> void",0.7087673611111112,p04,,,,,,,,,
X7,win1920_k2_c20_d3,win1920_k2_c20_d3__win3__hag_cta__shared_border__climb_tiebreak__native,idrija_win1920_k2_c20,dem,hag_cta,shared_border,climb_tiebreak,native,win3,win,0.00264641699322965,20,height_tiebreak,21,40.0,16800,1920,idrija_win1920_k2,10500,1920,process,article-2026,True,0fc96e99b9a09a800a7e28c9437774072ad2cf51,96,96,0.020031915992149152,7.475603745687531,38,2029,7584,3,main,22,216,66,6510,6,2.5.3,112.81219619750959,112.81385242117342,True,39.7040765139654,1656.223663640862,14.154167072855959,107816,macOS-26.7.1-arm64-arm-64bit-Mach-O,3.14.7,True,269.1932623291016,20261009T001006Z,1.18.1,0,216,214,262,214,3.3179723502304146,96.68202764976958,0.00010108400601893663,6.312500045169145e-05,5.4791002185083926e-05,0.0003766669979086146,31,72,1120.714058089752,87,74,23.1328437605828,2026-10-09T00:11:05+00:00,parallel,3,"block mean, streamed in bands, NaN-aware, any void -> void",0.7087673611111112,p04,inf,89.44271909999159,1.2084476134149795,0.9487504399859205,0.15758468335787923,1.1533381350842746,1.1533389072525777,-0.00027466699248179793,0.3822861359843713
X7,win1920_k2_c20_d3,win1920_k2_c20_d3__win3__hag_cta_ring1__shared_border__climb_tiebreak__native,idrija_win1920_k2_c20,dem,hag_cta_ring1,shared_border,climb_tiebreak,native,win3,win,0.00264641699322965,20,height_tiebreak,21,40.0,16800,1920,idrija_win1920_k2,10500,1920,process,article-2026,True,0fc96e99b9a09a800a7e28c9437774072ad2cf51,96,96,0.020031915992149152,7.475603745687531,38,2029,7584,3,main,143,712,60,6510,6,2.5.3,97.81363571166958,97.81500624990841,True,25.40361328124959,1370.5382386916235,14.351405614445992,109256,macOS-26.7.1-arm64-arm-64bit-Mach-O,3.14.7,True,269.1932623291016,20261009T001006Z,1.18.1,0,712,637,1046,676,10.937019969278033,89.06298003072197,0.00017216599371749908,8.91250092536211e-05,7.191700569819659e-05,0.0003886659978888929,31,72,1120.714058089752,87,74,23.1328437605828,2026-10-09T00:11:05+00:00,parallel,3,"block mean, streamed in bands, NaN-aware, any void -> void",0.7087673611111112,p04,inf,0.0,1.0,0.9614220344948962,0.4690721649484536,1.0,1.0,-0.0003126660012640059,0.5397426560529267
X7,win1920_k2_c3_d3,win1920_k2_c3_d3__win1__full_grid__climb_tiebreak__native,idrija_win1920_k2_c3,dem,full_grid,,climb_tiebreak,native,win1,win,0.0,3,height_tiebreak,0,nan,16800,1920,idrija_win1920_k2,10500,1920,process,article-2026,True,0fc96e99b9a09a800a7e28c9437774072ad2cf51,640,640,0.3049766250042012,5.822325385102342,54,4739,13796,3,main,4739,294220,619,294220,6,2.5.3,342.77248128255087,342.7748223976978,True,819.6564647369806,2341.1151493507605,11.296801965093538,4587320,macOS-26.7.1-arm64-arm-64bit-Mach-O,3.14.7,True,328.0286254882813,20261009T001006Z,1.18.1,0,294220,260801,469433,262214,100.0,0.0,0.04415808300836943,0.042347750000772066,0.03808408400800545,0.0,316,550,1542.0765220960989,403,43,23.535622369184754,2026-10-09T00:10:58+00:00,parallel,3,"block mean, streamed in bands, NaN-aware, any void -> void",0.7087673611111112,p06,,,,,,,,,
X7,win1920_k2_c3_d3,win1920_k2_c3_d3__win1__hag_cta__shared_border__climb_tiebreak__native,idrija_win1920_k2_c3,dem,hag_cta,shared_border,climb_tiebreak,native,win1,win,0.04521558299893513,3,height_tiebreak,56,6.0,16800,1920,idrija_win1920_k2,10500,1920,process,article-2026,True,0fc96e99b9a09a800a7e28c9437774072ad2cf51,640,640,0.3049766250042012,5.822325385102342,54,4739,13796,3,main,57,20848,973,294220,6,2.5.3,391.8034735785586,391.8070258105851,True,784.6059516668137,3552.2320318050743,9.240379232643926,4573560,macOS-26.7.1-arm64-arm-64bit-Mach-O,3.14.7,True,328.0286254882813,20261009T001006Z,1.18.1,0,20848,20474,34629,20547,7.085854122765277,92.91414587723472,0.0028922079945914447,0.0027142920007463545,0.0026680829905672,0.0007222919957712293,316,550,1542.0765220960989,403,43,23.535622369184754,2026-10-09T00:10:58+00:00,parallel,3,"block mean, streamed in bands, NaN-aware, any void -> void",0.7087673611111112,p06,8.999787052509475,358.8983142897163,1.5173247812223938,0.997000427264721,0.0785043002135728,1.1430423822605262,1.1430449385690256,0.03891116600425448,0.06409530614251922
X7,win1920_k2_c3_d3,win1920_k2_c3_d3__win1__hag_cta_ring1__shared_border__climb_tiebreak__native,idrija_win1920_k2_c3,dem,hag_cta_ring1,shared_border,climb_tiebreak,native,win1,win,0.04521558299893513,3,height_tiebreak,56,6.0,16800,1920,idrija_win1920_k2,10500,1920,process,article-2026,True,0fc96e99b9a09a800a7e28c9437774072ad2cf51,640,640,0.3049766250042012,5.822325385102342,54,4739,13796,3,main,470,49117,842,294220,6,2.5.3,363.13041856553787,363.1335442462675,True,784.6059516668137,3125.680733252854,10.606943140601883,4569712,macOS-26.7.1-arm64-arm-64bit-Mach-O,3.14.7,True,328.0286254882813,20261009T001006Z,1.18.1,0,49117,47717,83585,47819,16.6939704982666,83.3060295017334,0.006552249993546866,0.006386417007888667,0.0062152080063242465,0.0007738749991403893,316,550,1542.0765220960989,403,43,23.535622369184754,2026-10-09T00:10:58+00:00,parallel,3,"block mean, streamed in bands, NaN-aware, any void -> void",0.7087673611111112,p06,9.95218830713509,287.70297183032363,1.3351247306736151,0.996161593261425,0.18296325550898962,1.0593919827134715,1.059393865938464,0.03518745799374301,0.15080888613379065
X7,win1920_k2_c3_d3,win1920_k2_c3_d3__win2__full_grid__climb_tiebreak__native,idrija_win1920_k2_c3,dem,full_grid,,climb_tiebreak,native,win2,win,0.0,3,height_tiebreak,0,nan,16800,1920,idrija_win1920_k2,10500,1920,process,article-2026,True,0fc96e99b9a09a800a7e28c9437774072ad2cf51,640,640,0.3049766250042012,5.822325385102342,54,4739,13796,3,main,4739,294220,431,294220,6,2.5.3,252.00197347005212,252.00358531399095,True,819.6564647369806,1611.8439379638953,10.9395731768177,4589176,macOS-26.7.1-arm64-arm-64bit-Mach-O,3.14.7,True,328.0286254882813,20261009T001006Z,1.18.1,0,294220,250980,442994,252751,100.0,0.0,0.03702370800601784,0.036778749999939464,0.036653832998126745,0.0,350,203,1020.7840124139876,363,543,23.535622369184754,2026-10-09T00:10:58+00:00,parallel,3,"block mean, streamed in bands, NaN-aware, any void -> void",0.7087673611111112,p06,,,,,,,,,
X7,win1920_k2_c3_d3,win1920_k2_c3_d3__win2__hag_cta__shared_border__climb_tiebreak__native,idrija_win1920_k2_c3,dem,hag_cta,shared_border,climb_tiebreak,native,win2,win,0.04521558299893513,3,height_tiebreak,43,6.0,16800,1920,idrija_win1920_k2,10500,1920,process,article-2026,True,0fc96e99b9a09a800a7e28c9437774072ad2cf51,640,640,0.3049766250042012,5.822325385102342,54,4739,13796,3,main,44,19826,643,294220,6,2.5.3,275.8334893120651,275.83582662613287,True,784.6059516668137,2337.314067436484,9.27084190121752,4551272,macOS-26.7.1-arm64-arm-64bit-Mach-O,3.14.7,True,328.0286254882813,20261009T001006Z,1.18.1,0,19826,19409,32538,19496,6.738495003738699,93.26150499626131,0.0026839580095838755,0.002517457993235439,0.002442915996653028,0.0007514579920098186,350,203,1020.7840124139876,363,543,23.535622369184754,2026-10-09T00:10:58+00:00,parallel,3,"block mean, streamed in bands, NaN-aware, any void -> void",0.7087673611111112,p06,10.450430994363492,259.2006944435142,1.4500870787707978,0.991740565190788,0.07733285520758626,1.0945687667197779,1.0945710406558202,0.033509834014694206,0.06844871000889326
X7,win1920_k2_c3_d3,win1920_k2_c3_d3__win2__hag_cta_ring1__shared_border__climb_tiebreak__native,idrija_win1920_k2_c3,dem,hag_cta_ring1,shared_border,climb_tiebreak,native,win2,win,0.04521558299893513,3,height_tiebreak,43,6.0,16800,1920,idrija_win1920_k2,10500,1920,process,article-2026,True,0fc96e99b9a09a800a7e28c9437774072ad2cf51,640,640,0.3049766250042012,5.822325385102342,54,4739,13796,3,main,327,43409,555,294220,6,2.5.3,265.4147474500868,265.416800881904,True,784.6059516668137,2053.431816442575,10.623398848399832,4551552,macOS-26.7.1-arm64-arm-64bit-Mach-O,3.14.7,True,328.0286254882813,20261009T001006Z,1.18.1,0,43409,42592,71770,42727,14.75392563387941,85.2460743661206,0.0056693750084377825,0.0054574590030824766,0.005339625000488013,0.0007747079944238067,350,203,1020.7840124139876,363,543,23.535622369184754,2026-10-09T00:10:58+00:00,parallel,3,"block mean, streamed in bands, NaN-aware, any void -> void",0.7087673611111112,p06,11.464202329119491,205.7790076757102,1.2739644131034793,0.9918015783225572,0.16970276516057056,1.0532248767552952,1.0532262886307768,0.03054658300243318,0.14838620135517003
X7,win1920_k2_c3_d3,win1920_k2_c3_d3__win3__full_grid__climb_tiebreak__native,idrija_win1920_k2_c3,dem,full_grid,,climb_tiebreak,native,win3,win,0.0,3,height_tiebreak,0,nan,16800,1920,idrija_win1920_k2,10500,1920,process,article-2026,True,0fc96e99b9a09a800a7e28c9437774072ad2cf51,640,640,0.3049766250042012,5.822325385102342,54,4739,13796,3,main,4739,294220,420,294220,6,2.5.3,143.36738416883645,143.36891827770995,True,135.42209201388764,1534.1088732276007,9.903127791808437,4621960,macOS-26.7.1-arm64-arm-64bit-Mach-O,3.14.7,True,328.0286254882813,20261009T001006Z,1.18.1,0,294220,71812,132355,73666,100.0,0.0,0.011436291999416426,0.011172708997037262,0.011084875004598871,0.0,210,483,1120.714058089752,583,496,23.535622369184754,2026-10-09T00:10:58+00:00,parallel,3,"block mean, streamed in bands, NaN-aware, any void -> void",0.7087673611111112,p06,,,,,,,,,
X7,win1920_k2_c3_d3,win1920_k2_c3_d3__win3__hag_cta__shared_border__climb_tiebreak__native,idrija_win1920_k2_c3,dem,hag_cta,shared_border,climb_tiebreak,native,win3,win,0.04521558299893513,3,height_tiebreak,34,6.0,16800,1920,idrija_win1920_k2,10500,1920,process,article-2026,True,0fc96e99b9a09a800a7e28c9437774072ad2cf51,640,640,0.3049766250042012,5.822325385102342,54,4739,13796,3,main,35,11456,476,294220,6,2.5.3,160.07097032335037,160.0727097114447,True,168.808221051454,1739.3880938411796,9.947966310832612,4539272,macOS-26.7.1-arm64-arm-64bit-Mach-O,3.14.7,True,328.0286254882813,20261009T001006Z,1.18.1,0,11456,10658,18025,10709,3.893684997620828,96.10631500237918,0.0016277499962598085,0.001550083004985936,0.0014844999968772754,0.0007272079965332523,210,483,1120.714058089752,583,496,23.535622369184754,2026-10-09T00:10:58+00:00,parallel,3,"block mean, streamed in bands, NaN-aware, any void -> void",0.7087673611111112,p06,39.36770685532478,47.43416490252569,1.1338100731936276,0.9821097543033691,0.14841530663398875,1.1165089692565149,1.1165091543857435,0.008895417995518073,0.13873833153597587
X7,win1920_k2_c3_d3,win1920_k2_c3_d3__win3__hag_cta_ring1__shared_border__climb_tiebreak__native,idrija_win1920_k2_c3,dem,hag_cta_ring1,shared_border,climb_tiebreak,native,win3,win,0.04521558299893513,3,height_tiebreak,34,6.0,16800,1920,idrija_win1920_k2,10500,1920,process,article-2026,True,0fc96e99b9a09a800a7e28c9437774072ad2cf51,640,640,0.3049766250042012,5.822325385102342,54,4739,13796,3,main,359,24496,420,294220,6,2.5.3,143.36738416883645,143.36891827770995,True,135.42209201388764,1534.1088732276007,9.903127791808437,4540504,macOS-26.7.1-arm64-arm-64bit-Mach-O,3.14.7,True,328.0286254882813,20261009T001006Z,1.18.1,0,24496,22810,40228,23015,8.325742641560737,91.67425735843926,0.0033235000009881333,0.0031718750105937943,0.00314079099916853,0.0007735419931123033,210,483,1120.714058089752,583,496,23.535622369184754,2026-10-09T00:10:58+00:00,parallel,3,"block mean, streamed in bands, NaN-aware, any void -> void",0.7087673611111112,p06,48.45413860769276,0.0,1.0,0.9823763078866974,0.3176349356653484,1.0,1.0,0.007227291993331164,0.2838948916896431
X7,win1920_k2_c5_d3,win1920_k2_c5_d3__win1__full_grid__climb_tiebreak__native,idrija_win1920_k2_c5,dem,full_grid,,climb_tiebreak,native,win1,win,0.0,5,height_tiebreak,0,nan,16800,1920,idrija_win1920_k2,10500,1920,process,article-2026,True,0fc96e99b9a09a800a7e28c9437774072ad2cf51,384,384,0.15212254200014286,6.386648865153538,50,3745,11959,3,main,3745,105750,379,105750,6,2.5.3,318.30094238281276,318.303250738508,True,803.6647671332453,2308.3556979968266,10.770928273746762,1669032,macOS-26.7.1-arm64-arm-64bit-Mach-O,3.14.7,True,287.3156311035156,20261009T001006Z,1.18.1,0,105750,93820,168247,94530,100.0,0.0,0.013480791996698827,0.012879707996034995,0.012692457996308804,0.0,190,330,1542.0765220960989,242,26,24.212609244067036,2026-10-09T00:11:00+00:00,parallel,3,"block mean, streamed in bands, NaN-aware, any void -> void",0.7087673611111112,p04,,,,,,,,,
X7,win1920_k2_c5_d3,win1920_k2_c5_d3__win1__hag_cta__shared_border__climb_tiebreak__native,idrija_win1920_k2_c5,dem,hag_cta,shared_border,climb_tiebreak,native,win1,win,0.021901291998801753,5,height_tiebreak,45,10.0,16800,1920,idrija_win1920_k2,10500,1920,process,article-2026,True,0fc96e99b9a09a800a7e28c9437774072ad2cf51,384,384,0.15212254200014286,6.386648865153538,50,3745,11959,3,main,46,7013,587,105750,6,2.5.3,379.8943652343744,379.8978999861703,True,803.6647671332453,3534.751801064718,11.447999323231901,1661736,macOS-26.7.1-arm64-arm-64bit-Mach-O,3.14.7,True,287.3156311035156,20261009T001006Z,1.18.1,0,7013,7008,10980,7013,6.631678486997636,93.36832151300236,0.0010678329999791458,0.0010513749875826761,0.0009369170002173632,0.0006000419962219894,190,330,1542.0765220960989,242,26,24.212609244067036,2026-10-09T00:11:00+00:00,parallel,3,"block mean, streamed in bands, NaN-aware, any void -> void",0.7087673611111112,p04,15.498692882949907,382.00130889828114,1.531285583124017,0.9956286038853659,0.07469622681730974,1.1935068818536037,1.1935093314465186,0.01122829101223033,0.08163034347567048
X7,win1920_k2_c5_d3,win1920_k2_c5_d3__win1__hag_cta_ring1__shared_border__climb_tiebreak__native,idrija_win1920_k2_c5,dem,hag_cta_ring1,shared_border,climb_tiebreak,native,win1,win,0.021901291998801753,5,height_tiebreak,45,10.0,16800,1920,idrija_win1920_k2,10500,1920,process,article-2026,True,0fc96e99b9a09a800a7e28c9437774072ad2cf51,384,384,0.15212254200014286,6.386648865153538,50,3745,11959,3,main,449,21017,432,105750,6,2.5.3,329.702084960938,329.7047308040065,True,803.6647671332453,2645.8430714121178,11.543368466450474,1658192,macOS-26.7.1-arm64-arm-64bit-Mach-O,3.14.7,True,287.3156311035156,20261009T001006Z,1.18.1,0,21017,19101,33389,19179,19.874231678486996,80.12576832151301,0.002780292008537799,0.0026917089999187738,0.0026015000039478764,0.0006489169900305569,190,330,1542.0765220960989,242,26,24.212609244067036,2026-10-09T00:11:00+00:00,parallel,3,"block mean, streamed in bands, NaN-aware, any void -> void",0.7087673611111112,p04,18.24324750410179,297.7414986191881,1.1462024997742593,0.9935052173954724,0.20359198465146025,1.0358187521933673,1.035819552703422,0.009539082006085664,0.20898835600523039
X7,win1920_k2_c5_d3,win1920_k2_c5_d3__win2__full_grid__climb_tiebreak__native,idrija_win1920_k2_c5,dem,full_grid,,climb_tiebreak,native,win2,win,0.0,5,height_tiebreak,0,nan,16800,1920,idrija_win1920_k2,10500,1920,process,article-2026,True,0fc96e99b9a09a800a7e28c9437774072ad2cf51,384,384,0.15212254200014286,6.386648865153538,50,3745,11959,3,main,3745,105750,245,105750,6,2.5.3,223.8296972656251,223.83119064657592,True,803.6647671332453,1493.3809511662432,11.695760378780697,1670680,macOS-26.7.1-arm64-arm-64bit-Mach-O,3.14.7,True,287.3156311035156,20261009T001006Z,1.18.1,0,105750,89753,158835,90502,100.0,0.0,0.012965540998266079,0.012647708994336426,0.012541457996121608,0.0,210,122,1020.7840124139876,218,326,24.212609244067036,2026-10-09T00:11:00+00:00,parallel,3,"block mean, streamed in bands, NaN-aware, any void -> void",0.7087673611111112,p04,,,,,,,,,
X7,win1920_k2_c5_d3,win1920_k2_c5_d3__win2__hag_cta__shared_border__climb_tiebreak__native,idrija_win1920_k2_c5,dem,hag_cta,shared_border,climb_tiebreak,native,win2,win,0.021901291998801753,5,height_tiebreak,37,10.0,16800,1920,idrija_win1920_k2,10500,1920,process,article-2026,True,0fc96e99b9a09a800a7e28c9437774072ad2cf51,384,384,0.15212254200014286,6.386648865153538,50,3745,11959,3,main,38,7566,398,105750,6,2.5.3,252.17989746093667,252.18231117197288,True,803.6647671332453,2413.711037056154,10.726079938136678,1649408,macOS-26.7.1-arm64-arm-64bit-Mach-O,3.14.7,True,287.3156311035156,20261009T001006Z,1.18.1,0,7566,7242,11509,7291,7.154609929078014,92.84539007092198,0.001149333009379916,0.0009529579983791336,0.000844458001665771,0.0006126250082161278,210,122,1020.7840124139876,218,326,24.212609244067036,2026-10-09T00:11:00+00:00,parallel,3,"block mean, streamed in bands, NaN-aware, any void -> void",0.7087673611111112,p04,15.703109149945275,297.7414986191881,1.6162728171744702,0.987267459956425,0.08068811070382048,1.1266596905667419,1.1266629572201254,0.011082125987741165,0.07534629384704083
X7,win1920_k2_c5_d3,win1920_k2_c5_d3__win2__hag_cta_ring1__shared_border__climb_tiebreak__native,idrija_win1920_k2_c5,dem,hag_cta_ring1,shared_border,climb_tiebreak,native,win2,win,0.021901291998801753,5,height_tiebreak,37,10.0,16800,1920,idrija_win1920_k2,10500,1920,process,article-2026,True,0fc96e99b9a09a800a7e28c9437774072ad2cf51,384,384,0.15212254200014286,6.386648865153538,50,3745,11959,3,main,376,19957,248,105750,6,2.5.3,227.7603564453127,227.76187932373824,True,803.6647671332453,1522.8784258493015,10.366753530713563,1644344,macOS-26.7.1-arm64-arm-64bit-Mach-O,3.14.7,True,287.3156311035156,20261009T001006Z,1.18.1,0,19957,17523,29524,17665,18.871867612293144,81.12813238770686,0.002348292007809505,0.002161500000511296,0.002103165999869816,0.0007495830068364739,210,122,1020.7840124139876,218,326,24.212609244067036,2026-10-09T00:11:00+00:00,parallel,3,"block mean, streamed in bands, NaN-aware, any void -> void",0.7087673611111112,p04,17.873114796798998,123.79418403139947,1.0197521433898178,0.9842363588478943,0.19523581384466257,1.0175609368538037,1.0175609514733306,0.009736625986988656,0.17090051656621794
X7,win1920_k2_c5_d3,win1920_k2_c5_d3__win3__full_grid__climb_tiebreak__native,idrija_win1920_k2_c5,dem,full_grid,,climb_tiebreak,native,win3,win,0.0,5,height_tiebreak,0,nan,16800,1920,idrija_win1920_k2,10500,1920,process,article-2026,True,0fc96e99b9a09a800a7e28c9437774072ad2cf51,384,384,0.15212254200014286,6.386648865153538,50,3745,11959,3,main,3745,105750,246,105750,6,2.5.3,127.86665039062495,127.86813013196611,True,68.06459960937445,1479.7413408594537,10.90788495887217,1689064,macOS-26.7.1-arm64-arm-64bit-Mach-O,3.14.7,True,287.3156311035156,20261009T001006Z,1.18.1,0,105750,25133,46316,26650,100.0,0.0,0.0038022079970687628,0.0037345419987104833,0.0035876660112990066,0.0,126,290,1120.714058089752,350,298,24.212609244067036,2026-10-09T00:11:00+00:00,parallel,3,"block mean, streamed in bands, NaN-aware, any void -> void",0.7087673611111112,p04,,,,,,,,,
X7,win1920_k2_c5_d3,win1920_k2_c5_d3__win3__hag_cta__shared_border__climb_tiebreak__native,idrija_win1920_k2_c5,dem,hag_cta,shared_border,climb_tiebreak,native,win3,win,0.021901291998801753,5,height_tiebreak,30,10.0,16800,1920,idrija_win1920_k2,10500,1920,process,article-2026,True,0fc96e99b9a09a800a7e28c9437774072ad2cf51,384,384,0.15212254200014286,6.386648865153538,50,3745,11959,3,main,31,4558,267,105750,6,2.5.3,140.0761376953119,140.07778249761955,True,97.78099065388557,1644.8023074035523,9.50375485931071,1640800,macOS-26.7.1-arm64-arm-64bit-Mach-O,3.14.7,True,287.3156311035156,20261009T001006Z,1.18.1,0,4558,4444,7243,4509,4.310165484633569,95.68983451536643,0.0008127499895635992,0.0006342919950839132,0.0005934999935561791,0.0006117090088082477,126,290,1120.714058089752,350,298,24.212609244067036,2026-10-09T00:11:00+00:00,parallel,3,"block mean, streamed in bands, NaN-aware, any void -> void",0.7087673611111112,p04,69.93006519133085,50.99019513592785,1.111547175162538,0.9714255942936443,0.17681932121115665,1.0954860963932949,1.0954862822585463,0.0024885409948183224,0.16984465439213983
X7,win1920_k2_c5_d3,win1920_k2_c5_d3__win3__hag_cta_ring1__shared_border__climb_tiebreak__native,idrija_win1920_k2_c5,dem,hag_cta_ring1,shared_border,climb_tiebreak,native,win3,win,0.021901291998801753,5,height_tiebreak,30,10.0,16800,1920,idrija_win1920_k2,10500,1920,process,article-2026,True,0fc96e99b9a09a800a7e28c9437774072ad2cf51,384,384,0.15212254200014286,6.386648865153538,50,3745,11959,3,main,294,10671,246,105750,6,2.5.3,127.86665039062495,127.86813013196611,True,68.06459960937445,1479.7413408594537,10.90788495887217,1644472,macOS-26.7.1-arm64-arm-64bit-Mach-O,3.14.7,True,287.3156311035156,20261009T001006Z,1.18.1,0,10671,9651,16624,9782,10.090780141843972,89.90921985815604,0.001530916997580789,0.001336624991381541,0.001249416993232444,0.0006476660055341199,126,290,1120.714058089752,350,298,24.212609244067036,2026-10-09T00:11:00+00:00,parallel,3,"block mean, streamed in bands, NaN-aware, any void -> void",0.7087673611111112,p04,99.42792994861259,0.0,1.0,0.9735995794120293,0.3839971352405204,1.0,1.0,0.0017502510017948225,0.35790867845188784
X7,win1920_k3_c10_d3,win1920_k3_c10_d3__win1__full_grid__climb_tiebreak__native,idrija_win1920_k3_c10,dem,full_grid,,climb_tiebreak,native,win1,win,0.0,10,height_tiebreak,0,nan,10380,1920,idrija_win1920_k3,10740,1920,process,article-2026,True,0fc96e99b9a09a800a7e28c9437774072ad2cf51,192,192,0.06935495800280478,7.173163241200094,58,4233,15182,3,main,4233,30336,178,30336,6,2.5.3,185.5111401367186,185.51322908116197,True,47.086501235784425,2088.9444430272833,14.19005362350819,435344,macOS-26.7.1-arm64-arm-64bit-Mach-O,3.14.7,True,368.2062042236329,20261009T001006Z,1.18.1,0,30336,29595,52731,29715,100.0,0.0,0.004239416986820288,0.0041333749977638945,0.004106958003831096,0.0,31,133,1730.664612222715,175,37,25.182236213731628,2026-10-09T00:11:03+00:00,parallel,3,"block mean, streamed in bands, NaN-aware, any void -> void",0.8229166666666666,p06,,,,,,,,,
X7,win1920_k3_c10_d3,win1920_k3_c10_d3__win1__hag_cta__shared_border__climb_tiebreak__native,idrija_win1920_k3_c10,dem,hag_cta,shared_border,climb_tiebreak,native,win1,win,0.008323292000568472,10,height_tiebreak,41,20.0,10380,1920,idrija_win1920_k3,10740,1920,process,article-2026,True,0fc96e99b9a09a800a7e28c9437774072ad2cf51,192,192,0.06935495800280478,7.173163241200094,58,4233,15182,3,main,42,1410,265,30336,6,2.5.3,256.29142944335956,256.29452507827875,True,63.47093875391846,3095.6349186104044,10.788299697529814,422136,macOS-26.7.1-arm64-arm-64bit-Mach-O,3.14.7,True,368.2062042236329,20261009T001006Z,1.18.1,0,1410,1408,1813,1409,4.6479430379746836,95.35205696202532,0.00036316600744612515,0.0002459579991409555,0.00019166601123288274,0.0007249579939525574,31,133,1730.664612222715,175,37,25.182236213731628,2026-10-09T00:11:03+00:00,parallel,3,"block mean, streamed in bands, NaN-aware, any void -> void",0.8229166666666666,p06,24.56261089508401,311.44823004794875,1.4819134749817628,0.9696607740086001,0.047575603987159994,1.3815419885537712,1.3815431187721388,0.0031624590046703815,0.059505367713797025
X7,win1920_k3_c10_d3,win1920_k3_c10_d3__win1__hag_cta_ring1__shared_border__climb_tiebreak__native,idrija_win1920_k3_c10,dem,hag_cta_ring1,shared_border,climb_tiebreak,native,win1,win,0.008323292000568472,10,height_tiebreak,41,20.0,10380,1920,idrija_win1920_k3,10740,1920,process,article-2026,True,0fc96e99b9a09a800a7e28c9437774072ad2cf51,192,192,0.06935495800280478,7.173163241200094,58,4233,15182,3,main,289,5162,211,30336,6,2.5.3,189.63734741210908,189.63978706723066,True,57.470544433593886,2439.655121145938,12.129790188560525,422712,macOS-26.7.1-arm64-arm-64bit-Mach-O,3.14.7,True,368.2062042236329,20261009T001006Z,1.18.1,0,5162,5118,8772,5143,17.016086497890296,82.9839135021097,0.0008100000122794881,0.0006649999995715916,0.0006048329960322008,0.0007578749937238172,31,133,1730.664612222715,175,37,25.182236213731628,2026-10-09T00:11:03+00:00,parallel,3,"block mean, streamed in bands, NaN-aware, any void -> void",0.8229166666666666,p06,28.658273335293917,206.15528128088303,1.167888944720046,0.970983865632695,0.1729346173340091,1.0222423692310312,1.0222440092628828,0.0027105000044684857,0.16088547492819996
X7,win1920_k3_c10_d3,win1920_k3_c10_d3__win2__full_grid__climb_tiebreak__native,idrija_win1920_k3_c10,dem,full_grid,,climb_tiebreak,native,win2,win,0.0,10,height_tiebreak,0,nan,10380,1920,idrija_win1920_k3,10740,1920,process,article-2026,True,0fc96e99b9a09a800a7e28c9437774072ad2cf51,192,192,0.06935495800280478,7.173163241200094,58,4233,15182,3,main,4233,30336,124,30336,6,2.5.3,95.07869506835868,95.08017773863192,True,40.48744791637983,1482.6702730475881,12.164660120033725,433488,macOS-26.7.1-arm64-arm-64bit-Mach-O,3.14.7,True,368.2062042236329,20261009T001006Z,1.18.1,0,30336,20780,38237,21384,100.0,0.0,0.0031955419981386513,0.0030593330011470243,0.002935791009804234,0.0,91,145,995.3893710503444,53,53,25.182236213731628,2026-10-09T00:11:03+00:00,parallel,3,"block mean, streamed in bands, NaN-aware, any void -> void",0.8229166666666666,p06,,,,,,,,,
X7,win1920_k3_c10_d3,win1920_k3_c10_d3__win2__hag_cta__shared_border__climb_tiebreak__native,idrija_win1920_k3_c10,dem,hag_cta,shared_border,climb_tiebreak,native,win2,win,0.008323292000568472,10,height_tiebreak,19,20.0,10380,1920,idrija_win1920_k3,10740,1920,process,article-2026,True,0fc96e99b9a09a800a7e28c9437774072ad2cf51,192,192,0.06935495800280478,7.173163241200094,58,4233,15182,3,main,20,643,152,30336,6,2.5.3,139.66427124023448,139.666108468949,True,61.86113144567516,1837.228714274745,11.72377013950051,414944,macOS-26.7.1-arm64-arm-64bit-Mach-O,3.14.7,True,368.2062042236329,20261009T001006Z,1.18.1,0,643,629,829,630,2.1195938818565403,97.88040611814345,0.00024112500250339508,0.00012887499178759754,0.00011591700604185462,0.0007089999999152496,91,145,995.3893710503444,53,53,25.182236213731628,2026-10-09T00:11:03+00:00,parallel,3,"block mean, streamed in bands, NaN-aware, any void -> void",0.8229166666666666,p06,34.9672375859172,141.4213562373095,1.2391350576540336,0.9572214225076588,0.03026948989412897,1.4689334044795221,1.4689298210283155,0.002221458009444177,0.04212519256297988
X7,win1920_k3_c10_d3,win1920_k3_c10_d3__win2__hag_cta_ring1__shared_border__climb_tiebreak__native,idrija_win1920_k3_c10,dem,hag_cta_ring1,shared_border,climb_tiebreak,native,win2,win,0.008323292000568472,10,height_tiebreak,19,20.0,10380,1920,idrija_win1920_k3,10740,1920,process,article-2026,True,0fc96e99b9a09a800a7e28c9437774072ad2cf51,192,192,0.06935495800280478,7.173163241200094,58,4233,15182,3,main,142,2647,133,30336,6,2.5.3,114.47911865234391,114.48072031756655,True,52.620634652006146,1601.6652224137047,11.745880117838475,416512,macOS-26.7.1-arm64-arm-64bit-Mach-O,3.14.7,True,368.2062042236329,20261009T001006Z,1.18.1,0,2647,2469,4081,2503,8.725606540084389,91.27439345991561,0.00045179099834058434,0.0003033340035472065,0.00023445799888577312,0.0006774170033168048,91,145,995.3893710503444,53,53,25.182236213731628,2026-10-09T00:11:03+00:00,parallel,3,"block mean, streamed in bands, NaN-aware, any void -> void",0.8229166666666666,p06,37.37078942135627,110.0,1.0802571896997204,0.9608385929945005,0.11881616939364774,1.204045959718283,1.204044029369247,0.002078581994283013,0.09915037148080272
X7,win1920_k3_c10_d3,win1920_k3_c10_d3__win3__full_grid__climb_tiebreak__native,idrija_win1920_k3_c10,dem,full_grid,,climb_tiebreak,native,win3,win,0.0,10,height_tiebreak,0,nan,10380,1920,idrija_win1920_k3,10740,1920,process,article-2026,True,0fc96e99b9a09a800a7e28c9437774072ad2cf51,192,192,0.06935495800280478,7.173163241200094,58,4233,15182,3,main,4233,30336,152,30336,6,2.5.3,227.4262335205077,227.42808731776472,True,77.89302978515593,1853.797256769669,14.219337972067809,440728,macOS-26.7.1-arm64-arm-64bit-Mach-O,3.14.7,True,368.2062042236329,20261009T001006Z,1.18.1,0,30336,29759,53189,29837,100.0,0.0,0.00465654200525023,0.004407291999086738,0.004293040998163633,0.0,127,95,1359.1173606425605,13,169,25.182236213731628,2026-10-09T00:11:03+00:00,parallel,3,"block mean, streamed in bands, NaN-aware, any void -> void",0.8229166666666666,p06,,,,,,,,,
X7,win1920_k3_c10_d3,win1920_k3_c10_d3__win3__hag_cta__shared_border__climb_tiebreak__native,idrija_win1920_k3_c10,dem,hag_cta,shared_border,climb_tiebreak,native,win3,win,0.008323292000568472,10,height_tiebreak,45,20.0,10380,1920,idrija_win1920_k3,10740,1920,process,article-2026,True,0fc96e99b9a09a800a7e28c9437774072ad2cf51,192,192,0.06935495800280478,7.173163241200094,58,4233,15182,3,main,46,640,166,30336,6,2.5.3,250.65180725097582,250.65380933250412,True,75.18908004927911,2002.081528017131,11.598664046706036,415800,macOS-26.7.1-arm64-arm-64bit-Mach-O,3.14.7,True,368.2062042236329,20261009T001006Z,1.18.1,0,640,640,862,640,2.109704641350211,97.8902953586498,0.00024941700394265354,0.0001432919962098822,0.00012170799891464412,0.0007302500016521662,127,95,1359.1173606425605,13,169,25.182236213731628,2026-10-09T00:11:03+00:00,parallel,3,"block mean, streamed in bands, NaN-aware, any void -> void",0.8229166666666666,p06,21.98181817515454,136.01470508735443,1.0799894760367994,0.9434390372293116,0.021506098995261937,1.1021235473627706,1.1021233669449464,0.003533750001224689,0.03251248073410489
X7,win1920_k3_c10_d3,win1920_k3_c10_d3__win3__hag_cta_ring1__shared_border__climb_tiebreak__native,idrija_win1920_k3_c10,dem,hag_cta_ring1,shared_border,climb_tiebreak,native,win3,win,0.008323292000568472,10,height_tiebreak,45,20.0,10380,1920,idrija_win1920_k3,10740,1920,process,article-2026,True,0fc96e99b9a09a800a7e28c9437774072ad2cf51,192,192,0.06935495800280478,7.173163241200094,58,4233,15182,3,main,258,2410,150,30336,6,2.5.3,230.30021423339792,230.30206459919742,True,81.65081637370687,1850.3657992645926,14.154287322280476,417160,macOS-26.7.1-arm64-arm-64bit-Mach-O,3.14.7,True,368.2062042236329,20261009T001006Z,1.18.1,0,2410,2405,3973,2409,7.944356540084388,92.05564345991561,0.0004149169981246814,0.00028508300601970404,0.00022254200302995741,0.0008226659992942587,127,95,1359.1173606425605,13,169,25.182236213731628,2026-10-09T00:11:03+00:00,parallel,3,"block mean, streamed in bands, NaN-aware, any void -> void",0.8229166666666666,p06,23.5421239092733,106.30145812734649,0.9981489575019353,0.9465248407180846,0.08081588763063274,1.0126369797731847,1.0126368616793455,0.003299542993772775,0.06468439261087712
X7,win1920_k3_c1_d3,win1920_k3_c1_d3__win1__full_grid__climb_tiebreak__native,idrija_win1920_k3_c1,dem,full_grid,,climb_tiebreak,native,win1,win,0.0,1,height_tiebreak,0,nan,10380,1920,idrija_win1920_k3,10740,1920,process,article-2026,True,0fc96e99b9a09a800a7e28c9437774072ad2cf51,1920,1920,1.4940394169971114,4.512437810945274,112,4422,9977,3,main,4422,3039360,1954,3039360,6,2.5.3,223.14239501953125,223.1447145985296,True,181.73127650270473,2319.5790027001894,15.663913623691183,40870496,macOS-26.7.1-arm64-arm-64bit-Mach-O,3.14.7,True,371.7625732421875,20261009T001006Z,1.18.1,0,3039360,2892225,5240614,2895353,100.0,0.0,0.5465093750099186,0.5424669999920297,0.5410156660072971,0.0,310,1330,1730.664612222715,1750,370,27.03035027186027,2026-10-09T00:10:21+00:00,parallel,3,"block mean, streamed in bands, NaN-aware, any void -> void",0.8229166666666666,p05,,,,,,,,,
X7,win1920_k3_c1_d3,win1920_k3_c1_d3__win1__hag_cta__shared_border__climb_tiebreak__native,idrija_win1920_k3_c1,dem,hag_cta,shared_border,climb_tiebreak,native,win1,win,0.21527970900933724,1,height_tiebreak,38,2.0,10380,1920,idrija_win1920_k3,10740,1920,process,article-2026,True,0fc96e99b9a09a800a7e28c9437774072ad2cf51,1920,1920,1.4940394169971114,4.512437810945274,112,4422,9977,3,main,39,252015,3103,3039360,6,2.5.3,407.49285888671875,407.49655652581106,True,458.85982040865315,3697.639102692511,9.09182872373646,40772872,macOS-26.7.1-arm64-arm-64bit-Mach-O,3.14.7,True,371.7625732421875,20261009T001006Z,1.18.1,0,252015,249410,446479,249500,8.291712728995577,91.70828727100442,0.03559783300443087,0.035552667002775706,0.035542582991183735,0.0005882090044906363,310,1330,1730.664612222715,1750,370,27.03035027186027,2026-10-09T00:10:21+00:00,parallel,3,"block mean, streamed in bands, NaN-aware, any void -> void",0.8229166666666666,p05,3.375925209140278,518.9344852676492,1.5940992302431352,0.9976113820590775,0.08623464633629818,1.826156158497141,1.8261537462760782,0.5063261239847634,0.06553885674759583
X7,win1920_k3_c1_d3,win1920_k3_c1_d3__win1__hag_cta_ring1__shared_border__climb_tiebreak__native,idrija_win1920_k3_c1,dem,hag_cta_ring1,shared_border,climb_tiebreak,native,win1,win,0.21527970900933724,1,height_tiebreak,38,2.0,10380,1920,idrija_win1920_k3,10740,1920,process,article-2026,True,0fc96e99b9a09a800a7e28c9437774072ad2cf51,1920,1920,1.4940394169971114,4.512437810945274,112,4422,9977,3,main,362,617634,2689,3039360,6,2.5.3,315.74273681640625,315.7459309853713,True,451.7775314198401,3194.168973219922,11.999736195880136,40760248,macOS-26.7.1-arm64-arm-64bit-Mach-O,3.14.7,True,371.7625732421875,20261009T001006Z,1.18.1,0,617634,606010,1091626,606228,20.32118603916614,79.67881396083386,0.09203612500277814,0.09087745800206903,0.08942683300119825,0.00065516700851731,310,1330,1730.664612222715,1750,370,27.03035027186027,2026-10-09T00:10:21+00:00,parallel,3,"block mean, streamed in bands, NaN-aware, any void -> void",0.8229166666666666,p05,3.7906161535739864,497.1207096872952,1.3770468561327873,0.9973025039872283,0.20953072461513195,1.4149831850140797,1.414982790667684,0.4509343749814434,0.16752624215556755
X7,win1920_k3_c1_d3,win1920_k3_c1_d3__win2__full_grid__climb_tiebreak__native,idrija_win1920_k3_c1,dem,full_grid,,climb_tiebreak,native,win2,win,0.0,1,height_tiebreak,0,nan,10380,1920,idrija_win1920_k3,10740,1920,process,article-2026,True,0fc96e99b9a09a800a7e28c9437774072ad2cf51,1920,1920,1.4940394169971114,4.512437810945274,112,4422,9977,3,main,4422,3039360,1333,3039360,6,2.5.3,141.71978759765625,141.72138386590655,True,336.297607421875,1596.2682527940347,11.657326432495054,40871384,macOS-26.7.1-arm64-arm-64bit-Mach-O,3.14.7,True,371.7625732421875,20261009T001006Z,1.18.1,0,3039360,2239176,4071913,2246552,100.0,0.0,0.4338110420067096,0.4285968330077594,0.42258816699904855,0.0,910,1450,995.3893710503444,530,530,27.03035027186027,2026-10-09T00:10:21+00:00,parallel,3,"block mean, streamed in bands, NaN-aware, any void -> void",0.8229166666666666,p05,,,,,,,,,
X7,win1920_k3_c1_d3,win1920_k3_c1_d3__win2__hag_cta__shared_border__climb_tiebreak__native,idrija_win1920_k3_c1,dem,hag_cta,shared_border,climb_tiebreak,native,win2,win,0.21527970900933724,1,height_tiebreak,20,10.198039027185569,10380,1920,idrija_win1920_k3,10740,1920,process,article-2026,True,0fc96e99b9a09a800a7e28c9437774072ad2cf51,1920,1920,1.4940394169971114,4.512437810945274,112,4422,9977,3,main,21,134176,1391,3039360,6,2.5.3,169.52679443359375,169.52842633431135,True,397.29440150224383,1631.9007204258876,8.518818694094591,40660488,macOS-26.7.1-arm64-arm-64bit-Mach-O,3.14.7,True,371.7625732421875,20261009T001006Z,1.18.1,0,134176,132955,239008,133247,4.414613602863761,95.58538639713625,0.020169582989183255,0.020093166996957734,0.019916292003472336,0.0005945839948253706,910,1450,995.3893710503444,530,530,27.03035027186027,2026-10-09T00:10:21+00:00,parallel,3,"block mean, streamed in bands, NaN-aware, any void -> void",0.8229166666666666,p05,4.190441452194734,71.47027354082255,1.0223223556375838,0.9948400083540112,0.05937675287695116,1.1962111805789735,1.1962092219951448,0.4079090820159763,0.046881277343908796
X7,win1920_k3_c1_d3,win1920_k3_c1_d3__win2__hag_cta_ring1__shared_border__climb_tiebreak__native,idrija_win1920_k3_c1,dem,hag_cta_ring1,shared_border,climb_tiebreak,native,win2,win,0.21527970900933724,1,height_tiebreak,20,2.0,10380,1920,idrija_win1920_k3,10740,1920,process,article-2026,True,0fc96e99b9a09a800a7e28c9437774072ad2cf51,1920,1920,1.4940394169971114,4.512437810945274,112,4422,9977,3,main,241,381566,1333,3039360,6,2.5.3,141.71978759765625,141.72138386590655,True,336.297607421875,1596.2682527940347,11.657326432495054,40675120,macOS-26.7.1-arm64-arm-64bit-Mach-O,3.14.7,True,371.7625732421875,20261009T001006Z,1.18.1,0,381566,352302,637029,352774,12.554156138134344,87.44584386186565,0.053366874999483116,0.05330924999725539,0.0531020409980556,0.0006104999920353293,910,1450,995.3893710503444,530,530,27.03035027186027,2026-10-09T00:10:21+00:00,parallel,3,"block mean, streamed in bands, NaN-aware, any void -> void",0.8229166666666666,p05,4.5621128258922425,0.0,1.0,0.9951980094434776,0.15733555557937384,1.0,1.0,0.3746770830184687,0.12438087706609412
X7,win1920_k3_c1_d3,win1920_k3_c1_d3__win3__full_grid__climb_tiebreak__native,idrija_win1920_k3_c1,dem,full_grid,,climb_tiebreak,native,win3,win,0.0,1,height_tiebreak,0,nan,10380,1920,idrija_win1920_k3,10740,1920,process,article-2026,True,0fc96e99b9a09a800a7e28c9437774072ad2cf51,1920,1920,1.4940394169971114,4.512437810945274,112,4422,9977,3,main,4422,3039360,1676,3039360,6,2.5.3,267.8577880859375,267.85978244459045,True,256.1190479903227,1994.3586565896567,14.049418080660756,40925704,macOS-26.7.1-arm64-arm-64bit-Mach-O,3.14.7,True,371.7625732421875,20261009T001006Z,1.18.1,0,3039360,2973155,5395404,2974173,100.0,0.0,0.5755055420013377,0.5669263330055401,0.562900124990847,0.0,1270,950,1359.1173606425605,130,1690,27.03035027186027,2026-10-09T00:10:21+00:00,parallel,3,"block mean, streamed in bands, NaN-aware, any void -> void",0.8229166666666666,p05,,,,,,,,,
X7,win1920_k3_c1_d3,win1920_k3_c1_d3__win3__hag_cta__shared_border__climb_tiebreak__native,idrija_win1920_k3_c1,dem,hag_cta,shared_border,climb_tiebreak,native,win3,win,0.21527970900933724,1,height_tiebreak,56,6.324555320336759,10380,1920,idrija_win1920_k3,10740,1920,process,article-2026,True,0fc96e99b9a09a800a7e28c9437774072ad2cf51,1920,1920,1.4940394169971114,4.512437810945274,112,4422,9977,3,main,57,387036,2167,3039360,6,2.5.3,367.0184326171875,367.0210012327647,True,220.09043831414292,2568.6155826266486,11.986143319501398,40749344,macOS-26.7.1-arm64-arm-64bit-Mach-O,3.14.7,True,371.7625732421875,20261009T001006Z,1.18.1,0,387036,384616,729136,385425,12.73412823752369,87.26587176247631,0.05870929200318642,0.058309875006671064,0.05804220799473114,0.00060283399943728,1270,950,1359.1173606425605,130,1690,27.03035027186027,2026-10-09T00:10:21+00:00,parallel,3,"block mean, streamed in bands, NaN-aware, any void -> void",0.8229166666666666,p05,3.364711191305296,342.31272252138103,1.2879406490600684,0.9956907277636567,0.12936291582510834,1.3701988478282963,1.3701982353722204,0.5080136239994317,0.10285264876927361
X7,win1920_k3_c1_d3,win1920_k3_c1_d3__win3__hag_cta_ring1__shared_border__climb_tiebreak__native,idrija_win1920_k3_c1,dem,hag_cta_ring1,shared_border,climb_tiebreak,native,win3,win,0.21527970900933724,1,height_tiebreak,56,2.0,10380,1920,idrija_win1920_k3,10740,1920,process,article-2026,True,0fc96e99b9a09a800a7e28c9437774072ad2cf51,1920,1920,1.4940394169971114,4.512437810945274,112,4422,9977,3,main,296,618865,1995,3039360,6,2.5.3,288.4027099609375,288.4050883511188,True,222.5830078125,2378.390185882233,12.394524729195552,40727488,macOS-26.7.1-arm64-arm-64bit-Mach-O,3.14.7,True,371.7625732421875,20261009T001006Z,1.18.1,0,618865,575830,1089906,576502,20.36168798694462,79.63831201305538,0.08918791699397843,0.08870954099984374,0.08854983399214689,0.0007241669954964891,1270,950,1359.1173606425605,130,1690,27.03035027186027,2026-10-09T00:10:21+00:00,parallel,3,"block mean, streamed in bands, NaN-aware, any void -> void",0.8229166666666666,p05,3.579781208076115,191.049731745428,1.19255891011563,0.9951566868587037,0.19367641444862443,1.076700856905488,1.0767017195303605,0.47749262501019984,0.15647454675381406
X7,win1920_k3_c20_d3,win1920_k3_c20_d3__win1__full_grid__climb_tiebreak__native,idrija_win1920_k3_c20,dem,full_grid,,climb_tiebreak,native,win1,win,0.0,20,height_tiebreak,0,nan,10380,1920,idrija_win1920_k3,10740,1920,process,article-2026,True,0fc96e99b9a09a800a7e28c9437774072ad2cf51,96,96,0.02196762499806937,7.430085609457807,46,2453,9113,3,main,2453,7584,88,7584,6,2.5.3,180.20318893432602,180.20530172653233,True,42.097457122802666,2112.792206135786,14.286541073805468,116608,macOS-26.7.1-arm64-arm-64bit-Mach-O,3.14.7,True,364.7083908081055,20261009T001006Z,1.18.1,0,7584,7379,12941,7439,100.0,0.0,0.0010761659941636026,0.0009471249941270798,0.0008949170005507767,0.0,15,66,1730.664612222715,87,18,22.28654272192464,2026-10-09T00:11:05+00:00,parallel,3,"block mean, streamed in bands, NaN-aware, any void -> void",0.8229166666666666,p03,,,,,,,,,
X7,win1920_k3_c20_d3,win1920_k3_c20_d3__win1__hag_cta__shared_border__climb_tiebreak__native,idrija_win1920_k3_c20,dem,hag_cta,shared_border,climb_tiebreak,native,win1,win,0.0034166250115958974,20,height_tiebreak,40,40.0,10380,1920,idrija_win1920_k3,10740,1920,process,article-2026,True,0fc96e99b9a09a800a7e28c9437774072ad2cf51,96,96,0.02196762499806937,7.430085609457807,46,2453,9113,3,main,41,329,133,7584,6,2.5.3,228.01425399780317,228.01745732824835,True,48.33876246446347,3203.3304448274102,14.156915587927633,109288,macOS-26.7.1-arm64-arm-64bit-Mach-O,3.14.7,True,364.7083908081055,20261009T001006Z,1.18.1,0,329,327,372,327,4.338080168776371,95.66191983122363,0.00013066700194031,9.545800276100636e-05,8.333299774676561e-05,0.00044454199087340385,15,66,1730.664612222715,87,18,22.28654272192464,2026-10-09T00:11:05+00:00,parallel,3,"block mean, streamed in bands, NaN-aware, any void -> void",0.8229166666666666,p03,62.35001529983987,286.35642126552705,1.5161597224396128,0.9372255762897914,0.044314947824908524,1.2653175304289515,1.2653204713936363,0.00040712500049266964,0.10078712245260243
X7,win1920_k3_c20_d3,win1920_k3_c20_d3__win1__hag_cta_ring1__shared_border__climb_tiebreak__native,idrija_win1920_k3_c20,dem,hag_cta_ring1,shared_border,climb_tiebreak,native,win1,win,0.0034166250115958974,20,height_tiebreak,40,40.0,10380,1920,idrija_win1920_k3,10740,1920,process,article-2026,True,0fc96e99b9a09a800a7e28c9437774072ad2cf51,96,96,0.02196762499806937,7.430085609457807,46,2453,9113,3,main,283,1361,94,7584,6,2.5.3,181.57887130737288,181.58118694229165,True,37.59937969667789,2315.6349186104044,14.18902729377135,109376,macOS-26.7.1-arm64-arm-64bit-Mach-O,3.14.7,True,364.7083908081055,20261009T001006Z,1.18.1,0,1361,1345,2217,1352,17.945675105485233,82.05432489451476,0.0003533749986672774,0.00027629200485534966,0.0001573329936945811,0.000523416994838044,15,66,1730.664612222715,87,18,22.28654272192464,2026-10-09T00:11:05+00:00,parallel,3,"block mean, streamed in bands, NaN-aware, any void -> void",0.8229166666666666,p03,172.1946801443188,169.7056274847714,1.096006939009686,0.937980241492865,0.18227402087003658,1.0076340623114513,1.0076350984270557,0.00014741599443368614,0.2917165174275597
X7,win1920_k3_c20_d3,win1920_k3_c20_d3__win2__full_grid__climb_tiebreak__native,idrija_win1920_k3_c20,dem,full_grid,,climb_tiebreak,native,win2,win,0.0,20,height_tiebreak,0,nan,10380,1920,idrija_win1920_k3,10740,1920,process,article-2026,True,0fc96e99b9a09a800a7e28c9437774072ad2cf51,96,96,0.02196762499806937,7.430085609457807,46,2453,9113,3,main,2453,7584,60,7584,6,2.5.3,79.95842178344742,79.95983374304237,True,31.5937442936732,1411.959594928933,14.183398165157717,118128,macOS-26.7.1-arm64-arm-64bit-Mach-O,3.14.7,True,364.7083908081055,20261009T001006Z,1.18.1,0,7584,4944,9224,5283,100.0,0.0,0.0007569589943159372,0.0006952919939067215,0.0005927500023972243,0.0,45,72,995.3893710503444,26,26,22.28654272192464,2026-10-09T00:11:05+00:00,parallel,3,"block mean, streamed in bands, NaN-aware, any void -> void",0.8229166666666666,p03,,,,,,,,,
X7,win1920_k3_c20_d3,win1920_k3_c20_d3__win2__hag_cta__shared_border__climb_tiebreak__native,idrija_win1920_k3_c20,dem,hag_cta,shared_border,climb_tiebreak,native,win2,win,0.0034166250115958974,20,height_tiebreak,16,40.0,10380,1920,idrija_win1920_k3,10740,1920,process,article-2026,True,0fc96e99b9a09a800a7e28c9437774072ad2cf51,96,96,0.02196762499806937,7.430085609457807,46,2453,9113,3,main,17,182,78,7584,6,2.5.3,115.55556838989287,115.5574397607429,True,29.76527862548835,1871.370849898476,14.161284024498332,107696,macOS-26.7.1-arm64-arm-64bit-Mach-O,3.14.7,True,364.7083908081055,20261009T001006Z,1.18.1,0,182,182,205,182,2.399789029535865,97.60021097046415,9.575000149197876e-05,6.691599264740944e-05,5.570800567511469e-05,0.0004720000142697245,45,72,995.3893710503444,26,26,22.28654272192464,2026-10-09T00:11:05+00:00,parallel,3,"block mean, streamed in bands, NaN-aware, any void -> void",0.8229166666666666,p03,162.32831202757174,80.0,1.325371389251876,0.9116890153054314,0.03681229773462783,1.445195713127677,1.4451935972265328,0.00015637598698958755,0.09624156934616841
X7,win1920_k3_c20_d3,win1920_k3_c20_d3__win2__hag_cta_ring1__shared_border__climb_tiebreak__native,idrija_win1920_k3_c20,dem,hag_cta_ring1,shared_border,climb_tiebreak,native,win2,win,0.0034166250115958974,20,height_tiebreak,16,40.0,10380,1920,idrija_win1920_k3,10740,1920,process,article-2026,True,0fc96e99b9a09a800a7e28c9437774072ad2cf51,96,96,0.02196762499806937,7.430085609457807,46,2453,9113,3,main,141,852,61,7584,6,2.5.3,80.11534957885715,80.11682295980833,True,23.730701446532976,1473.3809511662425,14.18147644141687,109304,macOS-26.7.1-arm64-arm-64bit-Mach-O,3.14.7,True,364.7083908081055,20261009T001006Z,1.18.1,0,852,833,1398,843,11.234177215189874,88.76582278481013,0.00020229199435561895,0.00010987499263137579,8.729200635571033e-05,0.000396707997424528,45,72,995.3893710503444,26,26,22.28654272192464,2026-10-09T00:11:05+00:00,parallel,3,"block mean, streamed in bands, NaN-aware, any void -> void",0.8229166666666666,p03,134.51530924159067,60.0,1.0435007888737786,0.925301368007585,0.16848705501618122,1.0019626174692984,1.0019633509653167,0.00018870900385081768,0.15802712183410575
X7,win1920_k3_c20_d3,win1920_k3_c20_d3__win3__full_grid__climb_tiebreak__native,idrija_win1920_k3_c20,dem,full_grid,,climb_tiebreak,native,win3,win,0.0,20,height_tiebreak,0,nan,10380,1920,idrija_win1920_k3,10740,1920,process,article-2026,True,0fc96e99b9a09a800a7e28c9437774072ad2cf51,96,96,0.02196762499806937,7.430085609457807,46,2453,9113,3,main,2453,7584,75,7584,6,2.5.3,218.4533058166504,218.45513375604295,True,63.90507278442385,1827.9393923933999,14.178036563023902,119560,macOS-26.7.1-arm64-arm-64bit-Mach-O,3.14.7,True,364.7083908081055,20261009T001006Z,1.18.1,0,7584,7426,13116,7461,100.0,0.0,0.0010139590012840927,0.0009494160040048882,0.0009255000040866435,0.0,63,47,1359.1173606425605,6,84,22.28654272192464,2026-10-09T00:11:05+00:00,parallel,3,"block mean, streamed in bands, NaN-aware, any void -> void",0.8229166666666666,p03,,,,,,,,,
X7,win1920_k3_c20_d3,win1920_k3_c20_d3__win3__hag_cta__shared_border__climb_tiebreak__native,idrija_win1920_k3_c20,dem,hag_cta,shared_border,climb_tiebreak,native,win3,win,0.0034166250115958974,20,height_tiebreak,37,40.0,10380,1920,idrija_win1920_k3,10740,1920,process,article-2026,True,0fc96e99b9a09a800a7e28c9437774072ad2cf51,96,96,0.02196762499806937,7.430085609457807,46,2453,9113,3,main,38,218,96,7584,6,2.5.3,241.4372239685057,241.439529897797,True,66.61882793104412,2305.929291125633,14.148695528894965,107768,macOS-26.7.1-arm64-arm-64bit-Mach-O,3.14.7,True,364.7083908081055,20261009T001006Z,1.18.1,0,218,218,253,218,2.8744725738396624,97.12552742616035,0.00013095799658913165,7.816700963303447e-05,6.545800715684891e-05,0.0006370000046445057,63,47,1359.1173606425605,6,84,22.28654272192464,2026-10-09T00:11:05+00:00,parallel,3,"block mean, streamed in bands, NaN-aware, any void -> void",0.8229166666666666,p03,108.36439482283798,260.76809620810593,1.261491108907271,0.9013716962194714,0.029356315647724212,1.105212040925331,1.105213348601922,0.0002342489897273481,0.08233167473826575
X7,win1920_k3_c20_d3,win1920_k3_c20_d3__win3__hag_cta_ring1__shared_border__climb_tiebreak__native,idrija_win1920_k3_c20,dem,hag_cta_ring1,shared_border,climb_tiebreak,native,win3,win,0.0034166250115958974,20,height_tiebreak,37,40.0,10380,1920,idrija_win1920_k3,10740,1920,process,article-2026,True,0fc96e99b9a09a800a7e28c9437774072ad2cf51,96,96,0.02196762499806937,7.430085609457807,46,2453,9113,3,main,224,872,91,7584,6,2.5.3,228.44341201782197,228.4455599572145,True,63.90507278442385,2147.9393923934,14.245594760576374,108824,macOS-26.7.1-arm64-arm-64bit-Mach-O,3.14.7,True,364.7083908081055,20261009T001006Z,1.18.1,0,872,867,1391,871,11.49789029535865,88.50210970464136,0.00030958399293012917,0.00015262499800883234,0.00011608400382101536,0.00047145801363512874,63,47,1359.1173606425605,6,84,22.28654272192464,2026-10-09T00:11:05+00:00,parallel,3,"block mean, streamed in bands, NaN-aware, any void -> void",0.8229166666666666,p03,78.02544041246135,260.76809620810593,1.1750605087518848,0.9102040816326531,0.11675195259897657,1.045731082731045,1.0457321649045255,0.00032533299236092716,0.1607567150385286
X7,win1920_k3_c3_d3,win1920_k3_c3_d3__win1__full_grid__climb_tiebreak__native,idrija_win1920_k3_c3,dem,full_grid,,climb_tiebreak,native,win1,win,0.0,3,height_tiebreak,0,nan,10380,1920,idrija_win1920_k3,10740,1920,process,article-2026,True,0fc96e99b9a09a800a7e28c9437774072ad2cf51,640,640,0.34642804200120736,5.608016504568229,75,3393,9514,3,main,3393,337280,626,337280,6,2.5.3,200.1619805230033,200.1641897933487,True,141.6508427372681,2209.2703448350876,13.802650584273248,4609600,macOS-26.7.1-arm64-arm-64bit-Mach-O,3.14.7,True,370.99776204427076,20261009T001006Z,1.18.1,0,337280,322554,582098,323488,100.0,0.0,0.05066662500030361,0.05046391600626521,0.05040458399162162,0.0,103,443,1730.664612222715,583,123,25.612526366040143,2026-10-09T00:10:59+00:00,parallel,3,"block mean, streamed in bands, NaN-aware, any void -> void",0.8229166666666666,p06,,,,,,,,,
X7,win1920_k3_c3_d3,win1920_k3_c3_d3__win1__hag_cta__shared_border__climb_tiebreak__native,idrija_win1920_k3_c3,dem,hag_cta,shared_border,climb_tiebreak,native,win1,win,0.0485259160050191,3,height_tiebreak,42,6.0,10380,1920,idrija_win1920_k3,10740,1920,process,article-2026,True,0fc96e99b9a09a800a7e28c9437774072ad2cf51,640,640,0.34642804200120736,5.608016504568229,75,3393,9514,3,main,43,24526,885,337280,6,2.5.3,337.91756863063995,337.9207748483858,True,146.8111976261152,3206.2177464552014,8.122810085246813,4570440,macOS-26.7.1-arm64-arm-64bit-Mach-O,3.14.7,True,370.99776204427076,20261009T001006Z,1.18.1,0,24526,24281,42742,24300,7.271703036053131,92.72829696394686,0.0034957500029122457,0.0033408749877708033,0.0032500419911229983,0.0005069170001661405,103,443,1730.664612222715,583,123,25.612526366040143,2026-10-09T00:10:59+00:00,parallel,3,"block mean, streamed in bands, NaN-aware, any void -> void",0.8229166666666666,p06,8.47247527166653,506.01383380299,1.4512564086829907,0.9915046858729608,0.07527731790645907,1.6882205489159081,1.6882179334738059,0.046616124018328264,0.06620324485630537
X7,win1920_k3_c3_d3,win1920_k3_c3_d3__win1__hag_cta_ring1__shared_border__climb_tiebreak__native,idrija_win1920_k3_c3,dem,hag_cta_ring1,shared_border,climb_tiebreak,native,win1,win,0.0485259160050191,3,height_tiebreak,42,6.0,10380,1920,idrija_win1920_k3,10740,1920,process,article-2026,True,0fc96e99b9a09a800a7e28c9437774072ad2cf51,640,640,0.34642804200120736,5.608016504568229,75,3393,9514,3,main,263,48648,850,337280,6,2.5.3,279.1543714735245,279.15743168412774,True,193.976734302665,3060.210603780265,12.063783492761587,4569856,macOS-26.7.1-arm64-arm-64bit-Mach-O,3.14.7,True,370.99776204427076,20261009T001006Z,1.18.1,0,48648,47729,84336,47796,14.423624288425048,85.57637571157495,0.006735084010870196,0.006574500002898276,0.0064971249958034605,0.0005540420097531751,103,443,1730.664612222715,583,123,25.612526366040143,2026-10-09T00:10:59+00:00,parallel,3,"block mean, streamed in bands, NaN-aware, any void -> void",0.8229166666666666,p06,9.113892914929728,503.75887088963503,1.3851680084940878,0.9913779937521694,0.14797212249731828,1.394642332895198,1.394642228324319,0.04333537399361376,0.13028120929184403
X7,win1920_k3_c3_d3,win1920_k3_c3_d3__win2__full_grid__climb_tiebreak__native,idrija_win1920_k3_c3,dem,full_grid,,climb_tiebreak,native,win2,win,0.0,3,height_tiebreak,0,nan,10380,1920,idrija_win1920_k3,10740,1920,process,article-2026,True,0fc96e99b9a09a800a7e28c9437774072ad2cf51,640,640,0.34642804200120736,5.608016504568229,75,3393,9514,3,main,3393,337280,416,337280,6,2.5.3,119.88309054904391,119.88461514319869,True,100.43928427583772,1524.5941546018394,13.641966831124698,4602976,macOS-26.7.1-arm64-arm-64bit-Mach-O,3.14.7,True,370.99776204427076,20261009T001006Z,1.18.1,0,337280,239608,432402,241991,100.0,0.0,0.04704483400564641,0.04308091598795727,0.03943933401023969,0.0,303,483,995.3893710503444,176,176,25.612526366040143,2026-10-09T00:10:59+00:00,parallel,3,"block mean, streamed in bands, NaN-aware, any void -> void",0.8229166666666666,p06,,,,,,,,,
X7,win1920_k3_c3_d3,win1920_k3_c3_d3__win2__hag_cta__shared_border__climb_tiebreak__native,idrija_win1920_k3_c3,dem,hag_cta,shared_border,climb_tiebreak,native,win2,win,0.0485259160050191,3,height_tiebreak,20,12.0,10380,1920,idrija_win1920_k3,10740,1920,process,article-2026,True,0fc96e99b9a09a800a7e28c9437774072ad2cf51,640,640,0.34642804200120736,5.608016504568229,75,3393,9514,3,main,21,11869,433,337280,6,2.5.3,128.19097900390614,128.19252850260665,True,118.84377277388651,1549.4987001723343,13.366307677332603,4538344,macOS-26.7.1-arm64-arm-64bit-Mach-O,3.14.7,True,370.99776204427076,20261009T001006Z,1.18.1,0,11869,11829,20532,11859,3.5190346299810247,96.48096537001898,0.002034291988820769,0.001830082997912541,0.0017344170046271756,0.0004943339881720021,303,483,995.3893710503444,176,176,25.612526366040143,2026-10-09T00:10:59+00:00,parallel,3,"block mean, streamed in bands, NaN-aware, any void -> void",0.8229166666666666,p06,9.69057617014844,30.59411708155671,1.0163351968098022,0.9859586493607614,0.049368134619879135,1.0692999189194534,1.0692992453575831,0.040756499001872726,0.04248013200146714
X7,win1920_k3_c3_d3,win1920_k3_c3_d3__win2__hag_cta_ring1__shared_border__climb_tiebreak__native,idrija_win1920_k3_c3,dem,hag_cta_ring1,shared_border,climb_tiebreak,native,win2,win,0.0485259160050191,3,height_tiebreak,20,6.0,10380,1920,idrija_win1920_k3,10740,1920,process,article-2026,True,0fc96e99b9a09a800a7e28c9437774072ad2cf51,640,640,0.34642804200120736,5.608016504568229,75,3393,9514,3,main,156,30020,416,337280,6,2.5.3,119.88309054904391,119.88461514319869,True,100.43928427583772,1524.5941546018394,13.641966831124698,4540664,macOS-26.7.1-arm64-arm-64bit-Mach-O,3.14.7,True,370.99776204427076,20261009T001006Z,1.18.1,0,30020,25528,45503,25691,8.90061669829222,91.09938330170777,0.004849583987379447,0.0039012079942040145,0.0036991250090068206,0.000563584006158635,303,483,995.3893710503444,176,176,25.612526366040143,2026-10-09T00:10:59+00:00,parallel,3,"block mean, streamed in bands, NaN-aware, any void -> void",0.8229166666666666,p06,10.227695512193428,0.0,1.0,0.9864626711066927,0.10654068311575574,1.0,1.0,0.03861612398759462,0.09055536319827899
X7,win1920_k3_c3_d3,win1920_k3_c3_d3__win3__full_grid__climb_tiebreak__native,idrija_win1920_k3_c3,dem,full_grid,,climb_tiebreak,native,win3,win,0.0,3,height_tiebreak,0,nan,10380,1920,idrija_win1920_k3,10740,1920,process,article-2026,True,0fc96e99b9a09a800a7e28c9437774072ad2cf51,640,640,0.34642804200120736,5.608016504568229,75,3393,9514,3,main,3393,337280,544,337280,6,2.5.3,248.30350748698015,248.3054794558101,True,89.76372612847096,1971.9688296449226,11.255197082741452,4631464,macOS-26.7.1-arm64-arm-64bit-Mach-O,3.14.7,True,370.99776204427076,20261009T001006Z,1.18.1,0,337280,330103,600140,330429,100.0,0.0,0.05525429100089241,0.05438570900878403,0.05421558300440665,0.0,423,316,1359.1173606425605,43,563,25.612526366040143,2026-10-09T00:10:59+00:00,parallel,3,"block mean, streamed in bands, NaN-aware, any void -> void",0.8229166666666666,p06,,,,,,,,,
X7,win1920_k3_c3_d3,win1920_k3_c3_d3__win3__hag_cta__shared_border__climb_tiebreak__native,idrija_win1920_k3_c3,dem,hag_cta,shared_border,climb_tiebreak,native,win3,win,0.0485259160050191,3,height_tiebreak,40,6.0,10380,1920,idrija_win1920_k3,10740,1920,process,article-2026,True,0fc96e99b9a09a800a7e28c9437774072ad2cf51,640,640,0.34642804200120736,5.608016504568229,75,3393,9514,3,main,41,16383,1049,337280,6,2.5.3,548.4639892578102,548.4677359385383,True,129.23950587873293,3746.6807332528533,7.091786779526797,4578000,macOS-26.7.1-arm64-arm-64bit-Mach-O,3.14.7,True,370.99776204427076,20261009T001006Z,1.18.1,0,16383,15982,24444,15994,4.857388519924099,95.1426114800759,0.0023541249975096434,0.002188583996030502,0.0020952920021954924,0.0005075420049251989,423,316,1359.1173606425605,43,563,25.612526366040143,2026-10-09T00:10:59+00:00,parallel,3,"block mean, streamed in bands, NaN-aware, any void -> void",0.8229166666666666,p06,7.640881102608452,283.9242856819402,1.899969551713193,0.9884563498712287,0.048415191622008885,2.208845113823328,2.208842660824756,0.05168958300782833,0.04024189508455274
X7,win1920_k3_c3_d3,win1920_k3_c3_d3__win3__hag_cta_ring1__shared_border__climb_tiebreak__native,idrija_win1920_k3_c3,dem,hag_cta_ring1,shared_border,climb_tiebreak,native,win3,win,0.0485259160050191,3,height_tiebreak,40,6.0,10380,1920,idrija_win1920_k3,10740,1920,process,article-2026,True,0fc96e99b9a09a800a7e28c9437774072ad2cf51,640,640,0.34642804200120736,5.608016504568229,75,3393,9514,3,main,212,43345,652,337280,6,2.5.3,265.092000325521,265.0943832791984,True,69.34837058738594,2382.953677743273,12.76570561796114,4560632,macOS-26.7.1-arm64-arm-64bit-Mach-O,3.14.7,True,370.99776204427076,20261009T001006Z,1.18.1,0,43345,40829,76547,41033,12.851340132827325,87.14865986717267,0.00596570799825713,0.005694792009308003,0.005443582995212637,0.0005322079960023984,423,316,1359.1173606425605,43,563,25.612526366040143,2026-10-09T00:10:59+00:00,parallel,3,"block mean, streamed in bands, NaN-aware, any void -> void",0.8229166666666666,p06,8.201091062838476,264.7149410214694,1.2084134606591899,0.9847063477120841,0.12368563751313984,1.0676127897203431,1.0676139079177114,0.04815870900347363,0.10471118448392787
X7,win1920_k3_c5_d3,win1920_k3_c5_d3__win1__full_grid__climb_tiebreak__native,idrija_win1920_k3_c5,dem,full_grid,,climb_tiebreak,native,win1,win,0.0,5,height_tiebreak,0,nan,10380,1920,idrija_win1920_k3,10740,1920,process,article-2026,True,0fc96e99b9a09a800a7e28c9437774072ad2cf51,384,384,0.18000704199948814,6.4860818713450294,70,4275,13864,3,main,4275,121344,368,121344,6,2.5.3,188.16092773437526,188.16310031842798,True,68.88754882812464,2172.5840533340725,15.549949348055502,1683088,macOS-26.7.1-arm64-arm-64bit-Mach-O,3.14.7,True,370.5898730468749,20261009T001006Z,1.18.1,0,121344,116502,210392,117039,100.0,0.0,0.019023792003281415,0.01896995799324941,0.018825916995410807,0.0,62,266,1730.664612222715,350,74,25.630103372432302,2026-10-09T00:11:00+00:00,parallel,3,"block mean, streamed in bands, NaN-aware, any void -> void",0.8229166666666666,p03,,,,,,,,,
X7,win1920_k3_c5_d3,win1920_k3_c5_d3__win1__hag_cta__shared_border__climb_tiebreak__native,idrija_win1920_k3_c5,dem,hag_cta,shared_border,climb_tiebreak,native,win1,win,0.0256974999938393,5,height_tiebreak,42,10.0,10380,1920,idrija_win1920_k3,10740,1920,process,article-2026,True,0fc96e99b9a09a800a7e28c9437774072ad2cf51,384,384,0.18000704199948814,6.4860818713450294,70,4275,13864,3,main,43,9491,423,121344,6,2.5.3,219.43942871093714,219.4419529244986,True,81.28990016470038,2524.213562373095,12.584156487428551,1653160,macOS-26.7.1-arm64-arm-64bit-Mach-O,3.14.7,True,370.5898730468749,20261009T001006Z,1.18.1,0,9491,9395,15627,9420,7.8215651371308015,92.1784348628692,0.0013486250099958852,0.001205957989441231,0.0011291249975329265,0.0006529579986818135,62,266,1730.664612222715,350,74,25.630103372432302,2026-10-09T00:11:00+00:00,parallel,3,"block mean, streamed in bands, NaN-aware, any void -> void",0.8229166666666666,p03,12.021742564345269,171.0263137648707,1.1618485178971134,0.982218398562642,0.0806423924052806,1.1662327102293915,1.1662326596082733,0.017111042005126365,0.0635719905057449
X7,win1920_k3_c5_d3,win1920_k3_c5_d3__win1__hag_cta_ring1__shared_border__climb_tiebreak__native,idrija_win1920_k3_c5,dem,hag_cta_ring1,shared_border,climb_tiebreak,native,win1,win,0.0256974999938393,5,height_tiebreak,42,10.0,10380,1920,idrija_win1920_k3,10740,1920,process,article-2026,True,0fc96e99b9a09a800a7e28c9437774072ad2cf51,384,384,0.18000704199948814,6.4860818713450294,70,4275,13864,3,main,287,23334,368,121344,6,2.5.3,188.16092773437526,188.16310031842798,True,68.88754882812464,2172.5840533340725,15.549949348055502,1654816,macOS-26.7.1-arm64-arm-64bit-Mach-O,3.14.7,True,370.5898730468749,20261009T001006Z,1.18.1,0,23334,23154,40172,23203,19.229628164556964,80.77037183544304,0.0036379579978529364,0.0030884169973433018,0.0029393750010058284,0.0006950829993002117,62,266,1730.664612222715,350,74,25.630103372432302,2026-10-09T00:11:00+00:00,parallel,3,"block mean, streamed in bands, NaN-aware, any void -> void",0.8229166666666666,p03,13.54526131368496,0.0,1.0,0.9832023043358399,0.1987433692125457,1.0,1.0,0.015186457996605895,0.16280568456937736
X7,win1920_k3_c5_d3,win1920_k3_c5_d3__win2__full_grid__climb_tiebreak__native,idrija_win1920_k3_c5,dem,full_grid,,climb_tiebreak,native,win2,win,0.0,5,height_tiebreak,0,nan,10380,1920,idrija_win1920_k3,10740,1920,process,article-2026,True,0fc96e99b9a09a800a7e28c9437774072ad2cf51,384,384,0.18000704199948814,6.4860818713450294,70,4275,13864,3,main,4275,121344,247,121344,6,2.5.3,103.07534179687491,103.07684517782633,True,59.27129243785689,1503.3809511662432,11.725769863153152,1680408,macOS-26.7.1-arm64-arm-64bit-Mach-O,3.14.7,True,370.5898730468749,20261009T001006Z,1.18.1,0,121344,81316,148065,82693,100.0,0.0,0.014817833012784831,0.014801166995312087,0.013646541992784478,0.0,182,290,995.3893710503444,106,106,25.630103372432302,2026-10-09T00:11:00+00:00,parallel,3,"block mean, streamed in bands, NaN-aware, any void -> void",0.8229166666666666,p03,,,,,,,,,
X7,win1920_k3_c5_d3,win1920_k3_c5_d3__win2__hag_cta__shared_border__climb_tiebreak__native,idrija_win1920_k3_c5,dem,hag_cta,shared_border,climb_tiebreak,native,win2,win,0.0256974999938393,5,height_tiebreak,19,10.0,10380,1920,idrija_win1920_k3,10740,1920,process,article-2026,True,0fc96e99b9a09a800a7e28c9437774072ad2cf51,384,384,0.18000704199948814,6.4860818713450294,70,4275,13864,3,main,20,1957,327,121344,6,2.5.3,152.51346679687572,152.51547787335318,True,74.91142578124936,2011.0764773832475,11.122587989218314,1643880,macOS-26.7.1-arm64-arm-64bit-Mach-O,3.14.7,True,370.5898730468749,20261009T001006Z,1.18.1,0,1957,1917,2866,1926,1.612770305907173,98.38722969409282,0.00043162499787285924,0.00032283400651067495,0.0002744999947026372,0.0007134170009521767,182,290,995.3893710503444,106,106,25.630103372432302,2026-10-09T00:11:00+00:00,parallel,3,"block mean, streamed in bands, NaN-aware, any void -> void",0.8229166666666666,p03,14.944118959745916,272.9468812791236,1.3377025136730387,0.9782624219832327,0.02357469624674111,1.4796309586576573,1.4796288886241735,0.013764915987849236,0.02181138869745371
X7,win1920_k3_c5_d3,win1920_k3_c5_d3__win2__hag_cta_ring1__shared_border__climb_tiebreak__native,idrija_win1920_k3_c5,dem,hag_cta_ring1,shared_border,climb_tiebreak,native,win2,win,0.0256974999938393,5,height_tiebreak,19,10.0,10380,1920,idrija_win1920_k3,10740,1920,process,article-2026,True,0fc96e99b9a09a800a7e28c9437774072ad2cf51,384,384,0.18000704199948814,6.4860818713450294,70,4275,13864,3,main,123,9588,253,121344,6,2.5.3,106.87609374999943,106.87764369949335,True,62.096337890625364,1549.9494936611666,11.799071796921792,1643120,macOS-26.7.1-arm64-arm-64bit-Mach-O,3.14.7,True,370.5898730468749,20261009T001006Z,1.18.1,0,9588,9002,15826,9095,7.901503164556962,92.09849683544303,0.0013197079970268533,0.0012097500002710149,0.001132040997617878,0.0006672080053249374,182,290,995.3893710503444,106,106,25.630103372432302,2026-10-09T00:11:00+00:00,parallel,3,"block mean, streamed in bands, NaN-aware, any void -> void",0.8229166666666666,p03,15.916219101455855,50.0,1.0309758763797012,0.9778101508681225,0.11070392050764917,1.0368735323780391,1.036873446360431,0.012924208989716135,0.0817334201184389
X7,win1920_k3_c5_d3,win1920_k3_c5_d3__win3__full_grid__climb_tiebreak__native,idrija_win1920_k3_c5,dem,full_grid,,climb_tiebreak,native,win3,win,0.0,5,height_tiebreak,0,nan,10380,1920,idrija_win1920_k3,10740,1920,process,article-2026,True,0fc96e99b9a09a800a7e28c9437774072ad2cf51,384,384,0.18000704199948814,6.4860818713450294,70,4275,13864,3,main,4275,121344,323,121344,6,2.5.3,236.06823730468773,236.0701952440799,True,64.94990234375109,1957.9393923934,12.624578950587189,1693120,macOS-26.7.1-arm64-arm-64bit-Mach-O,3.14.7,True,370.5898730468749,20261009T001006Z,1.18.1,0,121344,118790,215242,118984,100.0,0.0,0.01794724998762831,0.017718208007863723,0.017457042005844414,0.0,254,190,1359.1173606425605,26,338,25.630103372432302,2026-10-09T00:11:00+00:00,parallel,3,"block mean, streamed in bands, NaN-aware, any void -> void",0.8229166666666666,p03,,,,,,,,,
X7,win1920_k3_c5_d3,win1920_k3_c5_d3__win3__hag_cta__shared_border__climb_tiebreak__native,idrija_win1920_k3_c5,dem,hag_cta,shared_border,climb_tiebreak,native,win3,win,0.0256974999938393,5,height_tiebreak,50,10.0,10380,1920,idrija_win1920_k3,10740,1920,process,article-2026,True,0fc96e99b9a09a800a7e28c9437774072ad2cf51,384,384,0.18000704199948814,6.4860818713450294,70,4275,13864,3,main,51,3305,503,121344,6,2.5.3,385.84479980468814,385.84777786601023,True,86.40896656147048,2978.061325481598,9.341320913344466,1655360,macOS-26.7.1-arm64-arm-64bit-Mach-O,3.14.7,True,370.5898730468749,20261009T001006Z,1.18.1,0,3305,3302,4898,3303,2.7236616561181433,97.27633834388185,0.000635416989098303,0.0005105419986648485,0.00042675000440794975,0.0007621670083608478,254,190,1359.1173606425605,26,338,25.630103372432302,2026-10-09T00:11:00+00:00,parallel,3,"block mean, streamed in bands, NaN-aware, any void -> void",0.8229166666666666,p03,12.508257851150956,160.70158679988197,1.5210181362361748,0.9776979776979777,0.027796952605438168,1.6344630019272237,1.634462061028377,0.016445499000838026,0.02881453917000291
X7,win1920_k3_c5_d3,win1920_k3_c5_d3__win3__hag_cta_ring1__shared_border__climb_tiebreak__native,idrija_win1920_k3_c5,dem,hag_cta_ring1,shared_border,climb_tiebreak,native,win3,win,0.0256974999938393,5,height_tiebreak,50,10.0,10380,1920,idrija_win1920_k3,10740,1920,process,article-2026,True,0fc96e99b9a09a800a7e28c9437774072ad2cf51,384,384,0.18000704199948814,6.4860818713450294,70,4275,13864,3,main,280,11530,317,121344,6,2.5.3,243.04048828125087,243.04241207850728,True,76.14293619570515,1923.797256769669,12.481598209591754,1648496,macOS-26.7.1-arm64-arm-64bit-Mach-O,3.14.7,True,370.5898730468749,20261009T001006Z,1.18.1,0,11530,11375,19565,11393,9.501911919831224,90.49808808016877,0.001553333000629209,0.001466125002480112,0.001451499992981553,0.0007287079934030771,254,190,1359.1173606425605,26,338,25.630103372432302,2026-10-09T00:11:00+00:00,parallel,3,"block mean, streamed in bands, NaN-aware, any void -> void",0.8229166666666666,p03,13.251276982909326,100.12492197250393,0.982562210170359,0.9736439236439236,0.09575721862109605,1.0295348965882447,1.029534507002117,0.015523375011980534,0.08274679932809312
X7,win1920_k4_c10_d3,win1920_k4_c10_d3__win1__full_grid__climb_tiebreak__native,idrija_win1920_k4_c10,dem,full_grid,,climb_tiebreak,native,win1,win,0.0,10,height_tiebreak,0,nan,6180,1920,idrija_win1920_k4,5100,1920,process,article-2026,True,0fc96e99b9a09a800a7e28c9437774072ad2cf51,192,192,0.11564729099336546,7.721434528773979,78,10791,41661,3,main,10791,36864,121,36864,6,2.5.3,260.4640039062502,260.46550214001536,True,94.49775085449232,1498.2337649086287,14.48944089311019,441832,macOS-26.7.1-arm64-arm-64bit-Mach-O,3.14.7,True,423.06110351562506,20261009T001006Z,1.18.1,0,36864,32314,59589,32698,100.0,0.0,0.004755457994178869,0.004510250000748783,0.004442750010639429,0.0,77,61,1027.0345661174215,179,73,46.5220568243529,2026-10-09T00:11:03+00:00,parallel,3,"block mean, streamed in bands, NaN-aware, any void -> void",1.0,p04,,,,,,,,,
X7,win1920_k4_c10_d3,win1920_k4_c10_d3__win1__hag_cta__shared_border__climb_tiebreak__native,idrija_win1920_k4_c10,dem,hag_cta,shared_border,climb_tiebreak,native,win1,win,0.013701708012376912,10,height_tiebreak,63,20.0,6180,1920,idrija_win1920_k4,5100,1920,process,article-2026,True,0fc96e99b9a09a800a7e28c9437774072ad2cf51,192,192,0.11564729099336546,7.721434528773979,78,10791,41661,3,main,64,927,165,36864,6,2.5.3,302.5111346435545,302.5131640043033,True,101.22543640136712,2029.3607486307096,10.682443685077663,416312,macOS-26.7.1-arm64-arm-64bit-Mach-O,3.14.7,True,423.06110351562506,20261009T001006Z,1.18.1,0,927,925,1380,925,2.5146484375,97.4853515625,0.00029341698973439634,0.000167417005286552,0.000138082992634736,0.0019199170055799186,77,61,1027.0345661174215,179,73,46.5220568243529,2026-10-09T00:11:03+00:00,parallel,3,"block mean, streamed in bands, NaN-aware, any void -> void",1.0,p04,53.385672283266075,155.24174696260025,1.3545020784887145,0.9422404895978562,0.028625363619483816,1.1614316377952882,1.1614327483632934,0.0024229159898823127,0.03711922959010205
X7,win1920_k4_c10_d3,win1920_k4_c10_d3__win1__hag_cta_ring1__shared_border__climb_tiebreak__native,idrija_win1920_k4_c10,dem,hag_cta_ring1,shared_border,climb_tiebreak,native,win1,win,0.013701708012376912,10,height_tiebreak,63,20.0,6180,1920,idrija_win1920_k4,5100,1920,process,article-2026,True,0fc96e99b9a09a800a7e28c9437774072ad2cf51,192,192,0.11564729099336546,7.721434528773979,78,10791,41661,3,main,343,2117,111,36864,6,2.5.3,267.4864880371094,267.48777857534833,True,101.22543640136712,1290.538238691624,15.961666665538619,414248,macOS-26.7.1-arm64-arm-64bit-Mach-O,3.14.7,True,423.06110351562506,20261009T001006Z,1.18.1,0,2117,2104,3345,2113,5.742730034722222,94.25726996527779,0.0003553749993443489,0.0002529579942347482,0.00017870900046546012,0.0019427920051384717,77,61,1027.0345661174215,179,73,46.5220568243529,2026-10-09T00:11:03+00:00,parallel,3,"block mean, streamed in bands, NaN-aware, any void -> void",1.0,p04,55.886368083329934,190.0,0.8613730840396117,0.9375690307628238,0.06511109735718265,1.0269614381470802,1.0269604856598555,0.0023145000013755634,0.05608513811712268
X7,win1920_k4_c10_d3,win1920_k4_c10_d3__win2__full_grid__climb_tiebreak__native,idrija_win1920_k4_c10,dem,full_grid,,climb_tiebreak,native,win2,win,0.0,10,height_tiebreak,0,nan,6180,1920,idrija_win1920_k4,5100,1920,process,article-2026,True,0fc96e99b9a09a800a7e28c9437774072ad2cf51,192,192,0.11564729099336546,7.721434528773979,78,10791,41661,3,main,10791,36864,95,36864,6,2.5.3,118.1367962646483,118.13794337142963,True,139.48058463083524,1147.1067811865476,16.809703834965568,432368,macOS-26.7.1-arm64-arm-64bit-Mach-O,3.14.7,True,423.06110351562506,20261009T001006Z,1.18.1,0,36864,16447,30845,16963,100.0,0.0,0.0023990420013433322,0.002326000001630746,0.0022548330016434193,0.0,89,125,912.1403400793104,17,181,46.5220568243529,2026-10-09T00:11:03+00:00,parallel,3,"block mean, streamed in bands, NaN-aware, any void -> void",1.0,p04,,,,,,,,,
X7,win1920_k4_c10_d3,win1920_k4_c10_d3__win2__hag_cta__shared_border__climb_tiebreak__native,idrija_win1920_k4_c10,dem,hag_cta,shared_border,climb_tiebreak,native,win2,win,0.013701708012376912,10,height_tiebreak,27,20.0,6180,1920,idrija_win1920_k4,5100,1920,process,article-2026,True,0fc96e99b9a09a800a7e28c9437774072ad2cf51,192,192,0.11564729099336546,7.721434528773979,78,10791,41661,3,main,28,462,108,36864,6,2.5.3,138.68082580566386,138.68207391749587,True,64.04342041015639,1248.111831820431,12.203424933810943,412032,macOS-26.7.1-arm64-arm-64bit-Mach-O,3.14.7,True,423.06110351562506,20261009T001006Z,1.18.1,0,462,462,576,462,1.2532552083333333,98.74674479166666,0.00017191599181387573,9.970799146685749e-05,8.754200825933367e-05,0.0023545409931102768,89,125,912.1403400793104,17,181,46.5220568243529,2026-10-09T00:11:03+00:00,parallel,3,"block mean, streamed in bands, NaN-aware, any void -> void",1.0,p04,inf,106.30145812734649,1.0880520037806816,0.952965991932798,0.028090229221134553,1.173900344266939,1.1738995106887447,-0.00012824898294638842,0.0428667202910373
X7,win1920_k4_c10_d3,win1920_k4_c10_d3__win2__hag_cta_ring1__shared_border__climb_tiebreak__native,idrija_win1920_k4_c10,dem,hag_cta_ring1,shared_border,climb_tiebreak,native,win2,win,0.013701708012376912,10,height_tiebreak,27,20.0,6180,1920,idrija_win1920_k4,5100,1920,process,article-2026,True,0fc96e99b9a09a800a7e28c9437774072ad2cf51,192,192,0.11564729099336546,7.721434528773979,78,10791,41661,3,main,160,2033,105,36864,6,2.5.3,127.27048767089843,127.27166850350982,True,64.04342041015639,1180.8326112068526,15.589779620031996,413992,macOS-26.7.1-arm64-arm-64bit-Mach-O,3.14.7,True,423.06110351562506,20261009T001006Z,1.18.1,0,2033,2010,3449,2015,5.514865451388889,94.48513454861111,0.000359582991222851,0.00025099999038502574,0.00020020900410600007,0.0021755000052507967,89,125,912.1403400793104,17,181,46.5220568243529,2026-10-09T00:11:03+00:00,parallel,3,"block mean, streamed in bands, NaN-aware, any void -> void",1.0,p04,inf,106.30145812734649,1.0294007764346225,0.957499167375939,0.12221073752052046,1.0773145344638344,1.0773140692263743,-0.00010049999400507659,0.10791057188695229
X7,win1920_k4_c10_d3,win1920_k4_c10_d3__win3__full_grid__climb_tiebreak__native,idrija_win1920_k4_c10,dem,full_grid,,climb_tiebreak,native,win3,win,0.0,10,height_tiebreak,0,nan,6180,1920,idrija_win1920_k4,5100,1920,process,article-2026,True,0fc96e99b9a09a800a7e28c9437774072ad2cf51,192,192,0.11564729099336546,7.721434528773979,78,10791,41661,3,main,10791,36864,155,36864,6,2.5.3,165.99727478027285,165.99910472976686,True,58.44878540039076,1829.9494936611666,11.988339171160696,437360,macOS-26.7.1-arm64-arm-64bit-Mach-O,3.14.7,True,423.06110351562506,20261009T001006Z,1.18.1,0,36864,20804,38931,21387,100.0,0.0,0.004268083997885697,0.003036291993339546,0.002904833003412932,0.0,89,89,1032.4727599312246,15,17,46.5220568243529,2026-10-09T00:11:03+00:00,parallel,3,"block mean, streamed in bands, NaN-aware, any void -> void",1.0,p04,,,,,,,,,
X7,win1920_k4_c10_d3,win1920_k4_c10_d3__win3__hag_cta__shared_border__climb_tiebreak__native,idrija_win1920_k4_c10,dem,hag_cta,shared_border,climb_tiebreak,native,win3,win,0.013701708012376912,10,height_tiebreak,38,20.0,6180,1920,idrija_win1920_k4,5100,1920,process,article-2026,True,0fc96e99b9a09a800a7e28c9437774072ad2cf51,192,192,0.11564729099336546,7.721434528773979,78,10791,41661,3,main,39,529,189,36864,6,2.5.3,219.8669360351554,219.8692633858032,True,74.90072601258879,2327.3506473629427,14.203685174624876,416848,macOS-26.7.1-arm64-arm-64bit-Mach-O,3.14.7,True,423.06110351562506,20261009T001006Z,1.18.1,0,529,528,680,528,1.4350043402777777,98.56499565972221,0.00027591700199991465,0.00014099999680183828,0.00012937499559484422,0.0028290840127738193,89,89,1032.4727599312246,15,17,46.5220568243529,2026-10-09T00:11:03+00:00,parallel,3,"block mean, streamed in bands, NaN-aware, any void -> void",1.0,p04,1953.676756975835,158.11388300841898,1.2718114108748593,0.9531004207060545,0.025379734666410306,1.3245213593186316,1.3245207782519828,6.620798376388848e-05,0.0464382204053951
X7,win1920_k4_c10_d3,win1920_k4_c10_d3__win3__hag_cta_ring1__shared_border__climb_tiebreak__native,idrija_win1920_k4_c10,dem,hag_cta_ring1,shared_border,climb_tiebreak,native,win3,win,0.013701708012376912,10,height_tiebreak,38,20.0,6180,1920,idrija_win1920_k4,5100,1920,process,article-2026,True,0fc96e99b9a09a800a7e28c9437774072ad2cf51,192,192,0.11564729099336546,7.721434528773979,78,10791,41661,3,main,261,2013,142,36864,6,2.5.3,167.52078979492114,167.5224856022795,True,58.44878540039076,1695.8073580374355,14.47259980979713,416104,macOS-26.7.1-arm64-arm-64bit-Mach-O,3.14.7,True,423.06110351562506,20261009T001006Z,1.18.1,0,2013,1990,3393,2011,5.460611979166667,94.53938802083334,0.00037224999687168747,0.00024908299383241683,0.00020354200387373567,0.0021116669959155843,89,89,1032.4727599312246,15,17,46.5220568243529,2026-10-09T00:11:03+00:00,parallel,3,"block mean, streamed in bands, NaN-aware, any void -> void",1.0,p04,191.47439880577886,100.0,0.9266962634278207,0.9513993049204317,0.09565468179196308,1.0091779519673738,1.0091770427014806,0.0006755420035915449,0.08203525694459192
X7,win1920_k4_c1_d3,win1920_k4_c1_d3__win1__full_grid__climb_tiebreak__native,idrija_win1920_k4_c1,dem,full_grid,,climb_tiebreak,native,win1,win,0.0,1,height_tiebreak,0,nan,6180,1920,idrija_win1920_k4,5100,1920,process,article-2026,True,0fc96e99b9a09a800a7e28c9437774072ad2cf51,1920,1920,2.2856584999972256,3.9848932676518882,155,3045,6067,3,main,3045,3686400,1133,3686400,6,2.5.3,264.1256103515625,264.1269784532899,True,135.565185546875,1368.1017305526643,18.429913215717622,40936072,macOS-26.7.1-arm64-arm-64bit-Mach-O,3.14.7,True,426.4615783691406,20261009T001006Z,1.18.1,0,3686400,3150986,5875544,3156183,100.0,0.0,0.637576708002598,0.6350759999913862,0.6344787919952068,0.0,770,610,1027.0345661174215,1790,730,52.89297420811319,2026-10-09T00:10:26+00:00,parallel,3,"block mean, streamed in bands, NaN-aware, any void -> void",1.0,p06,,,,,,,,,
X7,win1920_k4_c1_d3,win1920_k4_c1_d3__win1__hag_cta__shared_border__climb_tiebreak__native,idrija_win1920_k4_c1,dem,hag_cta,shared_border,climb_tiebreak,native,win1,win,0.31469587500032503,1,height_tiebreak,55,8.94427190999916,6180,1920,idrija_win1920_k4,5100,1920,process,article-2026,True,0fc96e99b9a09a800a7e28c9437774072ad2cf51,1920,1920,2.2856584999972256,3.9848932676518882,155,3045,6067,3,main,56,590051,2306,3686400,6,2.5.3,372.98284912109375,372.9855828321233,True,123.52142108733875,2733.711037056153,9.18505361491466,40739760,macOS-26.7.1-arm64-arm-64bit-Mach-O,3.14.7,True,426.4615783691406,20261009T001006Z,1.18.1,0,590051,413222,827543,414584,16.00615776909722,83.99384223090279,0.06481254199752584,0.06451654199918266,0.06405525001173373,0.00040258299850393087,770,610,1027.0345661174215,1790,730,52.89297420811319,2026-10-09T00:10:26+00:00,parallel,3,"block mean, streamed in bands, NaN-aware, any void -> void",1.0,p06,4.560770007423457,620.4715948373463,1.998178188073654,0.9952044250850448,0.131140538231525,1.4121419298364806,1.4121449653356208,0.5701568749936996,0.10158869489644975
X7,win1920_k4_c1_d3,win1920_k4_c1_d3__win1__hag_cta_ring1__shared_border__climb_tiebreak__native,idrija_win1920_k4_c1,dem,hag_cta_ring1,shared_border,climb_tiebreak,native,win1,win,0.31469587500032503,1,height_tiebreak,55,2.0,6180,1920,idrija_win1920_k4,5100,1920,process,article-2026,True,0fc96e99b9a09a800a7e28c9437774072ad2cf51,1920,1920,2.2856584999972256,3.9848932676518882,155,3045,6067,3,main,78,691618,2063,3686400,6,2.5.3,322.8616943359375,322.8641415545441,True,87.87692092974784,2447.2186130069786,11.530564665714982,40729960,macOS-26.7.1-arm64-arm-64bit-Mach-O,3.14.7,True,426.4615783691406,20261009T001006Z,1.18.1,0,691618,511294,1017615,512844,18.761338975694443,81.23866102430556,0.0822128749859985,0.08094370899198111,0.07950049999635667,0.0004565419949358329,770,610,1027.0345661174215,1790,730,52.89297420811319,2026-10-09T00:10:26+00:00,parallel,3,"block mean, streamed in bands, NaN-aware, any void -> void",1.0,p06,4.696529294759776,484.781394032403,1.7887694740495574,0.9949650274212924,0.16226476410875834,1.2223793592230408,1.2223822929608144,0.5536757490044693,0.12745515338806535
X7,win1920_k4_c1_d3,win1920_k4_c1_d3__win2__full_grid__climb_tiebreak__native,idrija_win1920_k4_c1,dem,full_grid,,climb_tiebreak,native,win2,win,0.0,1,height_tiebreak,0,nan,6180,1920,idrija_win1920_k4,5100,1920,process,article-2026,True,0fc96e99b9a09a800a7e28c9437774072ad2cf51,1920,1920,2.2856584999972256,3.9848932676518882,155,3045,6067,3,main,3045,3686400,1016,3686400,6,2.5.3,164.2772216796875,164.27843674483668,True,1580.8739350677954,1215.0651506262052,16.12243546098874,40840880,macOS-26.7.1-arm64-arm-64bit-Mach-O,3.14.7,True,426.4615783691406,20261009T001006Z,1.18.1,0,3686400,1789103,3318767,1794803,100.0,0.0,0.3429615829954855,0.34133079199818894,0.3397363330004737,0.0,890,1250,912.1403400793104,170,1810,52.89297420811319,2026-10-09T00:10:26+00:00,parallel,3,"block mean, streamed in bands, NaN-aware, any void -> void",1.0,p06,,,,,,,,,
X7,win1920_k4_c1_d3,win1920_k4_c1_d3__win2__hag_cta__shared_border__climb_tiebreak__native,idrija_win1920_k4_c1,dem,hag_cta,shared_border,climb_tiebreak,native,win2,win,0.31469587500032503,1,height_tiebreak,18,2.0,6180,1920,idrija_win1920_k4,5100,1920,process,article-2026,True,0fc96e99b9a09a800a7e28c9437774072ad2cf51,1920,1920,2.2856584999972256,3.9848932676518882,155,3045,6067,3,main,19,144009,2330,3686400,6,2.5.3,382.8262939453125,382.8291104746674,True,1857.635632804305,2816.529362913133,8.760417694134572,40718368,macOS-26.7.1-arm64-arm-64bit-Mach-O,3.14.7,True,426.4615783691406,20261009T001006Z,1.18.1,0,144009,143820,255433,143847,3.906494140625,96.093505859375,0.020672541999374516,0.02037929100333713,0.020184458000585437,0.00042429099266882986,890,1250,912.1403400793104,170,1810,52.89297420811319,2026-10-09T00:10:26+00:00,parallel,3,"block mean, streamed in bands, NaN-aware, any void -> void",1.0,p06,8.1127414267882,664.417037710503,2.3180068669252716,0.9970002605232796,0.08038665185850116,2.3303674729279167,2.330367381504194,0.320527210002183,0.05970539863700682
X7,win1920_k4_c1_d3,win1920_k4_c1_d3__win2__hag_cta_ring1__shared_border__climb_tiebreak__native,idrija_win1920_k4_c1,dem,hag_cta_ring1,shared_border,climb_tiebreak,native,win2,win,0.31469587500032503,1,height_tiebreak,18,2.0,6180,1920,idrija_win1920_k4,5100,1920,process,article-2026,True,0fc96e99b9a09a800a7e28c9437774072ad2cf51,1920,1920,2.2856584999972256,3.9848932676518882,155,3045,6067,3,main,190,414025,1406,3686400,6,2.5.3,204.71875,204.72047767236208,True,1582.8980627556402,1727.672365088641,11.139553682057176,40704520,macOS-26.7.1-arm64-arm-64bit-Mach-O,3.14.7,True,426.4615783691406,20261009T001006Z,1.18.1,0,414025,397937,725422,398239,11.231146918402779,88.76885308159721,0.06255774998862762,0.0613307080056984,0.06102824999834411,0.0005119999987073243,890,1250,912.1403400793104,170,1810,52.89297420811319,2026-10-09T00:10:26+00:00,parallel,3,"block mean, streamed in bands, NaN-aware, any void -> void",1.0,p06,9.303990130238939,313.4661066207956,1.4218763201283937,0.9966611884954487,0.22242263301777482,1.2461785505428535,1.2461798500696806,0.2794880839937832,0.17968114639368316
X7,win1920_k4_c1_d3,win1920_k4_c1_d3__win3__full_grid__climb_tiebreak__native,idrija_win1920_k4_c1,dem,full_grid,,climb_tiebreak,native,win3,win,0.0,1,height_tiebreak,0,nan,6180,1920,idrija_win1920_k4,5100,1920,process,article-2026,True,0fc96e99b9a09a800a7e28c9437774072ad2cf51,1920,1920,2.2856584999972256,3.9848932676518882,155,3045,6067,3,main,3045,3686400,1362,3686400,6,2.5.3,217.8560791015625,217.85775200437084,True,218.51806640625,1672.9028124669408,13.109605806621444,40884424,macOS-26.7.1-arm64-arm-64bit-Mach-O,3.14.7,True,426.4615783691406,20261009T001006Z,1.18.1,0,3686400,2570443,4786893,2577842,100.0,0.0,0.5246286250039702,0.5116522499884013,0.5068621660029748,0.0,890,890,1032.4727599312246,150,170,52.89297420811319,2026-10-09T00:10:26+00:00,parallel,3,"block mean, streamed in bands, NaN-aware, any void -> void",1.0,p06,,,,,,,,,
X7,win1920_k4_c1_d3,win1920_k4_c1_d3__win3__hag_cta__shared_border__climb_tiebreak__native,idrija_win1920_k4_c1,dem,hag_cta,shared_border,climb_tiebreak,native,win3,win,0.31469587500032503,1,height_tiebreak,23,8.0,6180,1920,idrija_win1920_k4,5100,1920,process,article-2026,True,0fc96e99b9a09a800a7e28c9437774072ad2cf51,1920,1920,2.2856584999972256,3.9848932676518882,155,3045,6067,3,main,24,243366,1530,3686400,6,2.5.3,262.50384521484375,262.5057267105803,True,291.51322958523775,1881.4957415795043,10.218367323178471,40681128,macOS-26.7.1-arm64-arm-64bit-Mach-O,3.14.7,True,426.4615783691406,20261009T001006Z,1.18.1,0,243366,226690,419899,226891,6.601725260416667,93.39827473958333,0.0347545840049861,0.034568207993288524,0.034321415994782,0.00042550000944174826,890,890,1032.4727599312246,150,170,52.89297420811319,2026-10-09T00:10:26+00:00,parallel,3,"block mean, streamed in bands, NaN-aware, any void -> void",1.0,p06,5.455381884409239,179.2930561957155,1.124689209413763,0.9950275439859444,0.08819102388187561,1.2049415664571237,1.20494095020917,0.47665854198567104,0.06756191924118804
X7,win1920_k4_c1_d3,win1920_k4_c1_d3__win3__hag_cta_ring1__shared_border__climb_tiebreak__native,idrija_win1920_k4_c1,dem,hag_cta_ring1,shared_border,climb_tiebreak,native,win3,win,0.31469587500032503,1,height_tiebreak,23,2.0,6180,1920,idrija_win1920_k4,5100,1920,process,article-2026,True,0fc96e99b9a09a800a7e28c9437774072ad2cf51,1920,1920,2.2856584999972256,3.9848932676518882,155,3045,6067,3,main,260,419507,1417,3686400,6,2.5.3,225.9320068359375,225.93374426565728,True,218.51806640625,1737.429724401522,14.028651947469264,40688256,macOS-26.7.1-arm64-arm-64bit-Mach-O,3.14.7,True,426.4615783691406,20261009T001006Z,1.18.1,0,419507,398957,754840,399368,11.37985568576389,88.62014431423611,0.06169608299387619,0.06166400000802241,0.06155462499009445,0.0004108749999431893,890,890,1032.4727599312246,150,170,52.89297420811319,2026-10-09T00:10:26+00:00,parallel,3,"block mean, streamed in bands, NaN-aware, any void -> void",1.0,p06,5.783997415596615,192.3460423299632,1.0385718234518517,0.9952018891106305,0.15520943277092702,1.0370700132292847,1.0370700247614986,0.4495773749804357,0.12051935667129438
X7,win1920_k4_c20_d3,win1920_k4_c20_d3__win1__full_grid__climb_tiebreak__native,idrija_win1920_k4_c20,dem,full_grid,,climb_tiebreak,native,win1,win,0.0,20,height_tiebreak,0,nan,6180,1920,idrija_win1920_k4,5100,1920,process,article-2026,True,0fc96e99b9a09a800a7e28c9437774072ad2cf51,96,96,0.03952054200635757,7.757076892190323,50,4981,19319,3,main,4981,9216,52,9216,6,2.5.3,267.10931274414065,267.1105149981083,True,66.64267158335856,1202.2539674441618,26.59867100594812,121568,macOS-26.7.1-arm64-arm-64bit-Mach-O,3.14.7,True,419.50477058410644,20261009T001006Z,1.18.1,0,9216,8236,15041,8394,100.0,0.0,0.0013723749871132895,0.0011843340034829453,0.0011013749899575487,0.0,38,30,1027.0345661174215,89,36,43.52012704621241,2026-10-09T00:11:05+00:00,parallel,3,"block mean, streamed in bands, NaN-aware, any void -> void",1.0,p05,,,,,,,,,
X7,win1920_k4_c20_d3,win1920_k4_c20_d3__win1__hag_cta__shared_border__climb_tiebreak__native,idrija_win1920_k4_c20,dem,hag_cta,shared_border,climb_tiebreak,native,win1,win,0.004746624996187165,20,height_tiebreak,51,40.0,6180,1920,idrija_win1920_k4,5100,1920,process,article-2026,True,0fc96e99b9a09a800a7e28c9437774072ad2cf51,96,96,0.03952054200635757,7.757076892190323,50,4981,19319,3,main,52,242,68,9216,6,2.5.3,277.60896331787103,277.61063468872123,True,87.40709533691415,1671.3708498984759,14.156951931522174,107744,macOS-26.7.1-arm64-arm-64bit-Mach-O,3.14.7,True,419.50477058410644,20261009T001006Z,1.18.1,0,242,240,323,242,2.6258680555555554,97.37413194444444,0.00011750000703614205,6.429199129343033e-05,5.733399302698672e-05,0.0009078330040210858,38,30,1027.0345661174215,89,36,43.52012704621241,2026-10-09T00:11:05+00:00,parallel,3,"block mean, streamed in bands, NaN-aware, any void -> void",1.0,p05,208.60173366160842,140.0,1.390197824384474,0.8862858647012372,0.029140359397765905,1.0393084406749524,1.0393100200143275,0.00021220900816842914,0.05428535455737774
X7,win1920_k4_c20_d3,win1920_k4_c20_d3__win1__hag_cta_ring1__shared_border__climb_tiebreak__native,idrija_win1920_k4_c20,dem,hag_cta_ring1,shared_border,climb_tiebreak,native,win1,win,0.004746624996187165,20,height_tiebreak,51,40.0,6180,1920,idrija_win1920_k4,5100,1920,process,article-2026,True,0fc96e99b9a09a800a7e28c9437774072ad2cf51,96,96,0.03952054200635757,7.757076892190323,50,4981,19319,3,main,244,587,55,9216,6,2.5.3,273.33062423706053,273.33197761801193,True,87.40709533691415,1353.3809511662425,14.368984769946607,108400,macOS-26.7.1-arm64-arm-64bit-Mach-O,3.14.7,True,419.50477058410644,20261009T001006Z,1.18.1,0,587,575,876,583,6.369357638888889,93.63064236111111,0.00026000000070780516,0.00018645799718797207,0.0001099579967558384,0.0010737499978858978,38,30,1027.0345661174215,89,36,43.52012704621241,2026-10-09T00:11:05+00:00,parallel,3,"block mean, streamed in bands, NaN-aware, any void -> void",1.0,p05,inf,120.0,1.125703044293842,0.8916820215846275,0.06981544439048082,1.0232912564111127,1.0232917173625595,-7.587399159092456e-05,0.15743700395296226
X7,win1920_k4_c20_d3,win1920_k4_c20_d3__win2__full_grid__climb_tiebreak__native,idrija_win1920_k4_c20,dem,full_grid,,climb_tiebreak,native,win2,win,0.0,20,height_tiebreak,0,nan,6180,1920,idrija_win1920_k4,5100,1920,process,article-2026,True,0fc96e99b9a09a800a7e28c9437774072ad2cf51,96,96,0.03952054200635757,7.757076892190323,50,4981,19319,3,main,4981,9216,47,9216,6,2.5.3,111.06745605468745,111.06855830865493,True,89.9612923113299,1102.2539674441618,24.142642268185977,117312,macOS-26.7.1-arm64-arm-64bit-Mach-O,3.14.7,True,419.50477058410644,20261009T001006Z,1.18.1,0,9216,4041,7572,4285,100.0,0.0,0.0006622920045629144,0.0006489999941550195,0.000557082996238023,0.0,44,62,912.1403400793104,8,90,43.52012704621241,2026-10-09T00:11:05+00:00,parallel,3,"block mean, streamed in bands, NaN-aware, any void -> void",1.0,p05,,,,,,,,,
X7,win1920_k4_c20_d3,win1920_k4_c20_d3__win2__hag_cta__shared_border__climb_tiebreak__native,idrija_win1920_k4_c20,dem,hag_cta,shared_border,climb_tiebreak,native,win2,win,0.004746624996187165,20,height_tiebreak,18,40.0,6180,1920,idrija_win1920_k4,5100,1920,process,article-2026,True,0fc96e99b9a09a800a7e28c9437774072ad2cf51,96,96,0.03952054200635757,7.757076892190323,50,4981,19319,3,main,19,92,54,9216,6,2.5.3,128.90261627197242,128.90391651583863,True,129.96345345663025,1300.243866176395,14.218937436025701,107648,macOS-26.7.1-arm64-arm-64bit-Mach-O,3.14.7,True,419.50477058410644,20261009T001006Z,1.18.1,0,92,90,102,92,0.9982638888888888,99.00173611111111,9.479200525674969e-05,5.1584007451310754e-05,4.629199975170195e-05,0.0008676249999552965,44,62,912.1403400793104,8,90,43.52012704621241,2026-10-09T00:11:05+00:00,parallel,3,"block mean, streamed in bands, NaN-aware, any void -> void",1.0,p05,inf,144.22205101855957,1.179622758982959,0.9176213857064921,0.022271714922048998,1.1605795329327007,1.160579721919321,-0.00027020901325158775,0.07948229262847951
X7,win1920_k4_c20_d3,win1920_k4_c20_d3__win2__hag_cta_ring1__shared_border__climb_tiebreak__native,idrija_win1920_k4_c20,dem,hag_cta_ring1,shared_border,climb_tiebreak,native,win2,win,0.004746624996187165,20,height_tiebreak,18,40.0,6180,1920,idrija_win1920_k4,5100,1920,process,article-2026,True,0fc96e99b9a09a800a7e28c9437774072ad2cf51,96,96,0.03952054200635757,7.757076892190323,50,4981,19319,3,main,113,407,48,9216,6,2.5.3,114.42624816894545,114.42737870718416,True,89.9612923113299,1130.5382386916237,24.14374458301642,108264,macOS-26.7.1-arm64-arm-64bit-Mach-O,3.14.7,True,419.50477058410644,20261009T001006Z,1.18.1,0,407,396,622,403,4.416232638888889,95.58376736111111,0.00014604200259782374,7.316698611248285e-05,5.966601020190865e-05,0.0010988750000251457,44,62,912.1403400793104,8,90,43.52012704621241,2026-10-09T00:11:05+00:00,parallel,3,"block mean, streamed in bands, NaN-aware, any void -> void",1.0,p05,inf,144.22205101855957,1.0256603941404228,0.9228723404255319,0.09799554565701558,1.0302410105855326,1.0302409651270994,-0.000523041991982609,0.11273803816862014
X7,win1920_k4_c20_d3,win1920_k4_c20_d3__win3__full_grid__climb_tiebreak__native,idrija_win1920_k4_c20,dem,full_grid,,climb_tiebreak,native,win3,win,0.0,20,height_tiebreak,0,nan,6180,1920,idrija_win1920_k4,5100,1920,process,article-2026,True,0fc96e99b9a09a800a7e28c9437774072ad2cf51,96,96,0.03952054200635757,7.757076892190323,50,4981,19319,3,main,4981,9216,72,9216,6,2.5.3,156.60423980712903,156.60592490380915,True,52.9304492950439,1685.0966799187804,14.218110769106152,118344,macOS-26.7.1-arm64-arm-64bit-Mach-O,3.14.7,True,419.50477058410644,20261009T001006Z,1.18.1,0,9216,5091,9551,5381,100.0,0.0,0.0007499170023947954,0.0007415410073008388,0.0006652089941781014,0.0,44,44,1032.4727599312246,7,8,43.52012704621241,2026-10-09T00:11:05+00:00,parallel,3,"block mean, streamed in bands, NaN-aware, any void -> void",1.0,p05,,,,,,,,,
X7,win1920_k4_c20_d3,win1920_k4_c20_d3__win3__hag_cta__shared_border__climb_tiebreak__native,idrija_win1920_k4_c20,dem,hag_cta,shared_border,climb_tiebreak,native,win3,win,0.004746624996187165,20,height_tiebreak,32,40.0,6180,1920,idrija_win1920_k4,5100,1920,process,article-2026,True,0fc96e99b9a09a800a7e28c9437774072ad2cf51,96,96,0.03952054200635757,7.757076892190323,50,4981,19319,3,main,33,137,76,9216,6,2.5.3,169.743343048096,169.74515785040361,True,52.9304492950439,1814.802307403552,14.188437099273115,107480,macOS-26.7.1-arm64-arm-64bit-Mach-O,3.14.7,True,419.50477058410644,20261009T001006Z,1.18.1,0,137,137,151,137,1.4865451388888888,98.51345486111111,0.0001609169994480908,8.40840075397864e-05,5.904099089093506e-05,0.0009795410005608574,44,44,1032.4727599312246,7,8,43.52012704621241,2026-10-09T00:11:05+00:00,parallel,3,"block mean, streamed in bands, NaN-aware, any void -> void",1.0,p05,inf,44.721359549995796,1.076972217102121,0.9081998242411952,0.02691023374582597,1.08390004802647,1.0838999734822605,-0.0003220840007998049,0.11339090719452824
X7,win1920_k4_c20_d3,win1920_k4_c20_d3__win3__hag_cta_ring1__shared_border__climb_tiebreak__native,idrija_win1920_k4_c20,dem,hag_cta_ring1,shared_border,climb_tiebreak,native,win3,win,0.004746624996187165,20,height_tiebreak,32,40.0,6180,1920,idrija_win1920_k4,5100,1920,process,article-2026,True,0fc96e99b9a09a800a7e28c9437774072ad2cf51,96,96,0.03952054200635757,7.757076892190323,50,4981,19319,3,main,190,492,72,9216,6,2.5.3,156.60423980712903,156.60592490380915,True,52.9304492950439,1685.0966799187804,14.218110769106152,108280,macOS-26.7.1-arm64-arm-64bit-Mach-O,3.14.7,True,419.50477058410644,20261009T001006Z,1.18.1,0,492,478,780,491,5.338541666666667,94.66145833333334,0.00017837500490713865,8.333400182891637e-05,6.954099808353931e-05,0.0009171669953502715,44,44,1032.4727599312246,7,8,43.52012704621241,2026-10-09T00:11:05+00:00,parallel,3,"block mean, streamed in bands, NaN-aware, any void -> void",1.0,p05,inf,0.0,1.0,0.9149597782735077,0.09389118051463367,1.0,1.0,-0.000258959989878349,0.11237949217703648
X7,win1920_k4_c3_d3,win1920_k4_c3_d3__win1__full_grid__climb_tiebreak__native,idrija_win1920_k4_c3,dem,full_grid,,climb_tiebreak,native,win1,win,0.0,3,height_tiebreak,0,nan,6180,1920,idrija_win1920_k4,5100,1920,process,article-2026,True,0fc96e99b9a09a800a7e28c9437774072ad2cf51,640,640,0.5704831659968477,6.264714852089051,98,3279,10271,3,main,3279,409600,464,409600,6,2.5.3,266.0253261990015,266.0269923078749,True,125.19542552806797,1666.1088732276012,10.899857881185525,4642240,macOS-26.7.1-arm64-arm-64bit-Mach-O,3.14.7,True,425.9443630642361,20261009T001006Z,1.18.1,0,409600,356555,666229,358082,100.0,0.0,0.0664008330059005,0.06541937499423511,0.06375779199879616,0.0,256,203,1027.0345661174215,596,243,50.142022131092304,2026-10-09T00:10:59+00:00,parallel,3,"block mean, streamed in bands, NaN-aware, any void -> void",1.0,p05,,,,,,,,,
X7,win1920_k4_c3_d3,win1920_k4_c3_d3__win1__hag_cta__shared_border__climb_tiebreak__native,idrija_win1920_k4_c3,dem,hag_cta,shared_border,climb_tiebreak,native,win1,win,0.08220329099276569,3,height_tiebreak,37,6.0,6180,1920,idrija_win1920_k4,5100,1920,process,article-2026,True,0fc96e99b9a09a800a7e28c9437774072ad2cf51,640,640,0.5704831659968477,6.264714852089051,98,3279,10271,3,main,38,20490,2185,409600,6,2.5.3,1184.9137268066402,1184.92158854994,True,110.37993631559257,7861.743284223727,7.644978376076209,4646744,macOS-26.7.1-arm64-arm-64bit-Mach-O,3.14.7,True,425.9443630642361,20261009T001006Z,1.18.1,0,20490,18805,26866,18874,5.00244140625,94.99755859375,0.002933958006906323,0.0028143340023234487,0.0026726249925559387,0.0005124580056872219,256,203,1027.0345661174215,596,243,50.142022131092304,2026-10-09T00:10:59+00:00,parallel,3,"block mean, streamed in bands, NaN-aware, any void -> void",1.0,p05,10.511504363321706,532.2273950108167,4.718625181434804,1.0009702212724891,0.05274081137552411,4.454138798500185,4.454140454960383,0.06209258298622444,0.04301988520329724
X7,win1920_k4_c3_d3,win1920_k4_c3_d3__win1__hag_cta_ring1__shared_border__climb_tiebreak__native,idrija_win1920_k4_c3,dem,hag_cta_ring1,shared_border,climb_tiebreak,native,win1,win,0.08220329099276569,3,height_tiebreak,37,6.0,6180,1920,idrija_win1920_k4,5100,1920,process,article-2026,True,0fc96e99b9a09a800a7e28c9437774072ad2cf51,640,640,0.5704831659968477,6.264714852089051,98,3279,10271,3,main,192,59795,992,409600,6,2.5.3,456.32814873589336,456.3317070196548,True,101.53326910531361,3558.2837636331838,10.356148482689827,4586448,macOS-26.7.1-arm64-arm-64bit-Mach-O,3.14.7,True,425.9443630642361,20261009T001006Z,1.18.1,0,59795,56367,108219,56479,14.598388671875,85.401611328125,0.008218125003622845,0.00781529099913314,0.007738415995845571,0.0005220000020926818,256,203,1027.0345661174215,596,243,50.142022131092304,2026-10-09T00:10:59+00:00,parallel,3,"block mean, streamed in bands, NaN-aware, any void -> void",1.0,p05,11.434173585350289,354.41924326988794,2.13568502083543,0.9879816640242641,0.15808781253943993,1.7153560349157695,1.7153586674074748,0.05708208399300929,0.11946447057652017
X7,win1920_k4_c3_d3,win1920_k4_c3_d3__win2__full_grid__climb_tiebreak__native,idrija_win1920_k4_c3,dem,full_grid,,climb_tiebreak,native,win2,win,0.0,3,height_tiebreak,0,nan,6180,1920,idrija_win1920_k4,5100,1920,process,article-2026,True,0fc96e99b9a09a800a7e28c9437774072ad2cf51,640,640,0.5704831659968477,6.264714852089051,98,3279,10271,3,main,3279,409600,312,409600,6,2.5.3,144.07266574435664,144.07380502271056,True,688.9110513365581,1139.2783540618013,13.80924538944856,4598656,macOS-26.7.1-arm64-arm-64bit-Mach-O,3.14.7,True,425.9443630642361,20261009T001006Z,1.18.1,0,409600,196072,367493,197909,100.0,0.0,0.034908333007479087,0.03308733299490996,0.032510417004232295,0.0,296,416,912.1403400793104,56,603,50.142022131092304,2026-10-09T00:10:59+00:00,parallel,3,"block mean, streamed in bands, NaN-aware, any void -> void",1.0,p05,,,,,,,,,
X7,win1920_k4_c3_d3,win1920_k4_c3_d3__win2__hag_cta__shared_border__climb_tiebreak__native,idrija_win1920_k4_c3,dem,hag_cta,shared_border,climb_tiebreak,native,win2,win,0.08220329099276569,3,height_tiebreak,20,6.0,6180,1920,idrija_win1920_k4,5100,1920,process,article-2026,True,0fc96e99b9a09a800a7e28c9437774072ad2cf51,640,640,0.5704831659968477,6.264714852089051,98,3279,10271,3,main,21,11072,912,409600,6,2.5.3,439.0626424153646,439.0659544859213,True,510.8164272089731,3312.070560197588,10.109309820311971,4567888,macOS-26.7.1-arm64-arm-64bit-Mach-O,3.14.7,True,425.9443630642361,20261009T001006Z,1.18.1,0,11072,11052,18156,11060,2.703125,97.296875,0.00292920799984131,0.0021895829995628446,0.0019846249924739823,0.0005461249966174364,296,416,912.1403400793104,56,603,50.142022131092304,2026-10-09T00:10:59+00:00,parallel,3,"block mean, streamed in bands, NaN-aware, any void -> void",1.0,p05,21.504168459412984,672.3548170423114,2.9071653546205454,0.9933093495142928,0.056367048839201926,3.0475082844266925,3.0475071746505944,0.030351624998729676,0.06617586856878681
X7,win1920_k4_c3_d3,win1920_k4_c3_d3__win2__hag_cta_ring1__shared_border__climb_tiebreak__native,idrija_win1920_k4_c3,dem,hag_cta_ring1,shared_border,climb_tiebreak,native,win2,win,0.08220329099276569,3,height_tiebreak,20,6.0,6180,1920,idrija_win1920_k4,5100,1920,process,article-2026,True,0fc96e99b9a09a800a7e28c9437774072ad2cf51,640,640,0.5704831659968477,6.264714852089051,98,3279,10271,3,main,138,45568,387,409600,6,2.5.3,166.22077772352316,166.22224514105437,True,479.734566293414,1467.4175310927021,12.744900713567596,4546880,macOS-26.7.1-arm64-arm-64bit-Mach-O,3.14.7,True,425.9443630642361,20261009T001006Z,1.18.1,0,45568,42681,76239,42778,11.125,88.875,0.006177416013088077,0.005976457992801443,0.005940584000200033,0.0005407920107245445,296,416,912.1403400793104,56,603,50.142022131092304,2026-10-09T00:10:59+00:00,parallel,3,"block mean, streamed in bands, NaN-aware, any void -> void",1.0,p05,24.564712771174396,328.81149614938954,1.288023708921534,0.9887410582570212,0.2176802399118691,1.1537287580870215,1.1537298200380877,0.02657008299138397,0.18062676715953022
X7,win1920_k4_c3_d3,win1920_k4_c3_d3__win3__full_grid__climb_tiebreak__native,idrija_win1920_k4_c3,dem,full_grid,,climb_tiebreak,native,win3,win,0.0,3,height_tiebreak,0,nan,6180,1920,idrija_win1920_k4,5100,1920,process,article-2026,True,0fc96e99b9a09a800a7e28c9437774072ad2cf51,640,640,0.5704831659968477,6.264714852089051,98,3279,10271,3,main,3279,409600,478,409600,6,2.5.3,187.03055148654494,187.03230930104672,True,62.263545283565236,1757.8145007123726,10.519363481190547,4614232,macOS-26.7.1-arm64-arm-64bit-Mach-O,3.14.7,True,425.9443630642361,20261009T001006Z,1.18.1,0,409600,248301,466783,250654,100.0,0.0,0.0482497089979006,0.042867291005677544,0.04165395800373517,0.0,296,296,1032.4727599312246,50,56,50.142022131092304,2026-10-09T00:10:59+00:00,parallel,3,"block mean, streamed in bands, NaN-aware, any void -> void",1.0,p05,,,,,,,,,
X7,win1920_k4_c3_d3,win1920_k4_c3_d3__win3__hag_cta__shared_border__climb_tiebreak__native,idrija_win1920_k4_c3,dem,hag_cta,shared_border,climb_tiebreak,native,win3,win,0.08220329099276569,3,height_tiebreak,22,6.0,6180,1920,idrija_win1920_k4,5100,1920,process,article-2026,True,0fc96e99b9a09a800a7e28c9437774072ad2cf51,640,640,0.5704831659968477,6.264714852089051,98,3279,10271,3,main,23,8421,489,409600,6,2.5.3,245.5701565212679,245.57199082819474,True,114.82956455901976,1834.3069247615476,9.950758032978781,4540992,macOS-26.7.1-arm64-arm-64bit-Mach-O,3.14.7,True,425.9443630642361,20261009T001006Z,1.18.1,0,8421,7839,13522,7859,2.055908203125,97.944091796875,0.0015267909911926836,0.001315832996624522,0.0012352079938864335,0.00047933298628777266,296,296,1032.4727599312246,50,56,50.142022131092304,2026-10-09T00:10:59+00:00,parallel,3,"block mean, streamed in bands, NaN-aware, any void -> void",1.0,p05,15.891226875352702,182.2361105818493,1.043515640596989,0.984127369408387,0.031570553481460005,1.3129948800847884,1.3129923473966345,0.04107212502276525,0.030695501529365288
X7,win1920_k4_c3_d3,win1920_k4_c3_d3__win3__hag_cta_ring1__shared_border__climb_tiebreak__native,idrija_win1920_k4_c3,dem,hag_cta_ring1,shared_border,climb_tiebreak,native,win3,win,0.08220329099276569,3,height_tiebreak,22,6.0,6180,1920,idrija_win1920_k4,5100,1920,process,article-2026,True,0fc96e99b9a09a800a7e28c9437774072ad2cf51,640,640,0.5704831659968477,6.264714852089051,98,3279,10271,3,main,142,16659,468,409600,6,2.5.3,199.4485677083328,199.4503154050857,True,82.22226743344929,1747.6967517062808,10.536603545325967,4542088,macOS-26.7.1-arm64-arm-64bit-Mach-O,3.14.7,True,425.9443630642361,20261009T001006Z,1.18.1,0,16659,15538,28974,15607,4.067138671875,95.932861328125,0.002394750001258217,0.002325291992747225,0.002145457998267375,0.0007110829901648685,296,296,1032.4727599312246,50,56,50.142022131092304,2026-10-09T00:10:59+00:00,parallel,3,"block mean, streamed in bands, NaN-aware, any void -> void",1.0,p05,16.386428487272774,195.20758181996928,0.9942441315610996,0.9843648953932095,0.06257727516200096,1.0663956563411043,1.066394978228339,0.03983091602276545,0.05424396872756089
X7,win1920_k4_c5_d3,win1920_k4_c5_d3__win1__full_grid__climb_tiebreak__native,idrija_win1920_k4_c5,dem,full_grid,,climb_tiebreak,native,win1,win,0.0,5,height_tiebreak,0,nan,6180,1920,idrija_win1920_k4,5100,1920,process,article-2026,True,0fc96e99b9a09a800a7e28c9437774072ad2cf51,384,384,0.32111791700299364,7.104690026954178,92,9275,32948,3,main,9275,147456,225,147456,6,2.5.3,266.13861083984375,266.1399752258452,True,110.42849121093809,1364.3860018001262,14.194620751349726,1696744,macOS-26.7.1-arm64-arm-64bit-Mach-O,3.14.7,True,425.27119628906246,20261009T001006Z,1.18.1,0,147456,129099,241550,129994,100.0,0.0,0.020252166999853216,0.01999591699859593,0.01975075001246296,0.0,154,122,1027.0345661174215,358,146,48.64475782502684,2026-10-09T00:11:00+00:00,parallel,3,"block mean, streamed in bands, NaN-aware, any void -> void",1.0,p06,,,,,,,,,
X7,win1920_k4_c5_d3,win1920_k4_c5_d3__win1__hag_cta__shared_border__climb_tiebreak__native,idrija_win1920_k4_c5,dem,hag_cta,shared_border,climb_tiebreak,native,win1,win,0.0403224159963429,5,height_tiebreak,56,10.0,6180,1920,idrija_win1920_k4,5100,1920,process,article-2026,True,0fc96e99b9a09a800a7e28c9437774072ad2cf51,384,384,0.32111791700299364,7.104690026954178,92,9275,32948,3,main,57,1354,526,147456,6,2.5.3,475.0282641601557,475.03134272400195,True,102.39353312324181,3078.563850798539,9.543122799650728,1656560,macOS-26.7.1-arm64-arm-64bit-Mach-O,3.14.7,True,425.27119628906246,20261009T001006Z,1.18.1,0,1354,1354,1676,1354,0.9182400173611112,99.08175998263889,0.00043362499854993075,0.00034337499528191984,0.00031629198929294944,0.0014755000011064112,154,122,1027.0345661174215,358,146,48.64475782502684,2026-10-09T00:11:00+00:00,parallel,3,"block mean, streamed in bands, NaN-aware, any void -> void",1.0,p06,19.88444175655421,554.9099025968089,2.2563730841102023,0.9763169930172142,0.010488075043183913,1.7848904473542062,1.7848928644443303,0.0181770420022076,0.01717225548125804
X7,win1920_k4_c5_d3,win1920_k4_c5_d3__win1__hag_cta_ring1__shared_border__climb_tiebreak__native,idrija_win1920_k4_c5,dem,hag_cta_ring1,shared_border,climb_tiebreak,native,win1,win,0.0403224159963429,5,height_tiebreak,56,10.0,6180,1920,idrija_win1920_k4,5100,1920,process,article-2026,True,0fc96e99b9a09a800a7e28c9437774072ad2cf51,384,384,0.32111791700299364,7.104690026954178,92,9275,32948,3,main,391,5282,424,147456,6,2.5.3,335.1224707031249,335.1249688506683,True,87.31508789062445,2498.1475451951133,10.814048820078012,1651600,macOS-26.7.1-arm64-arm-64bit-Mach-O,3.14.7,True,425.27119628906246,20261009T001006Z,1.18.1,0,5282,5264,9197,5276,3.5820855034722223,96.41791449652779,0.0008791250002104789,0.0007472500001313165,0.0006649580027442425,0.0015029580099508166,154,122,1027.0345661174215,358,146,48.64475782502684,2026-10-09T00:11:00+00:00,parallel,3,"block mean, streamed in bands, NaN-aware, any void -> void",1.0,p06,20.367759509258534,432.03009154455896,1.8309683197417295,0.9733937470826477,0.04077490917822756,1.259202750196942,1.2592056813948478,0.017745708988513798,0.0373701291210494
X7,win1920_k4_c5_d3,win1920_k4_c5_d3__win2__full_grid__climb_tiebreak__native,idrija_win1920_k4_c5,dem,full_grid,,climb_tiebreak,native,win2,win,0.0,5,height_tiebreak,0,nan,6180,1920,idrija_win1920_k4,5100,1920,process,article-2026,True,0fc96e99b9a09a800a7e28c9437774072ad2cf51,384,384,0.32111791700299364,7.104690026954178,92,9275,32948,3,main,9275,147456,210,147456,6,2.5.3,133.10220947265714,133.10346365050626,True,243.01040002680966,1254.177848998413,12.519159932578678,1678816,macOS-26.7.1-arm64-arm-64bit-Mach-O,3.14.7,True,425.27119628906246,20261009T001006Z,1.18.1,0,147456,68913,129946,69998,100.0,0.0,0.010772042005555704,0.010751624999102205,0.010567250006715767,0.0,178,250,912.1403400793104,34,362,48.64475782502684,2026-10-09T00:11:00+00:00,parallel,3,"block mean, streamed in bands, NaN-aware, any void -> void",1.0,p06,,,,,,,,,
X7,win1920_k4_c5_d3,win1920_k4_c5_d3__win2__hag_cta__shared_border__climb_tiebreak__native,idrija_win1920_k4_c5,dem,hag_cta,shared_border,climb_tiebreak,native,win2,win,0.0403224159963429,5,height_tiebreak,19,10.0,6180,1920,idrija_win1920_k4,5100,1920,process,article-2026,True,0fc96e99b9a09a800a7e28c9437774072ad2cf51,384,384,0.32111791700299364,7.104690026954178,92,9275,32948,3,main,20,2192,267,147456,6,2.5.3,183.47877197265768,183.48033807438824,True,242.3163443375805,1566.101730552664,9.204696224240848,1639432,macOS-26.7.1-arm64-arm-64bit-Mach-O,3.14.7,True,425.27119628906246,20261009T001006Z,1.18.1,0,2192,2129,3000,2133,1.4865451388888888,98.51345486111111,0.00045758399937767535,0.00032624999585095793,0.00026808399707078934,0.0014174579991959035,178,250,912.1403400793104,34,362,48.64475782502684,2026-10-09T00:11:00+00:00,parallel,3,"block mean, streamed in bands, NaN-aware, any void -> void",1.0,p06,40.12474058504501,127.76932339180638,1.2487078541558947,0.9765406095724606,0.030894025800647193,1.3784802874391748,1.3784790646482201,0.009007917004055344,0.030344249904381976
X7,win1920_k4_c5_d3,win1920_k4_c5_d3__win2__hag_cta_ring1__shared_border__climb_tiebreak__native,idrija_win1920_k4_c5,dem,hag_cta_ring1,shared_border,climb_tiebreak,native,win2,win,0.0403224159963429,5,height_tiebreak,19,10.0,6180,1920,idrija_win1920_k4,5100,1920,process,article-2026,True,0fc96e99b9a09a800a7e28c9437774072ad2cf51,384,384,0.32111791700299364,7.104690026954178,92,9275,32948,3,main,106,9214,209,147456,6,2.5.3,134.86599365234463,134.86724490126156,True,213.8903064668981,1251.2489168102786,12.674293357977897,1642384,macOS-26.7.1-arm64-arm-64bit-Mach-O,3.14.7,True,425.27119628906246,20261009T001006Z,1.18.1,0,9214,8864,15508,8904,6.248643663194445,93.75135633680556,0.0013742919982178137,0.0012346659932518378,0.0011447919969214126,0.0014721250045113266,178,250,912.1403400793104,34,362,48.64475782502684,2026-10-09T00:11:00+00:00,parallel,3,"block mean, streamed in bands, NaN-aware, any void -> void",1.0,p06,44.92825245855611,15.811388300841896,0.9976646596091029,0.9782989916703201,0.1286259486599045,1.0132513516242554,1.0132512047574247,0.00804483400133904,0.11483529172147804
X7,win1920_k4_c5_d3,win1920_k4_c5_d3__win3__full_grid__climb_tiebreak__native,idrija_win1920_k4_c5,dem,full_grid,,climb_tiebreak,native,win3,win,0.0,5,height_tiebreak,0,nan,6180,1920,idrija_win1920_k4,5100,1920,process,article-2026,True,0fc96e99b9a09a800a7e28c9437774072ad2cf51,384,384,0.32111791700299364,7.104690026954178,92,9275,32948,3,main,9275,147456,274,147456,6,2.5.3,179.32962402343776,179.33131003894863,True,77.24787597656245,1686.0155108391486,11.078431543661393,1685000,macOS-26.7.1-arm64-arm-64bit-Mach-O,3.14.7,True,425.27119628906246,20261009T001006Z,1.18.1,0,147456,86145,162401,87401,100.0,0.0,0.014150832997984253,0.013373000008868985,0.013127458994858898,0.0,178,178,1032.4727599312246,30,34,48.64475782502684,2026-10-09T00:11:00+00:00,parallel,3,"block mean, streamed in bands, NaN-aware, any void -> void",1.0,p06,,,,,,,,,
X7,win1920_k4_c5_d3,win1920_k4_c5_d3__win3__hag_cta__shared_border__climb_tiebreak__native,idrija_win1920_k4_c5,dem,hag_cta,shared_border,climb_tiebreak,native,win3,win,0.0403224159963429,5,height_tiebreak,31,10.0,6180,1920,idrija_win1920_k4,5100,1920,process,article-2026,True,0fc96e99b9a09a800a7e28c9437774072ad2cf51,384,384,0.32111791700299364,7.104690026954178,92,9275,32948,3,main,32,1298,295,147456,6,2.5.3,229.60211914062506,229.6039163693386,True,109.33935546875091,1797.228714274745,12.486136542684507,1641200,macOS-26.7.1-arm64-arm-64bit-Mach-O,3.14.7,True,425.27119628906246,20261009T001006Z,1.18.1,0,1298,1283,1885,1287,0.8802625868055556,99.11973741319444,0.00035120800021104515,0.00025112500588875264,0.00022304100275505334,0.0014411250012926757,178,178,1032.4727599312246,30,34,48.64475782502684,2026-10-09T00:11:00+00:00,parallel,3,"block mean, streamed in bands, NaN-aware, any void -> void",1.0,p06,30.943247047245944,217.83020910791964,1.0659621472760024,0.9740059347181009,0.014893493528353358,1.2803356968540618,1.2803336813826396,0.011680750001687557,0.018778509363808146
X7,win1920_k4_c5_d3,win1920_k4_c5_d3__win3__hag_cta_ring1__shared_border__climb_tiebreak__native,idrija_win1920_k4_c5,dem,hag_cta_ring1,shared_border,climb_tiebreak,native,win3,win,0.0403224159963429,5,height_tiebreak,31,10.0,6180,1920,idrija_win1920_k4,5100,1920,process,article-2026,True,0fc96e99b9a09a800a7e28c9437774072ad2cf51,384,384,0.32111791700299364,7.104690026954178,92,9275,32948,3,main,175,3897,275,147456,6,2.5.3,193.9513964843744,193.95312270803788,True,68.47285156250109,1726.223663640862,12.41538385270865,1641984,macOS-26.7.1-arm64-arm-64bit-Mach-O,3.14.7,True,425.27119628906246,20261009T001006Z,1.18.1,0,3897,3775,6892,3808,2.642822265625,97.357177734375,0.0006662500090897083,0.0005302079953253269,0.0004533749888651073,0.001555459006340243,178,178,1032.4727599312246,30,34,48.64475782502684,2026-10-09T00:11:00+00:00,parallel,3,"block mean, streamed in bands, NaN-aware, any void -> void",1.0,p06,32.02176570574027,217.83020910791964,1.0238480325615162,0.9744712166172107,0.04382146381101631,1.0815357336556153,1.0815351912943343,0.011287333007203415,0.03964764787061187
X7,win3840_k0_c10_d3,win3840_k0_c10_d3__win1__full_grid__climb_tiebreak__native,idrija_win3840_k0_c10,dem,full_grid,,climb_tiebreak,native,win1,win,0.0,10,height_tiebreak,0,nan,10020,3840,idrija_win3840_k0,9060,3840,process,article-2026,True,0fc96e99b9a09a800a7e28c9437774072ad2cf51,384,384,0.3791826250089798,7.677342226137293,112,31786,122016,3,main,31786,119268,269,119268,6,2.5.3,721.5157592773437,721.5189363336156,True,93.32431640625032,3177.056274847714,14.18572727955965,1667592,macOS-26.7.1-arm64-arm-64bit-Mach-O,3.14.7,True,555.282936706543,20261009T001006Z,1.18.1,0,119268,113613,208822,113979,100.0,0.0,0.015999708994058892,0.015681791002862155,0.015399541007354856,0.0,319,217,2574.7232861027996,73,293,42.21071824710444,2026-10-09T00:11:00+00:00,parallel,3,"block mean, streamed in bands, NaN-aware, any void -> void",0.8091362847222222,p04,,,,,,,,,
X7,win3840_k0_c10_d3,win3840_k0_c10_d3__win1__hag_cta__shared_border__climb_tiebreak__native,idrija_win3840_k0_c10,dem,hag_cta,shared_border,climb_tiebreak,native,win1,win,0.04823645800934173,10,height_tiebreak,201,20.0,10020,3840,idrija_win3840_k0,9060,3840,process,article-2026,True,0fc96e99b9a09a800a7e28c9437774072ad2cf51,384,384,0.3791826250089798,7.677342226137293,112,31786,122016,3,main,202,2684,701,119268,6,2.5.3,921.1324279785156,921.1407783147158,True,72.64384521982716,8350.33621333629,10.84578178325325,1667304,macOS-26.7.1-arm64-arm-64bit-Mach-O,3.14.7,True,555.282936706543,20261009T001006Z,1.18.1,0,2684,2651,3484,2660,2.2503940704966965,97.7496059295033,0.0006441659934353083,0.0005003749975003302,0.0004424170037964359,0.00701770800515078,319,217,2574.7232861027996,73,293,42.21071824710444,2026-10-09T00:11:00+00:00,parallel,3,"block mean, streamed in bands, NaN-aware, any void -> void",0.8091362847222222,p04,52.35599840259746,1151.2167476196653,2.628324930673929,0.9998272958853245,0.023333597387622897,1.276662936511746,1.2766688882698973,0.008163708000211045,0.03190802615651519
X7,win3840_k0_c10_d3,win3840_k0_c10_d3__win1__hag_cta_ring1__shared_border__climb_tiebreak__native,idrija_win3840_k0_c10,dem,hag_cta_ring1,shared_border,climb_tiebreak,native,win1,win,0.04823645800934173,10,height_tiebreak,201,20.0,10020,3840,idrija_win3840_k0,9060,3840,process,article-2026,True,0fc96e99b9a09a800a7e28c9437774072ad2cf51,384,384,0.3791826250089798,7.677342226137293,112,31786,122016,3,main,1097,8649,510,119268,6,2.5.3,798.2594866943357,798.2655418119277,True,83.02364501953093,6055.117600329312,11.99762016564504,1656568,macOS-26.7.1-arm64-arm-64bit-Mach-O,3.14.7,True,555.282936706543,20261009T001006Z,1.18.1,0,8649,8479,13800,8505,7.251735587081195,92.7482644129188,0.0012318340013734996,0.0010896660096477717,0.0010050830023828894,0.006638250008109026,319,217,2574.7232861027996,73,293,42.21071824710444,2026-10-09T00:11:00+00:00,parallel,3,"block mean, streamed in bands, NaN-aware, any void -> void",0.8091362847222222,p04,53.73721410239891,1092.931836849856,1.9058893127788719,0.9933892702771421,0.0746305440398546,1.1063645893110596,1.106368109849339,0.007953874985105358,0.06948606887114436
X7,win3840_k0_c10_d3,win3840_k0_c10_d3__win2__full_grid__climb_tiebreak__native,idrija_win3840_k0_c10,dem,full_grid,,climb_tiebreak,native,win2,win,0.0,10,height_tiebreak,0,nan,10020,3840,idrija_win3840_k0,9060,3840,process,article-2026,True,0fc96e99b9a09a800a7e28c9437774072ad2cf51,384,384,0.3791826250089798,7.677342226137293,112,31786,122016,3,main,31786,119268,349,119268,6,2.5.3,451.0011529541015,451.0052211373586,True,71.6013061523438,4068.1832585697953,15.537909437640296,1694640,macOS-26.7.1-arm64-arm-64bit-Mach-O,3.14.7,True,555.282936706543,20261009T001006Z,1.18.1,0,119268,81178,151499,82322,100.0,0.0,0.012427582987584174,0.01217354100663215,0.012113457996747456,0.0,195,319,3068.8760157425713,89,31,42.21071824710444,2026-10-09T00:11:00+00:00,parallel,3,"block mean, streamed in bands, NaN-aware, any void -> void",0.8091362847222222,p04,,,,,,,,,
X7,win3840_k0_c10_d3,win3840_k0_c10_d3__win2__hag_cta__shared_border__climb_tiebreak__native,idrija_win3840_k0_c10,dem,hag_cta,shared_border,climb_tiebreak,native,win2,win,0.04823645800934173,10,height_tiebreak,106,20.0,10020,3840,idrija_win3840_k0,9060,3840,process,article-2026,True,0fc96e99b9a09a800a7e28c9437774072ad2cf51,384,384,0.3791826250089798,7.677342226137293,112,31786,122016,3,main,107,1644,419,119268,6,2.5.3,523.6346759033203,523.6397506046128,True,91.115486387764,5074.701294725886,10.77013211859622,1649104,macOS-26.7.1-arm64-arm-64bit-Mach-O,3.14.7,True,555.282936706543,20261009T001006Z,1.18.1,0,1644,1623,2220,1633,1.3784082905724921,98.6215917094275,0.0004967090062564239,0.00033354200422763824,0.0003047079953830689,0.006394832991645671,195,319,3068.8760157425713,89,31,42.21071824710444,2026-10-09T00:11:00+00:00,parallel,3,"block mean, streamed in bands, NaN-aware, any void -> void",0.8091362847222222,p04,78.49514269607297,160.0,1.2474121670983773,0.9731293962139451,0.01999310157924561,1.1610495283071054,1.1610503073203504,0.0054451660107588395,0.02739893052037402
X7,win3840_k0_c10_d3,win3840_k0_c10_d3__win2__hag_cta_ring1__shared_border__climb_tiebreak__native,idrija_win3840_k0_c10,dem,hag_cta_ring1,shared_border,climb_tiebreak,native,win2,win,0.04823645800934173,10,height_tiebreak,106,20.0,10020,3840,idrija_win3840_k0,9060,3840,process,article-2026,True,0fc96e99b9a09a800a7e28c9437774072ad2cf51,384,384,0.3791826250089798,7.677342226137293,112,31786,122016,3,main,762,4260,363,119268,6,2.5.3,453.07300109863274,453.07732526168775,True,74.04723510742201,4324.163056034262,15.544259192724239,1647152,macOS-26.7.1-arm64-arm-64bit-Mach-O,3.14.7,True,555.282936706543,20261009T001006Z,1.18.1,0,4260,4180,6757,4221,3.571787906227991,96.42821209377202,0.0007397919980576262,0.0006112500122981146,0.0005307079991325736,0.007917124996311031,195,319,3068.8760157425713,89,31,42.21071824710444,2026-10-09T00:11:00+00:00,parallel,3,"block mean, streamed in bands, NaN-aware, any void -> void",0.8091362847222222,p04,117.25641116210814,106.30145812734649,1.0629223860368715,0.9719775291507341,0.05149178348813718,1.004593886580911,1.0045944127190005,0.0036451659980230033,0.05021135690635169
X7,win3840_k0_c10_d3,win3840_k0_c10_d3__win3__full_grid__climb_tiebreak__native,idrija_win3840_k0_c10,dem,full_grid,,climb_tiebreak,native,win3,win,0.0,10,height_tiebreak,0,nan,10020,3840,idrija_win3840_k0,9060,3840,process,article-2026,True,0fc96e99b9a09a800a7e28c9437774072ad2cf51,384,384,0.3791826250089798,7.677342226137293,112,31786,122016,3,main,31786,119268,474,119268,6,2.5.3,398.1145629882801,398.1204237913047,True,60.8227539418113,5860.803025278551,11.693976036370367,1699560,macOS-26.7.1-arm64-arm-64bit-Mach-O,3.14.7,True,555.282936706543,20261009T001006Z,1.18.1,0,119268,111195,212377,111788,100.0,0.0,0.019181166993803345,0.018722416993114166,0.01748895799391903,0.0,89,109,2939.45573193406,379,157,42.21071824710444,2026-10-09T00:11:00+00:00,parallel,3,"block mean, streamed in bands, NaN-aware, any void -> void",0.8091362847222222,p04,,,,,,,,,
X7,win3840_k0_c10_d3,win3840_k0_c10_d3__win3__hag_cta__shared_border__climb_tiebreak__native,idrija_win3840_k0_c10,dem,hag_cta,shared_border,climb_tiebreak,native,win3,win,0.04823645800934173,10,height_tiebreak,100,20.0,10020,3840,idrija_win3840_k0,9060,3840,process,article-2026,True,0fc96e99b9a09a800a7e28c9437774072ad2cf51,384,384,0.3791826250089798,7.677342226137293,112,31786,122016,3,main,101,2342,532,119268,6,2.5.3,521.3818475341797,521.3884043170005,True,66.94600219726567,6556.782822743016,10.773735252903256,1656360,macOS-26.7.1-arm64-arm-64bit-Mach-O,3.14.7,True,555.282936706543,20261009T001006Z,1.18.1,0,2342,2323,3307,2329,1.9636449005600831,98.03635509943992,0.0005651249957736582,0.000440875010099262,0.0003811250062426552,0.006449624997912906,89,109,2939.45573193406,379,157,42.21071824710444,2026-10-09T00:11:00+00:00,parallel,3,"block mean, streamed in bands, NaN-aware, any void -> void",0.8091362847222222,p04,36.124246270194476,340.0,1.1187516103958104,0.9745816564287227,0.02089122712352174,1.3096276700371001,1.3096248601159761,0.011831916985101998,0.02354797514986497
X7,win3840_k0_c10_d3,win3840_k0_c10_d3__win3__hag_cta_ring1__shared_border__climb_tiebreak__native,idrija_win3840_k0_c10,dem,hag_cta_ring1,shared_border,climb_tiebreak,native,win3,win,0.04823645800934173,10,height_tiebreak,100,20.0,10020,3840,idrija_win3840_k0,9060,3840,process,article-2026,True,0fc96e99b9a09a800a7e28c9437774072ad2cf51,384,384,0.3791826250089798,7.677342226137293,112,31786,122016,3,main,744,6769,498,119268,6,2.5.3,420.3543493652336,420.3604915896143,True,57.627709960937636,6142.22438151586,10.971257976147403,1656392,macOS-26.7.1-arm64-arm-64bit-Mach-O,3.14.7,True,555.282936706543,20261009T001006Z,1.18.1,0,6769,6682,11478,6707,5.675453600295134,94.32454639970487,0.0011783340014517307,0.001007665996439755,0.0009675830078776926,0.006138167009339668,89,109,2939.45573193406,379,157,42.21071824710444,2026-10-09T00:11:00+00:00,parallel,3,"block mean, streamed in bands, NaN-aware, any void -> void",0.8091362847222222,p04,36.92100221325527,244.13111231467406,1.0480175421394466,0.9746004848313681,0.060092630064301454,1.055862780326396,1.0558626648352205,0.011576583987334743,0.053821362744476846
X7,win3840_k0_c1_d3,win3840_k0_c1_d3__win1__full_grid__climb_tiebreak__native,idrija_win3840_k0_c1,dem,full_grid,,climb_tiebreak,native,win1,win,0.0,1,height_tiebreak,0,nan,10020,3840,idrija_win3840_k0,9060,3840,process,article-2026,True,0fc96e99b9a09a800a7e28c9437774072ad2cf51,3840,3840,7.787043999996968,4.915010410751467,135,10566,25966,3,main,10566,11942702,3099,11942702,6,2.5.3,739.0790405273438,739.0826869460909,True,409.967041015625,3646.418756581978,11.423182571305446,162757296,macOS-26.7.1-arm64-arm-64bit-Mach-O,3.14.7,True,557.2843627929688,20261009T001006Z,1.18.1,0,11942702,11371953,20930601,11376036,100.0,0.0,2.3433569589979015,2.3085890829970594,2.2893199999962235,0.0,3190,2170,2574.7232861027996,730,2930,47.39363385998962,2026-10-09T00:10:07+00:00,parallel,3,"block mean, streamed in bands, NaN-aware, any void -> void",0.8091362847222222,p01,,,,,,,,,
X7,win3840_k0_c1_d3,win3840_k0_c1_d3__win1__hag_cta__shared_border__climb_tiebreak__native,idrija_win3840_k0_c1,dem,hag_cta,shared_border,climb_tiebreak,native,win1,win,1.1236148750031134,1,height_tiebreak,142,2.0,10020,3840,idrija_win3840_k0,9060,3840,process,article-2026,True,0fc96e99b9a09a800a7e28c9437774072ad2cf51,3840,3840,7.787043999996968,4.915010410751467,135,10566,25966,3,main,143,2954659,17979,11942702,6,2.5.3,2874.4615478515625,2874.4824526851253,True,246.2875706493623,20904.833031728296,9.30678920486026,163466224,macOS-26.7.1-arm64-arm-64bit-Mach-O,3.14.7,True,557.2843627929688,20261009T001006Z,1.18.1,0,2954659,2487243,4764138,2489118,24.740289090358278,75.25971090964173,0.4050272919994313,0.40091900000697933,0.3943247080023866,0.0017096250085160136,3190,2170,2574.7232861027996,730,2930,47.39363385998962,2026-10-09T00:10:07+00:00,parallel,3,"block mean, streamed in bands, NaN-aware, any void -> void",0.8091362847222222,p01,4.675154113342193,2368.1423099129834,5.732976497555025,1.004355737146186,0.21871731267267813,3.889247820910456,3.8892569173316214,1.905960457981564,0.17366408035097253
X7,win3840_k0_c1_d3,win3840_k0_c1_d3__win1__hag_cta_ring1__shared_border__climb_tiebreak__native,idrija_win3840_k0_c1,dem,hag_cta_ring1,shared_border,climb_tiebreak,native,win1,win,1.1236148750031134,1,height_tiebreak,142,2.0,10020,3840,idrija_win3840_k0,9060,3840,process,article-2026,True,0fc96e99b9a09a800a7e28c9437774072ad2cf51,3840,3840,7.787043999996968,4.915010410751467,135,10566,25966,3,main,1123,3872061,10102,11942702,6,2.5.3,1497.0609130859375,1497.0726415312079,True,245.08345204614545,11728.44508656389,10.548000488215328,162958776,macOS-26.7.1-arm64-arm-64bit-Mach-O,3.14.7,True,557.2843627929688,20261009T001006Z,1.18.1,0,3872061,3334271,6397539,3336401,32.421984572670404,67.5780154273296,0.5089301249972777,0.5084296249988256,0.5047314580006059,0.0017033340118359774,3190,2170,2574.7232861027996,730,2930,47.39363385998962,2026-10-09T00:10:07+00:00,parallel,3,"block mean, streamed in bands, NaN-aware, any void -> void",0.8091362847222222,p01,4.954615659596416,2368.1423099129834,3.216428465708561,1.0012379168550454,0.29320126454972156,2.0255761982071125,2.025582073525699,1.7984561239863979,0.2202339206849109
X7,win3840_k0_c1_d3,win3840_k0_c1_d3__win2__full_grid__climb_tiebreak__native,idrija_win3840_k0_c1,dem,full_grid,,climb_tiebreak,native,win2,win,0.0,1,height_tiebreak,0,nan,10020,3840,idrija_win3840_k0,9060,3840,process,article-2026,True,0fc96e99b9a09a800a7e28c9437774072ad2cf51,3840,3840,7.787043999996968,4.915010410751467,135,10566,25966,3,main,10566,11942702,3630,11942702,6,2.5.3,452.83544921875,452.8396842131786,True,148.095703125,4234.994441751838,16.527491651400386,162976160,macOS-26.7.1-arm64-arm-64bit-Mach-O,3.14.7,True,557.2843627929688,20261009T001006Z,1.18.1,0,11942702,7975674,14954288,7988399,100.0,0.0,1.5774740839988226,1.571039208007278,1.5666245840111515,0.0,1950,3190,3068.8760157425713,890,310,47.39363385998962,2026-10-09T00:10:07+00:00,parallel,3,"block mean, streamed in bands, NaN-aware, any void -> void",0.8091362847222222,p01,,,,,,,,,
X7,win3840_k0_c1_d3,win3840_k0_c1_d3__win2__hag_cta__shared_border__climb_tiebreak__native,idrija_win3840_k0_c1,dem,hag_cta,shared_border,climb_tiebreak,native,win2,win,1.1236148750031134,1,height_tiebreak,36,8.246211251235321,10020,3840,idrija_win3840_k0,9060,3840,process,article-2026,True,0fc96e99b9a09a800a7e28c9437774072ad2cf51,3840,3840,7.787043999996968,4.915010410751467,135,10566,25966,3,main,37,475415,6133,11942702,6,2.5.3,861.8279418945312,861.8350663502057,True,152.39653045946153,7124.455695445937,9.668788578476025,162635240,macOS-26.7.1-arm64-arm-64bit-Mach-O,3.14.7,True,557.2843627929688,20261009T001006Z,1.18.1,0,475415,356469,673279,357017,3.9807993199528884,96.0192006800471,0.05251558400050271,0.052143332999548875,0.05209800000011455,0.0014134999946691096,1950,3190,3068.8760157425713,890,310,47.39363385998962,2026-10-09T00:10:07+00:00,parallel,3,"block mean, streamed in bands, NaN-aware, any void -> void",0.8091362847222222,p01,5.872001561087912,618.4957558463922,1.6822821832320636,0.9979081603100723,0.04469452989176839,1.9031812623799476,1.9031791965133706,1.51748237501306,0.033190344794569455
X7,win3840_k0_c1_d3,win3840_k0_c1_d3__win2__hag_cta_ring1__shared_border__climb_tiebreak__native,idrija_win3840_k0_c1,dem,hag_cta_ring1,shared_border,climb_tiebreak,native,win2,win,1.1236148750031134,1,height_tiebreak,36,2.0,10020,3840,idrija_win3840_k0,9060,3840,process,article-2026,True,0fc96e99b9a09a800a7e28c9437774072ad2cf51,3840,3840,7.787043999996968,4.915010410751467,135,10566,25966,3,main,132,653593,6080,11942702,6,2.5.3,795.3088989257812,795.3159973053373,True,152.39653045946153,7098.379577000188,10.341799041462702,162641928,macOS-26.7.1-arm64-arm-64bit-Mach-O,3.14.7,True,557.2843627929688,20261009T001006Z,1.18.1,0,653593,525063,1004266,526117,5.472739753533162,94.52726024646684,0.07615362499200273,0.07560016700881533,0.07538445900718216,0.0013913750008214265,1950,3190,3068.8760157425713,890,310,47.39363385998962,2026-10-09T00:10:07+00:00,parallel,3,"block mean, streamed in bands, NaN-aware, any void -> void",0.8091362847222222,p01,5.96410615122513,543.9944852661652,1.6761248862616898,0.9979491969868477,0.06583305686767037,1.756286748967821,1.7562859992874094,1.4940476659976412,0.04812112048095054
X7,win3840_k0_c1_d3,win3840_k0_c1_d3__win3__full_grid__climb_tiebreak__native,idrija_win3840_k0_c1,dem,full_grid,,climb_tiebreak,native,win3,win,0.0,1,height_tiebreak,0,nan,10020,3840,idrija_win3840_k0,9060,3840,process,article-2026,True,0fc96e99b9a09a800a7e28c9437774072ad2cf51,3840,3840,7.787043999996968,4.915010410751467,135,10566,25966,3,main,10566,11942702,5011,11942702,6,2.5.3,479.223876953125,479.2299208301616,True,454.66482656518804,6043.877051683246,11.21992360455858,163055856,macOS-26.7.1-arm64-arm-64bit-Mach-O,3.14.7,True,557.2843627929688,20261009T001006Z,1.18.1,0,11942702,11616251,22241151,11620517,100.0,0.0,2.3741239170049084,2.370483791004517,2.3552595420042053,0.0,890,1090,2939.45573193406,3790,1570,47.39363385998962,2026-10-09T00:10:07+00:00,parallel,3,"block mean, streamed in bands, NaN-aware, any void -> void",0.8091362847222222,p01,,,,,,,,,
X7,win3840_k0_c1_d3,win3840_k0_c1_d3__win3__hag_cta__shared_border__climb_tiebreak__native,idrija_win3840_k0_c1,dem,hag_cta,shared_border,climb_tiebreak,native,win3,win,1.1236148750031134,1,height_tiebreak,60,2.0,10020,3840,idrija_win3840_k0,9060,3840,process,article-2026,True,0fc96e99b9a09a800a7e28c9437774072ad2cf51,3840,3840,7.787043999996968,4.915010410751467,135,10566,25966,3,main,61,1659149,14997,11942702,6,2.5.3,2302.8575439453125,2302.8751105551964,True,321.453857421875,17566.60936808743,8.553356457422874,163211568,macOS-26.7.1-arm64-arm-64bit-Mach-O,3.14.7,True,557.2843627929688,20261009T001006Z,1.18.1,0,1659149,1626082,3082470,1626291,13.892576403564286,86.10742359643572,0.23187095900357235,0.23089987500861753,0.23077391700644512,0.0013587090070359409,890,1090,2939.45573193406,3790,1570,47.39363385998962,2026-10-09T00:10:07+00:00,parallel,3,"block mean, streamed in bands, NaN-aware, any void -> void",0.8091362847222222,p01,4.167315419290392,700.3213548079196,2.906513355230324,1.000954961102409,0.1399833732931563,4.8053898286261,4.805365880673658,2.1382252069888636,0.09740622394670385
X7,win3840_k0_c1_d3,win3840_k0_c1_d3__win3__hag_cta_ring1__shared_border__climb_tiebreak__native,idrija_win3840_k0_c1,dem,hag_cta_ring1,shared_border,climb_tiebreak,native,win3,win,1.1236148750031134,1,height_tiebreak,60,2.0,10020,3840,idrija_win3840_k0,9060,3840,process,article-2026,True,0fc96e99b9a09a800a7e28c9437774072ad2cf51,3840,3840,7.787043999996968,4.915010410751467,135,10566,25966,3,main,532,2645741,4830,11942702,6,2.5.3,699.2052001953125,699.21085058079,True,513.4551620957249,5650.385494185848,10.438059736719659,162639656,macOS-26.7.1-arm64-arm-64bit-Mach-O,3.14.7,True,557.2843627929688,20261009T001006Z,1.18.1,0,2645741,2531561,4915868,2532154,22.15362151714076,77.84637848285924,0.41421929199714214,0.4121481250040233,0.4114547089993721,0.001406499999575317,890,1090,2939.45573193406,3790,1570,47.39363385998962,2026-10-09T00:10:07+00:00,parallel,3,"block mean, streamed in bands, NaN-aware, any void -> void",0.8091362847222222,p01,4.553388558876382,294.1054232753963,0.9348941823050804,0.9974475004442649,0.2179327047943437,1.4590366503455854,1.459030040047498,1.9569291660009185,0.17386667083235835
X7,win3840_k0_c20_d3,win3840_k0_c20_d3__win1__full_grid__climb_tiebreak__native,idrija_win3840_k0_c20,dem,full_grid,,climb_tiebreak,native,win1,win,0.0,20,height_tiebreak,0,nan,10020,3840,idrija_win3840_k0,9060,3840,process,article-2026,True,0fc96e99b9a09a800a7e28c9437774072ad2cf51,192,192,0.10993508399405982,7.802952282869893,84,14565,56825,3,main,14565,29783,138,29783,6,2.5.3,709.6295205688476,709.6327907622067,True,71.11857452392599,3270.1933598375617,14.143823213456532,428000,macOS-26.7.1-arm64-arm-64bit-Mach-O,3.14.7,True,549.8893846893311,20261009T001006Z,1.18.1,0,29783,28395,51647,28574,100.0,0.0,0.0038148750027175993,0.0036445830046432093,0.003556207986548543,0.0,159,108,2574.7232861027996,36,146,38.6727849529577,2026-10-09T00:11:03+00:00,parallel,3,"block mean, streamed in bands, NaN-aware, any void -> void",0.8091362847222222,p05,,,,,,,,,
X7,win3840_k0_c20_d3,win3840_k0_c20_d3__win1__hag_cta__shared_border__climb_tiebreak__native,idrija_win3840_k0_c20,dem,hag_cta,shared_border,climb_tiebreak,native,win1,win,0.012497167001129128,20,height_tiebreak,156,40.0,10020,3840,idrija_win3840_k0,9060,3840,process,article-2026,True,0fc96e99b9a09a800a7e28c9437774072ad2cf51,192,192,0.10993508399405982,7.802952282869893,84,14565,56825,3,main,157,868,337,29783,6,2.5.3,832.3815307617191,832.389766783356,True,66.23815994262714,8236.021638285529,14.144833523201633,426360,macOS-26.7.1-arm64-arm-64bit-Mach-O,3.14.7,True,549.8893846893311,20261009T001006Z,1.18.1,0,868,866,1021,866,2.914414263170265,97.08558573682974,0.0003072499966947362,0.00021354200725909323,0.00019099999917671084,0.003773457996430807,159,108,2574.7232861027996,36,146,38.6727849529577,2026-10-09T00:11:03+00:00,parallel,3,"block mean, streamed in bands, NaN-aware, any void -> void",0.8091362847222222,p05,inf,1247.397290361014,2.518512128192515,0.9961682242990654,0.03049832717027646,1.1729804167313558,1.1729866173310532,-0.00034241699904669076,0.058591615827390975
X7,win3840_k0_c20_d3,win3840_k0_c20_d3__win1__hag_cta_ring1__shared_border__climb_tiebreak__native,idrija_win3840_k0_c20,dem,hag_cta_ring1,shared_border,climb_tiebreak,native,win1,win,0.012497167001129128,20,height_tiebreak,156,40.0,10020,3840,idrija_win3840_k0,9060,3840,process,article-2026,True,0fc96e99b9a09a800a7e28c9437774072ad2cf51,192,192,0.10993508399405982,7.802952282869893,84,14565,56825,3,main,900,2888,279,29783,6,2.5.3,794.4597601318362,794.4663888028252,True,68.99177398681672,6628.670990922585,14.15220309614374,423752,macOS-26.7.1-arm64-arm-64bit-Mach-O,3.14.7,True,549.8893846893311,20261009T001006Z,1.18.1,0,2888,2856,4407,2867,9.696806903266964,90.30319309673304,0.00048795799375511706,0.00035070799640379846,0.00029237499984446913,0.003271709007094614,159,108,2574.7232861027996,36,146,38.6727849529577,2026-10-09T00:11:03+00:00,parallel,3,"block mean, streamed in bands, NaN-aware, any void -> void",0.8091362847222222,p05,5523.425276188325,1272.7922061357856,2.026996651736779,0.9900747663551401,0.100581088219757,1.119541587693516,1.119545769509185,2.216600114479661e-05,0.09622719415554412
X7,win3840_k0_c20_d3,win3840_k0_c20_d3__win2__full_grid__climb_tiebreak__native,idrija_win3840_k0_c20,dem,full_grid,,climb_tiebreak,native,win2,win,0.0,20,height_tiebreak,0,nan,10020,3840,idrija_win3840_k0,9060,3840,process,article-2026,True,0fc96e99b9a09a800a7e28c9437774072ad2cf51,192,192,0.10993508399405982,7.802952282869893,84,14565,56825,3,main,14565,29783,169,29783,6,2.5.3,444.76724716186504,444.77122848220944,True,87.51480407714837,3981.3203435596424,14.328523530882041,439864,macOS-26.7.1-arm64-arm-64bit-Mach-O,3.14.7,True,549.8893846893311,20261009T001006Z,1.18.1,0,29783,20248,37421,20790,100.0,0.0,0.002912666997872293,0.0027742919919546694,0.0027277500048512593,0.0,97,159,3068.8760157425713,44,15,38.6727849529577,2026-10-09T00:11:03+00:00,parallel,3,"block mean, streamed in bands, NaN-aware, any void -> void",0.8091362847222222,p05,,,,,,,,,
X7,win3840_k0_c20_d3,win3840_k0_c20_d3__win2__hag_cta__shared_border__climb_tiebreak__native,idrija_win3840_k0_c20,dem,hag_cta,shared_border,climb_tiebreak,native,win2,win,0.012497167001129128,20,height_tiebreak,95,40.0,10020,3840,idrija_win3840_k0,9060,3840,process,article-2026,True,0fc96e99b9a09a800a7e28c9437774072ad2cf51,192,192,0.10993508399405982,7.802952282869893,84,14565,56825,3,main,96,425,192,29783,6,2.5.3,455.55419860839834,455.55888017260907,True,68.18195136682795,4681.564209736038,14.148422904830595,416832,macOS-26.7.1-arm64-arm-64bit-Mach-O,3.14.7,True,549.8893846893311,20261009T001006Z,1.18.1,0,425,425,483,425,1.4269885505153947,98.57301144948461,0.0001802079932531342,0.00012541600153781474,0.000115999995614402,0.0027248750120634213,97,159,3068.8760157425713,44,15,38.6727849529577,2026-10-09T00:11:03+00:00,parallel,3,"block mean, streamed in bands, NaN-aware, any void -> void",0.8091362847222222,p05,inf,280.0,1.175882321880765,0.9476383609479294,0.020989727380482024,1.0242530256338942,1.02425438292673,-7.599902164656669e-05,0.04520648940396897
X7,win3840_k0_c20_d3,win3840_k0_c20_d3__win2__hag_cta_ring1__shared_border__climb_tiebreak__native,idrija_win3840_k0_c20,dem,hag_cta_ring1,shared_border,climb_tiebreak,native,win2,win,0.012497167001129128,20,height_tiebreak,95,40.0,10020,3840,idrija_win3840_k0,9060,3840,process,article-2026,True,0fc96e99b9a09a800a7e28c9437774072ad2cf51,192,192,0.10993508399405982,7.802952282869893,84,14565,56825,3,main,554,1225,178,29783,6,2.5.3,446.1429438781738,446.14719632550197,True,87.51480407714837,4252.447327281724,14.34919020733702,417240,macOS-26.7.1-arm64-arm-64bit-Mach-O,3.14.7,True,549.8893846893311,20261009T001006Z,1.18.1,0,1225,1165,1845,1186,4.113084645603196,95.8869153543968,0.0002600839943625033,0.00017016699712257832,0.0001454170123906806,0.00270154100144282,97,159,3068.8760157425713,44,15,38.6727849529577,2026-10-09T00:11:03+00:00,parallel,3,"block mean, streamed in bands, NaN-aware, any void -> void",0.8091362847222222,p05,inf,145.60219778561037,1.0680997659886045,0.9485659203753888,0.057536546819438955,1.0030930710952466,1.0030936529954693,-9.74160066107288e-05,0.061337089829064675
X7,win3840_k0_c20_d3,win3840_k0_c20_d3__win3__full_grid__climb_tiebreak__native,idrija_win3840_k0_c20,dem,full_grid,,climb_tiebreak,native,win3,win,0.0,20,height_tiebreak,0,nan,10020,3840,idrija_win3840_k0,9060,3840,process,article-2026,True,0fc96e99b9a09a800a7e28c9437774072ad2cf51,192,192,0.10993508399405982,7.802952282869893,84,14565,56825,3,main,14565,29783,224,29783,6,2.5.3,385.5333139038081,385.53873487927365,True,40.50227389642178,5420.9754647055815,14.172444839989835,442072,macOS-26.7.1-arm64-arm-64bit-Mach-O,3.14.7,True,549.8893846893311,20261009T001006Z,1.18.1,0,29783,27600,52424,27860,100.0,0.0,0.004104334002477117,0.004043374996399507,0.004015707992948592,0.0,44,54,2939.45573193406,189,78,38.6727849529577,2026-10-09T00:11:03+00:00,parallel,3,"block mean, streamed in bands, NaN-aware, any void -> void",0.8091362847222222,p05,,,,,,,,,
X7,win3840_k0_c20_d3,win3840_k0_c20_d3__win3__hag_cta__shared_border__climb_tiebreak__native,idrija_win3840_k0_c20,dem,hag_cta,shared_border,climb_tiebreak,native,win3,win,0.012497167001129128,20,height_tiebreak,87,40.0,10020,3840,idrija_win3840_k0,9060,3840,process,article-2026,True,0fc96e99b9a09a800a7e28c9437774072ad2cf51,192,192,0.10993508399405982,7.802952282869893,84,14565,56825,3,main,88,542,237,29783,6,2.5.3,413.713111724854,413.7189832385583,True,65.98860092163079,5871.513703397205,14.147930585434677,420048,macOS-26.7.1-arm64-arm-64bit-Mach-O,3.14.7,True,549.8893846893311,20261009T001006Z,1.18.1,0,542,541,691,542,1.8198301044219858,98.18016989557802,0.00021874999220017344,0.00015150000399444252,0.0001453749864595011,0.0027411670016590506,44,54,2939.45573193406,189,78,38.6727849529577,2026-10-09T00:11:03+00:00,parallel,3,"block mean, streamed in bands, NaN-aware, any void -> void",0.8091362847222222,p05,106.39732406465265,220.0,1.0831101785324337,0.9501800611665068,0.01960144927536232,1.0730930293304741,1.0730931701794086,0.0011507079907460138,0.037468699818678286
X7,win3840_k0_c20_d3,win3840_k0_c20_d3__win3__hag_cta_ring1__shared_border__climb_tiebreak__native,idrija_win3840_k0_c20,dem,hag_cta_ring1,shared_border,climb_tiebreak,native,win3,win,0.012497167001129128,20,height_tiebreak,87,40.0,10020,3840,idrija_win3840_k0,9060,3840,process,article-2026,True,0fc96e99b9a09a800a7e28c9437774072ad2cf51,192,192,0.10993508399405982,7.802952282869893,84,14565,56825,3,main,579,1697,228,29783,6,2.5.3,386.4195417785643,386.4251421652848,True,36.98628997802757,5600.386719675124,14.151155128319655,420568,macOS-26.7.1-arm64-arm-64bit-Mach-O,3.14.7,True,549.8893846893311,20261009T001006Z,1.18.1,0,1697,1677,2906,1692,5.697881341704999,94.302118658295,0.0004186669975752011,0.00024670800485182554,0.00020595898968167603,0.002975334005896002,44,54,2939.45573193406,189,78,38.6727849529577,2026-10-09T00:11:03+00:00,parallel,3,"block mean, streamed in bands, NaN-aware, any void -> void",0.8091362847222222,p05,149.0653037611124,196.9771560359221,1.0330957511498877,0.951356340143687,0.06076086956521739,1.00229870634468,1.0022991393751621,0.0008213329856516793,0.06101536589396505
X7,win3840_k0_c3_d3,win3840_k0_c3_d3__win1__full_grid__climb_tiebreak__native,idrija_win3840_k0_c3,dem,full_grid,,climb_tiebreak,native,win1,win,0.0,3,height_tiebreak,0,nan,10020,3840,idrija_win3840_k0,9060,3840,process,article-2026,True,0fc96e99b9a09a800a7e28c9437774072ad2cf51,1280,1280,1.9532491669961018,6.325047438330171,107,10540,33333,3,main,10540,1325973,962,1325973,6,2.5.3,735.930643717448,735.9340983321579,True,194.99150028935142,3454.6147160748715,10.904762890732286,18195320,macOS-26.7.1-arm64-arm-64bit-Mach-O,3.14.7,True,557.0571492513021,20261009T001006Z,1.18.1,0,1325973,1263694,2326092,1265020,100.0,0.0,0.2140189170022495,0.21299695900233928,0.21262620801280718,0.0,1063,723,2574.7232861027996,243,976,45.98359668242638,2026-10-09T00:10:33+00:00,parallel,3,"block mean, streamed in bands, NaN-aware, any void -> void",0.8091362847222222,p05,,,,,,,,,
X7,win3840_k0_c3_d3,win3840_k0_c3_d3__win1__hag_cta__shared_border__climb_tiebreak__native,idrija_win3840_k0_c3,dem,hag_cta,shared_border,climb_tiebreak,native,win1,win,0.2953722079982981,3,height_tiebreak,131,6.0,10020,3840,idrija_win3840_k0,9060,3840,process,article-2026,True,0fc96e99b9a09a800a7e28c9437774072ad2cf51,1280,1280,1.9532491669961018,6.325047438330171,107,10540,33333,3,main,132,83705,6513,1325973,6,2.5.3,3218.776075575084,3218.798970433066,True,166.83252664872379,22894.85777728343,8.727357598456416,18447032,macOS-26.7.1-arm64-arm-64bit-Mach-O,3.14.7,True,557.0571492513021,20261009T001006Z,1.18.1,0,83705,83470,136583,83517,6.312722808081311,93.6872771919187,0.013960625001345761,0.013213541998993605,0.013079083000775427,0.0017077500087907538,1063,723,2574.7232861027996,243,976,45.98359668242638,2026-10-09T00:10:33+00:00,parallel,3,"block mean, streamed in bands, NaN-aware, any void -> void",0.8091362847222222,p05,11.352335241946777,2619.9053418014933,6.627325956422872,1.0138338869555468,0.06605238293447623,4.373749215436796,4.3737597941552195,0.19807566699455492,0.0620362941371782
X7,win3840_k0_c3_d3,win3840_k0_c3_d3__win1__hag_cta_ring1__shared_border__climb_tiebreak__native,idrija_win3840_k0_c3,dem,hag_cta_ring1,shared_border,climb_tiebreak,native,win1,win,0.2953722079982981,3,height_tiebreak,131,6.0,10020,3840,idrija_win3840_k0,9060,3840,process,article-2026,True,0fc96e99b9a09a800a7e28c9437774072ad2cf51,1280,1280,1.9532491669961018,6.325047438330171,107,10540,33333,3,main,827,216380,3266,1325973,6,2.5.3,1533.8363376193597,1533.8479394189453,True,113.9214804245617,11601.799559071442,9.609002929896757,18263344,macOS-26.7.1-arm64-arm-64bit-Mach-O,3.14.7,True,557.0571492513021,20261009T001006Z,1.18.1,0,216380,195549,361175,195755,16.318582655906265,83.68141734409373,0.02806033300294075,0.02769574998819735,0.027683874999638647,0.0016756250115577132,1063,723,2574.7232861027996,243,976,45.98359668242638,2026-10-09T00:10:33+00:00,parallel,3,"block mean, streamed in bands, NaN-aware, any void -> void",0.8091362847222222,p05,12.245686717395298,2447.091743274044,3.358348329000749,1.0037385437574058,0.15474394908894085,2.0842131669791675,2.0842191480121572,0.18362558400258422,0.13002885166962957
X7,win3840_k0_c3_d3,win3840_k0_c3_d3__win2__full_grid__climb_tiebreak__native,idrija_win3840_k0_c3,dem,full_grid,,climb_tiebreak,native,win2,win,0.0,3,height_tiebreak,0,nan,10020,3840,idrija_win3840_k0,9060,3840,process,article-2026,True,0fc96e99b9a09a800a7e28c9437774072ad2cf51,1280,1280,1.9532491669961018,6.325047438330171,107,10540,33333,3,main,10540,1325973,1183,1325973,6,2.5.3,446.2888183593749,446.292928518245,True,103.12183521411953,4110.158871952156,13.002243687732639,18269064,macOS-26.7.1-arm64-arm-64bit-Mach-O,3.14.7,True,557.0571492513021,20261009T001006Z,1.18.1,0,1325973,879848,1644832,884032,100.0,0.0,0.16207200000644661,0.15917591599281877,0.15862479100178462,0.0,650,1063,3068.8760157425713,296,103,45.98359668242638,2026-10-09T00:10:33+00:00,parallel,3,"block mean, streamed in bands, NaN-aware, any void -> void",0.8091362847222222,p05,,,,,,,,,
X7,win3840_k0_c3_d3,win3840_k0_c3_d3__win2__hag_cta__shared_border__climb_tiebreak__native,idrija_win3840_k0_c3,dem,hag_cta,shared_border,climb_tiebreak,native,win2,win,0.2953722079982981,3,height_tiebreak,35,6.0,10020,3840,idrija_win3840_k0,9060,3840,process,article-2026,True,0fc96e99b9a09a800a7e28c9437774072ad2cf51,1280,1280,1.9532491669961018,6.325047438330171,107,10540,33333,3,main,36,22779,2475,1325973,6,2.5.3,1349.3682861328111,1349.3769731410457,True,94.54528915352334,8687.008219487434,9.058410933923716,18184856,macOS-26.7.1-arm64-arm-64bit-Mach-O,3.14.7,True,557.0571492513021,20261009T001006Z,1.18.1,0,22779,20230,31310,20324,1.7179082832003367,98.28209171679967,0.0038650420028716326,0.0036591249954653904,0.0035227500047767535,0.0016048329998739064,650,1063,3068.8760157425713,296,103,45.98359668242638,2026-10-09T00:10:33+00:00,parallel,3,"block mean, streamed in bands, NaN-aware, any void -> void",0.8091362847222222,p05,14.609789936082967,622.3825190347171,2.113545604956497,0.9953906779241674,0.022992607814076978,3.023531468015024,3.0235230874510295,0.15391195799747948,0.022987931136708346
X7,win3840_k0_c3_d3,win3840_k0_c3_d3__win2__hag_cta_ring1__shared_border__climb_tiebreak__native,idrija_win3840_k0_c3,dem,hag_cta_ring1,shared_border,climb_tiebreak,native,win2,win,0.2953722079982981,3,height_tiebreak,35,6.0,10020,3840,idrija_win3840_k0,9060,3840,process,article-2026,True,0fc96e99b9a09a800a7e28c9437774072ad2cf51,1280,1280,1.9532491669961018,6.325047438330171,107,10540,33333,3,main,196,58876,1958,1325973,6,2.5.3,828.1322699652773,828.1391412910143,True,95.70289262152939,6871.325753131025,10.046753546214944,18160648,macOS-26.7.1-arm64-arm-64bit-Mach-O,3.14.7,True,557.0571492513021,20261009T001006Z,1.18.1,0,58876,47426,86691,47784,4.440211075187806,95.5597889248122,0.007194833000539802,0.006973292009206489,0.0069172500079730526,0.001568249994306825,650,1063,3068.8760157425713,296,103,45.98359668242638,2026-10-09T00:10:33+00:00,parallel,3,"block mean, streamed in bands, NaN-aware, any void -> void",0.8091362847222222,p05,14.927677630565547,545.3897688809353,1.67179079135387,0.9940655963545806,0.05390249224866113,1.8555971736186816,1.855595480843831,0.15063437398930546,0.043808712930674065
X7,win3840_k0_c3_d3,win3840_k0_c3_d3__win3__full_grid__climb_tiebreak__native,idrija_win3840_k0_c3,dem,full_grid,,climb_tiebreak,native,win3,win,0.0,3,height_tiebreak,0,nan,10020,3840,idrija_win3840_k0,9060,3840,process,article-2026,True,0fc96e99b9a09a800a7e28c9437774072ad2cf51,1280,1280,1.9532491669961018,6.325047438330171,107,10540,33333,3,main,10540,1325973,1599,1325973,6,2.5.3,444.1925930447045,444.1983973115769,True,128.90926440332467,5804.266878627979,11.834472605549916,18299600,macOS-26.7.1-arm64-arm-64bit-Mach-O,3.14.7,True,557.0571492513021,20261009T001006Z,1.18.1,0,1325973,1276933,2454617,1279001,100.0,0.0,0.24598579200392123,0.24393262500234414,0.24258795799687505,0.0,296,363,2939.45573193406,1263,523,45.98359668242638,2026-10-09T00:10:33+00:00,parallel,3,"block mean, streamed in bands, NaN-aware, any void -> void",0.8091362847222222,p05,,,,,,,,,
X7,win3840_k0_c3_d3,win3840_k0_c3_d3__win3__hag_cta__shared_border__climb_tiebreak__native,idrija_win3840_k0_c3,dem,hag_cta,shared_border,climb_tiebreak,native,win3,win,0.2953722079982981,3,height_tiebreak,58,6.0,10020,3840,idrija_win3840_k0,9060,3840,process,article-2026,True,0fc96e99b9a09a800a7e28c9437774072ad2cf51,1280,1280,1.9532491669961018,6.325047438330171,107,10540,33333,3,main,59,21079,2196,1325973,6,2.5.3,1167.0096367730007,1167.017434590314,True,155.88756328758436,7797.817310628423,8.769787053105402,18169192,macOS-26.7.1-arm64-arm-64bit-Mach-O,3.14.7,True,557.0571492513021,20261009T001006Z,1.18.1,0,21079,20887,34631,20908,1.5897005444303918,98.4102994555696,0.00391541700810194,0.0036545409966493025,0.0035398749896558,0.0015521249879384413,296,363,2939.45573193406,1263,523,45.98359668242638,2026-10-09T00:10:33+00:00,parallel,3,"block mean, streamed in bands, NaN-aware, any void -> void",0.8091362847222222,p05,9.419257898246197,515.8778925288425,1.343462916796769,0.9928737240158255,0.016357162043740745,2.627260460994563,2.62724368582475,0.2387259590177564,0.014981763905562788
X7,win3840_k0_c3_d3,win3840_k0_c3_d3__win3__hag_cta_ring1__shared_border__climb_tiebreak__native,idrija_win3840_k0_c3,dem,hag_cta_ring1,shared_border,climb_tiebreak,native,win3,win,0.2953722079982981,3,height_tiebreak,58,6.0,10020,3840,idrija_win3840_k0,9060,3840,process,article-2026,True,0fc96e99b9a09a800a7e28c9437774072ad2cf51,1280,1280,1.9532491669961018,6.325047438330171,107,10540,33333,3,main,335,59880,1701,1325973,6,2.5.3,789.2170749240469,789.2231006913433,True,191.35799134124548,6025.767311903868,11.295014231228016,18144304,macOS-26.7.1-arm64-arm-64bit-Mach-O,3.14.7,True,557.0571492513021,20261009T001006Z,1.18.1,0,59880,59083,106750,59142,4.5159290573789965,95.484070942621,0.008729291992494836,0.008540750000975095,0.00842558300064411,0.0015946250059641898,296,363,2939.45573193406,1263,523,45.98359668242638,2026-10-09T00:10:33+00:00,parallel,3,"block mean, streamed in bands, NaN-aware, any void -> void",0.8091362847222222,p05,9.61782645021956,441.3671940686122,1.0381616555385282,0.9915136942883997,0.04626945971323476,1.77674523907385,1.7767355881244964,0.23379724999540485,0.035012741739211886
X7,win3840_k0_c5_d3,win3840_k0_c5_d3__win1__full_grid__climb_tiebreak__native,idrija_win3840_k0_c5,dem,full_grid,,climb_tiebreak,native,win1,win,0.0,5,height_tiebreak,0,nan,10020,3840,idrija_win3840_k0,9060,3840,process,article-2026,True,0fc96e99b9a09a800a7e28c9437774072ad2cf51,768,768,1.0272947499906877,7.048562866094538,122,29364,103487,3,main,29364,477212,537,477212,6,2.5.3,731.3650634765626,731.3682446749672,True,153.736425781251,3181.198410471445,12.58988072470833,6585640,macOS-26.7.1-arm64-arm-64bit-Mach-O,3.14.7,True,556.5658776855469,20261009T001006Z,1.18.1,0,477212,454778,835614,455577,100.0,0.0,0.07069087499985471,0.06924625000101514,0.06918824999593198,0.0,638,434,2574.7232861027996,146,586,44.964821045488584,2026-10-09T00:10:51+00:00,parallel,3,"block mean, streamed in bands, NaN-aware, any void -> void",0.8091362847222222,p05,,,,,,,,,
X7,win3840_k0_c5_d3,win3840_k0_c5_d3__win1__hag_cta__shared_border__climb_tiebreak__native,idrija_win3840_k0_c5,dem,hag_cta,shared_border,climb_tiebreak,native,win1,win,0.1349077920021955,5,height_tiebreak,187,10.0,10020,3840,idrija_win3840_k0,9060,3840,process,article-2026,True,0fc96e99b9a09a800a7e28c9437774072ad2cf51,768,768,1.0272947499906877,7.048562866094538,122,29364,103487,3,main,188,11423,1639,477212,6,2.5.3,1397.203303222655,1397.2129429701197,True,102.49678521450923,9639.747468305834,9.152696434102753,6597160,macOS-26.7.1-arm64-arm-64bit-Mach-O,3.14.7,True,556.5658776855469,20261009T001006Z,1.18.1,0,11423,11255,17292,11294,2.393695045388632,97.60630495461136,0.002505208001821302,0.0022741249995306134,0.0019130000000586733,0.005533292001928203,638,434,2574.7232861027996,146,586,44.964821045488584,2026-10-09T00:10:51+00:00,parallel,3,"block mean, streamed in bands, NaN-aware, any void -> void",0.8091362847222222,p05,18.916416299790004,1004.0418317978589,3.0302251618682434,1.001749260512266,0.024748338749895554,1.9104047663707278,1.9104096372013875,0.061438832999556325,0.03284112857371013
X7,win3840_k0_c5_d3,win3840_k0_c5_d3__win1__hag_cta_ring1__shared_border__climb_tiebreak__native,idrija_win3840_k0_c5,dem,hag_cta_ring1,shared_border,climb_tiebreak,native,win1,win,0.1349077920021955,5,height_tiebreak,187,10.0,10020,3840,idrija_win3840_k0,9060,3840,process,article-2026,True,0fc96e99b9a09a800a7e28c9437774072ad2cf51,768,768,1.0272947499906877,7.048562866094538,122,29364,103487,3,main,1107,34917,1119,477212,6,2.5.3,950.313391113281,950.3200539263936,True,125.3146860070006,6662.813126546316,10.707270619979191,6569512,macOS-26.7.1-arm64-arm-64bit-Mach-O,3.14.7,True,556.5658776855469,20261009T001006Z,1.18.1,0,34917,34128,58901,34220,7.31687384223364,92.68312615776637,0.004910750009003095,0.004509000005782582,0.004488417005632073,0.0050172920018667355,638,434,2574.7232861027996,146,586,44.964821045488584,2026-10-09T00:10:51+00:00,parallel,3,"block mean, streamed in bands, NaN-aware, any void -> void",0.8091362847222222,p05,19.460873400513613,857.0297544426331,2.094434947727421,0.9975510352828275,0.075043207894841,1.2993694101218645,1.2993728683814163,0.059719957993365824,0.06511543954678384
X7,win3840_k0_c5_d3,win3840_k0_c5_d3__win2__full_grid__climb_tiebreak__native,idrija_win3840_k0_c5,dem,full_grid,,climb_tiebreak,native,win2,win,0.0,5,height_tiebreak,0,nan,10020,3840,idrija_win3840_k0,9060,3840,process,article-2026,True,0fc96e99b9a09a800a7e28c9437774072ad2cf51,768,768,1.0272947499906877,7.048562866094538,122,29364,103487,3,main,29364,477212,701,477212,6,2.5.3,445.939890136719,445.94396175142913,True,109.46022949218786,4071.614716074871,16.792556231713075,6633816,macOS-26.7.1-arm64-arm-64bit-Mach-O,3.14.7,True,556.5658776855469,20261009T001006Z,1.18.1,0,477212,316639,589268,319106,100.0,0.0,0.05395595800655428,0.053940583995427005,0.052733625008841045,0.0,390,638,3068.8760157425713,178,62,44.964821045488584,2026-10-09T00:10:51+00:00,parallel,3,"block mean, streamed in bands, NaN-aware, any void -> void",0.8091362847222222,p05,,,,,,,,,
X7,win3840_k0_c5_d3,win3840_k0_c5_d3__win2__hag_cta__shared_border__climb_tiebreak__native,idrija_win3840_k0_c5,dem,hag_cta,shared_border,climb_tiebreak,native,win2,win,0.1349077920021955,5,height_tiebreak,112,10.0,10020,3840,idrija_win3840_k0,9060,3840,process,article-2026,True,0fc96e99b9a09a800a7e28c9437774072ad2cf51,768,768,1.0272947499906877,7.048562866094538,122,29364,103487,3,main,113,5311,1358,477212,6,2.5.3,1175.086770019534,1175.0947583099257,True,80.74479265194002,7988.290398693842,9.503324612361975,6577944,macOS-26.7.1-arm64-arm-64bit-Mach-O,3.14.7,True,556.5658776855469,20261009T001006Z,1.18.1,0,5311,5284,7997,5289,1.112922558527447,98.88707744147254,0.001516459000413306,0.0013605000131065026,0.0012074160040356219,0.004799959002411924,390,638,3068.8760157425713,178,62,44.964821045488584,2026-10-09T00:10:51+00:00,parallel,3,"block mean, streamed in bands, NaN-aware, any void -> void",0.8091362847222222,p05,24.32397450784372,611.5962720618888,1.9619465385945787,0.9915776982659754,0.016687773773919196,2.635078843606632,2.635072697687805,0.04778012497990858,0.02522219657877348
X7,win3840_k0_c5_d3,win3840_k0_c5_d3__win2__hag_cta_ring1__shared_border__climb_tiebreak__native,idrija_win3840_k0_c5,dem,hag_cta_ring1,shared_border,climb_tiebreak,native,win2,win,0.1349077920021955,5,height_tiebreak,112,10.0,10020,3840,idrija_win3840_k0,9060,3840,process,article-2026,True,0fc96e99b9a09a800a7e28c9437774072ad2cf51,768,768,1.0272947499906877,7.048562866094538,122,29364,103487,3,main,746,14586,1173,477212,6,2.5.3,894.7123559570313,894.7191603639363,True,87.64453898683989,6804.406922210656,10.39159451208815,6568896,macOS-26.7.1-arm64-arm-64bit-Mach-O,3.14.7,True,556.5658776855469,20261009T001006Z,1.18.1,0,14586,13584,24086,13762,3.056503189358189,96.94349681064182,0.0022922080097487196,0.0021294159960234538,0.002076749995467253,0.005507416004547849,390,638,3068.8760157425713,178,62,44.964821045488584,2026-10-09T00:10:51+00:00,parallel,3,"block mean, streamed in bands, NaN-aware, any void -> void",0.8091362847222222,p05,25.09953280075452,550.2953752304302,1.6711814345661515,0.9902137774095634,0.04290059026209658,2.006351922638553,2.0063488624219925,0.0463037519948557,0.039477066028873214
X7,win3840_k0_c5_d3,win3840_k0_c5_d3__win3__full_grid__climb_tiebreak__native,idrija_win3840_k0_c5,dem,full_grid,,climb_tiebreak,native,win3,win,0.0,5,height_tiebreak,0,nan,10020,3840,idrija_win3840_k0,9060,3840,process,article-2026,True,0fc96e99b9a09a800a7e28c9437774072ad2cf51,768,768,1.0272947499906877,7.048562866094538,122,29364,103487,3,main,29364,477212,944,477212,6,2.5.3,429.88797607421884,429.893707968507,True,94.79848632812491,5731.894295625948,13.062278722056663,6650520,macOS-26.7.1-arm64-arm-64bit-Mach-O,3.14.7,True,556.5658776855469,20261009T001006Z,1.18.1,0,477212,453752,870118,455231,100.0,0.0,0.08590966700285207,0.07969958300236613,0.079219874998671,0.0,178,218,2939.45573193406,758,314,44.964821045488584,2026-10-09T00:10:51+00:00,parallel,3,"block mean, streamed in bands, NaN-aware, any void -> void",0.8091362847222222,p05,,,,,,,,,
X7,win3840_k0_c5_d3,win3840_k0_c5_d3__win3__hag_cta__shared_border__climb_tiebreak__native,idrija_win3840_k0_c5,dem,hag_cta,shared_border,climb_tiebreak,native,win3,win,0.1349077920021955,5,height_tiebreak,83,10.0,10020,3840,idrija_win3840_k0,9060,3840,process,article-2026,True,0fc96e99b9a09a800a7e28c9437774072ad2cf51,768,768,1.0272947499906877,7.048562866094538,122,29364,103487,3,main,84,4685,1087,477212,6,2.5.3,761.8514135742171,761.8579081030574,True,71.50758884212011,6494.528855298854,9.320174924986242,6558048,macOS-26.7.1-arm64-arm-64bit-Mach-O,3.14.7,True,556.5658776855469,20261009T001006Z,1.18.1,0,4685,4597,6813,4620,0.9817439628508923,99.01825603714911,0.0011320420017000288,0.0009617920004529878,0.0008760000055190176,0.004560291999951005,178,218,2939.45573193406,758,314,44.964821045488584,2026-10-09T00:10:51+00:00,parallel,3,"block mean, streamed in bands, NaN-aware, any void -> void",0.8091362847222222,p05,15.667858280880308,350.0,1.133051050898632,0.986095523357572,0.010131084821664698,1.7722091707042436,1.7722006486284032,0.07417749900196213,0.01206771684645369
X7,win3840_k0_c5_d3,win3840_k0_c5_d3__win3__hag_cta_ring1__shared_border__climb_tiebreak__native,idrija_win3840_k0_c5,dem,hag_cta_ring1,shared_border,climb_tiebreak,native,win3,win,0.1349077920021955,5,height_tiebreak,83,10.0,10020,3840,idrija_win3840_k0,9060,3840,process,article-2026,True,0fc96e99b9a09a800a7e28c9437774072ad2cf51,768,768,1.0272947499906877,7.048562866094538,122,29364,103487,3,main,535,16919,996,477212,6,2.5.3,557.8086254882799,557.8146298089699,True,105.14311853242044,6004.3207024971425,10.748600284112802,6555368,macOS-26.7.1-arm64-arm-64bit-Mach-O,3.14.7,True,556.5658776855469,20261009T001006Z,1.18.1,0,16919,16571,29611,16635,3.5453844412965307,96.45461555870347,0.0025822500028880313,0.0024431249912595376,0.0023429590073646978,0.004576958002871834,178,218,2939.45573193406,758,314,44.964821045488584,2026-10-09T00:10:51+00:00,parallel,3,"block mean, streamed in bands, NaN-aware, any void -> void",0.8091362847222222,p05,15.990788900050262,357.0014005574768,1.0475281630854716,0.9856925473496809,0.0365199492233643,1.2975674048440375,1.2975640710001601,0.07267950000823475,0.03065417533222233
X7,win3840_k1_c10_d3,win3840_k1_c10_d3__win1__full_grid__climb_tiebreak__native,idrija_win3840_k1_c10,dem,full_grid,,climb_tiebreak,native,win1,win,0.0,10,height_tiebreak,0,nan,2220,3840,idrija_win3840_k1,2580,3840,process,article-2026,True,0fc96e99b9a09a800a7e28c9437774072ad2cf51,384,384,0.36357820901321247,7.809304703476482,103,31296,122200,3,main,31296,114656,149,114656,6,2.5.3,163.56918548583994,163.57098857241897,True,87.58981628417985,1803.0865786510142,15.996726235142694,1682936,macOS-26.7.1-arm64-arm-64bit-Mach-O,3.14.7,True,603.1129862976074,20261009T001006Z,1.18.1,0,114656,18078,35472,19955,100.0,0.0,0.0038827499956823885,0.0032334579882444814,0.002918582991696894,0.0,195,193,1632.666530556684,55,109,44.1271083298388,2026-10-09T00:11:01+00:00,parallel,3,"block mean, streamed in bands, NaN-aware, any void -> void",0.7787543402777778,p03,,,,,,,,,
X7,win3840_k1_c10_d3,win3840_k1_c10_d3__win1__hag_cta__shared_border__climb_tiebreak__native,idrija_win3840_k1_c10,dem,hag_cta,shared_border,climb_tiebreak,native,win1,win,0.04600779199972749,10,height_tiebreak,38,20.0,2220,3840,idrija_win3840_k1,2580,3840,process,article-2026,True,0fc96e99b9a09a800a7e28c9437774072ad2cf51,384,384,0.36357820901321247,7.809304703476482,103,31296,122200,3,main,39,2733,213,114656,6,2.5.3,170.97250701904292,170.9751572124033,True,100.64415893554667,2650.1933598375626,11.836369050283043,1637568,macOS-26.7.1-arm64-arm-64bit-Mach-O,3.14.7,True,603.1129862976074,20261009T001006Z,1.18.1,0,2733,2260,3660,2322,2.3836519676248953,97.6163480323751,0.0004571250028675422,0.00033908300974871963,0.00027512499946169555,0.006869749995530583,195,193,1632.666530556684,55,109,44.1271083298388,2026-10-09T00:11:01+00:00,parallel,3,"block mean, streamed in bands, NaN-aware, any void -> void",0.7787543402777778,p03,inf,278.9265136196271,1.4698092655208572,0.9730423497982098,0.1250138289633809,1.045261101662965,1.0452657815704662,-0.003975375017034821,0.10486699099895082
X7,win3840_k1_c10_d3,win3840_k1_c10_d3__win1__hag_cta_ring1__shared_border__climb_tiebreak__native,idrija_win3840_k1_c10,dem,hag_cta_ring1,shared_border,climb_tiebreak,native,win1,win,0.04600779199972749,10,height_tiebreak,38,20.0,2220,3840,idrija_win3840_k1,2580,3840,process,article-2026,True,0fc96e99b9a09a800a7e28c9437774072ad2cf51,384,384,0.36357820901321247,7.809304703476482,103,31296,122200,3,main,288,6244,166,114656,6,2.5.3,163.56918548583994,163.57121242018212,True,97.36306223431036,2026.9343417595167,15.976193335556708,1642680,macOS-26.7.1-arm64-arm-64bit-Mach-O,3.14.7,True,603.1129862976074,20261009T001006Z,1.18.1,0,6244,5262,9403,5616,5.445855428411945,94.55414457158805,0.0009451249934500083,0.0007837080047465861,0.0007227910100482404,0.006059709005057812,195,193,1632.666530556684,55,109,44.1271083298388,2026-10-09T00:11:01+00:00,parallel,3,"block mean, streamed in bands, NaN-aware, any void -> void",0.7787543402777778,p03,inf,136.01470508735443,1.1241469853743657,0.976079898463162,0.2910720212412877,1.0,1.00000136850529,-0.0036099590215599164,0.24237457471098275
X7,win3840_k1_c10_d3,win3840_k1_c10_d3__win2__full_grid__climb_tiebreak__native,idrija_win3840_k1_c10,dem,full_grid,,climb_tiebreak,native,win2,win,0.0,10,height_tiebreak,0,nan,2220,3840,idrija_win3840_k1,2580,3840,process,article-2026,True,0fc96e99b9a09a800a7e28c9437774072ad2cf51,384,384,0.36357820901321247,7.809304703476482,103,31296,122200,3,main,31296,114656,179,114656,6,2.5.3,216.22420440673864,216.22629092477516,True,41.59058532714823,2086.51803615609,16.802541514538227,1678096,macOS-26.7.1-arm64-arm-64bit-Mach-O,3.14.7,True,603.1129862976074,20261009T001006Z,1.18.1,0,114656,33315,63318,35104,100.0,0.0,0.005257541997707449,0.005096708002383821,0.004868082993198186,0.0,51,153,1612.4515496597098,131,293,44.1271083298388,2026-10-09T00:11:01+00:00,parallel,3,"block mean, streamed in bands, NaN-aware, any void -> void",0.7787543402777778,p03,,,,,,,,,
X7,win3840_k1_c10_d3,win3840_k1_c10_d3__win2__hag_cta__shared_border__climb_tiebreak__native,idrija_win3840_k1_c10,dem,hag_cta,shared_border,climb_tiebreak,native,win2,win,0.04600779199972749,10,height_tiebreak,52,20.0,2220,3840,idrija_win3840_k1,2580,3840,process,article-2026,True,0fc96e99b9a09a800a7e28c9437774072ad2cf51,384,384,0.36357820901321247,7.809304703476482,103,31296,122200,3,main,53,293,181,114656,6,2.5.3,233.81282440185635,233.8149143513504,True,43.144424438476676,2089.9494936611663,16.81510415691339,1632832,macOS-26.7.1-arm64-arm-64bit-Mach-O,3.14.7,True,603.1129862976074,20261009T001006Z,1.18.1,0,293,234,267,243,0.25554702763047726,99.74445297236953,0.00019591700402088463,0.000152374996105209,0.00013779199798591435,0.006149916996946558,51,153,1612.4515496597098,131,293,44.1271083298388,2026-10-09T00:11:01+00:00,parallel,3,"block mean, streamed in bands, NaN-aware, any void -> void",0.7787543402777778,p03,inf,20.0,1.0016445855945717,0.9730265729731791,0.007023863124718595,1.081344362178953,1.081343593100315,-0.0012055839906679466,0.029896748260630292
X7,win3840_k1_c10_d3,win3840_k1_c10_d3__win2__hag_cta_ring1__shared_border__climb_tiebreak__native,idrija_win3840_k1_c10,dem,hag_cta_ring1,shared_border,climb_tiebreak,native,win2,win,0.04600779199972749,10,height_tiebreak,52,20.0,2220,3840,idrija_win3840_k1,2580,3840,process,article-2026,True,0fc96e99b9a09a800a7e28c9437774072ad2cf51,384,384,0.36357820901321247,7.809304703476482,103,31296,122200,3,main,290,994,179,114656,6,2.5.3,216.9330502319341,216.93512846569936,True,43.144424438476676,2078.2337649086285,16.80698058463467,1633808,macOS-26.7.1-arm64-arm-64bit-Mach-O,3.14.7,True,603.1129862976074,20261009T001006Z,1.18.1,0,994,851,1442,872,0.8669411108010048,99.133058889199,0.00026491700555197895,0.0001846249942900613,0.00016808400687295943,0.006012582991388626,51,153,1612.4515496597098,131,293,44.1271083298388,2026-10-09T00:11:01+00:00,parallel,3,"block mean, streamed in bands, NaN-aware, any void -> void",0.7787543402777778,p03,inf,20.0,0.9960296191531018,0.9736081845138777,0.025544049227074893,1.003278290823825,1.0032782208763449,-0.001100499983294867,0.03622436172598252
X7,win3840_k1_c10_d3,win3840_k1_c10_d3__win3__full_grid__climb_tiebreak__native,idrija_win3840_k1_c10,dem,full_grid,,climb_tiebreak,native,win3,win,0.0,10,height_tiebreak,0,nan,2220,3840,idrija_win3840_k1,2580,3840,process,article-2026,True,0fc96e99b9a09a800a7e28c9437774072ad2cf51,384,384,0.36357820901321247,7.809304703476482,103,31296,122200,3,main,31296,114656,294,114656,6,2.5.3,664.556175842285,664.5598638531006,True,155.81829889449511,3688.0108191427644,11.70690136507493,1676200,macOS-26.7.1-arm64-arm-64bit-Mach-O,3.14.7,True,603.1129862976074,20261009T001006Z,1.18.1,0,114656,98884,187433,99786,100.0,0.0,0.015117417002329603,0.015056125004775822,0.014814833004493266,0.0,105,291,2560.3124809288415,101,35,44.1271083298388,2026-10-09T00:11:01+00:00,parallel,3,"block mean, streamed in bands, NaN-aware, any void -> void",0.7787543402777778,p03,,,,,,,,,
X7,win3840_k1_c10_d3,win3840_k1_c10_d3__win3__hag_cta__shared_border__climb_tiebreak__native,idrija_win3840_k1_c10,dem,hag_cta,shared_border,climb_tiebreak,native,win3,win,0.04600779199972749,10,height_tiebreak,142,20.0,2220,3840,idrija_win3840_k1,2580,3840,process,article-2026,True,0fc96e99b9a09a800a7e28c9437774072ad2cf51,384,384,0.36357820901321247,7.809304703476482,103,31296,122200,3,main,143,4859,579,114656,6,2.5.3,748.7855358886725,748.7925916664377,True,189.96117791608856,7055.7777721091325,10.675994494392157,1661392,macOS-26.7.1-arm64-arm-64bit-Mach-O,3.14.7,True,603.1129862976074,20261009T001006Z,1.18.1,0,4859,4829,7531,4835,4.237894222718392,95.7621057772816,0.0009047080093296245,0.0007384589989669621,0.0006449590000556782,0.0059409999958006665,105,291,2560.3124809288415,101,35,44.1271083298388,2026-10-09T00:11:01+00:00,parallel,3,"block mean, streamed in bands, NaN-aware, any void -> void",0.7787543402777778,p03,48.896064439429566,580.7753438292641,1.9131662346232396,0.9911657320128863,0.048834998584199665,1.1267452822022634,1.126749646487764,0.008376666010008194,0.04904708208338613
X7,win3840_k1_c10_d3,win3840_k1_c10_d3__win3__hag_cta_ring1__shared_border__climb_tiebreak__native,idrija_win3840_k1_c10,dem,hag_cta_ring1,shared_border,climb_tiebreak,native,win3,win,0.04600779199972749,10,height_tiebreak,142,20.0,2220,3840,idrija_win3840_k1,2580,3840,process,article-2026,True,0fc96e99b9a09a800a7e28c9437774072ad2cf51,384,384,0.36357820901321247,7.809304703476482,103,31296,122200,3,main,938,11316,451,114656,6,2.5.3,676.3298959350587,676.3352823520765,True,177.42637329101512,5386.417023478423,14.466690916892409,1661344,macOS-26.7.1-arm64-arm-64bit-Mach-O,3.14.7,True,603.1129862976074,20261009T001006Z,1.18.1,0,11316,11281,19455,11313,9.869522746301982,90.13047725369802,0.001723042005323805,0.0016278750117635354,0.0015789159951964393,0.005976665997877717,105,291,2560.3124809288415,101,35,44.1271083298388,2026-10-09T00:11:01+00:00,parallel,3,"block mean, streamed in bands, NaN-aware, any void -> void",0.7787543402777778,p03,54.96629995452976,560.0892785976179,1.4605209386913984,0.9911370958119556,0.11408316815662797,1.0177166664320758,1.0177191237982721,0.00745158399513457,0.10812045006581517
X7,win3840_k1_c1_d3,win3840_k1_c1_d3__win1__full_grid__climb_tiebreak__native,idrija_win3840_k1_c1,dem,full_grid,,climb_tiebreak,native,win1,win,0.0,1,height_tiebreak,0,nan,2220,3840,idrija_win3840_k1,2580,3840,process,article-2026,True,0fc96e99b9a09a800a7e28c9437774072ad2cf51,3840,3840,7.810402208007872,6.331011203677105,153,27848,88153,3,main,27848,11490657,1649,11490657,6,2.5.3,166.78001403808594,166.78201743331627,True,110.73791104171771,2003.3952365161158,14.685901624273507,162781104,macOS-26.7.1-arm64-arm-64bit-Mach-O,3.14.7,True,605.2675628662109,20261009T001006Z,1.18.1,0,11490657,1540459,2950472,1557692,100.0,0.0,0.32252837500709575,0.3183533749979688,0.3162004159967182,0.0,1950,1930,1632.666530556684,550,1090,46.70582140058124,2026-10-09T00:10:07+00:00,parallel,3,"block mean, streamed in bands, NaN-aware, any void -> void",0.7787543402777778,p02,,,,,,,,,
X7,win3840_k1_c1_d3,win3840_k1_c1_d3__win1__hag_cta__shared_border__climb_tiebreak__native,idrija_win3840_k1_c1,dem,hag_cta,shared_border,climb_tiebreak,native,win1,win,1.1898694169940427,1,height_tiebreak,52,7.211102550927978,2220,3840,idrija_win3840_k1,2580,3840,process,article-2026,True,0fc96e99b9a09a800a7e28c9437774072ad2cf51,3840,3840,7.810402208007872,6.331011203677105,153,27848,88153,3,main,53,1526457,12364,11490657,6,2.5.3,1397.653793334961,1397.668459776922,True,421.6796875,14666.441620356783,8.748149439696606,163129528,macOS-26.7.1-arm64-arm-64bit-Mach-O,3.14.7,True,605.2675628662109,20261009T001006Z,1.18.1,0,1526457,1228961,2330716,1231932,13.284331783639525,86.71566821636047,0.2118775000126334,0.2096219579980243,0.2085318330064183,0.0048782499943627045,1950,1930,1632.666530556684,550,1090,46.70582140058124,2026-10-09T00:10:07+00:00,parallel,3,"block mean, streamed in bands, NaN-aware, any void -> void",0.7787543402777778,p02,86.66342957570258,1958.695484244552,7.320792898490454,1.0021404449990707,0.7977888408584713,8.3802235021745,8.380210776235188,0.10385316700558178,0.658456842178481
X7,win3840_k1_c1_d3,win3840_k1_c1_d3__win1__hag_cta_ring1__shared_border__climb_tiebreak__native,idrija_win3840_k1_c1,dem,hag_cta_ring1,shared_border,climb_tiebreak,native,win1,win,1.1898694169940427,1,height_tiebreak,52,2.0,2220,3840,idrija_win3840_k1,2580,3840,process,article-2026,True,0fc96e99b9a09a800a7e28c9437774072ad2cf51,3840,3840,7.810402208007872,6.331011203677105,153,27848,88153,3,main,730,2235763,4626,11490657,6,2.5.3,280.7075958251953,280.7131333376562,True,330.2651325898398,5537.512477907929,10.412033987324754,162772872,macOS-26.7.1-arm64-arm-64bit-Mach-O,3.14.7,True,605.2675628662109,20261009T001006Z,1.18.1,0,2235763,1620716,3093740,1630441,19.457225117763066,80.54277488223693,0.3172151250037132,0.31573191699862946,0.3140453329979209,0.0048013339983299375,1950,1930,1632.666530556684,550,1090,46.70582140058124,2026-10-09T00:10:07+00:00,parallel,3,"block mean, streamed in bands, NaN-aware, any void -> void",0.7787543402777778,p02,inf,1106.7759484195526,2.764063913587819,0.9999494290197221,1.0520994067352654,1.6831009245573803,1.6831139091472647,-0.0021798759989906102,0.9917655718292415
X7,win3840_k1_c1_d3,win3840_k1_c1_d3__win2__full_grid__climb_tiebreak__native,idrija_win3840_k1_c1,dem,full_grid,,climb_tiebreak,native,win2,win,0.0,1,height_tiebreak,0,nan,2220,3840,idrija_win3840_k1,2580,3840,process,article-2026,True,0fc96e99b9a09a800a7e28c9437774072ad2cf51,3840,3840,7.810402208007872,6.331011203677105,153,27848,88153,3,main,27848,11490657,1863,11490657,6,2.5.3,217.44802856445312,217.45017554338054,True,117.401123046875,2146.97893091269,11.984850523268289,162747208,macOS-26.7.1-arm64-arm-64bit-Mach-O,3.14.7,True,605.2675628662109,20261009T001006Z,1.18.1,0,11490657,3039214,5627146,3056489,100.0,0.0,0.6497971669887193,0.6147861669887789,0.6085152909945464,0.0,510,1530,1612.4515496597098,1310,2930,46.70582140058124,2026-10-09T00:10:07+00:00,parallel,3,"block mean, streamed in bands, NaN-aware, any void -> void",0.7787543402777778,p02,,,,,,,,,
X7,win3840_k1_c1_d3,win3840_k1_c1_d3__win2__hag_cta__shared_border__climb_tiebreak__native,idrija_win3840_k1_c1,dem,hag_cta,shared_border,climb_tiebreak,native,win2,win,1.1898694169940427,1,height_tiebreak,6,10.0,2220,3840,idrija_win3840_k1,2580,3840,process,article-2026,True,0fc96e99b9a09a800a7e28c9437774072ad2cf51,3840,3840,7.810402208007872,6.331011203677105,153,27848,88153,3,main,7,60734,1851,11490657,6,2.5.3,260.1308898925781,260.1330563517355,True,240.3717041015625,2166.459161653045,11.723882206905602,162327368,macOS-26.7.1-arm64-arm-64bit-Mach-O,3.14.7,True,605.2675628662109,20261009T001006Z,1.18.1,0,60734,40595,75836,40749,0.5285511524710902,99.4714488475289,0.011693166001350619,0.011001250008121133,0.010777500006952323,0.0044348749943310395,510,1530,1612.4515496597098,1310,2930,46.70582140058124,2026-10-09T00:10:07+00:00,parallel,3,"block mean, streamed in bands, NaN-aware, any void -> void",0.7787543402777778,p02,15.016719770593165,48.703182647543684,1.0090733218011012,0.99742029368639,0.013357071927149586,1.1962899439001973,1.1962880954301178,0.5993500419863267,0.017894433217333482
X7,win3840_k1_c1_d3,win3840_k1_c1_d3__win2__hag_cta_ring1__shared_border__climb_tiebreak__native,idrija_win3840_k1_c1,dem,hag_cta_ring1,shared_border,climb_tiebreak,native,win2,win,1.1898694169940427,1,height_tiebreak,6,2.0,2220,3840,idrija_win3840_k1,2580,3840,process,article-2026,True,0fc96e99b9a09a800a7e28c9437774072ad2cf51,3840,3840,7.810402208007872,6.331011203677105,153,27848,88153,3,main,181,182485,1820,11490657,6,2.5.3,224.13931274414062,224.141408024583,True,126.4617919921875,2095.2804461028545,11.75034657232629,162350280,macOS-26.7.1-arm64-arm-64bit-Mach-O,3.14.7,True,605.2675628662109,20261009T001006Z,1.18.1,0,182485,165053,321753,165420,1.5881163279001367,98.41188367209986,0.029639667001902126,0.02909683299367316,0.028860083999461494,0.004979749995982274,510,1530,1612.4515496597098,1310,2930,46.70582140058124,2026-10-09T00:10:07+00:00,parallel,3,"block mean, streamed in bands, NaN-aware, any void -> void",0.7787543402777778,p02,15.498748209079842,70.71067811865476,0.9759203576404645,0.9975610764394803,0.0543077914223875,1.0307718778774955,1.0307713363048887,0.5807095839991234,0.047328379452955774
X7,win3840_k1_c1_d3,win3840_k1_c1_d3__win3__full_grid__climb_tiebreak__native,idrija_win3840_k1_c1,dem,full_grid,,climb_tiebreak,native,win3,win,0.0,1,height_tiebreak,0,nan,2220,3840,idrija_win3840_k1,2580,3840,process,article-2026,True,0fc96e99b9a09a800a7e28c9437774072ad2cf51,3840,3840,7.810402208007872,6.331011203677105,153,27848,88153,3,main,27848,11490657,3798,11490657,6,2.5.3,674.3238220214844,674.328409755161,True,1125.8811048687562,4587.73369057024,9.905522498702258,162856216,macOS-26.7.1-arm64-arm-64bit-Mach-O,3.14.7,True,605.2675628662109,20261009T001006Z,1.18.1,0,11490657,9497222,17465766,9507983,100.0,0.0,1.9594777500024065,1.944113291989197,1.935769874995458,0.0,1050,2910,2560.3124809288415,1010,350,46.70582140058124,2026-10-09T00:10:07+00:00,parallel,3,"block mean, streamed in bands, NaN-aware, any void -> void",0.7787543402777778,p02,,,,,,,,,
X7,win3840_k1_c1_d3,win3840_k1_c1_d3__win3__hag_cta__shared_border__climb_tiebreak__native,idrija_win3840_k1_c1,dem,hag_cta,shared_border,climb_tiebreak,native,win3,win,1.1898694169940427,1,height_tiebreak,192,2.0,2220,3840,idrija_win3840_k1,2580,3840,process,article-2026,True,0fc96e99b9a09a800a7e28c9437774072ad2cf51,3840,3840,7.810402208007872,6.331011203677105,153,27848,88153,3,main,193,1487588,11539,11490657,6,2.5.3,2025.177978515625,2025.1915710151825,True,713.8824462890625,13592.499269370554,5.965157875591907,163013280,macOS-26.7.1-arm64-arm-64bit-Mach-O,3.14.7,True,605.2675628662109,20261009T001006Z,1.18.1,0,1487588,1434359,2829668,1435874,12.94606566012718,87.05393433987282,0.2328581670008134,0.23152591699908953,0.22676937498908956,0.004407624990562908,1050,2910,2560.3124809288415,1010,350,46.70582140058124,2026-10-09T00:10:07+00:00,parallel,3,"block mean, streamed in bands, NaN-aware, any void -> void",0.7787543402777778,p02,5.26892537217135,1783.323302152473,2.9627916932730796,1.0009644335589867,0.15102932204806838,3.0032721852307653,3.003271909825808,1.7081797499995446,0.11909075358576174
X7,win3840_k1_c1_d3,win3840_k1_c1_d3__win3__hag_cta_ring1__shared_border__climb_tiebreak__native,idrija_win3840_k1_c1,dem,hag_cta_ring1,shared_border,climb_tiebreak,native,win3,win,1.1898694169940427,1,height_tiebreak,192,2.0,2220,3840,idrija_win3840_k1,2580,3840,process,article-2026,True,0fc96e99b9a09a800a7e28c9437774072ad2cf51,3840,3840,7.810402208007872,6.331011203677105,153,27848,88153,3,main,1495,2467885,9356,11490657,6,2.5.3,1590.8494262695312,1590.860494871192,True,1081.5639296819027,11068.601507537494,9.4271816941862,162900168,macOS-26.7.1-arm64-arm-64bit-Mach-O,3.14.7,True,605.2675628662109,20261009T001006Z,1.18.1,0,2467885,2334023,4601462,2336255,21.477318485792413,78.52268151420758,0.40354454099724535,0.39877370800240897,0.3829421669943258,0.005439417000161484,1050,2910,2560.3124809288415,1010,350,46.70582140058124,2026-10-09T00:10:07+00:00,parallel,3,"block mean, streamed in bands, NaN-aware, any void -> void",0.7787543402777778,p02,5.844711116964298,1664.6020545463712,2.4126512683785934,1.0002698822377158,0.24575849653719792,2.3591772592290914,2.359177623035059,1.5399001669866266,0.2051185543793015
X7,win3840_k1_c20_d3,win3840_k1_c20_d3__win1__full_grid__climb_tiebreak__native,idrija_win3840_k1_c20,dem,full_grid,,climb_tiebreak,native,win1,win,0.0,20,height_tiebreak,0,nan,2220,3840,idrija_win3840_k1,2580,3840,process,article-2026,True,0fc96e99b9a09a800a7e28c9437774072ad2cf51,192,192,0.09997579199261963,7.865494263928007,79,14557,57249,3,main,14557,28563,77,28563,6,2.5.3,162.60100017547603,162.6028349777838,True,83.1117309570314,1834.8023074035523,14.180161112596931,437984,macOS-26.7.1-arm64-arm-64bit-Mach-O,3.14.7,True,600.0331343841552,20261009T001006Z,1.18.1,0,28563,4959,10077,5939,100.0,0.0,0.000854750003782101,0.0007131669990485534,0.0006554999999934807,0.0,97,96,1632.666530556684,27,54,42.1476255696971,2026-10-09T00:11:03+00:00,parallel,3,"block mean, streamed in bands, NaN-aware, any void -> void",0.7787543402777778,p03,,,,,,,,,
X7,win3840_k1_c20_d3,win3840_k1_c20_d3__win1__hag_cta__shared_border__climb_tiebreak__native,idrija_win3840_k1_c20,dem,hag_cta,shared_border,climb_tiebreak,native,win1,win,0.012090292002540082,20,height_tiebreak,19,40.0,2220,3840,idrija_win3840_k1,2580,3840,process,article-2026,True,0fc96e99b9a09a800a7e28c9437774072ad2cf51,192,192,0.09997579199261963,7.865494263928007,79,14557,57249,3,main,20,691,79,28563,6,2.5.3,167.5548936843873,167.5568181923226,True,112.91990099820678,1924.5079348883235,14.178070753419316,413152,macOS-26.7.1-arm64-arm-64bit-Mach-O,3.14.7,True,600.0331343841552,20261009T001006Z,1.18.1,0,691,558,802,566,2.4192136680320693,97.58078633196793,0.00016316700202878565,9.558300371281803e-05,8.479200187139213e-05,0.0029335839935811237,97,96,1632.666530556684,27,54,42.1476255696971,2026-10-09T00:11:03+00:00,parallel,3,"block mean, streamed in bands, NaN-aware, any void -> void",0.7787543402777778,p03,inf,100.0,1.0488911677965538,0.9433038649813692,0.11252268602540835,1.0304665623431906,1.0304667702455228,-0.0023159999982453883,0.13402611708104373
X7,win3840_k1_c20_d3,win3840_k1_c20_d3__win1__hag_cta_ring1__shared_border__climb_tiebreak__native,idrija_win3840_k1_c20,dem,hag_cta_ring1,shared_border,climb_tiebreak,native,win1,win,0.012090292002540082,20,height_tiebreak,19,40.0,2220,3840,idrija_win3840_k1,2580,3840,process,article-2026,True,0fc96e99b9a09a800a7e28c9437774072ad2cf51,192,192,0.09997579199261963,7.865494263928007,79,14557,57249,3,main,228,1631,77,28563,6,2.5.3,162.60100017547603,162.6028349777838,True,88.66851539611815,1834.8023074035523,14.180161112596931,417408,macOS-26.7.1-arm64-arm-64bit-Mach-O,3.14.7,True,600.0331343841552,20261009T001006Z,1.18.1,0,1631,1321,2394,1519,5.710184504428806,94.28981549557119,0.00027383399719838053,0.00017745800141710788,0.00012616599269676954,0.002740666997851804,97,96,1632.666530556684,27,54,42.1476255696971,2026-10-09T00:11:03+00:00,parallel,3,"block mean, streamed in bands, NaN-aware, any void -> void",0.7787543402777778,p03,inf,20.0,1.0,0.9530211149265727,0.2663843516838072,1.0,1.0,-0.0022049580002203584,0.24883092130434697
X7,win3840_k1_c20_d3,win3840_k1_c20_d3__win2__full_grid__climb_tiebreak__native,idrija_win3840_k1_c20,dem,full_grid,,climb_tiebreak,native,win2,win,0.0,20,height_tiebreak,0,nan,2220,3840,idrija_win3840_k1,2580,3840,process,article-2026,True,0fc96e99b9a09a800a7e28c9437774072ad2cf51,192,192,0.09997579199261963,7.865494263928007,79,14557,57249,3,main,14557,28563,90,28563,6,2.5.3,200.62057891845689,200.62266543649332,True,30.36833229064939,2086.5180361560906,14.170875743390312,432512,macOS-26.7.1-arm64-arm-64bit-Mach-O,3.14.7,True,600.0331343841552,20261009T001006Z,1.18.1,0,28563,7264,14118,8061,100.0,0.0,0.001062041992554441,0.001001083990558982,0.0009518750011920929,0.0,25,76,1612.4515496597098,65,146,42.1476255696971,2026-10-09T00:11:03+00:00,parallel,3,"block mean, streamed in bands, NaN-aware, any void -> void",0.7787543402777778,p03,,,,,,,,,
X7,win3840_k1_c20_d3,win3840_k1_c20_d3__win2__hag_cta__shared_border__climb_tiebreak__native,idrija_win3840_k1_c20,dem,hag_cta,shared_border,climb_tiebreak,native,win2,win,0.012090292002540082,20,height_tiebreak,47,40.0,2220,3840,idrija_win3840_k1,2580,3840,process,article-2026,True,0fc96e99b9a09a800a7e28c9437774072ad2cf51,192,192,0.09997579199261963,7.865494263928007,79,14557,57249,3,main,48,109,90,28563,6,2.5.3,204.24245330810538,204.24452325759933,True,30.36833229064939,2069.949493661167,14.282469214683227,411760,macOS-26.7.1-arm64-arm-64bit-Mach-O,3.14.7,True,600.0331343841552,20261009T001006Z,1.18.1,0,109,100,108,106,0.3816125757098344,99.61838742429016,0.00015104099293239415,8.912499470170587e-05,7.333399844355881e-05,0.002941833998193033,25,76,1612.4515496597098,65,146,42.1476255696971,2026-10-09T00:11:03+00:00,parallel,3,"block mean, streamed in bands, NaN-aware, any void -> void",0.7787543402777778,p03,inf,20.0,0.9920592383062035,0.9520198283515833,0.013766519823788546,1.0180533542928347,1.0180530839485458,-0.002029875002335757,0.08902848866051745
X7,win3840_k1_c20_d3,win3840_k1_c20_d3__win2__hag_cta_ring1__shared_border__climb_tiebreak__native,idrija_win3840_k1_c20,dem,hag_cta_ring1,shared_border,climb_tiebreak,native,win2,win,0.012090292002540082,20,height_tiebreak,47,40.0,2220,3840,idrija_win3840_k1,2580,3840,process,article-2026,True,0fc96e99b9a09a800a7e28c9437774072ad2cf51,192,192,0.09997579199261963,7.865494263928007,79,14557,57249,3,main,228,404,90,28563,6,2.5.3,200.62057891845689,200.62266543649332,True,30.36833229064939,2086.5180361560906,14.170875743390312,412072,macOS-26.7.1-arm64-arm-64bit-Mach-O,3.14.7,True,600.0331343841552,20261009T001006Z,1.18.1,0,404,361,606,375,1.4144172530896615,98.58558274691033,0.00019870798860210925,0.00010029099939856678,9.766699804458767e-05,0.0028416659915819764,25,76,1612.4515496597098,65,146,42.1476255696971,2026-10-09T00:11:03+00:00,parallel,3,"block mean, streamed in bands, NaN-aware, any void -> void",0.7787543402777778,p03,inf,0.0,1.0,0.9527411956200059,0.04969713656387665,1.0,1.0,-0.0019408730004215613,0.10018240261995064
X7,win3840_k1_c20_d3,win3840_k1_c20_d3__win3__full_grid__climb_tiebreak__native,idrija_win3840_k1_c20,dem,full_grid,,climb_tiebreak,native,win3,win,0.0,20,height_tiebreak,0,nan,2220,3840,idrija_win3840_k1,2580,3840,process,article-2026,True,0fc96e99b9a09a800a7e28c9437774072ad2cf51,192,192,0.09997579199261963,7.865494263928007,79,14557,57249,3,main,14557,28563,145,28563,6,2.5.3,661.7150203704834,661.7186293863517,True,83.62165756225579,3609.0158697766483,24.145976844040323,431264,macOS-26.7.1-arm64-arm-64bit-Mach-O,3.14.7,True,600.0331343841552,20261009T001006Z,1.18.1,0,28563,24876,47148,25303,100.0,0.0,0.0035269999934826046,0.003437749997829087,0.0032876660116016865,0.0,52,145,2560.3124809288415,50,17,42.1476255696971,2026-10-09T00:11:03+00:00,parallel,3,"block mean, streamed in bands, NaN-aware, any void -> void",0.7787543402777778,p03,,,,,,,,,
X7,win3840_k1_c20_d3,win3840_k1_c20_d3__win3__hag_cta__shared_border__climb_tiebreak__native,idrija_win3840_k1_c20,dem,hag_cta,shared_border,climb_tiebreak,native,win3,win,0.012090292002540082,20,height_tiebreak,107,40.0,2220,3840,idrija_win3840_k1,2580,3840,process,article-2026,True,0fc96e99b9a09a800a7e28c9437774072ad2cf51,192,192,0.09997579199261963,7.865494263928007,79,14557,57249,3,main,108,1186,277,28563,6,2.5.3,721.6030208587646,721.6099160477897,True,114.80545740086284,6895.189027078676,14.14336123266374,423904,macOS-26.7.1-arm64-arm-64bit-Mach-O,3.14.7,True,600.0331343841552,20261009T001006Z,1.18.1,0,1186,1185,1670,1185,4.152224906347373,95.84777509365263,0.0002970409987028688,0.00020745799702126533,0.0001835409930208698,0.002708625004743226,52,145,2560.3124809288415,50,17,42.1476255696971,2026-10-09T00:11:03+00:00,parallel,3,"block mean, streamed in bands, NaN-aware, any void -> void",0.7787543402777778,p03,214.82302856146765,509.9019513592785,1.910545499348386,0.9829338873636566,0.047636275928605885,1.0905042180465403,1.090508690554743,0.0005216669960645959,0.060347028478590206
X7,win3840_k1_c20_d3,win3840_k1_c20_d3__win3__hag_cta_ring1__shared_border__climb_tiebreak__native,idrija_win3840_k1_c20,dem,hag_cta_ring1,shared_border,climb_tiebreak,native,win3,win,0.012090292002540082,20,height_tiebreak,107,40.0,2220,3840,idrija_win3840_k1,2580,3840,process,article-2026,True,0fc96e99b9a09a800a7e28c9437774072ad2cf51,192,192,0.09997579199261963,7.865494263928007,79,14557,57249,3,main,653,2910,230,28563,6,2.5.3,677.1658167266845,677.1712500066212,True,124.40525735935161,5433.279938488577,14.166121703535216,425064,macOS-26.7.1-arm64-arm-64bit-Mach-O,3.14.7,True,600.0331343841552,20261009T001006Z,1.18.1,0,2910,2886,4961,2894,10.188005461611175,89.81199453838883,0.0005049579922342673,0.0003894159890478477,0.00031550000130664557,0.0028186249983264133,52,145,2560.3124809288415,50,17,42.1476255696971,2026-10-09T00:11:03+00:00,parallel,3,"block mean, streamed in bands, NaN-aware, any void -> void",0.7787543402777778,p03,487.8610715934381,468.187996428785,1.5054741055557694,0.9856236551161238,0.11601543656536421,1.0233496231467596,1.0233522526554821,0.00022970901045482606,0.11327641314631981
X7,win3840_k1_c3_d3,win3840_k1_c3_d3__win1__full_grid__climb_tiebreak__native,idrija_win3840_k1_c3,dem,full_grid,,climb_tiebreak,native,win1,win,0.0,3,height_tiebreak,0,nan,2220,3840,idrija_win3840_k1,2580,3840,process,article-2026,True,0fc96e99b9a09a800a7e28c9437774072ad2cf51,1280,1280,1.956600207995507,6.824199150906986,121,20728,70726,3,main,20728,1275709,524,1275709,6,2.5.3,165.81437004937075,165.81632923854863,True,82.13003653067214,1959.189175755456,13.26664373614868,18213216,macOS-26.7.1-arm64-arm-64bit-Mach-O,3.14.7,True,604.8032955593533,20261009T001006Z,1.18.1,0,1275709,175991,339525,181708,100.0,0.0,0.03139620801084675,0.031360125009086914,0.031186749998596497,0.0,650,643,1632.666530556684,183,363,45.34507450689825,2026-10-09T00:10:40+00:00,parallel,3,"block mean, streamed in bands, NaN-aware, any void -> void",0.7787543402777778,p05,,,,,,,,,
X7,win3840_k1_c3_d3,win3840_k1_c3_d3__win1__hag_cta__shared_border__climb_tiebreak__native,idrija_win3840_k1_c3,dem,hag_cta,shared_border,climb_tiebreak,native,win1,win,0.28435291699133813,3,height_tiebreak,45,6.0,2220,3840,idrija_win3840_k1,2580,3840,process,article-2026,True,0fc96e99b9a09a800a7e28c9437774072ad2cf51,1280,1280,1.956600207995507,6.824199150906986,121,20728,70726,3,main,46,53874,1167,1275709,6,2.5.3,647.4629533555767,647.4671261094657,True,187.4974748875635,4172.753893105772,8.382558603952834,18118616,macOS-26.7.1-arm64-arm-64bit-Mach-O,3.14.7,True,604.8032955593533,20261009T001006Z,1.18.1,0,53874,22611,40500,23324,4.223063410229135,95.77693658977087,0.004150958004174754,0.003942499999538995,0.003871166001772508,0.0034847089991671965,650,643,1632.666530556684,183,363,45.34507450689825,2026-10-09T00:10:40+00:00,parallel,3,"block mean, streamed in bands, NaN-aware, any void -> void",0.7787543402777778,p05,93.6347716264432,277.36618395182927,2.129837151380123,0.994805969467446,0.12847816081504168,3.9047457295938615,3.904724758307723,0.023932916010380723,0.12571697333466036
X7,win3840_k1_c3_d3,win3840_k1_c3_d3__win1__hag_cta_ring1__shared_border__climb_tiebreak__native,idrija_win3840_k1_c3,dem,hag_cta_ring1,shared_border,climb_tiebreak,native,win1,win,0.28435291699133813,3,height_tiebreak,45,6.0,2220,3840,idrija_win3840_k1,2580,3840,process,article-2026,True,0fc96e99b9a09a800a7e28c9437774072ad2cf51,1280,1280,1.956600207995507,6.824199150906986,121,20728,70726,3,main,290,106579,670,1275709,6,2.5.3,392.5836605495871,392.5859931214465,True,158.83523446542162,2332.571860025253,10.9406807432357,18104072,macOS-26.7.1-arm64-arm-64bit-Mach-O,3.14.7,True,604.8032955593533,20261009T001006Z,1.18.1,0,106579,33568,64865,34977,8.354491502372406,91.64550849762759,0.0059100830112583935,0.0056221250124508515,0.005451374992844649,0.0034586249967105687,650,643,1632.666530556684,183,363,45.34507450689825,2026-10-09T00:10:40+00:00,parallel,3,"block mean, streamed in bands, NaN-aware, any void -> void",0.7787543402777778,p05,100.58420063374037,266.1897819225975,1.1905802098594291,0.9940074284519549,0.1907370263252098,2.367609396174146,2.367595489082742,0.022279374999925494,0.17927623090857525
X7,win3840_k1_c3_d3,win3840_k1_c3_d3__win2__full_grid__climb_tiebreak__native,idrija_win3840_k1_c3,dem,full_grid,,climb_tiebreak,native,win2,win,0.0,3,height_tiebreak,0,nan,2220,3840,idrija_win3840_k1,2580,3840,process,article-2026,True,0fc96e99b9a09a800a7e28c9437774072ad2cf51,1280,1280,1.956600207995507,6.824199150906986,121,20728,70726,3,main,20728,1275709,614,1275709,6,2.5.3,217.81921725802925,217.82135324915373,True,61.167964228877736,2135.9911242215094,11.904200943886103,18207736,macOS-26.7.1-arm64-arm-64bit-Mach-O,3.14.7,True,604.8032955593533,20261009T001006Z,1.18.1,0,1275709,350225,657103,356020,100.0,0.0,0.06125275000522379,0.0610088329995051,0.06057183300436009,0.0,170,510,1612.4515496597098,436,976,45.34507450689825,2026-10-09T00:10:40+00:00,parallel,3,"block mean, streamed in bands, NaN-aware, any void -> void",0.7787543402777778,p05,,,,,,,,,
X7,win3840_k1_c3_d3,win3840_k1_c3_d3__win2__hag_cta__shared_border__climb_tiebreak__native,idrija_win3840_k1_c3,dem,hag_cta,shared_border,climb_tiebreak,native,win2,win,0.28435291699133813,3,height_tiebreak,8,6.0,2220,3840,idrija_win3840_k1,2580,3840,process,article-2026,True,0fc96e99b9a09a800a7e28c9437774072ad2cf51,1280,1280,1.956600207995507,6.824199150906986,121,20728,70726,3,main,9,5137,616,1275709,6,2.5.3,262.2916700575084,262.2938319308839,True,125.41074399594929,2161.8733752154176,11.072834570100733,18063336,macOS-26.7.1-arm64-arm-64bit-Mach-O,3.14.7,True,604.8032955593533,20261009T001006Z,1.18.1,0,5137,4279,7221,4330,0.40267804021136483,99.59732195978863,0.0014056249929126352,0.0013462089991662651,0.001307083002757281,0.0037252920010359958,170,510,1612.4515496597098,436,976,45.34507450689825,2026-10-09T00:10:40+00:00,parallel,3,"block mean, streamed in bands, NaN-aware, any void -> void",0.7787543402777778,p05,40.06185216368157,36.61966684720111,1.0121172090559793,0.9920693050470415,0.012217859947176815,1.2041713920346933,1.2041695087205735,0.05593733199930284,0.022065804785631377
X7,win3840_k1_c3_d3,win3840_k1_c3_d3__win2__hag_cta_ring1__shared_border__climb_tiebreak__native,idrija_win3840_k1_c3,dem,hag_cta_ring1,shared_border,climb_tiebreak,native,win2,win,0.28435291699133813,3,height_tiebreak,8,6.0,2220,3840,idrija_win3840_k1,2580,3840,process,article-2026,True,0fc96e99b9a09a800a7e28c9437774072ad2cf51,1280,1280,1.956600207995507,6.824199150906986,121,20728,70726,3,main,85,13338,604,1275709,6,2.5.3,234.37992011176226,234.3820360440123,True,117.66447844328809,2115.932249718464,11.970103817174092,18065400,macOS-26.7.1-arm64-arm-64bit-Mach-O,3.14.7,True,604.8032955593533,20261009T001006Z,1.18.1,0,13338,11087,20534,11190,1.0455362469027027,98.9544637530973,0.002907500005676411,0.002083416999084875,0.0019751250074477866,0.0033177909936057404,170,510,1612.4515496597098,436,976,45.34507450689825,2026-10-09T00:10:40+00:00,parallel,3,"block mean, streamed in bands, NaN-aware, any void -> void",0.7787543402777778,p05,40.299385645623694,34.9857113690718,0.990609102128008,0.9921826634568954,0.0316567920622457,1.0760295765552914,1.0760287389084198,0.05560762500681449,0.03414943208472412
X7,win3840_k1_c3_d3,win3840_k1_c3_d3__win3__full_grid__climb_tiebreak__native,idrija_win3840_k1_c3,dem,full_grid,,climb_tiebreak,native,win3,win,0.0,3,height_tiebreak,0,nan,2220,3840,idrija_win3840_k1,2580,3840,process,article-2026,True,0fc96e99b9a09a800a7e28c9437774072ad2cf51,1280,1280,1.956600207995507,6.824199150906986,121,20728,70726,3,main,20728,1275709,1039,1275709,6,2.5.3,665.0782945421006,665.0821292736968,True,244.33096426504713,3834.731598529186,14.323514100140397,18216592,macOS-26.7.1-arm64-arm-64bit-Mach-O,3.14.7,True,604.8032955593533,20261009T001006Z,1.18.1,0,1275709,1058072,1980985,1061390,100.0,0.0,0.19557754100242164,0.18610879199695773,0.18573225000000093,0.0,350,970,2560.3124809288415,336,116,45.34507450689825,2026-10-09T00:10:40+00:00,parallel,3,"block mean, streamed in bands, NaN-aware, any void -> void",0.7787543402777778,p05,,,,,,,,,
X7,win3840_k1_c3_d3,win3840_k1_c3_d3__win3__hag_cta__shared_border__climb_tiebreak__native,idrija_win3840_k1_c3,dem,hag_cta,shared_border,climb_tiebreak,native,win3,win,0.28435291699133813,3,height_tiebreak,179,6.0,2220,3840,idrija_win3840_k1,2580,3840,process,article-2026,True,0fc96e99b9a09a800a7e28c9437774072ad2cf51,1280,1280,1.956600207995507,6.824199150906986,121,20728,70726,3,main,180,59155,3864,1275709,6,2.5.3,2207.7800869411867,2207.793861746212,True,486.6798674098038,13774.804968642822,7.658176635725616,18284440,macOS-26.7.1-arm64-arm-64bit-Mach-O,3.14.7,True,604.8032955593533,20261009T001006Z,1.18.1,0,59155,54311,89304,54786,4.637029291162796,95.3629707088372,0.009279082994908094,0.008342374989297241,0.00825549999717623,0.003373750005266629,350,970,2560.3124809288415,336,116,45.34507450689825,2026-10-09T00:10:40+00:00,parallel,3,"block mean, streamed in bands, NaN-aware, any void -> void",0.7787543402777778,p05,12.850042169239167,1796.7595832498014,3.59211710512573,1.0037245166384579,0.05133015522573133,3.319579221061815,3.3195807924612772,0.17439266700239386,0.04482525999864429
X7,win3840_k1_c3_d3,win3840_k1_c3_d3__win3__hag_cta_ring1__shared_border__climb_tiebreak__native,idrija_win3840_k1_c3,dem,hag_cta_ring1,shared_border,climb_tiebreak,native,win3,win,0.28435291699133813,3,height_tiebreak,179,6.0,2220,3840,idrija_win3840_k1,2580,3840,process,article-2026,True,0fc96e99b9a09a800a7e28c9437774072ad2cf51,1280,1280,1.956600207995507,6.824199150906986,121,20728,70726,3,main,1253,137824,2593,1275709,6,2.5.3,1371.0956861707907,1371.105037839218,True,934.66705469334,9351.668391267254,11.439396055121351,18207360,macOS-26.7.1-arm64-arm-64bit-Mach-O,3.14.7,True,604.8032955593533,20261009T001006Z,1.18.1,0,137824,129172,232598,129744,10.80371777576234,89.19628222423765,0.018048750003799796,0.01777004099858459,0.017346084001474082,0.0036553749960148707,350,970,2560.3124809288415,336,116,45.34507450689825,2026-10-09T00:10:40+00:00,parallel,3,"block mean, streamed in bands, NaN-aware, any void -> void",0.7787543402777778,p05,13.607646256624921,1798.8796513385769,2.43867612399629,0.999493209267683,0.12208242917306195,2.061555304725101,2.0615574791289824,0.16468337600235827,0.09548200709870318
X7,win3840_k1_c5_d3,win3840_k1_c5_d3__win1__full_grid__climb_tiebreak__native,idrija_win3840_k1_c5,dem,full_grid,,climb_tiebreak,native,win1,win,0.0,5,height_tiebreak,0,nan,2220,3840,idrija_win3840_k1,2580,3840,process,article-2026,True,0fc96e99b9a09a800a7e28c9437774072ad2cf51,768,768,0.9723500420077471,7.321023239056026,126,33306,121917,3,main,33306,459116,310,459116,6,2.5.3,164.79761962890635,164.79957262926453,True,91.10183539442322,1953.0003589374992,10.99758211135368,6603440,macOS-26.7.1-arm64-arm-64bit-Mach-O,3.14.7,True,604.311396484375,20261009T001006Z,1.18.1,0,459116,64368,125121,67828,100.0,0.0,0.010819125003763475,0.010467416010214947,0.010320457993657328,0.0,390,386,1632.666530556684,110,218,44.87440746342869,2026-10-09T00:10:54+00:00,parallel,3,"block mean, streamed in bands, NaN-aware, any void -> void",0.7787543402777778,p05,,,,,,,,,
X7,win3840_k1_c5_d3,win3840_k1_c5_d3__win1__hag_cta__shared_border__climb_tiebreak__native,idrija_win3840_k1_c5,dem,hag_cta,shared_border,climb_tiebreak,native,win1,win,0.12902270900667645,5,height_tiebreak,44,10.0,2220,3840,idrija_win3840_k1,2580,3840,process,article-2026,True,0fc96e99b9a09a800a7e28c9437774072ad2cf51,768,768,0.9723500420077471,7.321023239056026,126,33306,121917,3,main,45,15313,354,459116,6,2.5.3,231.5660742187495,231.56820993988646,True,94.24744203310331,2135.7211383239205,9.446767048760618,6524424,macOS-26.7.1-arm64-arm-64bit-Mach-O,3.14.7,True,604.311396484375,20261009T001006Z,1.18.1,0,15313,10170,18170,10645,3.3353226635534376,96.66467733644656,0.0018306249985471368,0.0016710410127416253,0.0015820410044398159,0.0059529160062083974,390,386,1632.666530556684,110,218,44.87440746342869,2026-10-09T00:10:54+00:00,parallel,3,"block mean, streamed in bands, NaN-aware, any void -> void",0.7787543402777778,p05,387.3355495534941,56.568542494923804,1.0935590096285634,0.9880341155518941,0.15799776286353467,1.405154241549079,1.4051505489084344,0.0028434589912649244,0.1596421706284425
X7,win3840_k1_c5_d3,win3840_k1_c5_d3__win1__hag_cta_ring1__shared_border__climb_tiebreak__native,idrija_win3840_k1_c5,dem,hag_cta_ring1,shared_border,climb_tiebreak,native,win1,win,0.12902270900667645,5,height_tiebreak,44,10.0,2220,3840,idrija_win3840_k1,2580,3840,process,article-2026,True,0fc96e99b9a09a800a7e28c9437774072ad2cf51,768,768,0.9723500420077471,7.321023239056026,126,33306,121917,3,main,389,28569,323,459116,6,2.5.3,186.493369140625,186.4953685013727,True,96.41956841321236,1999.3607486307096,11.008807619687039,6542064,macOS-26.7.1-arm64-arm-64bit-Mach-O,3.14.7,True,604.311396484375,20261009T001006Z,1.18.1,0,28569,17298,32658,18481,6.222610407827216,93.7773895921728,0.0031349169876193628,0.003078166992054321,0.0030034590017748997,0.006002167006954551,390,386,1632.666530556684,110,218,44.87440746342869,2026-10-09T00:10:54+00:00,parallel,3,"block mean, streamed in bands, NaN-aware, any void -> void",0.7787543402777778,p05,794.0213643580986,56.568542494923804,1.023738034394644,0.9907054504924706,0.26873601789709173,1.1316508670487684,1.1316495881995723,0.0013870820112060755,0.2940713342290397
X7,win3840_k1_c5_d3,win3840_k1_c5_d3__win2__full_grid__climb_tiebreak__native,idrija_win3840_k1_c5,dem,full_grid,,climb_tiebreak,native,win2,win,0.0,5,height_tiebreak,0,nan,2220,3840,idrija_win3840_k1,2580,3840,process,article-2026,True,0fc96e99b9a09a800a7e28c9437774072ad2cf51,768,768,0.9723500420077471,7.321023239056026,126,33306,121917,3,main,33306,459116,371,459116,6,2.5.3,213.89025756835957,213.89240580212382,True,47.84755859375082,2148.2337649086285,11.133596654297603,6598816,macOS-26.7.1-arm64-arm-64bit-Mach-O,3.14.7,True,604.311396484375,20261009T001006Z,1.18.1,0,459116,123847,234222,127352,100.0,0.0,0.021634666991303675,0.021096209005918354,0.020595374997355975,0.0,102,306,1612.4515496597098,262,586,44.87440746342869,2026-10-09T00:10:54+00:00,parallel,3,"block mean, streamed in bands, NaN-aware, any void -> void",0.7787543402777778,p05,,,,,,,,,
X7,win3840_k1_c5_d3,win3840_k1_c5_d3__win2__hag_cta__shared_border__climb_tiebreak__native,idrija_win3840_k1_c5,dem,hag_cta,shared_border,climb_tiebreak,native,win2,win,0.12902270900667645,5,height_tiebreak,21,10.0,2220,3840,idrija_win3840_k1,2580,3840,process,article-2026,True,0fc96e99b9a09a800a7e28c9437774072ad2cf51,768,768,0.9723500420077471,7.321023239056026,126,33306,121917,3,main,22,2025,456,459116,6,2.5.3,325.9229016113282,325.9255473324644,True,49.43376464843709,2645.72113832392,10.187369662571513,6517688,macOS-26.7.1-arm64-arm-64bit-Mach-O,3.14.7,True,604.311396484375,20261009T001006Z,1.18.1,0,2025,1743,2510,1755,0.44106500318002423,99.55893499681999,0.0006414999952539802,0.0005592089873971418,0.00045604200568050146,0.0063818750058999285,102,306,1612.4515496597098,262,586,44.87440746342869,2026-10-09T00:10:54+00:00,parallel,3,"block mean, streamed in bands, NaN-aware, any void -> void",0.7787543402777778,p05,77.80734893068022,245.45875417267155,1.2315797198339127,0.9877056732601728,0.014073816886965369,1.523785633420741,1.523782698643283,0.014155125012621284,0.026507558170297832
X7,win3840_k1_c5_d3,win3840_k1_c5_d3__win2__hag_cta_ring1__shared_border__climb_tiebreak__native,idrija_win3840_k1_c5,dem,hag_cta_ring1,shared_border,climb_tiebreak,native,win2,win,0.12902270900667645,5,height_tiebreak,21,10.0,2220,3840,idrija_win3840_k1,2580,3840,process,article-2026,True,0fc96e99b9a09a800a7e28c9437774072ad2cf51,768,768,0.9723500420077471,7.321023239056026,126,33306,121917,3,main,125,6084,365,459116,6,2.5.3,224.07681030273517,224.07892439436364,True,50.259521484374545,2114.091629284898,12.769089155944721,6516144,macOS-26.7.1-arm64-arm-64bit-Mach-O,3.14.7,True,604.311396484375,20261009T001006Z,1.18.1,0,6084,5325,9913,5354,1.325155298443095,98.6748447015569,0.0010495000024093315,0.0009513340046396479,0.0009141670016106218,0.00574050001159776,102,306,1612.4515496597098,262,586,44.87440746342869,2026-10-09T00:10:54+00:00,parallel,3,"block mean, streamed in bands, NaN-aware, any void -> void",0.7787543402777778,p05,76.46098854017815,25.0,0.9841068806470497,0.9874716918913938,0.04299660064434342,1.0476251366012777,1.0476244986540737,0.014404374989680946,0.04509502178200641
X7,win3840_k1_c5_d3,win3840_k1_c5_d3__win3__full_grid__climb_tiebreak__native,idrija_win3840_k1_c5,dem,full_grid,,climb_tiebreak,native,win3,win,0.0,5,height_tiebreak,0,nan,2220,3840,idrija_win3840_k1,2580,3840,process,article-2026,True,0fc96e99b9a09a800a7e28c9437774072ad2cf51,768,768,0.9723500420077471,7.321023239056026,126,33306,121917,3,main,33306,459116,626,459116,6,2.5.3,664.8846032714845,664.8884055106545,True,294.0437603570502,3802.2391744800107,12.918589824183577,6602680,macOS-26.7.1-arm64-arm-64bit-Mach-O,3.14.7,True,604.311396484375,20261009T001006Z,1.18.1,0,459116,387138,726170,389090,100.0,0.0,0.06280920800054446,0.062123208001139574,0.06152791700151283,0.0,210,582,2560.3124809288415,202,70,44.87440746342869,2026-10-09T00:10:54+00:00,parallel,3,"block mean, streamed in bands, NaN-aware, any void -> void",0.7787543402777778,p05,,,,,,,,,
X7,win3840_k1_c5_d3,win3840_k1_c5_d3__win3__hag_cta__shared_border__climb_tiebreak__native,idrija_win3840_k1_c5,dem,hag_cta,shared_border,climb_tiebreak,native,win3,win,0.12902270900667645,5,height_tiebreak,170,10.0,2220,3840,idrija_win3840_k1,2580,3840,process,article-2026,True,0fc96e99b9a09a800a7e28c9437774072ad2cf51,768,768,0.9723500420077471,7.321023239056026,126,33306,121917,3,main,171,15809,1178,459116,6,2.5.3,1007.3962475585951,1007.4031950163757,True,205.7976806640636,6947.45778748699,8.675285423058186,6569432,macOS-26.7.1-arm64-arm-64bit-Mach-O,3.14.7,True,604.311396484375,20261009T001006Z,1.18.1,0,15809,15649,25192,15667,3.443356363097779,96.55664363690222,0.002737582995905541,0.002626957997563295,0.0025977079931180924,0.005528791996766813,210,582,2560.3124809288415,202,70,44.87440746342869,2026-10-09T00:10:54+00:00,parallel,3,"block mean, streamed in bands, NaN-aware, any void -> void",0.7787543402777778,p05,20.408090202719116,322.80024783137947,1.8272016747702662,0.9949644689732048,0.04042227836068792,1.5151444966567482,1.5151462811908405,0.053967458006809466,0.042286257939466144
X7,win3840_k1_c5_d3,win3840_k1_c5_d3__win3__hag_cta_ring1__shared_border__climb_tiebreak__native,idrija_win3840_k1_c5,dem,hag_cta_ring1,shared_border,climb_tiebreak,native,win3,win,0.12902270900667645,5,height_tiebreak,170,10.0,2220,3840,idrija_win3840_k1,2580,3840,process,article-2026,True,0fc96e99b9a09a800a7e28c9437774072ad2cf51,768,768,0.9723500420077471,7.321023239056026,126,33306,121917,3,main,1133,42324,717,459116,6,2.5.3,707.899177246094,707.9034696934152,True,219.10445939078684,4292.447327281724,10.70000481273905,6558240,macOS-26.7.1-arm64-arm-64bit-Mach-O,3.14.7,True,604.311396484375,20261009T001006Z,1.18.1,0,42324,39578,70303,39866,9.218585281279676,90.78141471872033,0.005931292005698197,0.005699040993931703,0.005698665991076268,0.0060012089961674064,210,582,2560.3124809288415,202,70,44.87440746342869,2026-10-09T00:10:54+00:00,parallel,3,"block mean, streamed in bands, NaN-aware, any void -> void",0.7787543402777778,p05,21.84268425452688,228.96506283710622,1.128926174895022,0.9932693996983043,0.10223227892896074,1.0646947963044437,1.064695163618809,0.050422958011040464,0.09173771247980564
X7,win3840_k2_c10_d3,win3840_k2_c10_d3__win1__full_grid__climb_tiebreak__native,idrija_win3840_k2_c10,dem,full_grid,,climb_tiebreak,native,win1,win,0.0,10,height_tiebreak,0,nan,5940,3840,idrija_win3840_k2,6480,3840,process,article-2026,True,0fc96e99b9a09a800a7e28c9437774072ad2cf51,384,384,0.3324027089984156,7.730439928980075,93,25345,97964,3,main,25345,113280,380,113280,6,2.5.3,479.4561364746096,479.46062649552835,True,119.99929199218741,4490.020920410531,10.65863812993582,1673328,macOS-26.7.1-arm64-arm-64bit-Mach-O,3.14.7,True,702.5425549316406,20261009T001006Z,1.18.1,0,113280,79258,145746,79920,100.0,0.0,0.01235445799829904,0.012148166992119513,0.011855208009365015,0.0,5,5,3107.9253530289297,169,269,31.573424537850034,2026-10-09T00:11:01+00:00,parallel,3,"block mean, streamed in bands, NaN-aware, any void -> void",0.7708333333333334,p05,,,,,,,,,
X7,win3840_k2_c10_d3,win3840_k2_c10_d3__win1__hag_cta__shared_border__climb_tiebreak__native,idrija_win3840_k2_c10,dem,hag_cta,shared_border,climb_tiebreak,native,win1,win,0.03882966699893586,10,height_tiebreak,116,20.0,5940,3840,idrija_win3840_k2,6480,3840,process,article-2026,True,0fc96e99b9a09a800a7e28c9437774072ad2cf51,384,384,0.3324027089984156,7.730439928980075,93,25345,97964,3,main,117,1703,504,113280,6,2.5.3,582.4640917968766,582.4701780414573,True,79.20609739468131,6086.244584051393,11.594246232367311,1653872,macOS-26.7.1-arm64-arm-64bit-Mach-O,3.14.7,True,702.5425549316406,20261009T001006Z,1.18.1,0,1703,1703,2242,1703,1.5033545197740112,98.496645480226,0.00047300000733230263,0.00035329099046066403,0.00033687500399537385,0.005159334003110416,5,5,3107.9253530289297,169,269,31.573424537850034,2026-10-09T00:11:01+00:00,parallel,3,"block mean, streamed in bands, NaN-aware, any void -> void",0.7708333333333334,p05,55.946051743559295,639.0618123468183,1.3555047274690462,0.9883728713079564,0.02148678997703702,1.2148433349496235,1.2148446522060548,0.006635541998548433,0.029081835201133062
X7,win3840_k2_c10_d3,win3840_k2_c10_d3__win1__hag_cta_ring1__shared_border__climb_tiebreak__native,idrija_win3840_k2_c10,dem,hag_cta_ring1,shared_border,climb_tiebreak,native,win1,win,0.03882966699893586,10,height_tiebreak,116,20.0,5940,3840,idrija_win3840_k2,6480,3840,process,article-2026,True,0fc96e99b9a09a800a7e28c9437774072ad2cf51,384,384,0.3324027089984156,7.730439928980075,93,25345,97964,3,main,698,6435,418,113280,6,2.5.3,502.30463378906234,502.3096280740496,True,122.98578252158457,4994.2849891224605,11.60870344021145,1650528,macOS-26.7.1-arm64-arm-64bit-Mach-O,3.14.7,True,702.5425549316406,20261009T001006Z,1.18.1,0,6435,6424,10540,6431,5.680614406779661,94.31938559322035,0.0010105839901370928,0.0008693330019013956,0.0007873750000726432,0.005191667005419731,5,5,3107.9253530289297,169,269,31.573424537850034,2026-10-09T00:11:01+00:00,parallel,3,"block mean, streamed in bands, NaN-aware, any void -> void",0.7708333333333334,p05,60.986067397927165,541.2023651093923,1.1123077325585875,0.9863744585640114,0.08105175502788362,1.0476550315581636,1.0476556370134689,0.006087166984798387,0.07156083732346862
X7,win3840_k2_c10_d3,win3840_k2_c10_d3__win2__full_grid__climb_tiebreak__native,idrija_win3840_k2_c10,dem,full_grid,,climb_tiebreak,native,win2,win,0.0,10,height_tiebreak,0,nan,5940,3840,idrija_win3840_k2,6480,3840,process,article-2026,True,0fc96e99b9a09a800a7e28c9437774072ad2cf51,384,384,0.3324027089984156,7.730439928980075,93,25345,97964,3,main,25345,113280,396,113280,6,2.5.3,373.1422131347658,373.14711996809444,True,141.90148315429724,4906.83332908185,10.84766728914928,1684896,macOS-26.7.1-arm64-arm-64bit-Mach-O,3.14.7,True,702.5425549316406,20261009T001006Z,1.18.1,0,113280,85816,160480,86679,100.0,0.0,0.014817124989349395,0.0134019580000313,0.013113999986671843,0.0,189,335,3186.094788294912,243,21,31.573424537850034,2026-10-09T00:11:01+00:00,parallel,3,"block mean, streamed in bands, NaN-aware, any void -> void",0.7708333333333334,p05,,,,,,,,,
X7,win3840_k2_c10_d3,win3840_k2_c10_d3__win2__hag_cta__shared_border__climb_tiebreak__native,idrija_win3840_k2_c10,dem,hag_cta,shared_border,climb_tiebreak,native,win2,win,0.03882966699893586,10,height_tiebreak,68,20.0,5940,3840,idrija_win3840_k2,6480,3840,process,article-2026,True,0fc96e99b9a09a800a7e28c9437774072ad2cf51,384,384,0.3324027089984156,7.730439928980075,93,25345,97964,3,main,69,2388,523,113280,6,2.5.3,503.61802246093566,503.62428627911095,True,179.57463966262162,6263.8181771802,10.77745147415149,1655904,macOS-26.7.1-arm64-arm-64bit-Mach-O,3.14.7,True,702.5425549316406,20261009T001006Z,1.18.1,0,2388,2388,3171,2388,2.108050847457627,97.89194915254237,0.0005511250055860728,0.00041679199784994125,0.0003648330020951107,0.004653374999179505,189,335,3186.094788294912,243,21,31.573424537850034,2026-10-09T00:11:01+00:00,parallel,3,"block mean, streamed in bands, NaN-aware, any void -> void",0.7708333333333334,p05,44.55613155245979,350.0,1.2765500185334937,0.9827930032476782,0.027826978651999627,1.3496677800939305,1.3496668186054144,0.008331791003001854,0.031099336220048433
X7,win3840_k2_c10_d3,win3840_k2_c10_d3__win2__hag_cta_ring1__shared_border__climb_tiebreak__native,idrija_win3840_k2_c10,dem,hag_cta_ring1,shared_border,climb_tiebreak,native,win2,win,0.03882966699893586,10,height_tiebreak,68,20.0,5940,3840,idrija_win3840_k2,6480,3840,process,article-2026,True,0fc96e99b9a09a800a7e28c9437774072ad2cf51,384,384,0.3324027089984156,7.730439928980075,93,25345,97964,3,main,558,9326,406,113280,6,2.5.3,398.6563818359373,398.6613886692658,True,141.90148315429724,5006.833329081851,11.72483249900404,1651864,macOS-26.7.1-arm64-arm-64bit-Mach-O,3.14.7,True,702.5425549316406,20261009T001006Z,1.18.1,0,9326,9088,15222,9122,8.232697740112995,91.767302259887,0.0014471670001512393,0.001274167007068172,0.0012179589975858107,0.005231457995250821,189,335,3186.094788294912,243,21,31.573424537850034,2026-10-09T00:11:01+00:00,parallel,3,"block mean, streamed in bands, NaN-aware, any void -> void",0.7708333333333334,p05,53.83040176866444,260.0,1.0203797425535774,0.9803952291417393,0.10590099748298686,1.0683765272409869,1.0683758960898666,0.006896332997712307,0.0950731980405547
X7,win3840_k2_c10_d3,win3840_k2_c10_d3__win3__full_grid__climb_tiebreak__native,idrija_win3840_k2_c10,dem,full_grid,,climb_tiebreak,native,win3,win,0.0,10,height_tiebreak,0,nan,5940,3840,idrija_win3840_k2,6480,3840,process,article-2026,True,0fc96e99b9a09a800a7e28c9437774072ad2cf51,384,384,0.3324027089984156,7.730439928980075,93,25345,97964,3,main,25345,113280,214,113280,6,2.5.3,214.56018005371027,214.56281953639245,True,62.669030290874126,2639.4826817189073,14.243262368215106,1671624,macOS-26.7.1-arm64-arm-64bit-Mach-O,3.14.7,True,702.5425549316406,20261009T001006Z,1.18.1,0,113280,60254,109817,61179,100.0,0.0,0.008964584005298093,0.008838082998408936,0.008821583993267268,0.0,211,123,2040.8821622033938,217,327,31.573424537850034,2026-10-09T00:11:01+00:00,parallel,3,"block mean, streamed in bands, NaN-aware, any void -> void",0.7708333333333334,p05,,,,,,,,,
X7,win3840_k2_c10_d3,win3840_k2_c10_d3__win3__hag_cta__shared_border__climb_tiebreak__native,idrija_win3840_k2_c10,dem,hag_cta,shared_border,climb_tiebreak,native,win3,win,0.03882966699893586,10,height_tiebreak,38,20.0,5940,3840,idrija_win3840_k2,6480,3840,process,article-2026,True,0fc96e99b9a09a800a7e28c9437774072ad2cf51,384,384,0.3324027089984156,7.730439928980075,93,25345,97964,3,main,39,1298,293,113280,6,2.5.3,282.5509222412103,282.5544966986394,True,50.24970354308552,3574.45742854949,10.665042845858784,1640592,macOS-26.7.1-arm64-arm-64bit-Mach-O,3.14.7,True,702.5425549316406,20261009T001006Z,1.18.1,0,1298,1298,1668,1298,1.1458333333333333,98.85416666666667,0.0006934170087333769,0.0006707499996991828,0.0006391249917214736,0.004607499999110587,211,123,2040.8821622033938,217,327,31.573424537850034,2026-10-09T00:11:01+00:00,parallel,3,"block mean, streamed in bands, NaN-aware, any void -> void",0.7708333333333334,p05,104.28364927207312,555.4277630799527,1.3542265131369229,0.9814360167118922,0.021542138281275932,1.316884252103443,1.3168847114759077,0.003559832999599166,0.07589315463771201
X7,win3840_k2_c10_d3,win3840_k2_c10_d3__win3__hag_cta_ring1__shared_border__climb_tiebreak__native,idrija_win3840_k2_c10,dem,hag_cta_ring1,shared_border,climb_tiebreak,native,win3,win,0.03882966699893586,10,height_tiebreak,38,20.0,5940,3840,idrija_win3840_k2,6480,3840,process,article-2026,True,0fc96e99b9a09a800a7e28c9437774072ad2cf51,384,384,0.3324027089984156,7.730439928980075,93,25345,97964,3,main,327,5741,259,113280,6,2.5.3,224.66730285644496,224.67047932397537,True,70.95071204107447,3176.4675298172574,10.84794843829393,1641280,macOS-26.7.1-arm64-arm-64bit-Mach-O,3.14.7,True,702.5425549316406,20261009T001006Z,1.18.1,0,5741,5730,9469,5739,5.067973163841808,94.93202683615819,0.0008814579923637211,0.0007513330056099221,0.0006636250036535785,0.0070214580046013,211,123,2040.8821622033938,217,327,31.573424537850034,2026-10-09T00:11:01+00:00,parallel,3,"block mean, streamed in bands, NaN-aware, any void -> void",0.7708333333333334,p05,348.47945925643455,445.5333881989093,1.2034432170430647,0.9818475925208061,0.09509742091811332,1.0471062375143636,1.0471081607215202,0.001065291988197714,0.08501085651098544
X7,win3840_k2_c1_d3,win3840_k2_c1_d3__win1__full_grid__climb_tiebreak__native,idrija_win3840_k2_c1,dem,full_grid,,climb_tiebreak,native,win1,win,0.0,1,height_tiebreak,0,nan,5940,3840,idrija_win3840_k2,6480,3840,process,article-2026,True,0fc96e99b9a09a800a7e28c9437774072ad2cf51,3840,3840,7.025479290998192,5.546051142792487,134,22095,61270,3,main,22095,11362560,3681,11362560,6,2.5.3,516.5071411132812,516.5114614874361,True,141.766357421875,4320.374167428805,10.78500601130737,162828848,macOS-26.7.1-arm64-arm-64bit-Mach-O,3.14.7,True,704.9512329101562,20261009T001006Z,1.18.1,0,11362560,6011873,11162821,6021238,100.0,0.0,1.233832167010405,1.2157844999892404,1.2083845000015572,0.0,50,50,3107.9253530289297,1690,2690,38.612371059161816,2026-10-09T00:10:07+00:00,parallel,3,"block mean, streamed in bands, NaN-aware, any void -> void",0.7708333333333334,p03,,,,,,,,,
X7,win3840_k2_c1_d3,win3840_k2_c1_d3__win1__hag_cta__shared_border__climb_tiebreak__native,idrija_win3840_k2_c1,dem,hag_cta,shared_border,climb_tiebreak,native,win1,win,1.0282563750079134,1,height_tiebreak,29,8.246211251235321,5940,3840,idrija_win3840_k2,6480,3840,process,article-2026,True,0fc96e99b9a09a800a7e28c9437774072ad2cf51,3840,3840,7.025479290998192,5.546051142792487,134,22095,61270,3,main,30,366216,4574,11362560,6,2.5.3,754.4828491210938,754.4882774720836,True,248.3642578125,5428.351006300441,10.75119737023553,162514504,macOS-26.7.1-arm64-arm-64bit-Mach-O,3.14.7,True,704.9512329101562,20261009T001006Z,1.18.1,0,366216,226513,435964,227097,3.2230060831361946,96.7769939168638,0.038019125000573695,0.036276790997362696,0.03597487500519492,0.003441708002355881,50,50,3107.9253530289297,1690,2690,38.612371059161816,2026-10-09T00:10:07+00:00,parallel,3,"block mean, streamed in bands, NaN-aware, any void -> void",0.7708333333333334,p03,6.848030347982026,589.8355703075222,1.2564539079102561,0.9980694821350085,0.03767760895814,1.4607404023396053,1.4607386935796702,1.1760660009895219,0.02983817526682051
X7,win3840_k2_c1_d3,win3840_k2_c1_d3__win1__hag_cta_ring1__shared_border__climb_tiebreak__native,idrija_win3840_k2_c1,dem,hag_cta_ring1,shared_border,climb_tiebreak,native,win1,win,1.0282563750079134,1,height_tiebreak,29,2.0,5940,3840,idrija_win3840_k2,6480,3840,process,article-2026,True,0fc96e99b9a09a800a7e28c9437774072ad2cf51,3840,3840,7.025479290998192,5.546051142792487,134,22095,61270,3,main,206,644832,4149,11362560,6,2.5.3,661.4556274414062,661.460534280638,True,244.110107421875,4906.839246267511,12.844943716254532,162496560,macOS-26.7.1-arm64-arm-64bit-Mach-O,3.14.7,True,704.9512329101562,20261009T001006Z,1.18.1,0,644832,420956,803137,421599,5.675059141601893,94.32494085839811,0.06426966699655168,0.06379912499687634,0.06350320899218787,0.0037065829965285957,50,50,3107.9253530289297,1690,2690,38.612371059161816,2026-10-09T00:10:07+00:00,parallel,3,"block mean, streamed in bands, NaN-aware, any void -> void",0.7708333333333334,p03,7.013745897028911,523.5818942629701,1.1357440481104744,0.9979592805324029,0.07002077389193019,1.2806321051354732,1.2806308932153825,1.1482787919958355,0.0524756854503746
X7,win3840_k2_c1_d3,win3840_k2_c1_d3__win2__full_grid__climb_tiebreak__native,idrija_win3840_k2_c1,dem,full_grid,,climb_tiebreak,native,win2,win,0.0,1,height_tiebreak,0,nan,5940,3840,idrija_win3840_k2,6480,3840,process,article-2026,True,0fc96e99b9a09a800a7e28c9437774072ad2cf51,3840,3840,7.025479290998192,5.546051142792487,134,22095,61270,3,main,22095,11362560,4188,11362560,6,2.5.3,536.2752685546875,536.2803059351169,True,881.256103515625,5037.380443551964,11.470951818940323,162853424,macOS-26.7.1-arm64-arm-64bit-Mach-O,3.14.7,True,704.9512329101562,20261009T001006Z,1.18.1,0,11362560,10106436,19166712,10113207,100.0,0.0,2.218244457995752,2.2085833750024904,2.17248649999965,0.0,1890,3350,3186.094788294912,2430,210,38.612371059161816,2026-10-09T00:10:07+00:00,parallel,3,"block mean, streamed in bands, NaN-aware, any void -> void",0.7708333333333334,p03,,,,,,,,,
X7,win3840_k2_c1_d3,win3840_k2_c1_d3__win2__hag_cta__shared_border__climb_tiebreak__native,idrija_win3840_k2_c1,dem,hag_cta,shared_border,climb_tiebreak,native,win2,win,1.0282563750079134,1,height_tiebreak,64,2.0,5940,3840,idrija_win3840_k2,6480,3840,process,article-2026,True,0fc96e99b9a09a800a7e28c9437774072ad2cf51,3840,3840,7.025479290998192,5.546051142792487,134,22095,61270,3,main,65,1166800,5414,11362560,6,2.5.3,951.99365234375,952.0001203456738,True,419.12390650249745,6468.001943364274,10.270370761463669,162629808,macOS-26.7.1-arm64-arm-64bit-Mach-O,3.14.7,True,704.9512329101562,20261009T001006Z,1.18.1,0,1166800,1160037,2225211,1160187,10.268812661935339,89.73118733806467,0.1883641250024084,0.18790837499545887,0.18708133399195503,0.0038076250057201833,1890,3350,3186.094788294912,2430,210,38.612371059161816,2026-10-09T00:10:07+00:00,parallel,3,"block mean, streamed in bands, NaN-aware, any void -> void",0.7708333333333334,p03,3.993190512093473,1791.3715415848271,1.2840010826745394,0.9986268879431114,0.11478200623840096,1.7751958894346607,1.775191275550689,2.0168673750013113,0.08508095149237778
X7,win3840_k2_c1_d3,win3840_k2_c1_d3__win2__hag_cta_ring1__shared_border__climb_tiebreak__native,idrija_win3840_k2_c1,dem,hag_cta_ring1,shared_border,climb_tiebreak,native,win2,win,1.0282563750079134,1,height_tiebreak,64,2.0,5940,3840,idrija_win3840_k2,6480,3840,process,article-2026,True,0fc96e99b9a09a800a7e28c9437774072ad2cf51,3840,3840,7.025479290998192,5.546051142792487,134,22095,61270,3,main,1223,1882451,4903,11362560,6,2.5.3,800.1041259765625,800.1100229175216,True,168.21838995549354,5896.940976820175,11.478549940503898,162609120,macOS-26.7.1-arm64-arm-64bit-Mach-O,3.14.7,True,704.9512329101562,20261009T001006Z,1.18.1,0,1882451,1878112,3604214,1878716,16.567138039315083,83.43286196068492,0.32245683400833514,0.3108092500042403,0.30846699999528937,0.0033902080031111836,1890,3350,3186.094788294912,2430,210,38.612371059161816,2026-10-09T00:10:07+00:00,parallel,3,"block mean, streamed in bands, NaN-aware, any void -> void",0.7708333333333334,p03,4.2513745992844445,1749.8537081710574,1.1706364136876897,0.9984998534633205,0.1858332650600073,1.491965363483792,1.4919623451813366,1.8943839169951389,0.14072787720947588
X7,win3840_k2_c1_d3,win3840_k2_c1_d3__win3__full_grid__climb_tiebreak__native,idrija_win3840_k2_c1,dem,full_grid,,climb_tiebreak,native,win3,win,0.0,1,height_tiebreak,0,nan,5940,3840,idrija_win3840_k2,6480,3840,process,article-2026,True,0fc96e99b9a09a800a7e28c9437774072ad2cf51,3840,3840,7.025479290998192,5.546051142792487,134,22095,61270,3,main,22095,11362560,2473,11362560,6,2.5.3,336.7506103515625,336.7535893489551,True,644.8292491276981,2978.9974003446687,8.537215227723179,162705232,macOS-26.7.1-arm64-arm-64bit-Mach-O,3.14.7,True,704.9512329101562,20261009T001006Z,1.18.1,0,11362560,6612798,12259740,6624810,100.0,0.0,1.4090476249984931,1.3991668340022443,1.3895522090024315,0.0,2110,1230,2040.8821622033938,2170,3270,38.612371059161816,2026-10-09T00:10:07+00:00,parallel,3,"block mean, streamed in bands, NaN-aware, any void -> void",0.7708333333333334,p03,,,,,,,,,
X7,win3840_k2_c1_d3,win3840_k2_c1_d3__win3__hag_cta__shared_border__climb_tiebreak__native,idrija_win3840_k2_c1,dem,hag_cta,shared_border,climb_tiebreak,native,win3,win,1.0282563750079134,1,height_tiebreak,22,20.0,5940,3840,idrija_win3840_k2,6480,3840,process,article-2026,True,0fc96e99b9a09a800a7e28c9437774072ad2cf51,3840,3840,7.025479290998192,5.546051142792487,134,22095,61270,3,main,23,591194,3399,11362560,6,2.5.3,521.877197265625,521.8812149291033,True,236.1539846982758,4017.663489310151,9.134000083676222,162445984,macOS-26.7.1-arm64-arm-64bit-Mach-O,3.14.7,True,704.9512329101562,20261009T001006Z,1.18.1,0,591194,282031,515802,282767,5.203000028162667,94.79699997183734,0.04438637501152698,0.04402254200249445,0.04391520799254067,0.0035400829947320744,2110,1230,2040.8821622033938,2170,3270,38.612371059161816,2026-10-09T00:10:07+00:00,parallel,3,"block mean, streamed in bands, NaN-aware, any void -> void",0.7708333333333334,p03,5.958649442157964,683.7689668301714,1.3486629725978643,0.9984066400519929,0.04264926888739078,1.5497438793675626,1.549742100560992,1.3516042090050178,0.03146339731093414
X7,win3840_k2_c1_d3,win3840_k2_c1_d3__win3__hag_cta_ring1__shared_border__climb_tiebreak__native,idrija_win3840_k2_c1,dem,hag_cta_ring1,shared_border,climb_tiebreak,native,win3,win,1.0282563750079134,1,height_tiebreak,22,2.0,5940,3840,idrija_win3840_k2,6480,3840,process,article-2026,True,0fc96e99b9a09a800a7e28c9437774072ad2cf51,3840,3840,7.025479290998192,5.546051142792487,134,22095,61270,3,main,588,1261820,3160,11362560,6,2.5.3,452.281982421875,452.28573333304564,True,175.002886171468,3750.911180631153,10.215551642897987,162466680,macOS-26.7.1-arm64-arm-64bit-Mach-O,3.14.7,True,704.9512329101562,20261009T001006Z,1.18.1,0,1261820,789258,1447570,790839,11.105067872028838,88.89493212797116,0.12449541699606925,0.1234378750086762,0.12281208299100399,0.0032572920026723295,2110,1230,2040.8821622033938,2170,3270,38.612371059161816,2026-10-09T00:10:07+00:00,parallel,3,"block mean, streamed in bands, NaN-aware, any void -> void",0.7708333333333334,p03,6.329206280129872,621.3895718468407,1.2591186485081103,0.9985338394035171,0.1193531089260552,1.3430769492880785,1.3430762065742152,1.2724716669908958,0.08822241351704181
X7,win3840_k2_c20_d3,win3840_k2_c20_d3__win1__full_grid__climb_tiebreak__native,idrija_win3840_k2_c20,dem,full_grid,,climb_tiebreak,native,win1,win,0.0,20,height_tiebreak,0,nan,5940,3840,idrija_win3840_k2,6480,3840,process,article-2026,True,0fc96e99b9a09a800a7e28c9437774072ad2cf51,192,192,0.09380733300349675,7.791922667322028,73,12207,47558,3,main,12207,28224,204,28224,6,2.5.3,437.7590800476074,437.76396019046183,True,55.36349639892592,4880.142853498729,14.184560187549774,432144,macOS-26.7.1-arm64-arm-64bit-Mach-O,3.14.7,True,700.1673677062988,20261009T001006Z,1.18.1,0,28224,19757,36108,20118,100.0,0.0,0.002824250012054108,0.0026236670091748238,0.00251725000271108,0.0,2,2,3107.9253530289297,84,134,28.31142234323961,2026-10-09T00:11:04+00:00,parallel,3,"block mean, streamed in bands, NaN-aware, any void -> void",0.7708333333333334,p06,,,,,,,,,
X7,win3840_k2_c20_d3,win3840_k2_c20_d3__win1__hag_cta__shared_border__climb_tiebreak__native,idrija_win3840_k2_c20,dem,hag_cta,shared_border,climb_tiebreak,native,win1,win,0.011381499993149191,20,height_tiebreak,93,40.0,5940,3840,idrija_win3840_k2,6480,3840,process,article-2026,True,0fc96e99b9a09a800a7e28c9437774072ad2cf51,192,192,0.09380733300349675,7.791922667322028,73,12207,47558,3,main,94,438,209,28224,6,2.5.3,468.03666030883767,468.0416984415908,True,65.12328796386726,5038.132752230962,14.152660705661269,418176,macOS-26.7.1-arm64-arm-64bit-Mach-O,3.14.7,True,700.1673677062988,20261009T001006Z,1.18.1,0,438,438,508,438,1.5518707482993197,98.44812925170068,0.00020245900668669492,0.00013208400923758745,0.00012412501382641494,0.0021531670063268393,2,2,3107.9253530289297,84,134,28.31142234323961,2026-10-09T00:11:04+00:00,parallel,3,"block mean, streamed in bands, NaN-aware, any void -> void",0.7708333333333334,p06,310.82701462905766,284.2534080710379,1.0323740315550323,0.967677440853049,0.02216935769600648,1.0691649394409763,1.0691645293001182,0.000338415993610397,0.05034328242711316
X7,win3840_k2_c20_d3,win3840_k2_c20_d3__win1__hag_cta_ring1__shared_border__climb_tiebreak__native,idrija_win3840_k2_c20,dem,hag_cta_ring1,shared_border,climb_tiebreak,native,win1,win,0.011381499993149191,20,height_tiebreak,93,40.0,5940,3840,idrija_win3840_k2,6480,3840,process,article-2026,True,0fc96e99b9a09a800a7e28c9437774072ad2cf51,192,192,0.09380733300349675,7.791922667322028,73,12207,47558,3,main,493,1807,194,28224,6,2.5.3,450.0871974182129,450.0917781498123,True,65.12328796386726,4580.731598529186,14.153127134782109,418072,macOS-26.7.1-arm64-arm-64bit-Mach-O,3.14.7,True,700.1673677062988,20261009T001006Z,1.18.1,0,1807,1793,2801,1799,6.402352607709751,93.59764739229026,0.0003520829923218116,0.00024300000222865492,0.00019608400180004537,0.002832874990417622,2,2,3107.9253530289297,84,134,28.31142234323961,2026-10-09T00:11:04+00:00,parallel,3,"block mean, streamed in bands, NaN-aware, any void -> void",0.7708333333333334,p06,inf,284.2534080710379,0.938647030638686,0.9674367803324818,0.09075264463228223,1.028161877006103,1.0281608791047734,-0.0004522079834714532,0.09261846163362075
X7,win3840_k2_c20_d3,win3840_k2_c20_d3__win2__full_grid__climb_tiebreak__native,idrija_win3840_k2_c20,dem,full_grid,,climb_tiebreak,native,win2,win,0.0,20,height_tiebreak,0,nan,5940,3840,idrija_win3840_k2,6480,3840,process,article-2026,True,0fc96e99b9a09a800a7e28c9437774072ad2cf51,192,192,0.09380733300349675,7.791922667322028,73,12207,47558,3,main,12207,28224,178,28224,6,2.5.3,329.25934448242197,329.2638371736162,True,93.0727428742368,4492.691193458119,14.151723345435137,434424,macOS-26.7.1-arm64-arm-64bit-Mach-O,3.14.7,True,700.1673677062988,20261009T001006Z,1.18.1,0,28224,20121,37109,20552,100.0,0.0,0.002869417003239505,0.002722167002502829,0.0026396250032121316,0.0,94,167,3186.094788294912,121,10,28.31142234323961,2026-10-09T00:11:04+00:00,parallel,3,"block mean, streamed in bands, NaN-aware, any void -> void",0.7708333333333334,p06,,,,,,,,,
X7,win3840_k2_c20_d3,win3840_k2_c20_d3__win2__hag_cta__shared_border__climb_tiebreak__native,idrija_win3840_k2_c20,dem,hag_cta,shared_border,climb_tiebreak,native,win2,win,0.011381499993149191,20,height_tiebreak,71,40.0,5940,3840,idrija_win3840_k2,6480,3840,process,article-2026,True,0fc96e99b9a09a800a7e28c9437774072ad2cf51,192,192,0.09380733300349675,7.791922667322028,73,12207,47558,3,main,72,548,188,28224,6,2.5.3,359.3114062499999,359.31616521536415,True,92.31130828857431,4758.965363437815,14.154037111636725,416984,macOS-26.7.1-arm64-arm-64bit-Mach-O,3.14.7,True,700.1673677062988,20261009T001006Z,1.18.1,0,548,548,649,548,1.941609977324263,98.05839002267574,0.0002075420052278787,0.00014375000318977982,0.00011891699978150427,0.0021618339960696176,94,167,3186.094788294912,121,10,28.31142234323961,2026-10-09T00:11:04+00:00,parallel,3,"block mean, streamed in bands, NaN-aware, any void -> void",0.7708333333333334,p06,252.50390000952237,113.13708498984761,1.059268300115401,0.9598548883118796,0.02723522687739178,1.0912717050288068,1.091271268353414,0.00041658300324343145,0.05280719480385018
X7,win3840_k2_c20_d3,win3840_k2_c20_d3__win2__hag_cta_ring1__shared_border__climb_tiebreak__native,idrija_win3840_k2_c20,dem,hag_cta_ring1,shared_border,climb_tiebreak,native,win2,win,0.011381499993149191,20,height_tiebreak,71,40.0,5940,3840,idrija_win3840_k2,6480,3840,process,article-2026,True,0fc96e99b9a09a800a7e28c9437774072ad2cf51,192,192,0.09380733300349675,7.791922667322028,73,12207,47558,3,main,460,2043,181,28224,6,2.5.3,333.408518371582,333.413062778505,True,94.72071456909134,4544.406922210657,14.164199806542328,417456,macOS-26.7.1-arm64-arm-64bit-Mach-O,3.14.7,True,700.1673677062988,20261009T001006Z,1.18.1,0,2043,1993,3134,2007,7.238520408163265,92.76147959183673,0.0003588750114431605,0.00024820800172165036,0.00019808299839496613,0.0022227500012377277,94,167,3186.094788294912,121,10,28.31142234323961,2026-10-09T00:11:04+00:00,parallel,3,"block mean, streamed in bands, NaN-aware, any void -> void",0.7708333333333334,p06,418.73035276529487,107.70329614269008,1.011511080224664,0.9609413844538975,0.09905074300482083,1.0126015372340678,1.012601522355159,0.00025120899954345077,0.09118029918570084
X7,win3840_k2_c20_d3,win3840_k2_c20_d3__win3__full_grid__climb_tiebreak__native,idrija_win3840_k2_c20,dem,full_grid,,climb_tiebreak,native,win3,win,0.0,20,height_tiebreak,0,nan,5940,3840,idrija_win3840_k2,6480,3840,process,article-2026,True,0fc96e99b9a09a800a7e28c9437774072ad2cf51,192,192,0.09380733300349675,7.791922667322028,73,12207,47558,3,main,12207,28224,127,28224,6,2.5.3,191.5919715881347,191.5950963399361,True,35.07836156972628,3124.7518010647195,14.163784618988654,430448,macOS-26.7.1-arm64-arm-64bit-Mach-O,3.14.7,True,700.1673677062988,20261009T001006Z,1.18.1,0,28224,14975,27408,15440,100.0,0.0,0.00225387500540819,0.0020778329926542938,0.0020598749979399145,0.0,105,61,2040.8821622033938,108,163,28.31142234323961,2026-10-09T00:11:04+00:00,parallel,3,"block mean, streamed in bands, NaN-aware, any void -> void",0.7708333333333334,p06,,,,,,,,,
X7,win3840_k2_c20_d3,win3840_k2_c20_d3__win3__hag_cta__shared_border__climb_tiebreak__native,idrija_win3840_k2_c20,dem,hag_cta,shared_border,climb_tiebreak,native,win3,win,0.011381499993149191,20,height_tiebreak,51,40.0,5940,3840,idrija_win3840_k2,6480,3840,process,article-2026,True,0fc96e99b9a09a800a7e28c9437774072ad2cf51,192,192,0.09380733300349675,7.791922667322028,73,12207,47558,3,main,52,433,150,28224,6,2.5.3,215.6584989929205,215.6622577144182,True,36.15098524246722,3758.7214972614197,14.157461884134781,414376,macOS-26.7.1-arm64-arm-64bit-Mach-O,3.14.7,True,700.1673677062988,20261009T001006Z,1.18.1,0,433,433,506,433,1.534155328798186,98.46584467120182,0.00016937499458435923,0.00011049999739043415,0.00010037500760518014,0.002362041996093467,105,61,2040.8821622033938,108,163,28.31142234323961,2026-10-09T00:11:04+00:00,parallel,3,"block mean, streamed in bands, NaN-aware, any void -> void",0.7708333333333334,p06,inf,512.2499389946279,1.2028864167645836,0.9626621566368063,0.028914858096828047,1.125613444056631,1.1256147043125837,-0.00039470900082960725,0.05318040370957713
X7,win3840_k2_c20_d3,win3840_k2_c20_d3__win3__hag_cta_ring1__shared_border__climb_tiebreak__native,idrija_win3840_k2_c20,dem,hag_cta_ring1,shared_border,climb_tiebreak,native,win3,win,0.011381499993149191,20,height_tiebreak,51,40.0,5940,3840,idrija_win3840_k2,6480,3840,process,article-2026,True,0fc96e99b9a09a800a7e28c9437774072ad2cf51,192,192,0.09380733300349675,7.791922667322028,73,12207,47558,3,main,340,1541,138,28224,6,2.5.3,204.50829177856428,204.51174422589193,True,38.17449252870193,3452.447327281724,14.160468331479565,414888,macOS-26.7.1-arm64-arm-64bit-Mach-O,3.14.7,True,700.1673677062988,20261009T001006Z,1.18.1,0,1541,1532,2461,1538,5.459892290249433,94.54010770975057,0.00029795798764098436,0.00020541599951684475,0.0001717910054139793,0.0029959999956190586,105,61,2040.8821622033938,108,163,28.31142234323961,2026-10-09T00:11:04+00:00,parallel,3,"block mean, streamed in bands, NaN-aware, any void -> void",0.7708333333333334,p06,inf,494.77267507411926,1.1048708976198833,0.9638516150615173,0.10230383973288815,1.0674157694780437,1.0674163803390802,-0.0011235830024816096,0.09886068815109122
X7,win3840_k2_c3_d3,win3840_k2_c3_d3__win1__full_grid__climb_tiebreak__native,idrija_win3840_k2_c3,dem,full_grid,,climb_tiebreak,native,win1,win,0.0,3,height_tiebreak,0,nan,5940,3840,idrija_win3840_k2,6480,3840,process,article-2026,True,0fc96e99b9a09a800a7e28c9437774072ad2cf51,1280,1280,1.7011019999918062,6.333932973549204,100,15009,47533,3,main,15009,1262080,1199,1262080,6,2.5.3,514.0717705620665,514.0760467717954,True,125.1577871817138,4276.209737228488,11.421057000226835,18218104,macOS-26.7.1-arm64-arm-64bit-Mach-O,3.14.7,True,704.6489325629339,20261009T001006Z,1.18.1,0,1262080,763026,1411002,765960,100.0,0.0,0.13176579200080596,0.1311778340023011,0.13025208299222868,0.0,16,16,3107.9253530289297,563,896,36.07044828706196,2026-10-09T00:10:44+00:00,parallel,3,"block mean, streamed in bands, NaN-aware, any void -> void",0.7708333333333334,p04,,,,,,,,,
X7,win3840_k2_c3_d3,win3840_k2_c3_d3__win1__hag_cta__shared_border__climb_tiebreak__native,idrija_win3840_k2_c3,dem,hag_cta,shared_border,climb_tiebreak,native,win1,win,0.2637212499976158,3,height_tiebreak,39,6.0,5940,3840,idrija_win3840_k2,6480,3840,process,article-2026,True,0fc96e99b9a09a800a7e28c9437774072ad2cf51,1280,1280,1.7011019999918062,6.333932973549204,100,15009,47533,3,main,40,19385,1819,1262080,6,2.5.3,1004.6338840060765,1004.6404079196939,True,180.07447452177337,6523.913631609705,9.379141919182626,18144440,macOS-26.7.1-arm64-arm-64bit-Mach-O,3.14.7,True,704.6489325629339,20261009T001006Z,1.18.1,0,19385,17173,27682,17190,1.5359565162271804,98.46404348377283,0.0034149580023949966,0.003303457997390069,0.0031927499949233606,0.0023456249909941107,16,16,3107.9253530289297,563,896,36.07044828706196,2026-10-09T00:10:44+00:00,parallel,3,"block mean, streamed in bands, NaN-aware, any void -> void",0.7708333333333334,p04,15.652376321115385,436.98169298038107,1.5256299462612437,0.9959565495948426,0.02250644145808924,1.9542677531342523,1.954264187620603,0.12552875101391692,0.025183050341661538
X7,win3840_k2_c3_d3,win3840_k2_c3_d3__win1__hag_cta_ring1__shared_border__climb_tiebreak__native,idrija_win3840_k2_c3,dem,hag_cta_ring1,shared_border,climb_tiebreak,native,win1,win,0.2637212499976158,3,height_tiebreak,39,6.0,5940,3840,idrija_win3840_k2,6480,3840,process,article-2026,True,0fc96e99b9a09a800a7e28c9437774072ad2cf51,1280,1280,1.7011019999918062,6.333932973549204,100,15009,47533,3,main,262,53239,1303,1262080,6,2.5.3,610.6625298394111,610.6671677547683,True,122.91200887775784,4637.915364713259,14.134496476736604,18118160,macOS-26.7.1-arm64-arm-64bit-Mach-O,3.14.7,True,704.6489325629339,20261009T001006Z,1.18.1,0,53239,44207,82738,44498,4.218353828600406,95.78164617139959,0.006728041000314988,0.006408875007764436,0.00631245800468605,0.002441083997837268,16,16,3107.9253530289297,563,896,36.07044828706196,2026-10-09T00:10:44+00:00,parallel,3,"block mean, streamed in bands, NaN-aware, any void -> void",0.7708333333333334,p04,16.061942137410924,402.0,1.0845855675262555,0.9945140284631155,0.05793642680590177,1.187893529286263,1.1878926699454855,0.12232787499669939,0.048856386877466
X7,win3840_k2_c3_d3,win3840_k2_c3_d3__win2__full_grid__climb_tiebreak__native,idrija_win3840_k2_c3,dem,full_grid,,climb_tiebreak,native,win2,win,0.0,3,height_tiebreak,0,nan,5940,3840,idrija_win3840_k2,6480,3840,process,article-2026,True,0fc96e99b9a09a800a7e28c9437774072ad2cf51,1280,1280,1.7011019999918062,6.333932973549204,100,15009,47533,3,main,15009,1262080,1355,1262080,6,2.5.3,458.7468058268238,458.7517426458629,True,493.80854853877355,4936.819043731977,10.940590779385712,18241728,macOS-26.7.1-arm64-arm-64bit-Mach-O,3.14.7,True,704.6489325629339,20261009T001006Z,1.18.1,0,1262080,1069052,2026091,1071652,100.0,0.0,0.1971561670070514,0.19489533299929462,0.1939507500064792,0.0,630,1116,3186.094788294912,810,70,36.07044828706196,2026-10-09T00:10:44+00:00,parallel,3,"block mean, streamed in bands, NaN-aware, any void -> void",0.7708333333333334,p04,,,,,,,,,
X7,win3840_k2_c3_d3,win3840_k2_c3_d3__win2__hag_cta__shared_border__climb_tiebreak__native,idrija_win3840_k2_c3,dem,hag_cta,shared_border,climb_tiebreak,native,win2,win,0.2637212499976158,3,height_tiebreak,44,6.0,5940,3840,idrija_win3840_k2,6480,3840,process,article-2026,True,0fc96e99b9a09a800a7e28c9437774072ad2cf51,1280,1280,1.7011019999918062,6.333932973549204,100,15009,47533,3,main,45,15487,1732,1262080,6,2.5.3,768.4843953450562,768.4906234647341,True,462.2266981336831,6228.119692370365,10.17429860368083,18135816,macOS-26.7.1-arm64-arm-64bit-Mach-O,3.14.7,True,704.6489325629339,20261009T001006Z,1.18.1,0,15487,15104,24367,15152,1.2271012931034482,98.77289870689656,0.0029493749898392707,0.0028285410080570728,0.0026773330027936026,0.002302084001712501,630,1116,3186.094788294912,810,70,36.07044828706196,2026-10-09T00:10:44+00:00,parallel,3,"block mean, streamed in bands, NaN-aware, any void -> void",0.7708333333333334,p04,10.353997172634859,1122.7858210718553,1.2615653191254568,0.994193971097475,0.014128405353528172,1.6751820079923518,1.6751775568904521,0.18976470798952505,0.014513128480440883
X7,win3840_k2_c3_d3,win3840_k2_c3_d3__win2__hag_cta_ring1__shared_border__climb_tiebreak__native,idrija_win3840_k2_c3,dem,hag_cta_ring1,shared_border,climb_tiebreak,native,win2,win,0.2637212499976158,3,height_tiebreak,44,6.0,5940,3840,idrija_win3840_k2,6480,3840,process,article-2026,True,0fc96e99b9a09a800a7e28c9437774072ad2cf51,1280,1280,1.7011019999918062,6.333932973549204,100,15009,47533,3,main,385,59896,1635,1262080,6,2.5.3,638.2190823025195,638.2249883561822,True,344.44249823350447,5906.053675192383,10.49975854516195,18134672,macOS-26.7.1-arm64-arm-64bit-Mach-O,3.14.7,True,704.6489325629339,20261009T001006Z,1.18.1,0,59896,55422,96635,55544,4.745816430020284,95.25418356997972,0.00806262499827426,0.007745125010842457,0.007637417002115399,0.0024023339938139543,630,1116,3186.094788294912,810,70,36.07044828706196,2026-10-09T00:10:44+00:00,parallel,3,"block mean, streamed in bands, NaN-aware, any void -> void",0.7708333333333334,p04,10.635160272785848,1116.7900429355554,1.1963277614339527,0.9941312577404947,0.051842192896136015,1.3912229451978926,1.3912208478494328,0.1847478739946382,0.03973992035443193
X7,win3840_k2_c3_d3,win3840_k2_c3_d3__win3__full_grid__climb_tiebreak__native,idrija_win3840_k2_c3,dem,full_grid,,climb_tiebreak,native,win3,win,0.0,3,height_tiebreak,0,nan,5940,3840,idrija_win3840_k2,6480,3840,process,article-2026,True,0fc96e99b9a09a800a7e28c9437774072ad2cf51,1280,1280,1.7011019999918062,6.333932973549204,100,15009,47533,3,main,15009,1262080,768,1262080,6,2.5.3,283.0566677517345,283.0595217268409,True,195.33751301198544,2853.9751057680824,10.878343302340099,18191736,macOS-26.7.1-arm64-arm-64bit-Mach-O,3.14.7,True,704.6489325629339,20261009T001006Z,1.18.1,0,1262080,706701,1302403,710341,100.0,0.0,0.12361024999700021,0.12328487499326002,0.12240308399486821,0.0,703,410,2040.8821622033938,723,1090,36.07044828706196,2026-10-09T00:10:44+00:00,parallel,3,"block mean, streamed in bands, NaN-aware, any void -> void",0.7708333333333334,p04,,,,,,,,,
X7,win3840_k2_c3_d3,win3840_k2_c3_d3__win3__hag_cta__shared_border__climb_tiebreak__native,idrija_win3840_k2_c3,dem,hag_cta,shared_border,climb_tiebreak,native,win3,win,0.2637212499976158,3,height_tiebreak,28,6.0,5940,3840,idrija_win3840_k2,6480,3840,process,article-2026,True,0fc96e99b9a09a800a7e28c9437774072ad2cf51,1280,1280,1.7011019999918062,6.333932973549204,100,15009,47533,3,main,29,21022,1155,1262080,6,2.5.3,531.2547743055552,531.2589470960218,True,104.34575640434592,4172.790473032232,9.933240358646986,18101104,macOS-26.7.1-arm64-arm-64bit-Mach-O,3.14.7,True,704.6489325629339,20261009T001006Z,1.18.1,0,21022,13470,22443,13515,1.665663032454361,98.33433696754564,0.0025749580090632662,0.0023967500019352883,0.0023132909991545603,0.0023990839981706813,703,410,2040.8821622033938,723,1090,36.07044828706196,2026-10-09T00:10:44+00:00,parallel,3,"block mean, streamed in bands, NaN-aware, any void -> void",0.7708333333333334,p04,16.582320470489282,609.6794239598381,1.4620977122746206,0.9950179576044859,0.01906039470723828,1.8768495316687335,1.8768453498932254,0.11848904099315405,0.019440746499246712
X7,win3840_k2_c3_d3,win3840_k2_c3_d3__win3__hag_cta_ring1__shared_border__climb_tiebreak__native,idrija_win3840_k2_c3,dem,hag_cta_ring1,shared_border,climb_tiebreak,native,win3,win,0.2637212499976158,3,height_tiebreak,28,6.0,5940,3840,idrija_win3840_k2,6480,3840,process,article-2026,True,0fc96e99b9a09a800a7e28c9437774072ad2cf51,1280,1280,1.7011019999918062,6.333932973549204,100,15009,47533,3,main,270,66090,1034,1262080,6,2.5.3,407.14223904079927,407.1459332656838,True,109.2077868774668,3694.2248891301383,10.488853809973934,18098504,macOS-26.7.1-arm64-arm-64bit-Mach-O,3.14.7,True,704.6489325629339,20261009T001006Z,1.18.1,0,66090,48627,86386,48847,5.236593559837728,94.76340644016227,0.007219667008030228,0.006884374990477227,0.0068629160086857155,0.0023187080078059807,703,410,2040.8821622033938,723,1090,36.07044828706196,2026-10-09T00:10:44+00:00,parallel,3,"block mean, streamed in bands, NaN-aware, any void -> void",0.7708333333333334,p04,17.222934664945797,603.6041749358598,1.2944138446280953,0.9948750355655996,0.06880844940080741,1.4383771358387456,1.4383756843148674,0.11408179199497681,0.05584119699073869
X7,win3840_k2_c5_d3,win3840_k2_c5_d3__win1__full_grid__climb_tiebreak__native,idrija_win3840_k2_c5,dem,full_grid,,climb_tiebreak,native,win1,win,0.0,5,height_tiebreak,0,nan,5940,3840,idrija_win3840_k2,6480,3840,process,article-2026,True,0fc96e99b9a09a800a7e28c9437774072ad2cf51,768,768,0.8650913750025211,7.085099124369812,97,26381,93456,3,main,26381,453888,775,453888,6,2.5.3,515.3939331054692,515.3984865578378,True,68.87236328125027,4553.452377915608,11.681152168617057,6600600,macOS-26.7.1-arm64-arm-64bit-Mach-O,3.14.7,True,704.1101904296875,20261009T001006Z,1.18.1,0,453888,303385,560028,304890,100.0,0.0,0.04773604100046214,0.04711283299548086,0.046675959005369805,0.0,10,10,3107.9253530289297,338,538,34.34028789144351,2026-10-09T00:10:55+00:00,parallel,3,"block mean, streamed in bands, NaN-aware, any void -> void",0.7708333333333334,p03,,,,,,,,,
X7,win3840_k2_c5_d3,win3840_k2_c5_d3__win1__hag_cta__shared_border__climb_tiebreak__native,idrija_win3840_k2_c5,dem,hag_cta,shared_border,climb_tiebreak,native,win1,win,0.12183133399230428,5,height_tiebreak,84,10.0,5940,3840,idrija_win3840_k2,6480,3840,process,article-2026,True,0fc96e99b9a09a800a7e28c9437774072ad2cf51,768,768,0.8650913750025211,7.085099124369812,97,26381,93456,3,main,85,3434,836,453888,6,2.5.3,770.300881347652,770.3058164295278,True,95.33902086321099,4935.08188695463,9.713450189418193,6542512,macOS-26.7.1-arm64-arm-64bit-Mach-O,3.14.7,True,704.1101904296875,20261009T001006Z,1.18.1,0,3434,3364,4795,3378,0.7565743090806543,99.24342569091935,0.0009774159989319742,0.0007619160023750737,0.0006757920054951683,0.005145915987668559,10,10,3107.9253530289297,338,538,34.34028789144351,2026-10-09T00:10:55+00:00,parallel,3,"block mean, streamed in bands, NaN-aware, any void -> void",0.7708333333333334,p03,23.95152736107434,225.0,1.0838110245513795,0.9911995879162501,0.011088221237042043,1.4945866295054333,1.4945830003772904,0.041205001005437225,0.01617215425037501
X7,win3840_k2_c5_d3,win3840_k2_c5_d3__win1__hag_cta_ring1__shared_border__climb_tiebreak__native,idrija_win3840_k2_c5,dem,hag_cta_ring1,shared_border,climb_tiebreak,native,win1,win,0.12183133399230428,5,height_tiebreak,84,10.0,5940,3840,idrija_win3840_k2,6480,3840,process,article-2026,True,0fc96e99b9a09a800a7e28c9437774072ad2cf51,768,768,0.8650913750025211,7.085099124369812,97,26381,93456,3,main,463,10963,799,453888,6,2.5.3,589.4545727539057,589.4592669169524,True,58.82148437500064,4694.163056034262,12.48378487459456,6543216,macOS-26.7.1-arm64-arm-64bit-Mach-O,3.14.7,True,704.1101904296875,20261009T001006Z,1.18.1,0,10963,10257,18223,10302,2.415353567399887,97.58464643260011,0.0017344170046271756,0.0016703750006854534,0.0016581250092713162,0.0052344169962452725,10,10,3107.9253530289297,338,538,34.34028789144351,2026-10-09T00:10:55+00:00,parallel,3,"block mean, streamed in bands, NaN-aware, any void -> void",0.7708333333333334,p03,24.545406453162265,216.6217902243447,1.0309019764434355,0.9913062448868285,0.033808527119007205,1.1436971506478346,1.1436961541228807,0.04020804099855013,0.03545477727577279
X7,win3840_k2_c5_d3,win3840_k2_c5_d3__win2__full_grid__climb_tiebreak__native,idrija_win3840_k2_c5,dem,full_grid,,climb_tiebreak,native,win2,win,0.0,5,height_tiebreak,0,nan,5940,3840,idrija_win3840_k2,6480,3840,process,article-2026,True,0fc96e99b9a09a800a7e28c9437774072ad2cf51,768,768,0.8650913750025211,7.085099124369812,97,26381,93456,3,main,26381,453888,797,453888,6,2.5.3,420.66544189453145,420.6703248800916,True,267.1403844081024,4882.9855659733485,12.52909317672055,6621872,macOS-26.7.1-arm64-arm-64bit-Mach-O,3.14.7,True,704.1101904296875,20261009T001006Z,1.18.1,0,453888,368342,700046,370367,100.0,0.0,0.06298716700985096,0.06218399999488611,0.061883582995506003,0.0,378,670,3186.094788294912,486,42,34.34028789144351,2026-10-09T00:10:55+00:00,parallel,3,"block mean, streamed in bands, NaN-aware, any void -> void",0.7708333333333334,p03,,,,,,,,,
X7,win3840_k2_c5_d3,win3840_k2_c5_d3__win2__hag_cta__shared_border__climb_tiebreak__native,idrija_win3840_k2_c5,dem,hag_cta,shared_border,climb_tiebreak,native,win2,win,0.12183133399230428,5,height_tiebreak,79,10.0,5940,3840,idrija_win3840_k2,6480,3840,process,article-2026,True,0fc96e99b9a09a800a7e28c9437774072ad2cf51,768,768,0.8650913750025211,7.085099124369812,97,26381,93456,3,main,80,10657,1026,453888,6,2.5.3,569.5981079101579,569.6043077943397,True,253.3897470163954,6199.884194358183,9.524051352549893,6555976,macOS-26.7.1-arm64-arm-64bit-Mach-O,3.14.7,True,704.1101904296875,20261009T001006Z,1.18.1,0,10657,10626,16502,10635,2.347936054709532,97.65206394529046,0.0018173330026911572,0.0016286659956676885,0.0015841659915167838,0.005881624994799495,378,670,3186.094788294912,486,42,34.34028789144351,2026-10-09T00:10:55+00:00,parallel,3,"block mean, streamed in bands, NaN-aware, any void -> void",0.7708333333333334,p03,18.0511387825373,270.4163456597992,1.2696912801793898,0.9900487354633252,0.02884818999733943,1.3540406488940124,1.354039669797722,0.054673709004418924,0.026191078023311894
X7,win3840_k2_c5_d3,win3840_k2_c5_d3__win2__hag_cta_ring1__shared_border__climb_tiebreak__native,idrija_win3840_k2_c5,dem,hag_cta_ring1,shared_border,climb_tiebreak,native,win2,win,0.12183133399230428,5,height_tiebreak,79,10.0,5940,3840,idrija_win3840_k2,6480,3840,process,article-2026,True,0fc96e99b9a09a800a7e28c9437774072ad2cf51,768,768,0.8650913750025211,7.085099124369812,97,26381,93456,3,main,678,39274,818,453888,6,2.5.3,450.4057592773444,450.41079489746323,True,250.42121054994803,5035.620125646254,12.167336802760309,6549160,macOS-26.7.1-arm64-arm-64bit-Mach-O,3.14.7,True,704.1101904296875,20261009T001006Z,1.18.1,0,39274,38234,66170,38315,8.652795403271291,91.3472045967287,0.00553149999177549,0.005379833004553802,0.0052679590007755905,0.004709124987130053,378,670,3186.094788294912,486,42,34.34028789144351,2026-10-09T00:10:55+00:00,parallel,3,"block mean, streamed in bands, NaN-aware, any void -> void",0.7708333333333334,p03,18.94465713136693,250.0,1.031258449899284,0.9890194192820398,0.10380027257277204,1.0706982661776847,1.070697808374881,0.05209504200320225,0.08651474663894618
X7,win3840_k2_c5_d3,win3840_k2_c5_d3__win3__full_grid__climb_tiebreak__native,idrija_win3840_k2_c5,dem,full_grid,,climb_tiebreak,native,win3,win,0.0,5,height_tiebreak,0,nan,5940,3840,idrija_win3840_k2,6480,3840,process,article-2026,True,0fc96e99b9a09a800a7e28c9437774072ad2cf51,768,768,0.8650913750025211,7.085099124369812,97,26381,93456,3,main,26381,453888,495,453888,6,2.5.3,255.9977001953123,256.00075009429867,True,97.88105468750018,3049.8989873223336,14.203365572352398,6591808,macOS-26.7.1-arm64-arm-64bit-Mach-O,3.14.7,True,704.1101904296875,20261009T001006Z,1.18.1,0,453888,249288,457730,251325,100.0,0.0,0.04164399999717716,0.04035270899476018,0.03981470799772069,0.0,422,246,2040.8821622033938,434,654,34.34028789144351,2026-10-09T00:10:55+00:00,parallel,3,"block mean, streamed in bands, NaN-aware, any void -> void",0.7708333333333334,p03,,,,,,,,,
X7,win3840_k2_c5_d3,win3840_k2_c5_d3__win3__hag_cta__shared_border__climb_tiebreak__native,idrija_win3840_k2_c5,dem,hag_cta,shared_border,climb_tiebreak,native,win3,win,0.12183133399230428,5,height_tiebreak,39,10.0,5940,3840,idrija_win3840_k2,6480,3840,process,article-2026,True,0fc96e99b9a09a800a7e28c9437774072ad2cf51,768,768,0.8650913750025211,7.085099124369812,97,26381,93456,3,main,40,6512,738,453888,6,2.5.3,417.5607568359378,417.5652184863606,True,109.00482615719517,4461.6504294495535,9.688343421803747,6537064,macOS-26.7.1-arm64-arm-64bit-Mach-O,3.14.7,True,704.1101904296875,20261009T001006Z,1.18.1,0,6512,6263,9465,6266,1.4347151720248168,98.56528482797519,0.0012665840040426701,0.0010822499898495153,0.0009710830054245889,0.005344208999304101,422,246,2040.8821622033938,434,654,34.34028789144351,2026-10-09T00:10:55+00:00,parallel,3,"block mean, streamed in bands, NaN-aware, any void -> void",0.7708333333333334,p03,29.090238645052995,299.0819285747636,1.4628846555231885,0.9916951464605765,0.025123551875742115,1.631111359662066,1.6311093554708302,0.03392625000560656,0.02681976047729648
X7,win3840_k2_c5_d3,win3840_k2_c5_d3__win3__hag_cta_ring1__shared_border__climb_tiebreak__native,idrija_win3840_k2_c5,dem,hag_cta_ring1,shared_border,climb_tiebreak,native,win3,win,0.12183133399230428,5,height_tiebreak,39,10.0,5940,3840,idrija_win3840_k2,6480,3840,process,article-2026,True,0fc96e99b9a09a800a7e28c9437774072ad2cf51,768,768,0.8650913750025211,7.085099124369812,97,26381,93456,3,main,379,27386,565,453888,6,2.5.3,293.5296386718753,293.5331089871664,True,132.16012184547444,3470.315292925759,13.128429101347546,6531936,macOS-26.7.1-arm64-arm-64bit-Mach-O,3.14.7,True,704.1101904296875,20261009T001006Z,1.18.1,0,27386,26560,44762,26594,6.0336470671178795,93.96635293288213,0.003857290997984819,0.003656750006484799,0.0036176669964333996,0.004904333996819332,422,246,2040.8821622033938,434,654,34.34028789144351,2026-10-09T00:10:55+00:00,parallel,3,"block mean, streamed in bands, NaN-aware, any void -> void",0.7708333333333334,p03,31.043481082205123,252.23996511258878,1.1378459769818576,0.9909172111809081,0.10654343570488752,1.1466104517654971,1.1466103473487579,0.03179162499145605,0.09061969066214687
X7,win3840_k3_c10_d3,win3840_k3_c10_d3__win1__full_grid__climb_tiebreak__native,idrija_win3840_k3_c10,dem,full_grid,,climb_tiebreak,native,win1,win,0.0,10,height_tiebreak,0,nan,14640,3840,idrija_win3840_k3,9420,3840,process,article-2026,True,0fc96e99b9a09a800a7e28c9437774072ad2cf51,384,384,0.2678574580058921,7.549339646150012,88,16052,60591,3,main,16052,93589,304,93589,6,2.5.3,342.8577441406246,342.8613498974759,True,61.406604725903115,3605.756851698602,14.145217273500581,1681552,macOS-26.7.1-arm64-arm-64bit-Mach-O,3.14.7,True,614.0160067749024,20261009T001006Z,1.18.1,0,93589,86837,161569,87226,100.0,0.0,0.014130541996564716,0.013583041989477351,0.013386666003498249,0.0,267,263,2500.0,117,63,29.95308390995585,2026-10-09T00:11:01+00:00,parallel,3,"block mean, streamed in bands, NaN-aware, any void -> void",0.6424153645833334,p06,,,,,,,,,
X7,win3840_k3_c10_d3,win3840_k3_c10_d3__win1__hag_cta__shared_border__climb_tiebreak__native,idrija_win3840_k3_c10,dem,hag_cta,shared_border,climb_tiebreak,native,win1,win,0.031243625009665266,10,height_tiebreak,86,20.0,14640,3840,idrija_win3840_k3,9420,3840,process,article-2026,True,0fc96e99b9a09a800a7e28c9437774072ad2cf51,384,384,0.2678574580058921,7.549339646150012,88,16052,60591,3,main,87,2547,461,93589,6,2.5.3,482.41533691406335,482.4207984782711,True,141.31501464843723,5461.564209736039,10.846037477891393,1653144,macOS-26.7.1-arm64-arm-64bit-Mach-O,3.14.7,True,614.0160067749024,20261009T001006Z,1.18.1,0,2547,2447,3903,2454,2.721473677462095,97.2785263225379,0.0005736660095863044,0.0004247090109856799,0.000370624999050051,0.004033834004076198,267,263,2500.0,117,63,29.95308390995585,2026-10-09T00:11:01+00:00,parallel,3,"block mean, streamed in bands, NaN-aware, any void -> void",0.6424153645833334,p06,32.78000072707753,438.4062043356595,1.514679007588435,0.9831060829519397,0.028179232354871773,1.4070422650748078,1.4070433970540188,0.009124498974415474,0.031267591701085645
X7,win3840_k3_c10_d3,win3840_k3_c10_d3__win1__hag_cta_ring1__shared_border__climb_tiebreak__native,idrija_win3840_k3_c10,dem,hag_cta_ring1,shared_border,climb_tiebreak,native,win1,win,0.031243625009665266,10,height_tiebreak,86,20.0,14640,3840,idrija_win3840_k3,9420,3840,process,article-2026,True,0fc96e99b9a09a800a7e28c9437774072ad2cf51,384,384,0.2678574580058921,7.549339646150012,88,16052,60591,3,main,384,8740,358,93589,6,2.5.3,379.06674682617154,379.0710251313618,True,65.68760889067154,4278.3051916579925,11.581531721763863,1648464,macOS-26.7.1-arm64-arm-64bit-Mach-O,3.14.7,True,614.0160067749024,20261009T001006Z,1.18.1,0,8740,8508,14688,8578,9.338704334911155,90.66129566508884,0.0012477499985834584,0.0011177919950569049,0.0010550419974606484,0.0031689169991295785,267,263,2500.0,117,63,29.95308390995585,2026-10-09T00:11:01+00:00,parallel,3,"block mean, streamed in bands, NaN-aware, any void -> void",0.6424153645833334,p06,32.17409307165195,438.4062043356595,1.1865207132983928,0.9803229397604118,0.09797666893144627,1.1056094059543704,1.1056102568712207,0.009296332995290868,0.08229320029510674
X7,win3840_k3_c10_d3,win3840_k3_c10_d3__win2__full_grid__climb_tiebreak__native,idrija_win3840_k3_c10,dem,full_grid,,climb_tiebreak,native,win2,win,0.0,10,height_tiebreak,0,nan,14640,3840,idrija_win3840_k3,9420,3840,process,article-2026,True,0fc96e99b9a09a800a7e28c9437774072ad2cf51,384,384,0.2678574580058921,7.549339646150012,88,16052,60591,3,main,16052,93589,357,93589,6,2.5.3,335.5676898193366,335.5721445206314,True,60.488380132123844,4454.701294725886,11.74871205417187,1679312,macOS-26.7.1-arm64-arm-64bit-Mach-O,3.14.7,True,614.0160067749024,20261009T001006Z,1.18.1,0,93589,73993,139298,74916,100.0,0.0,0.011148624995257705,0.011012207993189804,0.011005874999682419,0.0,273,313,2360.3389587091087,269,77,29.95308390995585,2026-10-09T00:11:01+00:00,parallel,3,"block mean, streamed in bands, NaN-aware, any void -> void",0.6424153645833334,p06,,,,,,,,,
X7,win3840_k3_c10_d3,win3840_k3_c10_d3__win2__hag_cta__shared_border__climb_tiebreak__native,idrija_win3840_k3_c10,dem,hag_cta,shared_border,climb_tiebreak,native,win2,win,0.031243625009665266,10,height_tiebreak,57,20.0,14640,3840,idrija_win3840_k3,9420,3840,process,article-2026,True,0fc96e99b9a09a800a7e28c9437774072ad2cf51,384,384,0.2678574580058921,7.549339646150012,88,16052,60591,3,main,58,2095,465,93589,6,2.5.3,447.20235534668006,447.20798945922877,True,67.3098026519305,5634.112549695428,11.611622001703697,1652776,macOS-26.7.1-arm64-arm-64bit-Mach-O,3.14.7,True,614.0160067749024,20261009T001006Z,1.18.1,0,2095,2069,2721,2082,2.2385109361142868,97.7614890638857,0.00048295900342054665,0.00037858300493098795,0.0003434590034885332,0.002805666998028755,273,313,2360.3389587091087,269,77,29.95308390995585,2026-10-09T00:11:01+00:00,parallel,3,"block mean, streamed in bands, NaN-aware, any void -> void",0.6424153645833334,p06,38.2093367630307,254.95097567963924,1.2647565295491077,0.9841982907285841,0.027962104523400862,1.3326740592559596,1.3326731576545796,0.007827957990230061,0.0343784829677311
X7,win3840_k3_c10_d3,win3840_k3_c10_d3__win2__hag_cta_ring1__shared_border__climb_tiebreak__native,idrija_win3840_k3_c10,dem,hag_cta_ring1,shared_border,climb_tiebreak,native,win2,win,0.031243625009665266,10,height_tiebreak,57,20.0,14640,3840,idrija_win3840_k3,9420,3840,process,article-2026,True,0fc96e99b9a09a800a7e28c9437774072ad2cf51,384,384,0.2678574580058921,7.549339646150012,88,16052,60591,3,main,414,6676,374,93589,6,2.5.3,354.0940423583985,354.0986380647437,True,83.68519897460942,4595.706345359768,12.078153461685671,1648408,macOS-26.7.1-arm64-arm-64bit-Mach-O,3.14.7,True,614.0160067749024,20261009T001006Z,1.18.1,0,6676,6599,11213,6632,7.133316949641518,92.86668305035847,0.0009756669896887615,0.000857084000017494,0.0007994999905349687,0.0027178750024177134,273,313,2360.3389587091087,269,77,29.95308390995585,2026-10-09T00:11:01+00:00,parallel,3,"block mean, streamed in bands, NaN-aware, any void -> void",0.6424153645833334,p06,40.216628942687855,194.164878389476,1.0316530876718544,0.9815972255304554,0.0891841120105956,1.055208987936342,1.0552086752330936,0.007437248990754597,0.07783034978521418
X7,win3840_k3_c10_d3,win3840_k3_c10_d3__win3__full_grid__climb_tiebreak__native,idrija_win3840_k3_c10,dem,full_grid,,climb_tiebreak,native,win3,win,0.0,10,height_tiebreak,0,nan,14640,3840,idrija_win3840_k3,9420,3840,process,article-2026,True,0fc96e99b9a09a800a7e28c9437774072ad2cf51,384,384,0.2678574580058921,7.549339646150012,88,16052,60591,3,main,16052,93589,206,93589,6,2.5.3,234.8294165039065,234.8320174079449,True,452.8218690949991,2600.9040379562166,12.003896363996395,1674264,macOS-26.7.1-arm64-arm-64bit-Mach-O,3.14.7,True,614.0160067749024,20261009T001006Z,1.18.1,0,93589,60142,112311,61311,100.0,0.0,0.00905458400666248,0.008923708999645896,0.008814874992822297,0.0,217,165,1761.476653265663,179,337,29.95308390995585,2026-10-09T00:11:01+00:00,parallel,3,"block mean, streamed in bands, NaN-aware, any void -> void",0.6424153645833334,p06,,,,,,,,,
X7,win3840_k3_c10_d3,win3840_k3_c10_d3__win3__hag_cta__shared_border__climb_tiebreak__native,idrija_win3840_k3_c10,dem,hag_cta,shared_border,climb_tiebreak,native,win3,win,0.031243625009665266,10,height_tiebreak,24,20.0,14640,3840,idrija_win3840_k3,9420,3840,process,article-2026,True,0fc96e99b9a09a800a7e28c9437774072ad2cf51,384,384,0.2678574580058921,7.549339646150012,88,16052,60591,3,main,25,996,289,93589,6,2.5.3,316.8560729980477,316.85951632849316,True,452.8218690949991,3443.330444827409,10.848648453630739,1640288,macOS-26.7.1-arm64-arm-64bit-Mach-O,3.14.7,True,614.0160067749024,20261009T001006Z,1.18.1,0,996,960,1194,972,1.0642276335894176,98.93577236641057,0.0003172919969074428,0.00022283299767877907,0.00020545799634419382,0.0029087500006426126,217,165,1761.476653265663,179,337,29.95308390995585,2026-10-09T00:11:01+00:00,parallel,3,"block mean, streamed in bands, NaN-aware, any void -> void",0.6424153645833334,p06,51.63925697527315,205.91260281974002,1.3238975350790598,0.979706904048585,0.015962222739516477,1.3493031567992533,1.3493028754169067,0.005792126001324505,0.024970894690494877
X7,win3840_k3_c10_d3,win3840_k3_c10_d3__win3__hag_cta_ring1__shared_border__climb_tiebreak__native,idrija_win3840_k3_c10,dem,hag_cta_ring1,shared_border,climb_tiebreak,native,win3,win,0.031243625009665266,10,height_tiebreak,24,20.0,14640,3840,idrija_win3840_k3,9420,3840,process,article-2026,True,0fc96e99b9a09a800a7e28c9437774072ad2cf51,384,384,0.2678574580058921,7.549339646150012,88,16052,60591,3,main,175,3871,239,93589,6,2.5.3,256.89716796875155,256.9001361520106,True,452.8218690949991,2968.1832585697957,11.96879347523099,1638624,macOS-26.7.1-arm64-arm-64bit-Mach-O,3.14.7,True,614.0160067749024,20261009T001006Z,1.18.1,0,3871,3705,6148,3741,4.136169849020718,95.86383015097928,0.0005779170023743063,0.0004824579955311492,0.0004313749959692359,0.00274083401018288,217,165,1761.476653265663,179,337,29.95308390995585,2026-10-09T00:11:01+00:00,parallel,3,"block mean, streamed in bands, NaN-aware, any void -> void",0.6424153645833334,p06,52.47003567176797,180.27756377319946,1.1412121382618123,0.9787130345035192,0.0616042033853214,1.0939735395734713,1.0939740627690024,0.005700416993931867,0.054064738725825075
X7,win3840_k3_c1_d3,win3840_k3_c1_d3__win1__full_grid__climb_tiebreak__native,idrija_win3840_k3_c1,dem,full_grid,,climb_tiebreak,native,win1,win,0.0,1,height_tiebreak,0,nan,14640,3840,idrija_win3840_k3,9420,3840,process,article-2026,True,0fc96e99b9a09a800a7e28c9437774072ad2cf51,3840,3840,5.266761999999289,4.982512621643375,153,13667,34048,3,main,13667,9362974,3346,9362974,6,2.5.3,441.66925048828125,441.6731998258581,True,474.7291541148478,3949.337587502346,10.519329626020955,162801912,macOS-26.7.1-arm64-arm-64bit-Mach-O,3.14.7,True,615.5994873046875,20261009T001006Z,1.18.1,0,9362974,8687894,15799453,8692485,100.0,0.0,1.8229173330037156,1.8089081669895677,1.802342499999213,0.0,2670,2630,2500.0,1170,630,32.487355171453586,2026-10-09T00:10:07+00:00,parallel,3,"block mean, streamed in bands, NaN-aware, any void -> void",0.6424153645833334,p04,,,,,,,,,
X7,win3840_k3_c1_d3,win3840_k3_c1_d3__win1__hag_cta__shared_border__climb_tiebreak__native,idrija_win3840_k3_c1,dem,hag_cta,shared_border,climb_tiebreak,native,win1,win,0.7563707910012454,1,height_tiebreak,105,10.0,14640,3840,idrija_win3840_k3,9420,3840,process,article-2026,True,0fc96e99b9a09a800a7e28c9437774072ad2cf51,3840,3840,5.266761999999289,4.982512621643375,153,13667,34048,3,main,106,1276828,5190,9362974,6,2.5.3,785.0952758789062,785.1014411802543,True,339.885133903712,6165.301366513386,9.329380142078072,162594408,macOS-26.7.1-arm64-arm-64bit-Mach-O,3.14.7,True,615.5994873046875,20261009T001006Z,1.18.1,0,1276828,1222916,2236555,1223488,13.636991836140952,86.36300816385905,0.1893301249947399,0.18783983300090767,0.18551579100312665,0.0018539590091677383,2670,2630,2500.0,1170,630,32.487355171453586,2026-10-09T00:10:07+00:00,parallel,3,"block mean, streamed in bands, NaN-aware, any void -> void",0.6424153645833334,p04,3.7197871289135627,1496.5674057656074,1.5610975840666148,0.9987254203746698,0.14076092549011301,1.7775638105006295,1.7775618749106856,1.6192143749794923,0.10384155283765215
X7,win3840_k3_c1_d3,win3840_k3_c1_d3__win1__hag_cta_ring1__shared_border__climb_tiebreak__native,idrija_win3840_k3_c1,dem,hag_cta_ring1,shared_border,climb_tiebreak,native,win1,win,0.7563707910012454,1,height_tiebreak,105,2.0,14640,3840,idrija_win3840_k3,9420,3840,process,article-2026,True,0fc96e99b9a09a800a7e28c9437774072ad2cf51,3840,3840,5.266761999999289,4.982512621643375,153,13667,34048,3,main,958,2140499,4533,9362974,6,2.5.3,684.2096557617188,684.2150269583809,True,647.869873046875,5371.196677367891,10.434485110046666,162579520,macOS-26.7.1-arm64-arm-64bit-Mach-O,3.14.7,True,615.5994873046875,20261009T001006Z,1.18.1,0,2140499,2089851,3761568,2091630,22.861315218861016,77.13868478113899,0.3295898750075139,0.3276744159957161,0.3274573340022471,0.0019282919965917245,2670,2630,2500.0,1170,630,32.487355171453586,2026-10-09T00:10:07+00:00,parallel,3,"block mean, streamed in bands, NaN-aware, any void -> void",0.6424153645833334,p04,4.0715950545354485,1477.1543588941543,1.3600247024627647,0.9986339718172351,0.24054747905533838,1.5491448748249972,1.5491431837570213,1.4793054589972598,0.18114485963156463
X7,win3840_k3_c1_d3,win3840_k3_c1_d3__win2__full_grid__climb_tiebreak__native,idrija_win3840_k3_c1,dem,full_grid,,climb_tiebreak,native,win2,win,0.0,1,height_tiebreak,0,nan,14640,3840,idrija_win3840_k3,9420,3840,process,article-2026,True,0fc96e99b9a09a800a7e28c9437774072ad2cf51,3840,3840,5.266761999999289,4.982512621643375,153,13667,34048,3,main,13667,9362974,3284,9362974,6,2.5.3,477.03338623046875,477.03742019964494,True,227.581787109375,4033.9691885824222,9.429760933967335,162765232,macOS-26.7.1-arm64-arm-64bit-Mach-O,3.14.7,True,615.5994873046875,20261009T001006Z,1.18.1,0,9362974,7882110,14533066,7889000,100.0,0.0,1.6281849579972913,1.6104749999940395,1.608601166997687,0.0,2730,3130,2360.3389587091087,2690,770,32.487355171453586,2026-10-09T00:10:07+00:00,parallel,3,"block mean, streamed in bands, NaN-aware, any void -> void",0.6424153645833334,p04,,,,,,,,,
X7,win3840_k3_c1_d3,win3840_k3_c1_d3__win2__hag_cta__shared_border__climb_tiebreak__native,idrija_win3840_k3_c1,dem,hag_cta,shared_border,climb_tiebreak,native,win2,win,0.7563707910012454,1,height_tiebreak,44,2.0,14640,3840,idrija_win3840_k3,9420,3840,process,article-2026,True,0fc96e99b9a09a800a7e28c9437774072ad2cf51,3840,3840,5.266761999999289,4.982512621643375,153,13667,34048,3,main,45,381497,4296,9362974,6,2.5.3,648.0004272460938,648.0056248174309,True,296.61023342179357,5197.571352410975,12.178909866894658,162505104,macOS-26.7.1-arm64-arm-64bit-Mach-O,3.14.7,True,615.5994873046875,20261009T001006Z,1.18.1,0,381497,324684,569077,325008,4.074528029235156,95.92547197076485,0.05000000000291038,0.04954287500004284,0.04949104100523982,0.0019052910065511242,2730,3130,2360.3389587091087,2690,770,32.487355171453586,2026-10-09T00:10:07+00:00,parallel,3,"block mean, streamed in bands, NaN-aware, any void -> void",0.6424153645833334,p04,3.8633926367998854,557.4271252818614,1.2884509299480928,0.9984018208507822,0.041192523321800886,1.3583963847197602,1.3583957932403585,1.5590268339874456,0.03076289604012866
X7,win3840_k3_c1_d3,win3840_k3_c1_d3__win2__hag_cta_ring1__shared_border__climb_tiebreak__native,idrija_win3840_k3_c1,dem,hag_cta_ring1,shared_border,climb_tiebreak,native,win2,win,0.7563707910012454,1,height_tiebreak,44,2.0,14640,3840,idrija_win3840_k3,9420,3840,process,article-2026,True,0fc96e99b9a09a800a7e28c9437774072ad2cf51,3840,3840,5.266761999999289,4.982512621643375,153,13667,34048,3,main,448,967431,3965,9362974,6,2.5.3,564.4898071289062,564.4945995560163,True,311.2366059891838,4792.427124746191,11.94653496155356,162503824,macOS-26.7.1-arm64-arm-64bit-Mach-O,3.14.7,True,615.5994873046875,20261009T001006Z,1.18.1,0,967431,890430,1590095,890830,10.332518278914371,89.66748172108564,0.14033104199916124,0.1378516669938108,0.13771420800185297,0.0019659999961731955,2730,3130,2360.3389587091087,2690,770,32.487355171453586,2026-10-09T00:10:07+00:00,parallel,3,"block mean, streamed in bands, NaN-aware, any void -> void",0.6424153645833334,p04,4.095537863124996,532.3692327698888,1.1880177811745505,0.9983939567634444,0.11296848178977456,1.1833339624077899,1.1833340020155434,1.4706573330040555,0.0855968996689306
X7,win3840_k3_c1_d3,win3840_k3_c1_d3__win3__full_grid__climb_tiebreak__native,idrija_win3840_k3_c1,dem,full_grid,,climb_tiebreak,native,win3,win,0.0,1,height_tiebreak,0,nan,14640,3840,idrija_win3840_k3,9420,3840,process,article-2026,True,0fc96e99b9a09a800a7e28c9437774072ad2cf51,3840,3840,5.266761999999289,4.982512621643375,153,13667,34048,3,main,13667,9362974,2075,9362974,6,2.5.3,343.88232421875,343.88494580907286,True,3679.522705078125,2621.5903294572317,11.124500608666468,162729392,macOS-26.7.1-arm64-arm-64bit-Mach-O,3.14.7,True,615.5994873046875,20261009T001006Z,1.18.1,0,9362974,7114864,13135271,7126873,100.0,0.0,1.4975030829955358,1.4825752090109745,1.4802672910009278,0.0,2170,1650,1761.476653265663,1790,3370,32.487355171453586,2026-10-09T00:10:07+00:00,parallel,3,"block mean, streamed in bands, NaN-aware, any void -> void",0.6424153645833334,p04,,,,,,,,,
X7,win3840_k3_c1_d3,win3840_k3_c1_d3__win3__hag_cta__shared_border__climb_tiebreak__native,idrija_win3840_k3_c1,dem,hag_cta,shared_border,climb_tiebreak,native,win3,win,0.7563707910012454,1,height_tiebreak,45,2.0,14640,3840,idrija_win3840_k3,9420,3840,process,article-2026,True,0fc96e99b9a09a800a7e28c9437774072ad2cf51,3840,3840,5.266761999999289,4.982512621643375,153,13667,34048,3,main,46,323423,3286,9362974,6,2.5.3,438.86279296875,438.86677509016465,True,2195.2290571083463,3982.1214254739193,8.701860128548878,162439704,macOS-26.7.1-arm64-arm-64bit-Mach-O,3.14.7,True,615.5994873046875,20261009T001006Z,1.18.1,0,323423,314851,552686,315234,3.4542763869684996,96.5457236130315,0.04662295799062122,0.04643079200468492,0.04637537500821054,0.0018579159950604662,2170,1650,1761.476653265663,1790,3370,32.487355171453586,2026-10-09T00:10:07+00:00,parallel,3,"block mean, streamed in bands, NaN-aware, any void -> void",0.6424153645833334,p04,4.199393068786457,445.28642467517466,1.5189716641571411,0.9982198175975487,0.04425256758245836,1.276200496683805,1.276202347438106,1.4342865010112291,0.0313176638341733
X7,win3840_k3_c1_d3,win3840_k3_c1_d3__win3__hag_cta_ring1__shared_border__climb_tiebreak__native,idrija_win3840_k3_c1,dem,hag_cta_ring1,shared_border,climb_tiebreak,native,win3,win,0.7563707910012454,1,height_tiebreak,45,2.0,14640,3840,idrija_win3840_k3,9420,3840,process,article-2026,True,0fc96e99b9a09a800a7e28c9437774072ad2cf51,3840,3840,5.266761999999289,4.982512621643375,153,13667,34048,3,main,725,559054,2856,9362974,6,2.5.3,405.65380859375,405.6573458034777,True,2195.2290571083463,3537.209737228488,8.93067264672436,162421592,macOS-26.7.1-arm64-arm-64bit-Mach-O,3.14.7,True,615.5994873046875,20261009T001006Z,1.18.1,0,559054,547064,976132,547667,5.9709019805032035,94.02909801949679,0.08289383401279338,0.08075199999439064,0.0806589999992866,0.0018766249995678663,2170,1650,1761.476653265663,1790,3370,32.487355171453586,2026-10-09T00:10:07+00:00,parallel,3,"block mean, streamed in bands, NaN-aware, any void -> void",0.6424153645833334,p04,4.302401862875166,445.28642467517466,1.3492610563454528,0.9981085162537816,0.07689029614620883,1.1796297164017828,1.1796310095781317,1.399946584017016,0.054467388570634656
X7,win3840_k3_c20_d3,win3840_k3_c20_d3__win1__full_grid__climb_tiebreak__native,idrija_win3840_k3_c20,dem,full_grid,,climb_tiebreak,native,win1,win,0.0,20,height_tiebreak,0,nan,14640,3840,idrija_win3840_k3,9420,3840,process,article-2026,True,0fc96e99b9a09a800a7e28c9437774072ad2cf51,192,192,0.0740254160045879,7.728737594707075,79,9371,36213,3,main,9371,23298,144,23298,6,2.5.3,332.8192880249022,332.8226450811776,True,46.71749649047854,3357.056274847714,14.153083223565348,433040,macOS-26.7.1-arm64-arm-64bit-Mach-O,3.14.7,True,612.1369875335693,20261009T001006Z,1.18.1,0,23298,21640,40330,21808,100.0,0.0,0.0038301250024233013,0.0037402919988380745,0.003199458005838096,0.0,133,131,2500.0,58,31,28.69447348818127,2026-10-09T00:11:04+00:00,parallel,3,"block mean, streamed in bands, NaN-aware, any void -> void",0.6424153645833334,p04,,,,,,,,,
X7,win3840_k3_c20_d3,win3840_k3_c20_d3__win1__hag_cta__shared_border__climb_tiebreak__native,idrija_win3840_k3_c20,dem,hag_cta,shared_border,climb_tiebreak,native,win1,win,0.009467458992730826,20,height_tiebreak,73,40.0,14640,3840,idrija_win3840_k3,9420,3840,process,article-2026,True,0fc96e99b9a09a800a7e28c9437774072ad2cf51,192,192,0.0740254160045879,7.728737594707075,79,9371,36213,3,main,74,548,207,23298,6,2.5.3,388.0603952026364,388.0655010309157,True,38.25667901816837,5105.828278447968,14.145871507261493,418632,macOS-26.7.1-arm64-arm-64bit-Mach-O,3.14.7,True,612.1369875335693,20261009T001006Z,1.18.1,0,548,547,676,547,2.352133230320199,97.64786676967981,0.00023200000578071922,0.00014999999257270247,0.00013112500892020762,0.0018597080052131787,133,131,2500.0,58,31,28.69447348818127,2026-10-09T00:11:04+00:00,parallel,3,"block mean, streamed in bands, NaN-aware, any void -> void",0.6424153645833334,p04,48.24549108656681,410.3656905736638,1.520924244464619,0.9667282468132274,0.025277264325323474,1.165979284150145,1.165982864345856,0.0017305840010521933,0.04010381879791741
X7,win3840_k3_c20_d3,win3840_k3_c20_d3__win1__hag_cta_ring1__shared_border__climb_tiebreak__native,idrija_win3840_k3_c20,dem,hag_cta_ring1,shared_border,climb_tiebreak,native,win1,win,0.009467458992730826,20,height_tiebreak,73,40.0,14640,3840,idrija_win3840_k3,9420,3840,process,article-2026,True,0fc96e99b9a09a800a7e28c9437774072ad2cf51,192,192,0.0740254160045879,7.728737594707075,79,9371,36213,3,main,380,1951,176,23298,6,2.5.3,344.2664678955081,344.27064720575106,True,45.33453294468835,4179.310242291876,14.164955648190915,417728,macOS-26.7.1-arm64-arm-64bit-Mach-O,3.14.7,True,612.1369875335693,20261009T001006Z,1.18.1,0,1951,1930,3310,1947,8.374109365610781,91.62589063438922,0.00035445799585431814,0.0002512500068405643,0.00020108399621676654,0.0018560409953352064,133,131,2500.0,58,31,28.69447348818127,2026-10-09T00:11:04+00:00,parallel,3,"block mean, streamed in bands, NaN-aware, any void -> void",0.6424153645833334,p04,51.12848992007359,382.099463490856,1.2449330306449695,0.964640679844818,0.08918669131238448,1.0343945807303974,1.034396704352197,0.0016330009966623038,0.06717390164153371
X7,win3840_k3_c20_d3,win3840_k3_c20_d3__win2__full_grid__climb_tiebreak__native,idrija_win3840_k3_c20,dem,full_grid,,climb_tiebreak,native,win2,win,0.0,20,height_tiebreak,0,nan,14640,3840,idrija_win3840_k3,9420,3840,process,article-2026,True,0fc96e99b9a09a800a7e28c9437774072ad2cf51,192,192,0.0740254160045879,7.728737594707075,79,9371,36213,3,main,9371,23298,164,23298,6,2.5.3,306.3069277954103,306.3108753899244,True,45.519856262206986,3947.594513539338,14.220046673048879,430320,macOS-26.7.1-arm64-arm-64bit-Mach-O,3.14.7,True,612.1369875335693,20261009T001006Z,1.18.1,0,23298,17823,33733,18216,100.0,0.0,0.003205166998668574,0.002889374998630956,0.0028875830030301586,0.0,136,156,2360.3389587091087,134,38,28.69447348818127,2026-10-09T00:11:04+00:00,parallel,3,"block mean, streamed in bands, NaN-aware, any void -> void",0.6424153645833334,p04,,,,,,,,,
X7,win3840_k3_c20_d3,win3840_k3_c20_d3__win2__hag_cta__shared_border__climb_tiebreak__native,idrija_win3840_k3_c20,dem,hag_cta,shared_border,climb_tiebreak,native,win2,win,0.009467458992730826,20,height_tiebreak,62,40.0,14640,3840,idrija_win3840_k3,9420,3840,process,article-2026,True,0fc96e99b9a09a800a7e28c9437774072ad2cf51,192,192,0.0740254160045879,7.728737594707075,79,9371,36213,3,main,63,366,187,23298,6,2.5.3,345.35895172119103,345.3634835797739,True,42.77540219813081,4531.858582251267,14.149229623023084,416792,macOS-26.7.1-arm64-arm-64bit-Mach-O,3.14.7,True,612.1369875335693,20261009T001006Z,1.18.1,0,366,363,409,363,1.5709502961627608,98.42904970383724,0.0002454579953337088,0.00016141601372510195,0.0001236669922946021,0.0019614579941844568,136,156,2360.3389587091087,134,38,28.69447348818127,2026-10-09T00:11:04+00:00,parallel,3,"block mean, streamed in bands, NaN-aware, any void -> void",0.6424153645833334,p04,108.92728908117769,141.4213562373095,1.1480050868213636,0.9685629299126232,0.020366941592324526,1.127493113547417,1.1274933778963505,0.0007665009907213971,0.055865373584800905
X7,win3840_k3_c20_d3,win3840_k3_c20_d3__win2__hag_cta_ring1__shared_border__climb_tiebreak__native,idrija_win3840_k3_c20,dem,hag_cta_ring1,shared_border,climb_tiebreak,native,win2,win,0.009467458992730826,20,height_tiebreak,62,40.0,14640,3840,idrija_win3840_k3,9420,3840,process,article-2026,True,0fc96e99b9a09a800a7e28c9437774072ad2cf51,192,192,0.0740254160045879,7.728737594707075,79,9371,36213,3,main,394,1478,173,23298,6,2.5.3,314.36718963623,314.3713752206429,True,40.95809266998154,4185.584412271572,14.144193382801678,416864,macOS-26.7.1-arm64-arm-64bit-Mach-O,3.14.7,True,612.1369875335693,20261009T001006Z,1.18.1,0,1478,1457,2356,1471,6.343892179586231,93.65610782041377,0.00031712499912828207,0.00019866699585691094,0.0001636669912841171,0.0019972500012954697,136,156,2360.3389587091087,134,38,28.69447348818127,2026-10-09T00:11:04+00:00,parallel,3,"block mean, streamed in bands, NaN-aware, any void -> void",0.6424153645833334,p04,120.40076662075734,128.06248474865697,1.060287321282868,0.9687302472578546,0.0817483027548673,1.026314330853801,1.026314768682169,0.0006934580014785752,0.06875777493438663
X7,win3840_k3_c20_d3,win3840_k3_c20_d3__win3__full_grid__climb_tiebreak__native,idrija_win3840_k3_c20,dem,full_grid,,climb_tiebreak,native,win3,win,0.0,20,height_tiebreak,0,nan,14640,3840,idrija_win3840_k3,9420,3840,process,article-2026,True,0fc96e99b9a09a800a7e28c9437774072ad2cf51,192,192,0.0740254160045879,7.728737594707075,79,9371,36213,3,main,9371,23298,89,23298,6,2.5.3,220.2896192932128,220.2919012023017,True,223.12250282650393,2281.9090885901,14.154086630989822,429384,macOS-26.7.1-arm64-arm-64bit-Mach-O,3.14.7,True,612.1369875335693,20261009T001006Z,1.18.1,0,23298,14902,27738,15487,100.0,0.0,0.00225575000513345,0.0021231249993434176,0.0020458340004552156,0.0,108,82,1761.476653265663,89,168,28.69447348818127,2026-10-09T00:11:04+00:00,parallel,3,"block mean, streamed in bands, NaN-aware, any void -> void",0.6424153645833334,p04,,,,,,,,,
X7,win3840_k3_c20_d3,win3840_k3_c20_d3__win3__hag_cta__shared_border__climb_tiebreak__native,idrija_win3840_k3_c20,dem,hag_cta,shared_border,climb_tiebreak,native,win3,win,0.009467458992730826,20,height_tiebreak,32,40.0,14640,3840,idrija_win3840_k3,9420,3840,process,article-2026,True,0fc96e99b9a09a800a7e28c9437774072ad2cf51,192,192,0.0740254160045879,7.728737594707075,79,9371,36213,3,main,33,215,134,23298,6,2.5.3,277.6806501770018,277.6838238018197,True,223.12250282650393,3173.624817342638,14.15849496936409,413064,macOS-26.7.1-arm64-arm-64bit-Mach-O,3.14.7,True,612.1369875335693,20261009T001006Z,1.18.1,0,215,210,222,211,0.9228259936475234,99.07717400635248,0.00013954199675936252,9.358300303574651e-05,8.562499715480953e-05,0.0018053340027108788,108,82,1761.476653265663,89,168,28.69447348818127,2026-10-09T00:11:04+00:00,parallel,3,"block mean, streamed in bands, NaN-aware, any void -> void",0.6424153645833334,p04,372.3902687763639,280.0,1.3907761852613914,0.9619920630484601,0.014092068178767951,1.2605253532505296,1.2605267024628972,0.00022420799359679222,0.04407795257683242
X7,win3840_k3_c20_d3,win3840_k3_c20_d3__win3__hag_cta_ring1__shared_border__climb_tiebreak__native,idrija_win3840_k3_c20,dem,hag_cta_ring1,shared_border,climb_tiebreak,native,win3,win,0.009467458992730826,20,height_tiebreak,32,40.0,14640,3840,idrija_win3840_k3,9420,3840,process,article-2026,True,0fc96e99b9a09a800a7e28c9437774072ad2cf51,192,192,0.0740254160045879,7.728737594707075,79,9371,36213,3,main,201,1041,99,23298,6,2.5.3,227.93034286499028,227.93279163699424,True,223.12250282650393,2448.7720036002524,14.165172410996067,412616,macOS-26.7.1-arm64-arm-64bit-Mach-O,3.14.7,True,612.1369875335693,20261009T001006Z,1.18.1,0,1041,1008,1644,1022,4.46819469482359,95.5318053051764,0.00020245900668669492,0.00012799999967683107,0.00011320899648126215,0.0018707919953158125,108,82,1761.476653265663,89,168,28.69447348818127,2026-10-09T00:11:04+00:00,parallel,3,"block mean, streamed in bands, NaN-aware, any void -> void",0.6424153645833334,p04,671.5262406252549,240.8318915758459,1.0731242606659892,0.960948707916457,0.06764192725808617,1.0346849007061354,1.0346852988829383,0.000124333004350774,0.060288489710410564
X7,win3840_k3_c3_d3,win3840_k3_c3_d3__win1__full_grid__climb_tiebreak__native,idrija_win3840_k3_c3,dem,full_grid,,climb_tiebreak,native,win1,win,0.0,3,height_tiebreak,0,nan,14640,3840,idrija_win3840_k3,9420,3840,process,article-2026,True,0fc96e99b9a09a800a7e28c9437774072ad2cf51,1280,1280,1.2455552500032354,6.029182879377432,119,10280,30990,3,main,10280,1039952,1061,1039952,6,2.5.3,382.98442247178775,382.9882287626905,True,264.1135771050547,3806.2909063081206,10.955040124947162,18216808,macOS-26.7.1-arm64-arm-64bit-Mach-O,3.14.7,True,614.8768378363716,20261009T001006Z,1.18.1,0,1039952,964500,1774445,966017,100.0,0.0,0.17328299999644514,0.17146000001230277,0.1709078749991022,0.0,890,876,2500.0,390,210,31.574354256005005,2026-10-09T00:10:44+00:00,parallel,3,"block mean, streamed in bands, NaN-aware, any void -> void",0.6424153645833334,p06,,,,,,,,,
X7,win3840_k3_c3_d3,win3840_k3_c3_d3__win1__hag_cta__shared_border__climb_tiebreak__native,idrija_win3840_k3_c3,dem,hag_cta,shared_border,climb_tiebreak,native,win1,win,0.20677791700290982,3,height_tiebreak,99,12.0,14640,3840,idrija_win3840_k3,9420,3840,process,article-2026,True,0fc96e99b9a09a800a7e28c9437774072ad2cf51,1280,1280,1.2455552500032354,6.029182879377432,119,10280,30990,3,main,100,92964,1305,1039952,6,2.5.3,459.1892971462672,459.19383543716697,True,260.5629217840346,4538.290906308121,9.559605174362549,18119560,macOS-26.7.1-arm64-arm-64bit-Mach-O,3.14.7,True,614.8768378363716,20261009T001006Z,1.18.1,0,92964,92148,168055,92340,8.939258735018539,91.06074126498146,0.012898375003715046,0.012739749989123084,0.012575707994983532,0.001603457989403978,890,876,2500.0,390,210,31.574354256005005,2026-10-09T00:10:44+00:00,parallel,3,"block mean, streamed in bands, NaN-aware, any void -> void",0.6424153645833334,p06,9.24365338807283,230.70760715676457,1.192313204118704,0.9946616333662845,0.09553965785381026,1.198976434035233,1.1989763678133707,0.1571167920337757,0.07430158630706268
X7,win3840_k3_c3_d3,win3840_k3_c3_d3__win1__hag_cta_ring1__shared_border__climb_tiebreak__native,idrija_win3840_k3_c3,dem,hag_cta_ring1,shared_border,climb_tiebreak,native,win1,win,0.20677791700290982,3,height_tiebreak,99,6.0,14640,3840,idrija_win3840_k3,9420,3840,process,article-2026,True,0fc96e99b9a09a800a7e28c9437774072ad2cf51,1280,1280,1.2455552500032354,6.029182879377432,119,10280,30990,3,main,456,172886,1077,1039952,6,2.5.3,385.859395345051,385.86324218010975,True,260.5629217840346,3846.8350621854047,11.050969885172742,18113608,macOS-26.7.1-arm64-arm-64bit-Mach-O,3.14.7,True,614.8768378363716,20261009T001006Z,1.18.1,0,172886,168313,311394,168777,16.624421127128944,83.37557887287106,0.024014166003325954,0.023829124998883344,0.023351958006969653,0.0016786250052973628,890,876,2500.0,390,210,31.574354256005005,2026-10-09T00:10:44+00:00,parallel,3,"block mean, streamed in bands, NaN-aware, any void -> void",0.6424153645833334,p06,9.950741882535723,138.19551367537227,1.0106518804987004,0.9943349021409239,0.1745080352514256,1.0075067619061582,1.007506793163611,0.14595225000812206,0.13897774989603134
X7,win3840_k3_c3_d3,win3840_k3_c3_d3__win2__full_grid__climb_tiebreak__native,idrija_win3840_k3_c3,dem,full_grid,,climb_tiebreak,native,win2,win,0.0,3,height_tiebreak,0,nan,14640,3840,idrija_win3840_k3,9420,3840,process,article-2026,True,0fc96e99b9a09a800a7e28c9437774072ad2cf51,1280,1280,1.2455552500032354,6.029182879377432,119,10280,30990,3,main,10280,1039952,1267,1039952,6,2.5.3,390.5310194227428,390.5357133666751,True,144.34173946852837,4693.943935413005,9.438144042396614,18222616,macOS-26.7.1-arm64-arm-64bit-Mach-O,3.14.7,True,614.8768378363716,20261009T001006Z,1.18.1,0,1039952,835273,1550329,838177,100.0,0.0,0.15137666699592955,0.14548616598767694,0.14391837498988025,0.0,910,1043,2360.3389587091087,896,256,31.574354256005005,2026-10-09T00:10:44+00:00,parallel,3,"block mean, streamed in bands, NaN-aware, any void -> void",0.6424153645833334,p06,,,,,,,,,
X7,win3840_k3_c3_d3,win3840_k3_c3_d3__win2__hag_cta__shared_border__climb_tiebreak__native,idrija_win3840_k3_c3,dem,hag_cta,shared_border,climb_tiebreak,native,win2,win,0.20677791700290982,3,height_tiebreak,45,6.0,14640,3840,idrija_win3840_k3,9420,3840,process,article-2026,True,0fc96e99b9a09a800a7e28c9437774072ad2cf51,1280,1280,1.2455552500032354,6.029182879377432,119,10280,30990,3,main,46,12305,1355,1039952,6,2.5.3,573.4114583333356,573.4163491746677,True,107.30674047523222,4890.8413383085635,9.432916365041043,18112584,macOS-26.7.1-arm64-arm-64bit-Mach-O,3.14.7,True,614.8768378363716,20261009T001006Z,1.18.1,0,12305,11390,18413,11455,1.1832276874317276,98.81677231256828,0.0023555419902550057,0.0021664999949280173,0.002084416992147453,0.0015134170098463073,910,1043,2360.3389587091087,896,256,31.574354256005005,2026-10-09T00:10:44+00:00,parallel,3,"block mean, streamed in bands, NaN-aware, any void -> void",0.6424153645833334,p06,10.241672545624214,582.9348162530696,1.0419471143253511,0.9939617890208519,0.013636260240663832,1.4682865888115997,1.4682814645335278,0.14180624898290262,0.014891450195419443
X7,win3840_k3_c3_d3,win3840_k3_c3_d3__win2__hag_cta_ring1__shared_border__climb_tiebreak__native,idrija_win3840_k3_c3,dem,hag_cta_ring1,shared_border,climb_tiebreak,native,win2,win,0.20677791700290982,3,height_tiebreak,45,6.0,14640,3840,idrija_win3840_k3,9420,3840,process,article-2026,True,0fc96e99b9a09a800a7e28c9437774072ad2cf51,1280,1280,1.2455552500032354,6.029182879377432,119,10280,30990,3,main,329,41264,1277,1039952,6,2.5.3,474.1321072048621,474.136778957884,True,97.37456026422709,4671.753026553995,9.434502438947074,18112000,macOS-26.7.1-arm64-arm-64bit-Mach-O,3.14.7,True,614.8768378363716,20261009T001006Z,1.18.1,0,41264,36615,62809,36728,3.9678754404049417,96.03212455959506,0.005537832999834791,0.005212999996729195,0.005120165995322168,0.0015994999994290993,910,1043,2360.3389587091087,896,256,31.574354256005005,2026-10-09T00:10:44+00:00,parallel,3,"block mean, streamed in bands, NaN-aware, any void -> void",0.6424153645833334,p06,10.473027857322029,582.9348162530696,0.9952724384516839,0.9939297409329154,0.04383596740227447,1.214070287952268,1.2140676581675787,0.13867366599151865,0.03583158550738597
X7,win3840_k3_c3_d3,win3840_k3_c3_d3__win3__full_grid__climb_tiebreak__native,idrija_win3840_k3_c3,dem,full_grid,,climb_tiebreak,native,win3,win,0.0,3,height_tiebreak,0,nan,14640,3840,idrija_win3840_k3,9420,3840,process,article-2026,True,0fc96e99b9a09a800a7e28c9437774072ad2cf51,1280,1280,1.2455552500032354,6.029182879377432,119,10280,30990,3,main,10280,1039952,687,1039952,6,2.5.3,286.22151692708405,286.2241341153945,True,876.0582240976148,2617.1883092036787,12.090528823750205,18205456,macOS-26.7.1-arm64-arm-64bit-Mach-O,3.14.7,True,614.8768378363716,20261009T001006Z,1.18.1,0,1039952,717130,1328381,721170,100.0,0.0,0.1242329160013469,0.12410395800543483,0.1233524160052184,0.0,723,550,1761.476653265663,596,1123,31.574354256005005,2026-10-09T00:10:44+00:00,parallel,3,"block mean, streamed in bands, NaN-aware, any void -> void",0.6424153645833334,p06,,,,,,,,,
X7,win3840_k3_c3_d3,win3840_k3_c3_d3__win3__hag_cta__shared_border__climb_tiebreak__native,idrija_win3840_k3_c3,dem,hag_cta,shared_border,climb_tiebreak,native,win3,win,0.20677791700290982,3,height_tiebreak,43,6.0,14640,3840,idrija_win3840_k3,9420,3840,process,article-2026,True,0fc96e99b9a09a800a7e28c9437774072ad2cf51,1280,1280,1.2455552500032354,6.029182879377432,119,10280,30990,3,main,44,31431,1100,1039952,6,2.5.3,359.9853244357645,359.9893806892244,True,819.6564647369806,4056.253459829883,10.114573876997033,18100280,macOS-26.7.1-arm64-arm-64bit-Mach-O,3.14.7,True,614.8768378363716,20261009T001006Z,1.18.1,0,31431,30606,54409,30725,3.0223510315860733,96.97764896841393,0.0046098750026430935,0.00442641599511262,0.004373207993921824,0.0015402499993797392,723,550,1761.476653265663,596,1123,31.574354256005005,2026-10-09T00:10:44+00:00,parallel,3,"block mean, streamed in bands, NaN-aware, any void -> void",0.6424153645833334,p06,12.293604688954803,404.85552978809613,1.549851589037574,0.9942228307821568,0.0426784543946007,1.2577158010362723,1.2577184722798063,0.11813729201094247,0.03566700100667842
X7,win3840_k3_c3_d3,win3840_k3_c3_d3__win3__hag_cta_ring1__shared_border__climb_tiebreak__native,idrija_win3840_k3_c3,dem,hag_cta_ring1,shared_border,climb_tiebreak,native,win3,win,0.20677791700290982,3,height_tiebreak,43,6.0,14640,3840,idrija_win3840_k3,9420,3840,process,article-2026,True,0fc96e99b9a09a800a7e28c9437774072ad2cf51,1280,1280,1.2455552500032354,6.029182879377432,119,10280,30990,3,main,387,65963,721,1039952,6,2.5.3,289.7790798611119,289.781808990548,True,876.0582240976148,2729.1294347006333,10.291645437645718,18086192,macOS-26.7.1-arm64-arm-64bit-Mach-O,3.14.7,True,614.8768378363716,20261009T001006Z,1.18.1,0,65963,56721,103621,57012,6.3428889025647335,93.65711109743526,0.008469499996863306,0.008436250005615875,0.008014209000975825,0.0015688749990658835,723,550,1761.476653265663,596,1123,31.574354256005005,2026-10-09T00:10:44+00:00,parallel,3,"block mean, streamed in bands, NaN-aware, any void -> void",0.6424153645833334,p06,12.72872937268832,66.06814663663572,1.0427715212937867,0.9934489968282035,0.07909444591636106,1.0124294042328554,1.0124296816763856,0.11409883300075307,0.06797728405444112
X7,win3840_k3_c5_d3,win3840_k3_c5_d3__win1__full_grid__climb_tiebreak__native,idrija_win3840_k3_c5,dem,full_grid,,climb_tiebreak,native,win1,win,0.0,5,height_tiebreak,0,nan,14640,3840,idrija_win3840_k3,9420,3840,process,article-2026,True,0fc96e99b9a09a800a7e28c9437774072ad2cf51,768,768,0.6468259999965085,6.845678144764582,109,14230,48707,3,main,14230,374356,647,374356,6,2.5.3,360.24022216796834,360.2440527776292,True,105.67762634880486,3830.609665440988,9.597897403644069,6608920,macOS-26.7.1-arm64-arm-64bit-Mach-O,3.14.7,True,614.62765625,20261009T001006Z,1.18.1,0,374356,346654,644158,347609,100.0,0.0,0.06860849999065977,0.06099916699167807,0.05798070799210109,0.0,534,526,2500.0,234,126,31.051058699774213,2026-10-09T00:10:57+00:00,parallel,3,"block mean, streamed in bands, NaN-aware, any void -> void",0.6424153645833334,p05,,,,,,,,,
X7,win3840_k3_c5_d3,win3840_k3_c5_d3__win1__hag_cta__shared_border__climb_tiebreak__native,idrija_win3840_k3_c5,dem,hag_cta,shared_border,climb_tiebreak,native,win1,win,0.08482658299908508,5,height_tiebreak,101,10.0,14640,3840,idrija_win3840_k3,9420,3840,process,article-2026,True,0fc96e99b9a09a800a7e28c9437774072ad2cf51,768,768,0.6468259999965085,6.845678144764582,109,14230,48707,3,main,102,23234,930,374356,6,2.5.3,480.58579345703106,480.5913145187056,True,129.9142982278431,5521.061684419096,9.46060247744781,6552320,macOS-26.7.1-arm64-arm-64bit-Mach-O,3.14.7,True,614.62765625,20261009T001006Z,1.18.1,0,23234,22984,40347,23124,6.206391776811377,93.79360822318861,0.004465457997866906,0.003238334000343457,0.0030702919902978465,0.002823875009198673,534,526,2500.0,234,126,31.051058699774213,2026-10-09T00:10:57+00:00,parallel,3,"block mean, streamed in bands, NaN-aware, any void -> void",0.6424153645833334,p05,13.318039619767585,590.0,1.441301037333309,0.9914358170472634,0.06630242258851765,1.3340703338589146,1.3340714740830548,0.05493695798213594,0.05308816759391572
X7,win3840_k3_c5_d3,win3840_k3_c5_d3__win1__hag_cta_ring1__shared_border__climb_tiebreak__native,idrija_win3840_k3_c5,dem,hag_cta_ring1,shared_border,climb_tiebreak,native,win1,win,0.08482658299908508,5,height_tiebreak,101,10.0,14640,3840,idrija_win3840_k3,9420,3840,process,article-2026,True,0fc96e99b9a09a800a7e28c9437774072ad2cf51,768,768,0.6468259999965085,6.845678144764582,109,14230,48707,3,main,464,53222,738,374356,6,2.5.3,382.82013916015603,382.82448483078196,True,155.4649902343749,4345.670631985087,10.960230912521222,6545584,macOS-26.7.1-arm64-arm-64bit-Mach-O,3.14.7,True,614.62765625,20261009T001006Z,1.18.1,0,53222,51981,95657,52159,14.21694857301606,85.78305142698395,0.007171124991145916,0.006821207993198186,0.006716584000969306,0.002288374991621822,534,526,2500.0,234,126,31.051058699774213,2026-10-09T00:10:57+00:00,parallel,3,"block mean, streamed in bands, NaN-aware, any void -> void",0.6424153645833334,p05,14.100182088545818,438.092455995307,1.1344592666778028,0.990416588489496,0.14995067127452733,1.0626801661854943,1.0626809294394963,0.05188958400685806,0.111824608918492
X7,win3840_k3_c5_d3,win3840_k3_c5_d3__win2__full_grid__climb_tiebreak__native,idrija_win3840_k3_c5,dem,full_grid,,climb_tiebreak,native,win2,win,0.0,5,height_tiebreak,0,nan,14640,3840,idrija_win3840_k3,9420,3840,process,article-2026,True,0fc96e99b9a09a800a7e28c9437774072ad2cf51,768,768,0.6468259999965085,6.845678144764582,109,14230,48707,3,main,14230,374356,744,374356,6,2.5.3,360.0521386718749,360.0567587285045,True,114.8943558265306,4620.056633785214,10.783014175010548,6605760,macOS-26.7.1-arm64-arm-64bit-Mach-O,3.14.7,True,614.62765625,20261009T001006Z,1.18.1,0,374356,298137,558075,299964,100.0,0.0,0.04838166700210422,0.04791233300056774,0.04768483299994841,0.0,546,626,2360.3389587091087,538,154,31.051058699774213,2026-10-09T00:10:57+00:00,parallel,3,"block mean, streamed in bands, NaN-aware, any void -> void",0.6424153645833334,p05,,,,,,,,,
X7,win3840_k3_c5_d3,win3840_k3_c5_d3__win2__hag_cta__shared_border__climb_tiebreak__native,idrija_win3840_k3_c5,dem,hag_cta,shared_border,climb_tiebreak,native,win2,win,0.08482658299908508,5,height_tiebreak,61,10.0,14640,3840,idrija_win3840_k3,9420,3840,process,article-2026,True,0fc96e99b9a09a800a7e28c9437774072ad2cf51,768,768,0.6468259999965085,6.845678144764582,109,14230,48707,3,main,62,5137,877,374356,6,2.5.3,583.7884423828125,583.7937999268103,True,99.27430488206187,5357.544007200505,9.452611053536785,6546024,macOS-26.7.1-arm64-arm-64bit-Mach-O,3.14.7,True,614.62765625,20261009T001006Z,1.18.1,0,5137,5032,7677,5043,1.3722232313626601,98.62777676863735,0.001265375001821667,0.0010458330070832744,0.0009540830069454387,0.0021967089996905997,546,626,2360.3389587091087,538,154,31.051058699774213,2026-10-09T00:10:57+00:00,parallel,3,"block mean, streamed in bands, NaN-aware, any void -> void",0.6424153645833334,p05,16.379136027236946,631.4467515159137,1.1596273448299848,0.9909569829966575,0.01687814662386755,1.6213997354278582,1.6213938102103822,0.04466979099379387,0.021828054314760287
X7,win3840_k3_c5_d3,win3840_k3_c5_d3__win2__hag_cta_ring1__shared_border__climb_tiebreak__native,idrija_win3840_k3_c5,dem,hag_cta_ring1,shared_border,climb_tiebreak,native,win2,win,0.08482658299908508,5,height_tiebreak,61,10.0,14640,3840,idrija_win3840_k3,9420,3840,process,article-2026,True,0fc96e99b9a09a800a7e28c9437774072ad2cf51,768,768,0.6468259999965085,6.845678144764582,109,14230,48707,3,main,447,16310,735,374356,6,2.5.3,447.6188574218763,447.6234055546221,True,87.48233255822436,4548.132752230962,11.038176513885556,6540288,macOS-26.7.1-arm64-arm-64bit-Mach-O,3.14.7,True,614.62765625,20261009T001006Z,1.18.1,0,16310,15541,26737,15611,4.356815437711697,95.64318456228831,0.002340500010177493,0.0022852080001030117,0.002253790997201577,0.0026947920123348013,546,626,2360.3389587091087,538,154,31.051058699774213,2026-10-09T00:10:57+00:00,parallel,3,"block mean, streamed in bands, NaN-aware, any void -> void",0.6424153645833334,p05,17.041994507912793,631.4467515159137,0.9844322511052587,0.990088649905537,0.052127042265803974,1.243205662027197,1.2432023415845552,0.04293233298812993,0.047695611066902815
X7,win3840_k3_c5_d3,win3840_k3_c5_d3__win3__full_grid__climb_tiebreak__native,idrija_win3840_k3_c5,dem,full_grid,,climb_tiebreak,native,win3,win,0.0,5,height_tiebreak,0,nan,14640,3840,idrija_win3840_k3,9420,3840,process,article-2026,True,0fc96e99b9a09a800a7e28c9437774072ad2cf51,768,768,0.6468259999965085,6.845678144764582,109,14230,48707,3,main,14230,374356,424,374356,6,2.5.3,249.75363281249884,249.75632978255385,True,941.6019997183914,2696.9700551341994,10.661837025183955,6591400,macOS-26.7.1-arm64-arm-64bit-Mach-O,3.14.7,True,614.62765625,20261009T001006Z,1.18.1,0,374356,241501,446825,243820,100.0,0.0,0.03935658300179057,0.03927195799769834,0.03899479100073222,0.0,434,330,1761.476653265663,358,674,31.051058699774213,2026-10-09T00:10:57+00:00,parallel,3,"block mean, streamed in bands, NaN-aware, any void -> void",0.6424153645833334,p05,,,,,,,,,
X7,win3840_k3_c5_d3,win3840_k3_c5_d3__win3__hag_cta__shared_border__climb_tiebreak__native,idrija_win3840_k3_c5,dem,hag_cta,shared_border,climb_tiebreak,native,win3,win,0.08482658299908508,5,height_tiebreak,36,10.0,14640,3840,idrija_win3840_k3,9420,3840,process,article-2026,True,0fc96e99b9a09a800a7e28c9437774072ad2cf51,768,768,0.6468259999965085,6.845678144764582,109,14230,48707,3,main,37,9588,470,374356,6,2.5.3,290.95584960937526,290.95876829515805,True,974.6733631584665,2918.685783886737,9.81231762204638,6522456,macOS-26.7.1-arm64-arm-64bit-Mach-O,3.14.7,True,614.62765625,20261009T001006Z,1.18.1,0,9588,9430,16467,9476,2.561198431439592,97.43880156856041,0.0014934580103727058,0.0014535420050378889,0.001415665989043191,0.0023417500051436946,434,330,1761.476653265663,358,674,31.051058699774213,2026-10-09T00:10:57+00:00,parallel,3,"block mean, streamed in bands, NaN-aware, any void -> void",0.6424153645833334,p05,20.62348765391431,135.09256086106296,1.082209191878293,0.9895403101010407,0.03904745736042501,1.1649714413876364,1.1649705476873256,0.03547666598751675,0.03701221123538272
X7,win3840_k3_c5_d3,win3840_k3_c5_d3__win3__hag_cta_ring1__shared_border__climb_tiebreak__native,idrija_win3840_k3_c5,dem,hag_cta_ring1,shared_border,climb_tiebreak,native,win3,win,0.08482658299908508,5,height_tiebreak,36,10.0,14640,3840,idrija_win3840_k3,9420,3840,process,article-2026,True,0fc96e99b9a09a800a7e28c9437774072ad2cf51,768,768,0.6468259999965085,6.845678144764582,109,14230,48707,3,main,212,20792,446,374356,6,2.5.3,253.52059570312508,253.52339853104436,True,941.6019997183914,2802.8279195104687,10.62596796165523,6522952,macOS-26.7.1-arm64-arm-64bit-Mach-O,3.14.7,True,614.62765625,20261009T001006Z,1.18.1,0,20792,20031,35440,20095,5.554071525499792,94.4459284745002,0.0028440000023692846,0.0026842079969355837,0.0026308330125175416,0.0022074999869801104,434,330,1761.476653265663,358,674,31.051058699774213,2026-10-09T00:10:57+00:00,parallel,3,"block mean, streamed in bands, NaN-aware, any void -> void",0.6424153645833334,p05,21.28118855163306,85.14693182963201,1.039250663601084,0.9896155596686592,0.0829437559264765,1.0150827151069082,1.0150829760822089,0.03438025001378264,0.06834922763700503
X7,win960_k0_c10_d3,win960_k0_c10_d3__win1__full_grid__climb_tiebreak__native,idrija_win960_k0_c10,dem,full_grid,,climb_tiebreak,native,win1,win,0.0,10,height_tiebreak,0,nan,13200,960,idrija_win960_k0,11340,960,process,article-2026,True,0fc96e99b9a09a800a7e28c9437774072ad2cf51,96,96,0.029920708009740338,7.454903246966219,47,3049,11365,3,main,3049,9216,77,9216,6,2.5.3,161.0524041748049,161.053296723145,True,64.894042941104,892.5483399593905,11.6284184670775,122048,macOS-26.7.1-arm64-arm-64bit-Mach-O,3.14.7,True,231.7222463989258,20261009T001006Z,1.18.1,0,9216,8340,15215,8515,100.0,0.0,0.0011868750007124618,0.0011049590102629736,0.0010752920061349869,0.0,77,53,588.2176467941097,21,71,49.323327691985256,2026-10-09T00:11:04+00:00,parallel,3,"block mean, streamed in bands, NaN-aware, any void -> void",1.0,p03,,,,,,,,,
X7,win960_k0_c10_d3,win960_k0_c10_d3__win1__hag_cta__shared_border__climb_tiebreak__native,idrija_win960_k0_c10,dem,hag_cta,shared_border,climb_tiebreak,native,win1,win,0.0034196659980807453,10,height_tiebreak,44,20.0,13200,960,idrija_win960_k0,11340,960,process,article-2026,True,0fc96e99b9a09a800a7e28c9437774072ad2cf51,96,96,0.029920708009740338,7.454903246966219,47,3049,11365,3,main,45,363,118,9216,6,2.5.3,181.5711242675785,181.5725138007668,True,71.04728753205701,1389.5331880577407,10.757165843464529,108752,macOS-26.7.1-arm64-arm-64bit-Mach-O,3.14.7,True,231.7222463989258,20261009T001006Z,1.18.1,0,363,362,455,362,3.9388020833333335,96.06119791666666,0.00017712499538902193,9.47499938774854e-05,8.612500096205622e-05,0.0005674999993061647,77,53,588.2176467941097,21,71,49.323327691985256,2026-10-09T00:11:04+00:00,parallel,3,"block mean, streamed in bands, NaN-aware, any void -> void",1.0,p03,75.30990497500356,247.58836806279893,1.5568156096967949,0.8910592553749345,0.0434052757793765,1.1274039974622345,1.1274063772373124,0.00044270901707932353,0.08574978166378812
X7,win960_k0_c10_d3,win960_k0_c10_d3__win1__hag_cta_ring1__shared_border__climb_tiebreak__native,idrija_win960_k0_c10,dem,hag_cta_ring1,shared_border,climb_tiebreak,native,win1,win,0.0034196659980807453,10,height_tiebreak,44,20.0,13200,960,idrija_win960_k0,11340,960,process,article-2026,True,0fc96e99b9a09a800a7e28c9437774072ad2cf51,96,96,0.029920708009740338,7.454903246966219,47,3049,11365,3,main,231,1114,93,9216,6,2.5.3,169.0361120605471,169.03716460888725,True,79.16683654785174,1052.5483399593904,14.208905375654028,109488,macOS-26.7.1-arm64-arm-64bit-Mach-O,3.14.7,True,231.7222463989258,20261009T001006Z,1.18.1,0,1114,1105,1767,1107,12.08767361111111,87.91232638888889,0.00025666700094006956,0.00015262501256074756,0.0001144580019172281,0.0007259999983943999,77,53,588.2176467941097,21,71,49.323327691985256,2026-10-09T00:11:04+00:00,parallel,3,"block mean, streamed in bands, NaN-aware, any void -> void",1.0,p03,147.30607911220804,147.648230602334,1.179261999419863,0.8970896696381752,0.13249400479616308,1.0495721124229649,1.049572831157047,0.00022633399930782616,0.13812730711560398
X7,win960_k0_c10_d3,win960_k0_c10_d3__win2__full_grid__climb_tiebreak__native,idrija_win960_k0_c10,dem,full_grid,,climb_tiebreak,native,win2,win,0.0,10,height_tiebreak,0,nan,13200,960,idrija_win960_k0,11340,960,process,article-2026,True,0fc96e99b9a09a800a7e28c9437774072ad2cf51,96,96,0.029920708009740338,7.454903246966219,47,3049,11365,3,main,3049,9216,72,9216,6,2.5.3,121.92016418457035,121.92101915931735,True,79.05685142544232,854.9747468305832,14.854029108314242,117920,macOS-26.7.1-arm64-arm-64bit-Mach-O,3.14.7,True,231.7222463989258,20261009T001006Z,1.18.1,0,9216,5885,10765,6223,100.0,0.0,0.0007950829894980416,0.0007943329983390868,0.0007406660006381571,0.0,49,77,702.2819946431775,25,11,49.323327691985256,2026-10-09T00:11:04+00:00,parallel,3,"block mean, streamed in bands, NaN-aware, any void -> void",1.0,p03,,,,,,,,,
X7,win960_k0_c10_d3,win960_k0_c10_d3__win2__hag_cta__shared_border__climb_tiebreak__native,idrija_win960_k0_c10,dem,hag_cta,shared_border,climb_tiebreak,native,win2,win,0.0034196659980807453,10,height_tiebreak,33,20.0,13200,960,idrija_win960_k0,11340,960,process,article-2026,True,0fc96e99b9a09a800a7e28c9437774072ad2cf51,96,96,0.029920708009740338,7.454903246966219,47,3049,11365,3,main,34,648,127,9216,6,2.5.3,147.22463317871097,147.2261665596624,True,66.39091341920772,1533.3809511662432,11.603845888226362,109416,macOS-26.7.1-arm64-arm-64bit-Mach-O,3.14.7,True,231.7222463989258,20261009T001006Z,1.18.1,0,648,648,906,648,7.03125,92.96875,0.0001752920070430264,0.00010983399988617748,9.345800208393484e-05,0.0005323750083334744,49,77,702.2819946431775,25,11,49.323327691985256,2026-10-09T00:11:04+00:00,parallel,3,"block mean, streamed in bands, NaN-aware, any void -> void",1.0,p03,219.16578694553726,186.01075237738274,1.7934809850823454,0.9278833107191317,0.11011045029736619,1.2075494989970088,1.2075536078588562,0.0001521239901194349,0.13827198431367607
X7,win960_k0_c10_d3,win960_k0_c10_d3__win2__hag_cta_ring1__shared_border__climb_tiebreak__native,idrija_win960_k0_c10,dem,hag_cta_ring1,shared_border,climb_tiebreak,native,win2,win,0.0034196659980807453,10,height_tiebreak,33,20.0,13200,960,idrija_win960_k0,11340,960,process,article-2026,True,0fc96e99b9a09a800a7e28c9437774072ad2cf51,96,96,0.029920708009740338,7.454903246966219,47,3049,11365,3,main,221,1623,76,9216,6,2.5.3,122.71773437499996,122.71862106547569,True,91.24372717692508,886.6904755831213,14.181249615079906,110360,macOS-26.7.1-arm64-arm-64bit-Mach-O,3.14.7,True,231.7222463989258,20261009T001006Z,1.18.1,0,1623,1555,2398,1570,17.610677083333332,82.38932291666666,0.00026029199943877757,0.0001593750057509169,0.00012154199066571891,0.0006919580046087503,49,77,702.2819946431775,25,11,49.323327691985256,2026-10-09T00:11:04+00:00,parallel,3,"block mean, streamed in bands, NaN-aware, any void -> void",1.0,p03,inf,85.44003745317531,1.037095515241952,0.9358887381275441,0.26423109600679695,1.0065417414400968,1.0065419556993376,-5.700001202058047e-05,0.20064004149917303
X7,win960_k0_c10_d3,win960_k0_c10_d3__win3__full_grid__climb_tiebreak__native,idrija_win960_k0_c10,dem,full_grid,,climb_tiebreak,native,win3,win,0.0,10,height_tiebreak,0,nan,13200,960,idrija_win960_k0,11340,960,process,article-2026,True,0fc96e99b9a09a800a7e28c9437774072ad2cf51,96,96,0.029920708009740338,7.454903246966219,47,3049,11365,3,main,3049,9216,50,9216,6,2.5.3,128.12322845458982,128.123805439438,True,102.55312805175777,576.98484809835,17.07636508731621,119416,macOS-26.7.1-arm64-arm-64bit-Mach-O,3.14.7,True,231.7222463989258,20261009T001006Z,1.18.1,0,9216,6820,12681,7099,100.0,0.0,0.0009993749990826473,0.0009149169927695766,0.000901249994058162,0.0,57,67,494.7726750741192,9,79,49.323327691985256,2026-10-09T00:11:04+00:00,parallel,3,"block mean, streamed in bands, NaN-aware, any void -> void",1.0,p03,,,,,,,,,
X7,win960_k0_c10_d3,win960_k0_c10_d3__win3__hag_cta__shared_border__climb_tiebreak__native,idrija_win960_k0_c10,dem,hag_cta,shared_border,climb_tiebreak,native,win3,win,0.0034196659980807453,10,height_tiebreak,30,20.0,13200,960,idrija_win960_k0,11340,960,process,article-2026,True,0fc96e99b9a09a800a7e28c9437774072ad2cf51,96,96,0.029920708009740338,7.454903246966219,47,3049,11365,3,main,31,218,63,9216,6,2.5.3,131.15555328369146,131.15632240057403,True,82.22750286790156,769.1168824543139,11.618936534036862,108072,macOS-26.7.1-arm64-arm-64bit-Mach-O,3.14.7,True,231.7222463989258,20261009T001006Z,1.18.1,0,218,218,266,218,2.365451388888889,97.63454861111111,0.00011262499901931733,6.1166996601969e-05,5.283398786559701e-05,0.00053495800239034,57,67,494.7726750741192,9,79,49.323327691985256,2026-10-09T00:11:04+00:00,parallel,3,"block mean, streamed in bands, NaN-aware, any void -> void",1.0,p03,104.58347342033692,78.10249675906654,1.3329932059554084,0.9050043545253568,0.031964809384164225,1.0236672527353334,1.023668645734765,0.00031879199377726763,0.06685524160700994
X7,win960_k0_c10_d3,win960_k0_c10_d3__win3__hag_cta_ring1__shared_border__climb_tiebreak__native,idrija_win960_k0_c10,dem,hag_cta_ring1,shared_border,climb_tiebreak,native,win3,win,0.0034196659980807453,10,height_tiebreak,30,20.0,13200,960,idrija_win960_k0,11340,960,process,article-2026,True,0fc96e99b9a09a800a7e28c9437774072ad2cf51,96,96,0.029920708009740338,7.454903246966219,47,3049,11365,3,main,167,684,53,9216,6,2.5.3,128.12322845458982,128.12385615011613,True,106.76271972656195,627.6955262170047,17.046867055421348,109368,macOS-26.7.1-arm64-arm-64bit-Mach-O,3.14.7,True,231.7222463989258,20261009T001006Z,1.18.1,0,684,674,1086,683,7.421875,92.578125,0.00031612500606570393,0.00021150000975467265,0.00017179199494421482,0.0005521660059457645,57,67,494.7726750741192,9,79,49.323327691985256,2026-10-09T00:11:04+00:00,parallel,3,"block mean, streamed in bands, NaN-aware, any void -> void",1.0,p03,220.43080087066554,40.0,1.0878890984499663,0.915857171568299,0.09882697947214077,1.0,1.0000003957943486,0.00015125097706913948,0.23116852285630166
X7,win960_k0_c1_d3,win960_k0_c1_d3__win1__full_grid__climb_tiebreak__native,idrija_win960_k0_c1,dem,full_grid,,climb_tiebreak,native,win1,win,0.0,1,height_tiebreak,0,nan,13200,960,idrija_win960_k0,11340,960,process,article-2026,True,0fc96e99b9a09a800a7e28c9437774072ad2cf51,960,960,0.5080346250033472,2.311418685121107,125,289,334,3,main,289,921600,863,921600,6,2.5.3,166.85885620117188,166.85987643075114,True,93.365478515625,1020.2295808265225,9.248934231851155,10363288,macOS-26.7.1-arm64-arm-64bit-Mach-O,3.14.7,True,234.72042846679688,20261009T001006Z,1.18.1,0,921600,842334,1589421,844110,100.0,0.0,0.15321079098794144,0.15197291599179152,0.14695779098838102,0.0,770,530,588.2176467941097,210,710,53.78656917732313,2026-10-09T00:10:45+00:00,parallel,3,"block mean, streamed in bands, NaN-aware, any void -> void",1.0,p05,,,,,,,,,
X7,win960_k0_c1_d3,win960_k0_c1_d3__win1__hag_cta__shared_border__climb_tiebreak__native,idrija_win960_k0_c1,dem,hag_cta,shared_border,climb_tiebreak,native,win1,win,0.07452358299633488,1,height_tiebreak,46,7.211102550927978,13200,960,idrija_win960_k0,11340,960,process,article-2026,True,0fc96e99b9a09a800a7e28c9437774072ad2cf51,960,960,0.5080346250033472,2.311418685121107,125,289,334,3,main,47,387330,1928,921600,6,2.5.3,252.98257446289062,252.98479596872846,True,239.15996536903037,2221.505842847271,9.351556985203986,10312576,macOS-26.7.1-arm64-arm-64bit-Mach-O,3.14.7,True,234.72042846679688,20261009T001006Z,1.18.1,0,387330,340610,668429,341650,42.027994791666664,57.972005208333336,0.05265879198850598,0.05246195899962913,0.05210837499180343,9.991599654313177e-05,770,530,588.2176467941097,210,710,53.78656917732313,2026-10-09T00:10:45+00:00,parallel,3,"block mean, streamed in bands, NaN-aware, any void -> void",1.0,p05,5.8600956409394565,547.4486277268397,2.1774568044258764,0.9951065723542567,0.4043645394819632,1.5161471211206463,1.5161511645594452,0.09941104099561926,0.34520597737601316
X7,win960_k0_c1_d3,win960_k0_c1_d3__win1__hag_cta_ring1__shared_border__climb_tiebreak__native,idrija_win960_k0_c1,dem,hag_cta_ring1,shared_border,climb_tiebreak,native,win1,win,0.07452358299633488,1,height_tiebreak,46,2.0,13200,960,idrija_win960_k0,11340,960,process,article-2026,True,0fc96e99b9a09a800a7e28c9437774072ad2cf51,960,960,0.5080346250033472,2.311418685121107,125,289,334,3,main,72,465445,1374,921600,6,2.5.3,192.42214965820312,192.42375088987296,True,63.5894775390625,1601.2316728675755,9.798130450115716,10299872,macOS-26.7.1-arm64-arm-64bit-Mach-O,3.14.7,True,234.72042846679688,20261009T001006Z,1.18.1,0,465445,463870,886640,464276,50.50401475694444,49.49598524305555,0.07366675000230316,0.07330395799363032,0.07312612500390969,0.0001386660005664453,770,530,588.2176467941097,210,710,53.78656917732313,2026-10-09T00:10:45+00:00,parallel,3,"block mean, streamed in bands, NaN-aware, any void -> void",1.0,p05,7.418261070741018,299.92332353453276,1.5694817156451821,0.9938807065865582,0.5506960421875408,1.1532030965513218,1.1532056417992802,0.07853029199759476,0.48234882850829597
X7,win960_k0_c1_d3,win960_k0_c1_d3__win2__full_grid__climb_tiebreak__native,idrija_win960_k0_c1,dem,full_grid,,climb_tiebreak,native,win2,win,0.0,1,height_tiebreak,0,nan,13200,960,idrija_win960_k0,11340,960,process,article-2026,True,0fc96e99b9a09a800a7e28c9437774072ad2cf51,960,960,0.5080346250033472,2.311418685121107,125,289,334,3,main,289,921600,925,921600,6,2.5.3,123.19662475585938,123.19776000477546,True,144.99702743001612,1135.2489168102788,9.683118416975283,10315816,macOS-26.7.1-arm64-arm-64bit-Mach-O,3.14.7,True,234.72042846679688,20261009T001006Z,1.18.1,0,921600,590705,1103924,594438,100.0,0.0,0.10082225000951439,0.100776749997749,0.10018829199543688,0.0,490,770,702.2819946431775,250,110,53.78656917732313,2026-10-09T00:10:45+00:00,parallel,3,"block mean, streamed in bands, NaN-aware, any void -> void",1.0,p05,,,,,,,,,
X7,win960_k0_c1_d3,win960_k0_c1_d3__win2__hag_cta__shared_border__climb_tiebreak__native,idrija_win960_k0_c1,dem,hag_cta,shared_border,climb_tiebreak,native,win2,win,0.07452358299633488,1,height_tiebreak,34,12.649110640673518,13200,960,idrija_win960_k0,11340,960,process,article-2026,True,0fc96e99b9a09a800a7e28c9437774072ad2cf51,960,960,0.5080346250033472,2.311418685121107,125,289,334,3,main,35,362584,1323,921600,6,2.5.3,193.54629516601562,193.5478996596612,True,253.4669659771444,1604.493649538451,9.579735578378234,10274168,macOS-26.7.1-arm64-arm-64bit-Mach-O,3.14.7,True,234.72042846679688,20261009T001006Z,1.18.1,0,362584,232520,436987,233620,39.34288194444444,60.65711805555556,0.033663666996289976,0.03337366699997801,0.033010541999829,9.466700430493802e-05,490,770,702.2819946431775,250,110,53.78656917732313,2026-10-09T00:10:45+00:00,parallel,3,"block mean, streamed in bands, NaN-aware, any void -> void",1.0,p05,8.6550574605148,232.22833591101667,1.413340832816308,0.9959627042591687,0.39363133882394763,1.5710356963883487,1.5710342432537636,0.06730841599346604,0.33116435091152935
X7,win960_k0_c1_d3,win960_k0_c1_d3__win2__hag_cta_ring1__shared_border__climb_tiebreak__native,idrija_win960_k0_c1,dem,hag_cta_ring1,shared_border,climb_tiebreak,native,win2,win,0.07452358299633488,1,height_tiebreak,34,2.0,13200,960,idrija_win960_k0,11340,960,process,article-2026,True,0fc96e99b9a09a800a7e28c9437774072ad2cf51,960,960,0.5080346250033472,2.311418685121107,125,289,334,3,main,61,442629,925,921600,6,2.5.3,123.19662475585938,123.19776000477546,True,144.99702743001612,1135.2489168102788,9.683118416975283,10263328,macOS-26.7.1-arm64-arm-64bit-Mach-O,3.14.7,True,234.72042846679688,20261009T001006Z,1.18.1,0,442629,327573,599865,329223,48.0283203125,51.97167968750001,0.05087033299787436,0.050345541996648535,0.0499978750012815,9.787500312086195e-05,490,770,702.2819946431775,250,110,53.78656917732313,2026-10-09T00:10:45+00:00,parallel,3,"block mean, streamed in bands, NaN-aware, any void -> void",1.0,p05,11.574004209557636,0.0,1.0,0.9949118906347302,0.5545458392937253,1.0,1.0,0.050333332997979596,0.4995749713874786
X7,win960_k0_c1_d3,win960_k0_c1_d3__win3__full_grid__climb_tiebreak__native,idrija_win960_k0_c1,dem,full_grid,,climb_tiebreak,native,win3,win,0.0,1,height_tiebreak,0,nan,13200,960,idrija_win960_k0,11340,960,process,article-2026,True,0fc96e99b9a09a800a7e28c9437774072ad2cf51,960,960,0.5080346250033472,2.311418685121107,125,289,334,3,main,289,921600,526,921600,6,2.5.3,132.27041625976562,132.2710178892744,True,122.9064142738678,601.6295090390227,17.49408287555718,10307000,macOS-26.7.1-arm64-arm-64bit-Mach-O,3.14.7,True,234.72042846679688,20261009T001006Z,1.18.1,0,921600,700972,1322826,703706,100.0,0.0,0.12295741699927021,0.12262850000115577,0.12075879098847508,0.0,570,670,494.7726750741192,90,790,53.78656917732313,2026-10-09T00:10:45+00:00,parallel,3,"block mean, streamed in bands, NaN-aware, any void -> void",1.0,p05,,,,,,,,,
X7,win960_k0_c1_d3,win960_k0_c1_d3__win3__hag_cta__shared_border__climb_tiebreak__native,idrija_win960_k0_c1,dem,hag_cta,shared_border,climb_tiebreak,native,win3,win,0.07452358299633488,1,height_tiebreak,30,7.211102550927978,13200,960,idrija_win960_k0,11340,960,process,article-2026,True,0fc96e99b9a09a800a7e28c9437774072ad2cf51,960,960,0.5080346250033472,2.311418685121107,125,289,334,3,main,31,163743,823,921600,6,2.5.3,179.61563110351562,179.61660967624064,True,269.59524992059,978.5727265770302,10.66172000925945,10224848,macOS-26.7.1-arm64-arm-64bit-Mach-O,3.14.7,True,234.72042846679688,20261009T001006Z,1.18.1,0,163743,140752,269214,141776,17.767252604166668,82.23274739583333,0.023528249992523342,0.02293537500372622,0.02078000000619795,8.729100227355957e-05,570,670,494.7726750741192,90,790,53.78656917732313,2026-10-09T00:10:45+00:00,parallel,3,"block mean, streamed in bands, NaN-aware, any void -> void",1.0,p05,5.848635412540323,125.15989773086265,1.626537116073471,0.9920294945182886,0.2007954668660089,1.3579425859730327,1.3579438076646526,0.09960583399515599,0.18703135897046816
X7,win960_k0_c1_d3,win960_k0_c1_d3__win3__hag_cta_ring1__shared_border__climb_tiebreak__native,idrija_win960_k0_c1,dem,hag_cta_ring1,shared_border,climb_tiebreak,native,win3,win,0.07452358299633488,1,height_tiebreak,30,2.0,13200,960,idrija_win960_k0,11340,960,process,article-2026,True,0fc96e99b9a09a800a7e28c9437774072ad2cf51,960,960,0.5080346250033472,2.311418685121107,125,289,334,3,main,41,192460,570,921600,6,2.5.3,147.91427612304688,147.91494991907777,True,122.9064142738678,673.7960312803932,8.849958644700562,10211176,macOS-26.7.1-arm64-arm-64bit-Mach-O,3.14.7,True,234.72042846679688,20261009T001006Z,1.18.1,0,192460,157887,301953,159090,20.88324652777778,79.11675347222223,0.023625957997865044,0.02339679100259673,0.023252041995874606,9.445799514651299e-05,570,670,494.7726750741192,90,790,53.78656917732313,2026-10-09T00:10:45+00:00,parallel,3,"block mean, streamed in bands, NaN-aware, any void -> void",1.0,p05,5.876279623485113,47.16990566028302,1.119951766256681,0.9907030173668381,0.22524009518211854,1.118271797319805,1.118271804961077,0.09913725100341253,0.19079407317529135
X7,win960_k0_c20_d3,win960_k0_c20_d3__win1__full_grid__climb_tiebreak__native,idrija_win960_k0_c20,dem,full_grid,,climb_tiebreak,native,win1,win,0.0,20,height_tiebreak,0,nan,13200,960,idrija_win960_k0,11340,960,process,article-2026,True,0fc96e99b9a09a800a7e28c9437774072ad2cf51,48,48,0.007943625008920208,7.520179372197309,35,1338,5031,3,main,1338,2304,30,2304,6,2.5.3,157.71697151184082,157.7176674916383,True,57.37685377232373,695.9797974644665,24.209224155983048,37792,macOS-26.7.1-arm64-arm-64bit-Mach-O,3.14.7,True,226.75945442199708,20261009T001006Z,1.18.1,0,2304,2117,3809,2190,100.0,0.0,0.00034845800837501884,0.00024154200218617916,0.00018745899433270097,0.0,38,26,588.2176467941097,10,35,44.08157230648352,2026-10-09T00:11:05+00:00,parallel,3,"block mean, streamed in bands, NaN-aware, any void -> void",1.0,p06,,,,,,,,,
X7,win960_k0_c20_d3,win960_k0_c20_d3__win1__hag_cta__shared_border__climb_tiebreak__native,idrija_win960_k0_c20,dem,hag_cta,shared_border,climb_tiebreak,native,win1,win,0.0011980419949395582,20,height_tiebreak,34,40.0,13200,960,idrija_win960_k0,11340,960,process,article-2026,True,0fc96e99b9a09a800a7e28c9437774072ad2cf51,48,48,0.007943625008920208,7.520179372197309,35,1338,5031,3,main,35,98,55,2304,6,2.5.3,164.18325691223117,164.18454401901244,True,66.4828075408937,1287.1067811865476,14.174813059892625,31552,macOS-26.7.1-arm64-arm-64bit-Mach-O,3.14.7,True,226.75945442199708,20261009T001006Z,1.18.1,0,98,98,104,98,4.253472222222222,95.74652777777779,7.14170018909499e-05,4.587500006891787e-05,4.4540996896103024e-05,0.0002749580016825348,38,26,588.2176467941097,10,35,44.08157230648352,2026-10-09T00:11:05+00:00,parallel,3,"block mean, streamed in bands, NaN-aware, any void -> void",1.0,p06,inf,367.6955262170047,1.8493450325363234,0.8348856900931414,0.046291922531884744,1.0409992998115924,1.0410028668964242,-7.929099956527352e-05,0.18992556016637507
X7,win960_k0_c20_d3,win960_k0_c20_d3__win1__hag_cta_ring1__shared_border__climb_tiebreak__native,idrija_win960_k0_c20,dem,hag_cta_ring1,shared_border,climb_tiebreak,native,win1,win,0.0011980419949395582,20,height_tiebreak,34,40.0,13200,960,idrija_win960_k0,11340,960,process,article-2026,True,0fc96e99b9a09a800a7e28c9437774072ad2cf51,48,48,0.007943625008920208,7.520179372197309,35,1338,5031,3,main,171,364,48,2304,6,2.5.3,160.86272773742667,160.8638168543092,True,65.37840995788571,1089.1168824543142,14.200798624723985,32544,macOS-26.7.1-arm64-arm-64bit-Mach-O,3.14.7,True,226.75945442199708,20261009T001006Z,1.18.1,0,364,356,581,362,15.79861111111111,84.20138888888889,0.0001290829968638718,6.133400893304497e-05,5.149999924469739e-05,0.00026529199385549873,38,26,588.2176467941097,10,35,44.08157230648352,2026-10-09T00:11:05+00:00,parallel,3,"block mean, streamed in bands, NaN-aware, any void -> void",1.0,p06,inf,282.842712474619,1.5648685298367722,0.8611346316680779,0.16816249409541806,1.0199455784335147,1.0199479830808282,-8.508400060236454e-05,0.25392688798600366
X7,win960_k0_c20_d3,win960_k0_c20_d3__win2__full_grid__climb_tiebreak__native,idrija_win960_k0_c20,dem,full_grid,,climb_tiebreak,native,win2,win,0.0,20,height_tiebreak,0,nan,13200,960,idrija_win960_k0,11340,960,process,article-2026,True,0fc96e99b9a09a800a7e28c9437774072ad2cf51,48,48,0.007943625008920208,7.520179372197309,35,1338,5031,3,main,1338,2304,37,2304,6,2.5.3,119.52975349426265,119.53056462124647,True,42.61349258422854,811.1269837220809,14.340235133282318,36416,macOS-26.7.1-arm64-arm-64bit-Mach-O,3.14.7,True,226.75945442199708,20261009T001006Z,1.18.1,0,2304,1530,2835,1679,100.0,0.0,0.00022449999232776463,0.00015808299940545112,0.00011574999371077865,0.0,24,38,702.2819946431775,12,5,44.08157230648352,2026-10-09T00:11:05+00:00,parallel,3,"block mean, streamed in bands, NaN-aware, any void -> void",1.0,p06,,,,,,,,,
X7,win960_k0_c20_d3,win960_k0_c20_d3__win2__hag_cta__shared_border__climb_tiebreak__native,idrija_win960_k0_c20,dem,hag_cta,shared_border,climb_tiebreak,native,win2,win,0.0011980419949395582,20,height_tiebreak,27,40.0,13200,960,idrija_win960_k0,11340,960,process,article-2026,True,0fc96e99b9a09a800a7e28c9437774072ad2cf51,48,48,0.007943625008920208,7.520179372197309,35,1338,5031,3,main,28,141,52,2304,6,2.5.3,128.26129096984857,128.26254292944358,True,76.14293327331552,1251.959594928933,14.18234347098606,31680,macOS-26.7.1-arm64-arm-64bit-Mach-O,3.14.7,True,226.75945442199708,20261009T001006Z,1.18.1,0,141,141,179,141,6.119791666666667,93.88020833333334,7.070798892527819e-05,4.7209003241732717e-05,4.2041996493935585e-05,0.0002736250025918707,24,38,702.2819946431775,12,5,44.08157230648352,2026-10-09T00:11:05+00:00,parallel,3,"block mean, streamed in bands, NaN-aware, any void -> void",1.0,p06,inf,128.06248474865697,1.543481625015074,0.8699472759226714,0.09215686274509804,1.0730490712172767,1.0730522635433533,-0.00016275100642815232,0.2986342833782595
X7,win960_k0_c20_d3,win960_k0_c20_d3__win2__hag_cta_ring1__shared_border__climb_tiebreak__native,idrija_win960_k0_c20,dem,hag_cta_ring1,shared_border,climb_tiebreak,native,win2,win,0.0011980419949395582,20,height_tiebreak,27,40.0,13200,960,idrija_win960_k0,11340,960,process,article-2026,True,0fc96e99b9a09a800a7e28c9437774072ad2cf51,48,48,0.007943625008920208,7.520179372197309,35,1338,5031,3,main,139,420,34,2304,6,2.5.3,123.95721763610834,123.9580267529908,True,64.01584989608443,809.1168824543142,24.149175883927533,33064,macOS-26.7.1-arm64-arm-64bit-Mach-O,3.14.7,True,226.75945442199708,20261009T001006Z,1.18.1,0,420,394,619,406,18.229166666666668,81.77083333333334,0.0001376250002067536,6.091700925026089e-05,4.691698995884508e-05,0.00026041700039058924,24,38,702.2819946431775,12,5,44.08157230648352,2026-10-09T00:11:05+00:00,parallel,3,"block mean, streamed in bands, NaN-aware, any void -> void",1.0,p06,inf,134.16407864998737,0.9975218414525642,0.9079525483304042,0.257516339869281,1.03704068662752,1.0370404184550917,-0.000163251010235399,0.38534826312360765
X7,win960_k0_c20_d3,win960_k0_c20_d3__win3__full_grid__climb_tiebreak__native,idrija_win960_k0_c20,dem,full_grid,,climb_tiebreak,native,win3,win,0.0,20,height_tiebreak,0,nan,13200,960,idrija_win960_k0,11340,960,process,article-2026,True,0fc96e99b9a09a800a7e28c9437774072ad2cf51,48,48,0.007943625008920208,7.520179372197309,35,1338,5031,3,main,1338,2304,26,2304,6,2.5.3,135.6532527160643,135.653843843048,True,91.89346656799273,591.1269837220809,14.212841435690018,36744,macOS-26.7.1-arm64-arm-64bit-Mach-O,3.14.7,True,226.75945442199708,20261009T001006Z,1.18.1,0,2304,1843,3386,1959,100.0,0.0,0.0002623329928610474,0.00019224999414291233,0.00014637499407399446,0.0,28,33,494.7726750741192,4,39,44.08157230648352,2026-10-09T00:11:05+00:00,parallel,3,"block mean, streamed in bands, NaN-aware, any void -> void",1.0,p06,,,,,,,,,
X7,win960_k0_c20_d3,win960_k0_c20_d3__win3__hag_cta__shared_border__climb_tiebreak__native,idrija_win960_k0_c20,dem,hag_cta,shared_border,climb_tiebreak,native,win3,win,0.0011980419949395582,20,height_tiebreak,19,40.0,13200,960,idrija_win960_k0,11340,960,process,article-2026,True,0fc96e99b9a09a800a7e28c9437774072ad2cf51,48,48,0.007943625008920208,7.520179372197309,35,1338,5031,3,main,20,53,28,2304,6,2.5.3,138.3516050720214,138.35226933609013,True,113.31327149439514,664.2640687119285,14.348994540060211,31704,macOS-26.7.1-arm64-arm-64bit-Mach-O,3.14.7,True,226.75945442199708,20261009T001006Z,1.18.1,0,53,53,61,53,2.3003472222222223,97.69965277777779,6.166700040921569e-05,4.112499300390482e-05,3.645799006335437e-05,0.00028450001263991,28,33,494.7726750741192,4,39,44.08157230648352,2026-10-09T00:11:05+00:00,parallel,3,"block mean, streamed in bands, NaN-aware, any void -> void",1.0,p06,inf,60.0,1.1237248290195345,0.8628347485303723,0.02875746066196419,1.0198915418681853,1.0198919943334905,-0.00013337501150090247,0.21391414437877096
X7,win960_k0_c20_d3,win960_k0_c20_d3__win3__hag_cta_ring1__shared_border__climb_tiebreak__native,idrija_win960_k0_c20,dem,hag_cta_ring1,shared_border,climb_tiebreak,native,win3,win,0.0011980419949395582,20,height_tiebreak,19,40.0,13200,960,idrija_win960_k0,11340,960,process,article-2026,True,0fc96e99b9a09a800a7e28c9437774072ad2cf51,48,48,0.007943625008920208,7.520179372197309,35,1338,5031,3,main,105,198,26,2304,6,2.5.3,135.6532527160643,135.653843843048,True,91.89346656799273,591.1269837220809,14.212841435690018,31912,macOS-26.7.1-arm64-arm-64bit-Mach-O,3.14.7,True,226.75945442199708,20261009T001006Z,1.18.1,0,198,191,313,195,8.59375,91.40625,0.00010062500950880349,4.470899875741452e-05,3.7874997360631824e-05,0.00026274999254383147,28,33,494.7726750741192,4,39,44.08157230648352,2026-10-09T00:11:05+00:00,parallel,3,"block mean, streamed in bands, NaN-aware, any void -> void",1.0,p06,inf,0.0,1.0,0.8684955366862617,0.10363537710255019,1.0,1.0,-0.00011520899715833366,0.2325565675917749
X7,win960_k0_c3_d3,win960_k0_c3_d3__win1__full_grid__climb_tiebreak__native,idrija_win960_k0_c3,dem,full_grid,,climb_tiebreak,native,win1,win,0.0,3,height_tiebreak,0,nan,13200,960,idrija_win960_k0,11340,960,process,article-2026,True,0fc96e99b9a09a800a7e28c9437774072ad2cf51,320,320,0.13920666700869333,6.188957055214724,73,815,2522,3,main,815,102400,295,102400,6,2.5.3,167.49031575520826,167.4913543279348,True,85.67233615451642,1038.5727265770302,9.916490232396875,1198488,macOS-26.7.1-arm64-arm-64bit-Mach-O,3.14.7,True,234.34413655598962,20261009T001006Z,1.18.1,0,102400,93751,177473,94326,100.0,0.0,0.014524333993904293,0.014399541993043385,0.014014832995599136,0.0,256,176,588.2176467941097,70,236,52.6962789846082,2026-10-09T00:11:02+00:00,parallel,3,"block mean, streamed in bands, NaN-aware, any void -> void",1.0,p03,,,,,,,,,
X7,win960_k0_c3_d3,win960_k0_c3_d3__win1__hag_cta__shared_border__climb_tiebreak__native,idrija_win960_k0_c3,dem,hag_cta,shared_border,climb_tiebreak,native,win1,win,0.018848834006348625,3,height_tiebreak,40,6.0,13200,960,idrija_win960_k0,11340,960,process,article-2026,True,0fc96e99b9a09a800a7e28c9437774072ad2cf51,320,320,0.13920666700869333,6.188957055214724,73,815,2522,3,main,41,17029,923,102400,6,2.5.3,480.18580457899395,480.18897567985476,True,109.4469162323613,3171.100864000887,7.815571183628552,1193128,macOS-26.7.1-arm64-arm-64bit-Mach-O,3.14.7,True,234.34413655598962,20261009T001006Z,1.18.1,0,17029,15553,25725,15594,16.6298828125,83.3701171875,0.0021810420003021136,0.002047458998276852,0.001992917008465156,0.00018699999782256782,256,176,588.2176467941097,70,236,52.6962789846082,2026-10-09T00:11:02+00:00,parallel,3,"block mean, streamed in bands, NaN-aware, any void -> void",1.0,p03,12.99255426820743,440.95918178443685,3.0533257641497378,0.995527698233107,0.16589689709976427,2.866946679357861,2.866947835048744,0.012165082996943966,0.14218917513251514
X7,win960_k0_c3_d3,win960_k0_c3_d3__win1__hag_cta_ring1__shared_border__climb_tiebreak__native,idrija_win960_k0_c3,dem,hag_cta_ring1,shared_border,climb_tiebreak,native,win1,win,0.018848834006348625,3,height_tiebreak,40,6.0,13200,960,idrija_win960_k0,11340,960,process,article-2026,True,0fc96e99b9a09a800a7e28c9437774072ad2cf51,320,320,0.13920666700869333,6.188957055214724,73,815,2522,3,main,161,37441,368,102400,6,2.5.3,173.88577609591982,173.88705727881973,True,58.85394061053262,1281.1828996322965,9.148351449380977,1171232,macOS-26.7.1-arm64-arm-64bit-Mach-O,3.14.7,True,234.34413655598962,20261009T001006Z,1.18.1,0,37441,36446,67738,36652,36.5634765625,63.43652343749999,0.00564704199496191,0.005437166997580789,0.00518495800497476,0.0001977500069187954,256,176,588.2176467941097,70,236,52.6962789846082,2026-10-09T00:11:02+00:00,parallel,3,"block mean, streamed in bands, NaN-aware, any void -> void",1.0,p03,18.033344406821232,109.20164833920778,1.2335995995724545,0.9772580117614862,0.38875318663267594,1.0381840604447765,1.0381852721685123,0.008764624988543801,0.377593051237849
X7,win960_k0_c3_d3,win960_k0_c3_d3__win2__full_grid__climb_tiebreak__native,idrija_win960_k0_c3,dem,full_grid,,climb_tiebreak,native,win2,win,0.0,3,height_tiebreak,0,nan,13200,960,idrija_win960_k0,11340,960,process,article-2026,True,0fc96e99b9a09a800a7e28c9437774072ad2cf51,320,320,0.13920666700869333,6.188957055214724,73,815,2522,3,main,815,102400,294,102400,6,2.5.3,123.75268893771693,123.7537779439927,True,143.46810800057787,1089.0062761231593,10.720804393181751,1181872,macOS-26.7.1-arm64-arm-64bit-Mach-O,3.14.7,True,234.34413655598962,20261009T001006Z,1.18.1,0,102400,66030,121811,67237,100.0,0.0,0.010336874998756684,0.00986633299908135,0.009713375009596348,0.0,163,256,702.2819946431775,83,36,52.6962789846082,2026-10-09T00:11:02+00:00,parallel,3,"block mean, streamed in bands, NaN-aware, any void -> void",1.0,p03,,,,,,,,,
X7,win960_k0_c3_d3,win960_k0_c3_d3__win2__hag_cta__shared_border__climb_tiebreak__native,idrija_win960_k0_c3,dem,hag_cta,shared_border,climb_tiebreak,native,win2,win,0.018848834006348625,3,height_tiebreak,37,12.0,13200,960,idrija_win960_k0,11340,960,process,article-2026,True,0fc96e99b9a09a800a7e28c9437774072ad2cf51,320,320,0.13920666700869333,6.188957055214724,73,815,2522,3,main,38,27421,853,102400,6,2.5.3,301.53510538737044,301.5381211644228,True,95.29536568951114,3015.777054234136,8.450757923987618,1191224,macOS-26.7.1-arm64-arm-64bit-Mach-O,3.14.7,True,234.34413655598962,20261009T001006Z,1.18.1,0,27421,25512,44769,25536,26.7783203125,73.2216796875,0.003749083000002429,0.0036360410013003275,0.0035992920020362362,0.00018362500122748315,163,256,702.2819946431775,83,36,52.6962789846082,2026-10-09T00:11:02+00:00,parallel,3,"block mean, streamed in bands, NaN-aware, any void -> void",1.0,p03,26.139276580822116,318.90437438203946,2.76929262976357,1.007912870429285,0.38636983189459334,2.436594372015052,2.4365972996872065,0.00604666699655354,0.3685301318776568
X7,win960_k0_c3_d3,win960_k0_c3_d3__win2__hag_cta_ring1__shared_border__climb_tiebreak__native,idrija_win960_k0_c3,dem,hag_cta_ring1,shared_border,climb_tiebreak,native,win2,win,0.018848834006348625,3,height_tiebreak,37,6.0,13200,960,idrija_win960_k0,11340,960,process,article-2026,True,0fc96e99b9a09a800a7e28c9437774072ad2cf51,320,320,0.13920666700869333,6.188957055214724,73,815,2522,3,main,136,44380,294,102400,6,2.5.3,123.75268893771693,123.7537779439927,True,143.46810800057787,1089.0062761231593,10.720804393181751,1162440,macOS-26.7.1-arm64-arm-64bit-Mach-O,3.14.7,True,234.34413655598962,20261009T001006Z,1.18.1,0,44380,35844,63565,36489,43.33984375,56.66015625000001,0.004666666995035484,0.004578666994348168,0.0045207080111140385,0.0001933330058818683,163,256,702.2819946431775,83,36,52.6962789846082,2026-10-09T00:11:02+00:00,parallel,3,"block mean, streamed in bands, NaN-aware, any void -> void",1.0,p03,31.025749798978747,0.0,1.0,0.9835582871918448,0.5428441617446615,1.0,1.0,0.005094332998851314,0.4640697810194006
X7,win960_k0_c3_d3,win960_k0_c3_d3__win3__full_grid__climb_tiebreak__native,idrija_win960_k0_c3,dem,full_grid,,climb_tiebreak,native,win3,win,0.0,3,height_tiebreak,0,nan,13200,960,idrija_win960_k0,11340,960,process,article-2026,True,0fc96e99b9a09a800a7e28c9437774072ad2cf51,320,320,0.13920666700869333,6.188957055214724,73,815,2522,3,main,815,102400,173,102400,6,2.5.3,131.02815416124156,131.02874969024566,True,117.96219437210311,595.5290039756343,17.168589231019237,1180208,macOS-26.7.1-arm64-arm-64bit-Mach-O,3.14.7,True,234.34413655598962,20261009T001006Z,1.18.1,0,102400,77427,146051,78337,100.0,0.0,0.01197616700665094,0.011863499996252358,0.011240624997299165,0.0,190,223,494.7726750741192,30,263,52.6962789846082,2026-10-09T00:11:02+00:00,parallel,3,"block mean, streamed in bands, NaN-aware, any void -> void",1.0,p03,,,,,,,,,
X7,win960_k0_c3_d3,win960_k0_c3_d3__win3__hag_cta__shared_border__climb_tiebreak__native,idrija_win960_k0_c3,dem,hag_cta,shared_border,climb_tiebreak,native,win3,win,0.018848834006348625,3,height_tiebreak,20,6.0,13200,960,idrija_win960_k0,11340,960,process,article-2026,True,0fc96e99b9a09a800a7e28c9437774072ad2cf51,320,320,0.13920666700869333,6.188957055214724,73,815,2522,3,main,21,3867,263,102400,6,2.5.3,204.89311048719617,204.8940555452042,True,170.75154667452654,945.0580079512685,8.939663455835452,1145552,macOS-26.7.1-arm64-arm-64bit-Mach-O,3.14.7,True,234.34413655598962,20261009T001006Z,1.18.1,0,3867,2787,4168,2797,3.7763671875,96.2236328125,0.0004599170060828328,0.0003555000002961606,0.0002945000014733523,0.00015962500765454024,190,223,494.7726750741192,30,263,52.6962789846082,2026-10-09T00:11:02+00:00,parallel,3,"block mean, streamed in bands, NaN-aware, any void -> void",1.0,p03,13.927588855494436,71.30918594402827,1.5869218822966595,0.9706356845572984,0.0359951954744469,1.5637334723883642,1.563733577780277,0.011348374988301657,0.02996586171100113
X7,win960_k0_c3_d3,win960_k0_c3_d3__win3__hag_cta_ring1__shared_border__climb_tiebreak__native,idrija_win960_k0_c3,dem,hag_cta_ring1,shared_border,climb_tiebreak,native,win3,win,0.018848834006348625,3,height_tiebreak,20,6.0,13200,960,idrija_win960_k0,11340,960,process,article-2026,True,0fc96e99b9a09a800a7e28c9437774072ad2cf51,320,320,0.13920666700869333,6.188957055214724,73,815,2522,3,main,132,13678,232,102400,6,2.5.3,148.48623657226562,148.4870699906635,True,105.45348797480555,833.4183976444793,11.976243865522056,1146664,macOS-26.7.1-arm64-arm-64bit-Mach-O,3.14.7,True,234.34413655598962,20261009T001006Z,1.18.1,0,13678,10591,19493,10788,13.357421875,86.642578125,0.0014612910017604008,0.0013462920032907277,0.0012504999904194847,0.0001620840048417449,190,223,494.7726750741192,30,263,52.6962789846082,2026-10-09T00:11:02+00:00,parallel,3,"block mean, streamed in bands, NaN-aware, any void -> void",1.0,p03,15.263506375816858,100.26464980241042,1.3994589551151033,0.9715778913547443,0.13678690895940693,1.1332391692669377,1.1332403792426444,0.010355123988119885,0.11348185642651976
X7,win960_k0_c5_d3,win960_k0_c5_d3__win1__full_grid__climb_tiebreak__native,idrija_win960_k0_c5,dem,full_grid,,climb_tiebreak,native,win1,win,0.0,5,height_tiebreak,0,nan,13200,960,idrija_win960_k0,11340,960,process,article-2026,True,0fc96e99b9a09a800a7e28c9437774072ad2cf51,192,192,0.07493183300539386,7.043742868010651,60,2629,9259,3,main,2629,36864,165,36864,6,2.5.3,165.7954846191406,165.79644545175188,True,79.07007515089151,960.8326112068523,12.738430230865543,446712,macOS-26.7.1-arm64-arm-64bit-Mach-O,3.14.7,True,233.81986450195308,20261009T001006Z,1.18.1,0,36864,33578,63537,33933,100.0,0.0,0.004985874998965301,0.004771332998643629,0.0046631660079583526,0.0,154,106,588.2176467941097,42,142,51.67445070149124,2026-10-09T00:11:02+00:00,parallel,3,"block mean, streamed in bands, NaN-aware, any void -> void",1.0,p04,,,,,,,,,
X7,win960_k0_c5_d3,win960_k0_c5_d3__win1__hag_cta__shared_border__climb_tiebreak__native,idrija_win960_k0_c5,dem,hag_cta,shared_border,climb_tiebreak,native,win1,win,0.009749874996487051,5,height_tiebreak,42,10.0,13200,960,idrija_win960_k0,11340,960,process,article-2026,True,0fc96e99b9a09a800a7e28c9437774072ad2cf51,192,192,0.07493183300539386,7.043742868010651,60,2629,9259,3,main,43,1855,422,36864,6,2.5.3,347.16779907226527,347.1702457984522,True,76.58007872288256,2446.7261889578035,9.40810412661928,432384,macOS-26.7.1-arm64-arm-64bit-Mach-O,3.14.7,True,233.81986450195308,20261009T001006Z,1.18.1,0,1855,1851,2455,1852,5.032009548611111,94.96799045138889,0.00037075000000186265,0.0002972090005641803,0.00025770800129976124,0.00042183299956377596,154,106,588.2176467941097,42,142,51.67445070149124,2026-10-09T00:11:02+00:00,parallel,3,"block mean, streamed in bands, NaN-aware, any void -> void",1.0,p04,20.89724258028341,468.0277769534625,2.5464645562816575,0.9679256433675388,0.05512537971290726,2.093952075171206,2.0939546975962253,0.004052290998515673,0.062290559189364776
X7,win960_k0_c5_d3,win960_k0_c5_d3__win1__hag_cta_ring1__shared_border__climb_tiebreak__native,idrija_win960_k0_c5,dem,hag_cta_ring1,shared_border,climb_tiebreak,native,win1,win,0.009749874996487051,5,height_tiebreak,42,10.0,13200,960,idrija_win960_k0,11340,960,process,article-2026,True,0fc96e99b9a09a800a7e28c9437774072ad2cf51,192,192,0.07493183300539386,7.043742868010651,60,2629,9259,3,main,266,6518,295,36864,6,2.5.3,208.90478149414076,208.9065207329562,True,73.26681043725769,1739.238815542512,10.751788069175777,428008,macOS-26.7.1-arm64-arm-64bit-Mach-O,3.14.7,True,233.81986450195308,20261009T001006Z,1.18.1,0,6518,6422,11347,6438,17.68120659722222,82.31879340277779,0.0009932910033967346,0.0008657089929329231,0.0007596659997943789,0.0004378750018076971,154,106,588.2176467941097,42,142,51.67445070149124,2026-10-09T00:11:02+00:00,parallel,3,"block mean, streamed in bands, NaN-aware, any void -> void",1.0,p04,24.41979160157504,349.4638751001311,1.8101371615165556,0.9581296226651623,0.19125617964143188,1.260014903144252,1.2600180912427927,0.003467749003903009,0.18143965075986576
X7,win960_k0_c5_d3,win960_k0_c5_d3__win2__full_grid__climb_tiebreak__native,idrija_win960_k0_c5,dem,full_grid,,climb_tiebreak,native,win2,win,0.0,5,height_tiebreak,0,nan,13200,960,idrija_win960_k0,11340,960,process,article-2026,True,0fc96e99b9a09a800a7e28c9437774072ad2cf51,192,192,0.07493183300539386,7.043742868010651,60,2629,9259,3,main,2629,36864,133,36864,6,2.5.3,124.9824206542965,124.98320491836539,True,95.44733111577887,784.2640687119285,16.048965434999257,435224,macOS-26.7.1-arm64-arm-64bit-Mach-O,3.14.7,True,233.81986450195308,20261009T001006Z,1.18.1,0,36864,23778,43373,24453,100.0,0.0,0.0032223330053966492,0.0030917080002836883,0.003055833003600128,0.0,98,154,702.2819946431775,50,22,51.67445070149124,2026-10-09T00:11:02+00:00,parallel,3,"block mean, streamed in bands, NaN-aware, any void -> void",1.0,p04,,,,,,,,,
X7,win960_k0_c5_d3,win960_k0_c5_d3__win2__hag_cta__shared_border__climb_tiebreak__native,idrija_win960_k0_c5,dem,hag_cta,shared_border,climb_tiebreak,native,win2,win,0.009749874996487051,5,height_tiebreak,31,10.0,13200,960,idrija_win960_k0,11340,960,process,article-2026,True,0fc96e99b9a09a800a7e28c9437774072ad2cf51,192,192,0.07493183300539386,7.043742868010651,60,2629,9259,3,main,32,3738,246,36864,6,2.5.3,157.66516235351577,157.66662138417857,True,74.2246846281978,1459.030662740799,9.088932262956806,421840,macOS-26.7.1-arm64-arm-64bit-Mach-O,3.14.7,True,233.81986450195308,20261009T001006Z,1.18.1,0,3738,3319,4532,3324,10.139973958333334,89.86002604166666,0.00042824998672585934,0.00034491700353100896,0.00029058400832582265,0.00041924999095499516,98,154,702.2819946431775,50,22,51.67445070149124,2026-10-09T00:11:02+00:00,parallel,3,"block mean, streamed in bands, NaN-aware, any void -> void",1.0,p04,36.38247738318972,183.09833423600554,1.8603818802219307,0.9692480194106943,0.1395828076373118,1.261498709403463,1.2615024673688024,0.002327541005797684,0.111561959764428
X7,win960_k0_c5_d3,win960_k0_c5_d3__win2__hag_cta_ring1__shared_border__climb_tiebreak__native,idrija_win960_k0_c5,dem,hag_cta_ring1,shared_border,climb_tiebreak,native,win2,win,0.009749874996487051,5,height_tiebreak,31,10.0,13200,960,idrija_win960_k0,11340,960,process,article-2026,True,0fc96e99b9a09a800a7e28c9437774072ad2cf51,192,192,0.07493183300539386,7.043742868010651,60,2629,9259,3,main,222,7974,168,36864,6,2.5.3,126.88642700195277,126.88744218485259,True,79.0399678699739,1015.1828996322965,10.180302764151556,420488,macOS-26.7.1-arm64-arm-64bit-Mach-O,3.14.7,True,233.81986450195308,20261009T001006Z,1.18.1,0,7974,7188,11697,7263,21.630859375,78.369140625,0.0008796250040177256,0.0007745409966446459,0.0007047909894026816,0.00047991599421948195,98,154,702.2819946431775,50,22,51.67445070149124,2026-10-09T00:11:02+00:00,parallel,3,"block mean, streamed in bands, NaN-aware, any void -> void",1.0,p04,46.09152890253915,120.0,1.2944401511338242,0.9661415730750142,0.302296240222054,1.0152341932384457,1.0152359452434507,0.0018372510094195604,0.2505220404299422
X7,win960_k0_c5_d3,win960_k0_c5_d3__win3__full_grid__climb_tiebreak__native,idrija_win960_k0_c5,dem,full_grid,,climb_tiebreak,native,win3,win,0.0,5,height_tiebreak,0,nan,13200,960,idrija_win960_k0,11340,960,process,article-2026,True,0fc96e99b9a09a800a7e28c9437774072ad2cf51,192,192,0.07493183300539386,7.043742868010651,60,2629,9259,3,main,2629,36864,103,36864,6,2.5.3,130.31038696289062,130.3109839477388,True,110.80195312499882,596.98484809835,11.162706476421445,437448,macOS-26.7.1-arm64-arm-64bit-Mach-O,3.14.7,True,233.81986450195308,20261009T001006Z,1.18.1,0,36864,27485,50926,28059,100.0,0.0,0.003862583005684428,0.0037530419940594584,0.0036485000018728897,0.0,114,134,494.7726750741192,18,158,51.67445070149124,2026-10-09T00:11:02+00:00,parallel,3,"block mean, streamed in bands, NaN-aware, any void -> void",1.0,p04,,,,,,,,,
X7,win960_k0_c5_d3,win960_k0_c5_d3__win3__hag_cta__shared_border__climb_tiebreak__native,idrija_win960_k0_c5,dem,hag_cta,shared_border,climb_tiebreak,native,win3,win,0.009749874996487051,5,height_tiebreak,31,10.0,13200,960,idrija_win960_k0,11340,960,process,article-2026,True,0fc96e99b9a09a800a7e28c9437774072ad2cf51,192,192,0.07493183300539386,7.043742868010651,60,2629,9259,3,main,32,483,179,36864,6,2.5.3,182.09870727539038,182.0997629608151,True,98.10786132812382,1055.685424949238,9.60148666579113,416416,macOS-26.7.1-arm64-arm-64bit-Mach-O,3.14.7,True,233.81986450195308,20261009T001006Z,1.18.1,0,483,481,606,481,1.3102213541666667,98.68977864583334,0.00017141700664069504,0.0001273749949177727,0.0001111250021494925,0.0004217079986119643,114,134,494.7726750741192,18,158,51.67445070149124,2026-10-09T00:11:02+00:00,parallel,3,"block mean, streamed in bands, NaN-aware, any void -> void",1.0,p04,26.43033446678943,127.47548783981962,1.7683621758777364,0.9519211426272379,0.017500454793523742,1.3974228111781133,1.397424510537394,0.0032039590005297214,0.033939133939718646
X7,win960_k0_c5_d3,win960_k0_c5_d3__win3__hag_cta_ring1__shared_border__climb_tiebreak__native,idrija_win960_k0_c5,dem,hag_cta_ring1,shared_border,climb_tiebreak,native,win3,win,0.009749874996487051,5,height_tiebreak,31,10.0,13200,960,idrija_win960_k0,11340,960,process,article-2026,True,0fc96e99b9a09a800a7e28c9437774072ad2cf51,192,192,0.07493183300539386,7.043742868010651,60,2629,9259,3,main,175,1973,131,36864,6,2.5.3,130.31038696289062,130.3111695112307,True,105.51138029649009,782.5483399593904,11.162859293140182,415264,macOS-26.7.1-arm64-arm-64bit-Mach-O,3.14.7,True,233.81986450195308,20261009T001006Z,1.18.1,0,1973,1930,3272,1944,5.352105034722222,94.64789496527779,0.00035516699426807463,0.00023683300241827965,0.00018220899801235646,0.0004104160034330562,114,134,494.7726750741192,18,158,51.67445070149124,2026-10-09T00:11:02+00:00,parallel,3,"block mean, streamed in bands, NaN-aware, any void -> void",1.0,p04,27.265728373846883,82.00609733428362,1.3108345085342432,0.9492876867650555,0.07022012006549026,1.0,1.000001424004994,0.0031057929882081226,0.06310427722182518
X7,win960_k1_c10_d3,win960_k1_c10_d3__win1__full_grid__climb_tiebreak__native,idrija_win960_k1_c10,dem,full_grid,,climb_tiebreak,native,win1,win,0.0,10,height_tiebreak,0,nan,1440,960,idrija_win960_k1,3360,960,process,article-2026,True,0fc96e99b9a09a800a7e28c9437774072ad2cf51,96,96,0.013821375003317371,7.392561983471074,40,968,3578,3,main,968,6056,61,6056,6,2.5.3,88.58425781249969,88.58500692938222,True,43.10155056142799,749.1168824543142,14.373442158326998,112560,macOS-26.7.1-arm64-arm-64bit-Mach-O,3.14.7,True,301.083603515625,20261009T001006Z,1.18.1,0,6056,2429,4653,2611,100.0,0.0,0.000386208004783839,0.0002704579965211451,0.0002099999983329326,0.0,29,53,585.4912467321778,87,45,36.267437299315084,2026-10-09T00:11:04+00:00,parallel,3,"block mean, streamed in bands, NaN-aware, any void -> void",0.6618923611111112,p05,,,,,,,,,
X7,win960_k1_c10_d3,win960_k1_c10_d3__win1__hag_cta__shared_border__climb_tiebreak__native,idrija_win960_k1_c10,dem,hag_cta,shared_border,climb_tiebreak,native,win1,win,0.0017144170124083757,10,height_tiebreak,19,20.0,1440,960,idrija_win960_k1,3360,960,process,article-2026,True,0fc96e99b9a09a800a7e28c9437774072ad2cf51,96,96,0.013821375003317371,7.392561983471074,40,968,3578,3,main,20,165,67,6056,6,2.5.3,106.63355102539015,106.63439327935768,True,94.77704467773492,842.2539674441618,11.705170322055118,107552,macOS-26.7.1-arm64-arm-64bit-Mach-O,3.14.7,True,301.083603515625,20261009T001006Z,1.18.1,0,165,153,192,153,2.724570673712021,97.27542932628798,0.0001024999946821481,5.7792000006884336e-05,5.1915994845330715e-05,0.00020762499480042607,29,53,585.4912467321778,87,45,36.267437299315084,2026-10-09T00:11:04+00:00,parallel,3,"block mean, streamed in bands, NaN-aware, any void -> void",0.6618923611111112,p05,3081.8858825397283,42.42640687119285,1.1243291763559042,0.9555081734186212,0.06298888431453273,1.2037528298887392,1.2037521582446111,5.041001713834703e-06,0.21368197927313273
X7,win960_k1_c10_d3,win960_k1_c10_d3__win1__hag_cta_ring1__shared_border__climb_tiebreak__native,idrija_win960_k1_c10,dem,hag_cta_ring1,shared_border,climb_tiebreak,native,win1,win,0.0017144170124083757,10,height_tiebreak,19,20.0,1440,960,idrija_win960_k1,3360,960,process,article-2026,True,0fc96e99b9a09a800a7e28c9437774072ad2cf51,96,96,0.013821375003317371,7.392561983471074,40,968,3578,3,main,100,631,61,6056,6,2.5.3,89.22904785156209,89.22978039990214,True,94.77704467773492,732.5483399593902,16.87805258961861,108832,macOS-26.7.1-arm64-arm-64bit-Mach-O,3.14.7,True,301.083603515625,20261009T001006Z,1.18.1,0,631,574,1082,580,10.419418758256274,89.58058124174373,0.00014762500359211117,8.900000830180943e-05,7.02499964972958e-05,0.00020166700414847583,29,53,585.4912467321778,87,45,36.267437299315084,2026-10-09T00:11:04+00:00,parallel,3,"block mean, streamed in bands, NaN-aware, any void -> void",0.6618923611111112,p05,inf,40.0,0.9778825669491776,0.9668798862828714,0.23631123919308358,1.0072788332259575,1.0072785846371715,-2.020901592914015e-05,0.32907146191497866
X7,win960_k1_c10_d3,win960_k1_c10_d3__win2__full_grid__climb_tiebreak__native,idrija_win960_k1_c10,dem,full_grid,,climb_tiebreak,native,win2,win,0.0,10,height_tiebreak,0,nan,1440,960,idrija_win960_k1,3360,960,process,article-2026,True,0fc96e99b9a09a800a7e28c9437774072ad2cf51,96,96,0.013821375003317371,7.392561983471074,40,968,3578,3,main,968,6056,59,6056,6,2.5.3,60.91526062011735,60.915923462829895,True,35.163862622229395,662.8427124746189,17.31875310629978,113888,macOS-26.7.1-arm64-arm-64bit-Mach-O,3.14.7,True,301.083603515625,20261009T001006Z,1.18.1,0,6056,3071,5948,3241,100.0,0.0,0.0004418330063344911,0.0003625419922173023,0.00034374999813735485,0.0,67,85,541.4794548272354,13,81,36.267437299315084,2026-10-09T00:11:04+00:00,parallel,3,"block mean, streamed in bands, NaN-aware, any void -> void",0.6618923611111112,p05,,,,,,,,,
X7,win960_k1_c10_d3,win960_k1_c10_d3__win2__hag_cta__shared_border__climb_tiebreak__native,idrija_win960_k1_c10,dem,hag_cta,shared_border,climb_tiebreak,native,win2,win,0.0017144170124083757,10,height_tiebreak,8,20.0,1440,960,idrija_win960_k1,3360,960,process,article-2026,True,0fc96e99b9a09a800a7e28c9437774072ad2cf51,96,96,0.013821375003317371,7.392561983471074,40,968,3578,3,main,9,235,63,6056,6,2.5.3,73.26803527832067,73.26877125811822,True,39.5788131130529,735.9797974644665,12.022756736819119,107760,macOS-26.7.1-arm64-arm-64bit-Mach-O,3.14.7,True,301.083603515625,20261009T001006Z,1.18.1,0,235,231,274,231,3.880449141347424,96.11955085865259,7.612499757669866e-05,5.641700408887118e-05,5.1709008403122425e-05,0.00018695800099521875,67,85,541.4794548272354,13,81,36.267437299315084,2026-10-09T00:11:04+00:00,parallel,3,"block mean, streamed in bands, NaN-aware, any void -> void",0.6618923611111112,p05,130.36993205474647,36.05551275463989,1.1103385216634605,0.9461927507726889,0.07521979811136438,1.2027862071417257,1.2027852011933444,0.00011916698713321239,0.15561508818282122
X7,win960_k1_c10_d3,win960_k1_c10_d3__win2__hag_cta_ring1__shared_border__climb_tiebreak__native,idrija_win960_k1_c10,dem,hag_cta_ring1,shared_border,climb_tiebreak,native,win2,win,0.0017144170124083757,10,height_tiebreak,8,20.0,1440,960,idrija_win960_k1,3360,960,process,article-2026,True,0fc96e99b9a09a800a7e28c9437774072ad2cf51,96,96,0.013821375003317371,7.392561983471074,40,968,3578,3,main,79,925,59,6056,6,2.5.3,60.91526062011735,60.915923462829895,True,35.163862622229395,662.8427124746189,17.31875310629978,109368,macOS-26.7.1-arm64-arm-64bit-Mach-O,3.14.7,True,301.083603515625,20261009T001006Z,1.18.1,0,925,902,1634,908,15.274108322324967,84.72589167767504,0.00016545900143682957,0.00010504100646357983,8.333301229868084e-05,0.00016504099767189473,67,85,541.4794548272354,13,81,36.267437299315084,2026-10-09T00:11:04+00:00,parallel,3,"block mean, streamed in bands, NaN-aware, any void -> void",0.6618923611111112,p05,168.02719033422824,0.0,1.0,0.9603118853610565,0.2937154021491371,1.0,1.0,9.245998808182776e-05,0.28973473064775296
X7,win960_k1_c10_d3,win960_k1_c10_d3__win3__full_grid__climb_tiebreak__native,idrija_win960_k1_c10,dem,full_grid,,climb_tiebreak,native,win3,win,0.0,10,height_tiebreak,0,nan,1440,960,idrija_win960_k1,3360,960,process,article-2026,True,0fc96e99b9a09a800a7e28c9437774072ad2cf51,96,96,0.013821375003317371,7.392561983471074,40,968,3578,3,main,968,6056,46,6056,6,2.5.3,132.45146606445326,132.45195334367395,True,61.83717041015598,487.2792206135785,27.43916881633962,115064,macOS-26.7.1-arm64-arm-64bit-Mach-O,3.14.7,True,301.083603515625,20261009T001006Z,1.18.1,0,6056,5170,9562,5274,100.0,0.0,0.0007088329875841737,0.0006213329907041043,0.0005717909953091294,0.0,49,49,394.4616584663204,15,29,36.267437299315084,2026-10-09T00:11:04+00:00,parallel,3,"block mean, streamed in bands, NaN-aware, any void -> void",0.6618923611111112,p05,,,,,,,,,
X7,win960_k1_c10_d3,win960_k1_c10_d3__win3__hag_cta__shared_border__climb_tiebreak__native,idrija_win960_k1_c10,dem,hag_cta,shared_border,climb_tiebreak,native,win3,win,0.0017144170124083757,10,height_tiebreak,29,20.0,1440,960,idrija_win960_k1,3360,960,process,article-2026,True,0fc96e99b9a09a800a7e28c9437774072ad2cf51,96,96,0.013821375003317371,7.392561983471074,40,968,3578,3,main,30,342,72,6056,6,2.5.3,147.87110595703132,147.87199406886327,True,65.88447149270372,888.1118318204308,10.667195264813774,107576,macOS-26.7.1-arm64-arm-64bit-Mach-O,3.14.7,True,301.083603515625,20261009T001006Z,1.18.1,0,342,244,298,245,5.647291941875825,94.35270805812418,9.67920059338212e-05,6.495800334960222e-05,5.558299017138779e-05,0.00020529099856503308,49,49,394.4616584663204,15,29,36.267437299315084,2026-10-09T00:11:04+00:00,parallel,3,"block mean, streamed in bands, NaN-aware, any void -> void",0.6618923611111112,p05,44.25092716216671,89.44271909999159,1.8225932776327436,0.9349231731905722,0.04719535783365571,1.1164172836341018,1.1164198815941873,0.000351083988789469,0.10454620038120106
X7,win960_k1_c10_d3,win960_k1_c10_d3__win3__hag_cta_ring1__shared_border__climb_tiebreak__native,idrija_win960_k1_c10,dem,hag_cta_ring1,shared_border,climb_tiebreak,native,win3,win,0.0017144170124083757,10,height_tiebreak,29,20.0,1440,960,idrija_win960_k1,3360,960,process,article-2026,True,0fc96e99b9a09a800a7e28c9437774072ad2cf51,96,96,0.013821375003317371,7.392561983471074,40,968,3578,3,main,125,1036,46,6056,6,2.5.3,132.45146606445326,132.45195334367395,True,61.83717041015598,487.2792206135785,27.742476361740568,108440,macOS-26.7.1-arm64-arm-64bit-Mach-O,3.14.7,True,301.083603515625,20261009T001006Z,1.18.1,0,1036,712,1052,752,17.107001321003963,82.89299867899604,0.0001348750083707273,7.650000043213367e-05,6.695800402667373e-05,0.0002462499978719279,49,49,394.4616584663204,15,29,36.267437299315084,2026-10-09T00:11:04+00:00,parallel,3,"block mean, streamed in bands, NaN-aware, any void -> void",0.6618923611111112,p05,52.03173794611459,20.0,1.0,0.9424320378224292,0.13771760154738877,1.0,1.0,0.0002985829924000427,0.12312238618690224
X7,win960_k1_c1_d3,win960_k1_c1_d3__win1__full_grid__climb_tiebreak__native,idrija_win960_k1_c1,dem,full_grid,,climb_tiebreak,native,win1,win,0.0,1,height_tiebreak,0,nan,1440,960,idrija_win960_k1,3360,960,process,article-2026,True,0fc96e99b9a09a800a7e28c9437774072ad2cf51,960,960,0.26930100000754464,5.942857142857143,79,945,2808,3,main,945,608000,624,608000,6,2.5.3,128.17486572265625,128.17563411161584,True,1085.931396484375,768.3889603929565,12.38436179513157,10267632,macOS-26.7.1-arm64-arm-64bit-Mach-O,3.14.7,True,304.01483154296875,20261009T001006Z,1.18.1,0,608000,400957,717496,402729,100.0,0.0,0.06098200000997167,0.06074241700116545,0.05998820799868554,0.0,290,530,585.4912467321778,870,450,36.93635856319831,2026-10-09T00:10:48+00:00,parallel,3,"block mean, streamed in bands, NaN-aware, any void -> void",0.6618923611111112,p04,,,,,,,,,
X7,win960_k1_c1_d3,win960_k1_c1_d3__win1__hag_cta__shared_border__climb_tiebreak__native,idrija_win960_k1_c1,dem,hag_cta,shared_border,climb_tiebreak,native,win1,win,0.0419559589936398,1,height_tiebreak,44,2.0,1440,960,idrija_win960_k1,3360,960,process,article-2026,True,0fc96e99b9a09a800a7e28c9437774072ad2cf51,960,960,0.26930100000754464,5.942857142857143,79,945,2808,3,main,45,130714,627,608000,6,2.5.3,172.23480224609375,172.23556245128577,True,344.549560546875,760.2051942088829,19.749674500630803,10202280,macOS-26.7.1-arm64-arm-64bit-Mach-O,3.14.7,True,304.01483154296875,20261009T001006Z,1.18.1,0,130714,129697,242769,129701,21.499013157894737,78.50098684210526,0.01789979200111702,0.017817291998653673,0.017551832992467098,0.0002201669994974509,290,530,585.4912467321778,870,450,36.93635856319831,2026-10-09T00:10:48+00:00,parallel,3,"block mean, streamed in bands, NaN-aware, any void -> void",0.6618923611111112,p04,7.288543849620796,174.64249196572982,0.989349448513825,0.9936351439163382,0.32346860137121936,1.3437486458442955,1.343746521287364,0.042704958003014326,0.293325370939912
X7,win960_k1_c1_d3,win960_k1_c1_d3__win1__hag_cta_ring1__shared_border__climb_tiebreak__native,idrija_win960_k1_c1,dem,hag_cta_ring1,shared_border,climb_tiebreak,native,win1,win,0.0419559589936398,1,height_tiebreak,44,2.0,1440,960,idrija_win960_k1,3360,960,process,article-2026,True,0fc96e99b9a09a800a7e28c9437774072ad2cf51,960,960,0.26930100000754464,5.942857142857143,79,945,2808,3,main,154,186237,620,608000,6,2.5.3,156.93780517578125,156.93852400124797,True,816.44287109375,718.8254685319159,14.66333231637414,10206896,macOS-26.7.1-arm64-arm-64bit-Mach-O,3.14.7,True,304.01483154296875,20261009T001006Z,1.18.1,0,186237,178494,328072,178709,30.63108552631579,69.36891447368421,0.02600666599755641,0.025278791988966987,0.02478595799766481,0.00023720900935586542,290,530,585.4912467321778,870,450,36.93635856319831,2026-10-09T00:10:48+00:00,parallel,3,"block mean, streamed in bands, NaN-aware, any void -> void",0.6618923611111112,p04,8.83589630509296,120.33702672078948,0.9354968714859025,0.9940847120348684,0.4451699309402255,1.224403897682733,1.224402165739124,0.0352264160028426,0.41616374910603193
X7,win960_k1_c1_d3,win960_k1_c1_d3__win2__full_grid__climb_tiebreak__native,idrija_win960_k1_c1,dem,full_grid,,climb_tiebreak,native,win2,win,0.0,1,height_tiebreak,0,nan,1440,960,idrija_win960_k1,3360,960,process,article-2026,True,0fc96e99b9a09a800a7e28c9437774072ad2cf51,960,960,0.26930100000754464,5.942857142857143,79,945,2808,3,main,945,608000,576,608000,6,2.5.3,70.42938232421875,70.43005217912419,True,111.18028436368805,669.8549057834389,10.645029801509892,10244816,macOS-26.7.1-arm64-arm-64bit-Mach-O,3.14.7,True,304.01483154296875,20261009T001006Z,1.18.1,0,608000,312212,578502,313849,100.0,0.0,0.05123954199370928,0.051099333009915426,0.05048954198719002,0.0,670,850,541.4794548272354,130,810,36.93635856319831,2026-10-09T00:10:48+00:00,parallel,3,"block mean, streamed in bands, NaN-aware, any void -> void",0.6618923611111112,p04,,,,,,,,,
X7,win960_k1_c1_d3,win960_k1_c1_d3__win2__hag_cta__shared_border__climb_tiebreak__native,idrija_win960_k1_c1,dem,hag_cta,shared_border,climb_tiebreak,native,win2,win,0.0419559589936398,1,height_tiebreak,17,10.0,1440,960,idrija_win960_k1,3360,960,process,article-2026,True,0fc96e99b9a09a800a7e28c9437774072ad2cf51,960,960,0.26930100000754464,5.942857142857143,79,945,2808,3,main,18,69185,576,608000,6,2.5.3,70.42938232421875,70.43005217912419,True,111.18028436368805,669.8549057834389,10.645029801509892,10198064,macOS-26.7.1-arm64-arm-64bit-Mach-O,3.14.7,True,304.01483154296875,20261009T001006Z,1.18.1,0,69185,67548,120894,67770,11.379111842105264,88.62088815789474,0.009259958998882212,0.009214207995682955,0.008863832990755327,0.00019320800493005663,670,850,541.4794548272354,130,810,36.93635856319831,2026-10-09T00:10:48+00:00,parallel,3,"block mean, streamed in bands, NaN-aware, any void -> void",0.6618923611111112,p04,7.465642775114801,0.0,1.0,0.9954365212610944,0.21635299091642857,1.0,1.0,0.041691917009302415,0.1803195355582236
X7,win960_k1_c1_d3,win960_k1_c1_d3__win2__hag_cta_ring1__shared_border__climb_tiebreak__native,idrija_win960_k1_c1,dem,hag_cta_ring1,shared_border,climb_tiebreak,native,win2,win,0.0419559589936398,1,height_tiebreak,17,2.0,1440,960,idrija_win960_k1,3360,960,process,article-2026,True,0fc96e99b9a09a800a7e28c9437774072ad2cf51,960,960,0.26930100000754464,5.942857142857143,79,945,2808,3,main,58,124834,576,608000,6,2.5.3,70.42938232421875,70.43005217912419,True,111.18028436368805,669.8549057834389,10.645029801509892,10198424,macOS-26.7.1-arm64-arm-64bit-Mach-O,3.14.7,True,304.01483154296875,20261009T001006Z,1.18.1,0,124834,122857,230581,123098,20.531907894736843,79.46809210526315,0.01770891700289212,0.017270083000767045,0.01722612501180265,0.00021283300884533674,670,850,541.4794548272354,130,810,36.93635856319831,2026-10-09T00:10:48+00:00,parallel,3,"block mean, streamed in bands, NaN-aware, any void -> void",0.6618923611111112,p04,9.259075974645915,0.0,1.0,0.9954716609844433,0.3935050542580042,1.0,1.0,0.033616417000303045,0.33797081064474793
X7,win960_k1_c1_d3,win960_k1_c1_d3__win3__full_grid__climb_tiebreak__native,idrija_win960_k1_c1,dem,full_grid,,climb_tiebreak,native,win3,win,0.0,1,height_tiebreak,0,nan,1440,960,idrija_win960_k1,3360,960,process,article-2026,True,0fc96e99b9a09a800a7e28c9437774072ad2cf51,960,960,0.26930100000754464,5.942857142857143,79,945,2808,3,main,945,608000,457,608000,6,2.5.3,138.78375244140625,138.78424820590718,True,290.814208984375,495.7645019878172,25.100688471045608,10241952,macOS-26.7.1-arm64-arm-64bit-Mach-O,3.14.7,True,304.01483154296875,20261009T001006Z,1.18.1,0,608000,512723,969817,514366,100.0,0.0,0.08386812500248197,0.08284524999908172,0.0827520829916466,0.0,490,490,394.4616584663204,150,290,36.93635856319831,2026-10-09T00:10:48+00:00,parallel,3,"block mean, streamed in bands, NaN-aware, any void -> void",0.6618923611111112,p04,,,,,,,,,
X7,win960_k1_c1_d3,win960_k1_c1_d3__win3__hag_cta__shared_border__climb_tiebreak__native,idrija_win960_k1_c1,dem,hag_cta,shared_border,climb_tiebreak,native,win3,win,0.0419559589936398,1,height_tiebreak,43,8.0,1440,960,idrija_win960_k1,3360,960,process,article-2026,True,0fc96e99b9a09a800a7e28c9437774072ad2cf51,960,960,0.26930100000754464,5.942857142857143,79,945,2808,3,main,44,134433,457,608000,6,2.5.3,138.78375244140625,138.78424820590718,True,290.814208984375,495.7645019878172,25.100688471045608,10189360,macOS-26.7.1-arm64-arm-64bit-Mach-O,3.14.7,True,304.01483154296875,20261009T001006Z,1.18.1,0,134433,118701,218226,118882,22.110690789473683,77.88930921052632,0.01639720798993949,0.01558645800105296,0.01540279200708028,0.00022645900025963783,490,490,394.4616584663204,150,290,36.93635856319831,2026-10-09T00:10:48+00:00,parallel,3,"block mean, streamed in bands, NaN-aware, any void -> void",0.6618923611111112,p04,4.643385439255758,0.0,1.0,0.9948650413514923,0.2315109718112899,1.0,1.0,0.06703233299776912,0.18813942864830183
X7,win960_k1_c1_d3,win960_k1_c1_d3__win3__hag_cta_ring1__shared_border__climb_tiebreak__native,idrija_win960_k1_c1,dem,hag_cta_ring1,shared_border,climb_tiebreak,native,win3,win,0.0419559589936398,1,height_tiebreak,43,2.0,1440,960,idrija_win960_k1,3360,960,process,article-2026,True,0fc96e99b9a09a800a7e28c9437774072ad2cf51,960,960,0.26930100000754464,5.942857142857143,79,945,2808,3,main,123,162190,457,608000,6,2.5.3,138.78375244140625,138.78424820590718,True,290.814208984375,495.7645019878172,25.100688471045608,10192592,macOS-26.7.1-arm64-arm-64bit-Mach-O,3.14.7,True,304.01483154296875,20261009T001006Z,1.18.1,0,162190,135901,251839,136302,26.675986842105264,73.32401315789474,0.0182577080122428,0.017896750010550022,0.01777458300057333,0.00024191699048969895,490,490,394.4616584663204,150,290,36.93635856319831,2026-10-09T00:10:48+00:00,parallel,3,"block mean, streamed in bands, NaN-aware, any void -> void",0.6618923611111112,p04,4.8102827344569095,0.0,1.0,0.9951806061969437,0.26505735065522706,1.0,1.0,0.064706582998042,0.21602626596875976
X7,win960_k1_c20_d3,win960_k1_c20_d3__win1__full_grid__climb_tiebreak__native,idrija_win960_k1_c20,dem,full_grid,,climb_tiebreak,native,win1,win,0.0,20,height_tiebreak,0,nan,1440,960,idrija_win960_k1,3360,960,process,article-2026,True,0fc96e99b9a09a800a7e28c9437774072ad2cf51,48,48,0.004554999992251396,7.496229260935143,26,663,2485,3,main,663,1504,30,1504,6,2.5.3,79.89937667846664,79.90008922680664,True,84.65766906738281,712.5483399593902,14.43686482602171,33776,macOS-26.7.1-arm64-arm-64bit-Mach-O,3.14.7,True,299.86248977661126,20261009T001006Z,1.18.1,0,1504,519,1035,603,100.0,0.0,0.00016549999418202788,7.591699250042439e-05,6.412500806618482e-05,0.0,14,26,585.4912467321778,43,22,36.009930706797704,2026-10-09T00:11:05+00:00,parallel,3,"block mean, streamed in bands, NaN-aware, any void -> void",0.6618923611111112,p04,,,,,,,,,
X7,win960_k1_c20_d3,win960_k1_c20_d3__win1__hag_cta__shared_border__climb_tiebreak__native,idrija_win960_k1_c20,dem,hag_cta,shared_border,climb_tiebreak,native,win1,win,0.0011368749983375892,20,height_tiebreak,16,40.0,1440,960,idrija_win960_k1,3360,960,process,article-2026,True,0fc96e99b9a09a800a7e28c9437774072ad2cf51,48,48,0.004554999992251396,7.496229260935143,26,663,2485,3,main,17,49,31,1504,6,2.5.3,85.9996080017089,86.00034883432016,True,84.65766906738281,740.8326112068522,14.168266724706864,31520,macOS-26.7.1-arm64-arm-64bit-Mach-O,3.14.7,True,299.86248977661126,20261009T001006Z,1.18.1,0,49,47,48,47,3.257978723404255,96.74202127659575,5.904100544285029e-05,3.9999998989515007e-05,3.1625007977709174e-05,0.00016720799612812698,14,26,585.4912467321778,43,22,36.009930706797704,2026-10-09T00:11:05+00:00,parallel,3,"block mean, streamed in bands, NaN-aware, any void -> void",0.6618923611111112,p04,inf,40.0,1.039694529705976,0.9332070108953103,0.0905587668593449,1.0763489225678318,1.0763485956842571,-0.0001312910026172176,0.5268912488767439
X7,win960_k1_c20_d3,win960_k1_c20_d3__win1__hag_cta_ring1__shared_border__climb_tiebreak__native,idrija_win960_k1_c20,dem,hag_cta_ring1,shared_border,climb_tiebreak,native,win1,win,0.0011368749983375892,20,height_tiebreak,16,40.0,1440,960,idrija_win960_k1,3360,960,process,article-2026,True,0fc96e99b9a09a800a7e28c9437774072ad2cf51,48,48,0.004554999992251396,7.496229260935143,26,663,2485,3,main,80,181,30,1504,6,2.5.3,79.89937667846664,79.90008922680664,True,84.65766906738281,712.5483399593902,14.43686482602171,32080,macOS-26.7.1-arm64-arm-64bit-Mach-O,3.14.7,True,299.86248977661126,20261009T001006Z,1.18.1,0,181,159,306,171,12.034574468085106,87.9654255319149,9.262499224860221e-05,5.2749994210898876e-05,4.054099554196e-05,0.00016737499390728772,14,26,585.4912467321778,43,22,36.009930706797704,2026-10-09T00:11:05+00:00,parallel,3,"block mean, streamed in bands, NaN-aware, any void -> void",0.6618923611111112,p04,inf,0.0,1.0,0.949786830885836,0.3063583815028902,1.0,1.0,-0.0001442079956177622,0.6948377757536166
X7,win960_k1_c20_d3,win960_k1_c20_d3__win2__full_grid__climb_tiebreak__native,idrija_win960_k1_c20,dem,full_grid,,climb_tiebreak,native,win2,win,0.0,20,height_tiebreak,0,nan,1440,960,idrija_win960_k1,3360,960,process,article-2026,True,0fc96e99b9a09a800a7e28c9437774072ad2cf51,48,48,0.004554999992251396,7.496229260935143,26,663,2485,3,main,663,1504,30,1504,6,2.5.3,55.39648056030251,55.39714340301497,True,23.92112579345735,662.842712474619,26.528624740016426,34192,macOS-26.7.1-arm64-arm-64bit-Mach-O,3.14.7,True,299.86248977661126,20261009T001006Z,1.18.1,0,1504,747,1476,828,100.0,0.0,0.00013254200166556984,8.275000436697155e-05,6.366599700413644e-05,0.0,33,42,541.4794548272354,6,40,36.009930706797704,2026-10-09T00:11:05+00:00,parallel,3,"block mean, streamed in bands, NaN-aware, any void -> void",0.6618923611111112,p04,,,,,,,,,
X7,win960_k1_c20_d3,win960_k1_c20_d3__win2__hag_cta__shared_border__climb_tiebreak__native,idrija_win960_k1_c20,dem,hag_cta,shared_border,climb_tiebreak,native,win2,win,0.0011368749983375892,20,height_tiebreak,14,40.0,1440,960,idrija_win960_k1,3360,960,process,article-2026,True,0fc96e99b9a09a800a7e28c9437774072ad2cf51,48,48,0.004554999992251396,7.496229260935143,26,663,2485,3,main,15,63,31,1504,6,2.5.3,58.649645538330105,58.65033666531381,True,24.22288436889687,691.1269837220809,26.420086248763408,31664,macOS-26.7.1-arm64-arm-64bit-Mach-O,3.14.7,True,299.86248977661126,20261009T001006Z,1.18.1,0,63,60,72,60,4.1888297872340425,95.81117021276596,4.704100138042122e-05,3.441699664108455e-05,3.100000321865082e-05,0.0001410839904565364,33,42,541.4794548272354,6,40,36.009930706797704,2026-10-09T00:11:05+00:00,parallel,3,"block mean, streamed in bands, NaN-aware, any void -> void",0.6618923611111112,p04,inf,20.0,1.0426711657458931,0.926064576509125,0.08032128514056225,1.0587251201723245,1.0587249280821542,-9.275098273064941e-05,0.41591534531473195
X7,win960_k1_c20_d3,win960_k1_c20_d3__win2__hag_cta_ring1__shared_border__climb_tiebreak__native,idrija_win960_k1_c20,dem,hag_cta_ring1,shared_border,climb_tiebreak,native,win2,win,0.0011368749983375892,20,height_tiebreak,14,40.0,1440,960,idrija_win960_k1,3360,960,process,article-2026,True,0fc96e99b9a09a800a7e28c9437774072ad2cf51,48,48,0.004554999992251396,7.496229260935143,26,663,2485,3,main,81,212,30,1504,6,2.5.3,55.39648056030251,55.39714340301497,True,23.92112579345735,662.842712474619,26.528624740016426,32152,macOS-26.7.1-arm64-arm-64bit-Mach-O,3.14.7,True,299.86248977661126,20261009T001006Z,1.18.1,0,212,194,345,201,14.095744680851064,85.90425531914893,0.0001289589999942109,8.666698704473674e-05,4.920799983665347e-05,0.00012020900612697005,33,42,541.4794548272354,6,40,36.009930706797704,2026-10-09T00:11:05+00:00,parallel,3,"block mean, streamed in bands, NaN-aware, any void -> void",0.6618923611111112,p04,inf,0.0,1.0,0.9403369209171736,0.2597054886211513,1.0,1.0,-0.00012412598880473524,1.047335135601861
X7,win960_k1_c20_d3,win960_k1_c20_d3__win3__full_grid__climb_tiebreak__native,idrija_win960_k1_c20,dem,full_grid,,climb_tiebreak,native,win3,win,0.0,20,height_tiebreak,0,nan,1440,960,idrija_win960_k1,3360,960,process,article-2026,True,0fc96e99b9a09a800a7e28c9437774072ad2cf51,48,48,0.004554999992251396,7.496229260935143,26,663,2485,3,main,663,1504,23,1504,6,2.5.3,133.1384333801268,133.13891480148308,True,52.28244171142592,481.4213562373095,26.488263221160445,34808,macOS-26.7.1-arm64-arm-64bit-Mach-O,3.14.7,True,299.86248977661126,20261009T001006Z,1.18.1,0,1504,1297,2292,1331,100.0,0.0,0.00022700001136399806,0.0002028339949902147,0.00017983399447984993,0.0,24,24,394.4616584663204,7,14,36.009930706797704,2026-10-09T00:11:05+00:00,parallel,3,"block mean, streamed in bands, NaN-aware, any void -> void",0.6618923611111112,p04,,,,,,,,,
X7,win960_k1_c20_d3,win960_k1_c20_d3__win3__hag_cta__shared_border__climb_tiebreak__native,idrija_win960_k1_c20,dem,hag_cta,shared_border,climb_tiebreak,native,win3,win,0.0011368749983375892,20,height_tiebreak,21,40.0,1440,960,idrija_win960_k1,3360,960,process,article-2026,True,0fc96e99b9a09a800a7e28c9437774072ad2cf51,48,48,0.004554999992251396,7.496229260935143,26,663,2485,3,main,22,96,31,1504,6,2.5.3,135.4658207702637,135.46652846579,True,48.798600361497634,707.6955262170047,24.142689153618285,31368,macOS-26.7.1-arm64-arm-64bit-Mach-O,3.14.7,True,299.86248977661126,20261009T001006Z,1.18.1,0,96,67,70,67,6.382978723404255,93.61702127659575,5.470799806062132e-05,3.3625008654780686e-05,3.058300353586674e-05,0.00016170799790415913,24,24,394.4616584663204,7,14,36.009930706797704,2026-10-09T00:11:05+00:00,parallel,3,"block mean, streamed in bands, NaN-aware, any void -> void",0.6618923611111112,p04,758.8166603293344,63.245553203367585,1.4700127384215103,0.9011721443346357,0.051657671549730146,1.017480958210556,1.01748259453502,7.500988431274891e-06,0.16577600148536667
X7,win960_k1_c20_d3,win960_k1_c20_d3__win3__hag_cta_ring1__shared_border__climb_tiebreak__native,idrija_win960_k1_c20,dem,hag_cta_ring1,shared_border,climb_tiebreak,native,win3,win,0.0011368749983375892,20,height_tiebreak,21,40.0,1440,960,idrija_win960_k1,3360,960,process,article-2026,True,0fc96e99b9a09a800a7e28c9437774072ad2cf51,48,48,0.004554999992251396,7.496229260935143,26,663,2485,3,main,99,280,23,1504,6,2.5.3,133.1384333801268,133.13891480148308,True,52.28244171142592,481.4213562373095,26.488263221160445,31960,macOS-26.7.1-arm64-arm-64bit-Mach-O,3.14.7,True,299.86248977661126,20261009T001006Z,1.18.1,0,280,197,293,206,18.617021276595743,81.38297872340425,6.791600026190281e-05,3.766600275412202e-05,3.195801400579512e-05,0.00013079200289212167,24,24,394.4616584663204,7,14,36.009930706797704,2026-10-09T00:11:05+00:00,parallel,3,"block mean, streamed in bands, NaN-aware, any void -> void",0.6618923611111112,p04,165.57705244888456,0.0,1.0,0.9181797287979775,0.15188897455666925,1.0,1.0,3.4375989343971014e-05,0.18569866829245824
X7,win960_k1_c3_d3,win960_k1_c3_d3__win1__full_grid__climb_tiebreak__native,idrija_win960_k1_c3,dem,full_grid,,climb_tiebreak,native,win1,win,0.0,3,height_tiebreak,0,nan,1440,960,idrija_win960_k1,3360,960,process,article-2026,True,0fc96e99b9a09a800a7e28c9437774072ad2cf51,320,320,0.06187191700155381,5.822878228782288,62,542,1578,3,main,542,67292,204,67292,6,2.5.3,112.78438991970484,112.78513188225841,True,219.79053638599453,741.9625535217635,14.29570031770337,1163760,macOS-26.7.1-arm64-arm-64bit-Mach-O,3.14.7,True,303.44340006510424,20261009T001006Z,1.18.1,0,67292,40313,72651,40917,100.0,0.0,0.005392209001001902,0.005195165998884477,0.005101333008497022,0.0,96,176,585.4912467321778,290,150,36.54561444517806,2026-10-09T00:11:02+00:00,parallel,3,"block mean, streamed in bands, NaN-aware, any void -> void",0.6618923611111112,p05,,,,,,,,,
X7,win960_k1_c3_d3,win960_k1_c3_d3__win1__hag_cta__shared_border__climb_tiebreak__native,idrija_win960_k1_c3,dem,hag_cta,shared_border,climb_tiebreak,native,win1,win,0.009483708010520786,3,height_tiebreak,24,6.0,1440,960,idrija_win960_k1,3360,960,process,article-2026,True,0fc96e99b9a09a800a7e28c9437774072ad2cf51,320,320,0.06187191700155381,5.822878228782288,62,542,1578,3,main,25,5806,249,67292,6,2.5.3,142.0866902669261,142.08761320718529,True,461.40995732060145,922.9402589451772,9.29156010868607,1143864,macOS-26.7.1-arm64-arm-64bit-Mach-O,3.14.7,True,303.44340006510424,20261009T001006Z,1.18.1,0,5806,5590,9514,5611,8.628068715449087,91.37193128455091,0.0007571250025648624,0.0006502500036731362,0.0005814169999212027,0.00013483400107361376,96,176,585.4912467321778,290,150,36.54561444517806,2026-10-09T00:11:02+00:00,parallel,3,"block mean, streamed in bands, NaN-aware, any void -> void",0.6618923611111112,p05,16.18011300173712,97.67292357659824,1.2439175731502805,0.98290369148278,0.13866494679135763,1.2598081203266036,1.2598080157898568,0.004410081994137727,0.1251644324383013
X7,win960_k1_c3_d3,win960_k1_c3_d3__win1__hag_cta_ring1__shared_border__climb_tiebreak__native,idrija_win960_k1_c3,dem,hag_cta_ring1,shared_border,climb_tiebreak,native,win1,win,0.009483708010520786,3,height_tiebreak,24,6.0,1440,960,idrija_win960_k1,3360,960,process,article-2026,True,0fc96e99b9a09a800a7e28c9437774072ad2cf51,320,320,0.06187191700155381,5.822878228782288,62,542,1578,3,main,85,13417,212,67292,6,2.5.3,124.17086452907915,124.17162552107,True,461.40995732060145,760.9919907732865,12.700302101442826,1147840,macOS-26.7.1-arm64-arm-64bit-Mach-O,3.14.7,True,303.44340006510424,20261009T001006Z,1.18.1,0,13417,12990,24136,13021,19.938477084943234,80.06152291505677,0.0017974169895751402,0.001651625003432855,0.0015570830000797287,0.00014200000441633165,96,176,585.4912467321778,290,150,36.54561444517806,2026-10-09T00:11:02+00:00,parallel,3,"block mean, streamed in bands, NaN-aware, any void -> void",0.6618923611111112,p05,20.977440871690586,89.04493247793498,1.02564743619634,0.9863202034783805,0.3222285615062139,1.1009578951260963,1.1009573996925275,0.00340154099103529,0.31791573239189996
X7,win960_k1_c3_d3,win960_k1_c3_d3__win2__full_grid__climb_tiebreak__native,idrija_win960_k1_c3,dem,full_grid,,climb_tiebreak,native,win2,win,0.0,3,height_tiebreak,0,nan,1440,960,idrija_win960_k1,3360,960,process,article-2026,True,0fc96e99b9a09a800a7e28c9437774072ad2cf51,320,320,0.06187191700155381,5.822878228782288,62,542,1578,3,main,542,67292,200,67292,6,2.5.3,65.95876736111097,65.95944389011488,True,77.83900270520128,676.5290039756342,16.961966255285986,1160928,macOS-26.7.1-arm64-arm-64bit-Mach-O,3.14.7,True,303.44340006510424,20261009T001006Z,1.18.1,0,67292,34693,65371,35210,100.0,0.0,0.005088792007882148,0.005069916995125823,0.004934374999720603,0.0,223,283,541.4794548272354,43,270,36.54561444517806,2026-10-09T00:11:02+00:00,parallel,3,"block mean, streamed in bands, NaN-aware, any void -> void",0.6618923611111112,p05,,,,,,,,,
X7,win960_k1_c3_d3,win960_k1_c3_d3__win2__hag_cta__shared_border__climb_tiebreak__native,idrija_win960_k1_c3,dem,hag_cta,shared_border,climb_tiebreak,native,win2,win,0.009483708010520786,3,height_tiebreak,13,12.0,1440,960,idrija_win960_k1,3360,960,process,article-2026,True,0fc96e99b9a09a800a7e28c9437774072ad2cf51,320,320,0.06187191700155381,5.822878228782288,62,542,1578,3,main,14,5107,204,67292,6,2.5.3,76.76561143663218,76.76633724485689,True,129.298329142505,725.808224589213,16.946051000113027,1142016,macOS-26.7.1-arm64-arm-64bit-Mach-O,3.14.7,True,303.44340006510424,20261009T001006Z,1.18.1,0,5107,4760,8451,4785,7.5893122510848245,92.41068774891518,0.0007474579906556755,0.0005688749952241778,0.0005079999973531812,0.00013820899766869843,223,283,541.4794548272354,43,270,36.54561444517806,2026-10-09T00:11:02+00:00,parallel,3,"block mean, streamed in bands, NaN-aware, any void -> void",0.6618923611111112,p05,16.35534181013896,55.31726674375732,1.0728412534037546,0.9837095840568925,0.13720347044072292,1.163842420164645,1.163841486789151,0.0043628330022329465,0.11220597808032945
X7,win960_k1_c3_d3,win960_k1_c3_d3__win2__hag_cta_ring1__shared_border__climb_tiebreak__native,idrija_win960_k1_c3,dem,hag_cta_ring1,shared_border,climb_tiebreak,native,win2,win,0.009483708010520786,3,height_tiebreak,13,6.0,1440,960,idrija_win960_k1,3360,960,process,article-2026,True,0fc96e99b9a09a800a7e28c9437774072ad2cf51,320,320,0.06187191700155381,5.822878228782288,62,542,1578,3,main,55,14652,200,67292,6,2.5.3,65.95876736111097,65.95944389011488,True,77.83900270520128,676.5290039756342,16.961966255285986,1145624,macOS-26.7.1-arm64-arm-64bit-Mach-O,3.14.7,True,303.44340006510424,20261009T001006Z,1.18.1,0,14652,13473,25045,13581,21.773762111395115,78.22623788860489,0.0018376669904682785,0.0017034170014085248,0.0016395419952459633,0.00013391701213549823,223,283,541.4794548272354,43,270,36.54561444517806,2026-10-09T00:11:02+00:00,parallel,3,"block mean, streamed in bands, NaN-aware, any void -> void",0.6618923611111112,p05,22.073872633320043,0.0,1.0,0.986817442597646,0.3883492347159369,1.0,1.0,0.0032325829815817997,0.33598518536815813
X7,win960_k1_c3_d3,win960_k1_c3_d3__win3__full_grid__climb_tiebreak__native,idrija_win960_k1_c3,dem,full_grid,,climb_tiebreak,native,win3,win,0.0,3,height_tiebreak,0,nan,1440,960,idrija_win960_k1,3360,960,process,article-2026,True,0fc96e99b9a09a800a7e28c9437774072ad2cf51,320,320,0.06187191700155381,5.822878228782288,62,542,1578,3,main,542,67292,152,67292,6,2.5.3,132.14552137586827,132.14601538301093,True,120.01727068865951,494.00714267493635,23.47052671763315,1158248,macOS-26.7.1-arm64-arm-64bit-Mach-O,3.14.7,True,303.44340006510424,20261009T001006Z,1.18.1,0,67292,56396,106915,56863,100.0,0.0,0.00859120799577795,0.008226791003835388,0.008117541001411155,0.0,163,163,394.4616584663204,50,96,36.54561444517806,2026-10-09T00:11:02+00:00,parallel,3,"block mean, streamed in bands, NaN-aware, any void -> void",0.6618923611111112,p05,,,,,,,,,
X7,win960_k1_c3_d3,win960_k1_c3_d3__win3__hag_cta__shared_border__climb_tiebreak__native,idrija_win960_k1_c3,dem,hag_cta,shared_border,climb_tiebreak,native,win3,win,0.009483708010520786,3,height_tiebreak,37,8.485281374238571,1440,960,idrija_win960_k1,3360,960,process,article-2026,True,0fc96e99b9a09a800a7e28c9437774072ad2cf51,320,320,0.06187191700155381,5.822878228782288,62,542,1578,3,main,38,11716,298,67292,6,2.5.3,172.3122965494789,172.31337767350405,True,102.95605679776322,1081.1240251292506,9.058671750572085,1149896,macOS-26.7.1-arm64-arm-64bit-Mach-O,3.14.7,True,303.44340006510424,20261009T001006Z,1.18.1,0,11716,9873,17921,9937,17.410687748915176,82.58931225108482,0.0014132920041447505,0.001402875001076609,0.0012929170043207705,0.00014604200259782374,163,163,394.4616584663204,50,96,36.54561444517806,2026-10-09T00:11:02+00:00,parallel,3,"block mean, streamed in bands, NaN-aware, any void -> void",0.6618923611111112,p05,10.685380558296657,156.97770542341354,2.188478529430182,0.9927891090681789,0.1750656074898929,1.3039586567550951,1.303961963393844,0.006677874000160955,0.17052517809466397
X7,win960_k1_c3_d3,win960_k1_c3_d3__win3__hag_cta_ring1__shared_border__climb_tiebreak__native,idrija_win960_k1_c3,dem,hag_cta_ring1,shared_border,climb_tiebreak,native,win3,win,0.009483708010520786,3,height_tiebreak,37,6.0,1440,960,idrija_win960_k1,3360,960,process,article-2026,True,0fc96e99b9a09a800a7e28c9437774072ad2cf51,320,320,0.06187191700155381,5.822878228782288,62,542,1578,3,main,92,19492,152,67292,6,2.5.3,132.14552137586827,132.14601538301093,True,120.01727068865951,494.00714267493635,23.47052671763315,1143544,macOS-26.7.1-arm64-arm-64bit-Mach-O,3.14.7,True,303.44340006510424,20261009T001006Z,1.18.1,0,19492,15122,28060,15314,28.96629614218629,71.03370385781372,0.0019433330016909167,0.0018639159970916808,0.001774124990333803,0.00015845899179112166,163,163,394.4616584663204,50,96,36.54561444517806,2026-10-09T00:11:02+00:00,parallel,3,"block mean, streamed in bands, NaN-aware, any void -> void",0.6618923611111112,p05,11.500780224941106,0.0,1.0,0.9873049640491501,0.26813958436768565,1.0,1.0,0.006204416014952585,0.2265665915449548
X7,win960_k1_c5_d3,win960_k1_c5_d3__win1__full_grid__climb_tiebreak__native,idrija_win960_k1_c5,dem,full_grid,,climb_tiebreak,native,win1,win,0.0,5,height_tiebreak,0,nan,1440,960,idrija_win960_k1,3360,960,process,article-2026,True,0fc96e99b9a09a800a7e28c9437774072ad2cf51,192,192,0.03455879200191703,6.286634460547504,50,621,1952,3,main,621,24304,117,24304,6,2.5.3,101.8343212890627,101.83503797953838,True,143.0422363281241,716.6904755831215,16.997363389235712,427064,macOS-26.7.1-arm64-arm-64bit-Mach-O,3.14.7,True,302.87947509765627,20261009T001006Z,1.18.1,0,24304,12600,22904,13076,100.0,0.0,0.001666500000283122,0.001611832994967699,0.0015012079966254532,0.0,58,106,585.4912467321778,174,90,37.07576206350801,2026-10-09T00:11:03+00:00,parallel,3,"block mean, streamed in bands, NaN-aware, any void -> void",0.6618923611111112,p03,,,,,,,,,
X7,win960_k1_c5_d3,win960_k1_c5_d3__win1__hag_cta__shared_border__climb_tiebreak__native,idrija_win960_k1_c5,dem,hag_cta,shared_border,climb_tiebreak,native,win1,win,0.0046112080017337576,5,height_tiebreak,19,10.0,1440,960,idrija_win960_k1,3360,960,process,article-2026,True,0fc96e99b9a09a800a7e28c9437774072ad2cf51,192,192,0.03455879200191703,6.286634460547504,50,621,1952,3,main,20,1103,122,24304,6,2.5.3,110.41036621093781,110.41113068315946,True,190.6494140625,764.4722215136417,13.43820571457251,413840,macOS-26.7.1-arm64-arm-64bit-Mach-O,3.14.7,True,302.87947509765627,20261009T001006Z,1.18.1,0,1103,1094,1632,1103,4.538347597103358,95.46165240289665,0.00019666599109768867,0.00014929199824109674,0.00011774999438785017,0.00014479200763162225,58,106,585.4912467321778,174,90,37.07576206350801,2026-10-09T00:11:03+00:00,parallel,3,"block mean, streamed in bands, NaN-aware, any void -> void",0.6618923611111112,p03,29.72493269036954,20.0,1.0666699887306907,0.9690350860760917,0.08682539682539682,1.0842156633767068,1.0842155398944737,0.00131774898909498,0.09262249793074159
X7,win960_k1_c5_d3,win960_k1_c5_d3__win1__hag_cta_ring1__shared_border__climb_tiebreak__native,idrija_win960_k1_c5,dem,hag_cta_ring1,shared_border,climb_tiebreak,native,win1,win,0.0046112080017337576,5,height_tiebreak,19,10.0,1440,960,idrija_win960_k1,3360,960,process,article-2026,True,0fc96e99b9a09a800a7e28c9437774072ad2cf51,192,192,0.03455879200191703,6.286634460547504,50,621,1952,3,main,106,2804,117,24304,6,2.5.3,101.8343212890627,101.83503797953838,True,143.0422363281241,716.6904755831215,16.997363389235712,416648,macOS-26.7.1-arm64-arm-64bit-Mach-O,3.14.7,True,302.87947509765627,20261009T001006Z,1.18.1,0,2804,2696,5134,2730,11.537195523370638,88.46280447662936,0.00042591700912453234,0.0003392910002730787,0.0002732919965637848,0.0001334590051556006,58,106,585.4912467321778,174,90,37.07576206350801,2026-10-09T00:11:03+00:00,parallel,3,"block mean, streamed in bands, NaN-aware, any void -> void",0.6618923611111112,p03,34.3873101111822,0.0,1.0,0.9756102129891538,0.21396825396825397,1.0,1.0,0.0011390829895390198,0.2105000960598142
X7,win960_k1_c5_d3,win960_k1_c5_d3__win2__full_grid__climb_tiebreak__native,idrija_win960_k1_c5,dem,full_grid,,climb_tiebreak,native,win2,win,0.0,5,height_tiebreak,0,nan,1440,960,idrija_win960_k1,3360,960,process,article-2026,True,0fc96e99b9a09a800a7e28c9437774072ad2cf51,192,192,0.03455879200191703,6.286634460547504,50,621,1952,3,main,621,24304,115,24304,6,2.5.3,63.17799072265598,63.17865599177542,True,73.4328320660329,665.269119345812,16.850242578447194,426008,macOS-26.7.1-arm64-arm-64bit-Mach-O,3.14.7,True,302.87947509765627,20261009T001006Z,1.18.1,0,24304,12352,23014,12674,100.0,0.0,0.0016933750011958182,0.0015934160037431866,0.0015339579986175522,0.0,134,170,541.4794548272354,26,162,37.07576206350801,2026-10-09T00:11:03+00:00,parallel,3,"block mean, streamed in bands, NaN-aware, any void -> void",0.6618923611111112,p03,,,,,,,,,
X7,win960_k1_c5_d3,win960_k1_c5_d3__win2__hag_cta__shared_border__climb_tiebreak__native,idrija_win960_k1_c5,dem,hag_cta,shared_border,climb_tiebreak,native,win2,win,0.0046112080017337576,5,height_tiebreak,10,10.0,1440,960,idrija_win960_k1,3360,960,process,article-2026,True,0fc96e99b9a09a800a7e28c9437774072ad2cf51,192,192,0.03455879200191703,6.286634460547504,50,621,1952,3,main,11,1554,118,24304,6,2.5.3,83.22855224609316,83.22924701268728,True,122.028745603078,694.7665940288704,17.137093071916244,413776,macOS-26.7.1-arm64-arm-64bit-Mach-O,3.14.7,True,302.87947509765627,20261009T001006Z,1.18.1,0,1554,1499,2216,1504,6.394009216589862,93.60599078341014,0.00022487499518319964,0.0001645419979467988,0.0001323750038864091,0.00012887499178759754,134,170,541.4794548272354,26,162,37.07576206350801,2026-10-09T00:11:03+00:00,parallel,3,"block mean, streamed in bands, NaN-aware, any void -> void",0.6618923611111112,p03,30.130792086420712,32.01562118716424,1.0443391611383743,0.9712869241892171,0.1213568652849741,1.3173662424855646,1.3173633675195946,0.0012999990140087903,0.10326367851224262
X7,win960_k1_c5_d3,win960_k1_c5_d3__win2__hag_cta_ring1__shared_border__climb_tiebreak__native,idrija_win960_k1_c5,dem,hag_cta_ring1,shared_border,climb_tiebreak,native,win2,win,0.0046112080017337576,5,height_tiebreak,10,10.0,1440,960,idrija_win960_k1,3360,960,process,article-2026,True,0fc96e99b9a09a800a7e28c9437774072ad2cf51,192,192,0.03455879200191703,6.286634460547504,50,621,1952,3,main,54,4685,115,24304,6,2.5.3,63.17799072265598,63.17865599177542,True,73.4328320660329,665.269119345812,16.850242578447194,416464,macOS-26.7.1-arm64-arm-64bit-Mach-O,3.14.7,True,302.87947509765627,20261009T001006Z,1.18.1,0,4685,4385,8011,4431,19.276662277814353,80.72333772218565,0.0005869169981451705,0.0005185829941183329,0.0004673750081565231,0.00011545799497980624,134,170,541.4794548272354,26,162,37.07576206350801,2026-10-09T00:11:03+00:00,parallel,3,"block mean, streamed in bands, NaN-aware, any void -> void",0.6618923611111112,p03,40.828663875661825,0.0,1.0,0.9775966648513643,0.3550032383419689,1.0,1.0,0.0009593750146450475,0.325453612176669
X7,win960_k1_c5_d3,win960_k1_c5_d3__win3__full_grid__climb_tiebreak__native,idrija_win960_k1_c5,dem,full_grid,,climb_tiebreak,native,win3,win,0.0,5,height_tiebreak,0,nan,1440,960,idrija_win960_k1,3360,960,process,article-2026,True,0fc96e99b9a09a800a7e28c9437774072ad2cf51,192,192,0.03455879200191703,6.286634460547504,50,621,1952,3,main,621,24304,92,24304,6,2.5.3,132.18330810546877,132.1838065978928,True,102.96567382812555,498.492424049175,28.21926861334296,426504,macOS-26.7.1-arm64-arm-64bit-Mach-O,3.14.7,True,302.87947509765627,20261009T001006Z,1.18.1,0,24304,20442,38875,20704,100.0,0.0,0.0027589580131461844,0.0026436249900143594,0.002562624998972751,0.0,98,98,394.4616584663204,30,58,37.07576206350801,2026-10-09T00:11:03+00:00,parallel,3,"block mean, streamed in bands, NaN-aware, any void -> void",0.6618923611111112,p03,,,,,,,,,
X7,win960_k1_c5_d3,win960_k1_c5_d3__win3__hag_cta__shared_border__climb_tiebreak__native,idrija_win960_k1_c5,dem,hag_cta,shared_border,climb_tiebreak,native,win3,win,0.0046112080017337576,5,height_tiebreak,31,10.0,1440,960,idrija_win960_k1,3360,960,process,article-2026,True,0fc96e99b9a09a800a7e28c9437774072ad2cf51,192,192,0.03455879200191703,6.286634460547504,50,621,1952,3,main,32,2560,214,24304,6,2.5.3,193.3080493164057,193.30932763638995,True,85.29952016499394,1278.3199846221441,9.460458849491188,419880,macOS-26.7.1-arm64-arm-64bit-Mach-O,3.14.7,True,302.87947509765627,20261009T001006Z,1.18.1,0,2560,1912,2754,1925,10.533245556287032,89.46675444371297,0.0002956249954877421,0.000229124998440966,0.00018737500067800283,0.00013537499762605876,98,98,394.4616584663204,30,58,37.07576206350801,2026-10-09T00:11:03+00:00,parallel,3,"block mean, streamed in bands, NaN-aware, any void -> void",0.6618923611111112,p03,17.186420274304584,261.6295090390226,2.564371940176249,0.9844690788363063,0.09353292241463654,1.4624240540429327,1.462428209715906,0.0022791249939473346,0.08667076431280121
X7,win960_k1_c5_d3,win960_k1_c5_d3__win3__hag_cta_ring1__shared_border__climb_tiebreak__native,idrija_win960_k1_c5,dem,hag_cta_ring1,shared_border,climb_tiebreak,native,win3,win,0.0046112080017337576,5,height_tiebreak,31,10.0,1440,960,idrija_win960_k1,3360,960,process,article-2026,True,0fc96e99b9a09a800a7e28c9437774072ad2cf51,192,192,0.03455879200191703,6.286634460547504,50,621,1952,3,main,126,6505,92,24304,6,2.5.3,132.18330810546877,132.1838065978928,True,102.96567382812555,498.492424049175,28.21926861334296,415384,macOS-26.7.1-arm64-arm-64bit-Mach-O,3.14.7,True,302.87947509765627,20261009T001006Z,1.18.1,0,6505,4855,8754,4980,26.765141540487164,73.23485845951284,0.0005916669906582683,0.0005002910038456321,0.0004281659930711612,0.00018029200145974755,98,98,394.4616584663204,30,58,37.07576206350801,2026-10-09T00:11:03+00:00,parallel,3,"block mean, streamed in bands, NaN-aware, any void -> void",0.6618923611111112,p03,19.953725039384587,0.0,1.0,0.9739275598822051,0.2375012229723119,1.0,1.0,0.0019630419847089797,0.18924431632147443
X7,win960_k2_c10_d3,win960_k2_c10_d3__win1__full_grid__climb_tiebreak__native,idrija_win960_k2_c10,dem,full_grid,,climb_tiebreak,native,win1,win,0.0,10,height_tiebreak,0,nan,10500,960,idrija_win960_k2,12540,960,process,article-2026,True,0fc96e99b9a09a800a7e28c9437774072ad2cf51,96,96,0.01323637500172481,7.018779342723005,21,852,2990,3,main,852,7104,89,7104,6,2.5.3,102.22210510253865,102.22319220931996,True,242.54798395647552,1087.1067811865476,12.06088925436987,116656,macOS-26.7.1-arm64-arm-64bit-Mach-O,3.14.7,True,164.4644702148438,20261009T001006Z,1.18.1,0,7104,5500,9762,5700,100.0,0.0,0.0011516669910633937,0.0007968329882714897,0.0007780829910188913,0.0,87,91,784.3468620451031,13,65,23.41411148528023,2026-10-09T00:11:04+00:00,parallel,3,"block mean, streamed in bands, NaN-aware, any void -> void",0.7916666666666666,p06,,,,,,,,,
X7,win960_k2_c10_d3,win960_k2_c10_d3__win1__hag_cta__shared_border__climb_tiebreak__native,idrija_win960_k2_c10,dem,hag_cta,shared_border,climb_tiebreak,native,win1,win,0.0017404999962309375,10,height_tiebreak,12,20.0,10500,960,idrija_win960_k2,12540,960,process,article-2026,True,0fc96e99b9a09a800a7e28c9437774072ad2cf51,96,96,0.01323637500172481,7.018779342723005,21,852,2990,3,main,13,730,100,7104,6,2.5.3,121.2216998291018,121.22289279374752,True,242.54798395647552,1192.9646455628167,11.76425838591317,108560,macOS-26.7.1-arm64-arm-64bit-Mach-O,3.14.7,True,164.4644702148438,20261009T001006Z,1.18.1,0,730,688,976,694,10.2759009009009,89.72409909909909,0.00016045800293795764,9.962498734239489e-05,8.687499212101102e-05,0.0002067909954348579,87,91,784.3468620451031,13,65,23.41411148528023,2026-10-09T00:11:04+00:00,parallel,3,"block mean, streamed in bands, NaN-aware, any void -> void",0.7916666666666666,p06,30.539061309389577,90.0,1.0973757741265566,0.9305993690851735,0.12509090909090909,1.185865813539104,1.18586487247945,0.000490417005494237,0.12502618341454955
X7,win960_k2_c10_d3,win960_k2_c10_d3__win1__hag_cta_ring1__shared_border__climb_tiebreak__native,idrija_win960_k2_c10,dem,hag_cta_ring1,shared_border,climb_tiebreak,native,win1,win,0.0017404999962309375,10,height_tiebreak,12,20.0,10500,960,idrija_win960_k2,12540,960,process,article-2026,True,0fc96e99b9a09a800a7e28c9437774072ad2cf51,96,96,0.01323637500172481,7.018779342723005,21,852,2990,3,main,132,1797,90,7104,6,2.5.3,103.57010559082016,103.57119855546586,True,242.54798395647552,1092.9646455628167,12.030826510909165,109680,macOS-26.7.1-arm64-arm-64bit-Mach-O,3.14.7,True,164.4644702148438,20261009T001006Z,1.18.1,0,1797,1683,2799,1719,25.29560810810811,74.70439189189189,0.0005153749953024089,0.0004134170012548566,0.00037162500666454434,0.00019295798847451806,87,91,784.3468620451031,13,65,23.41411148528023,2026-10-09T00:11:04+00:00,parallel,3,"block mean, streamed in bands, NaN-aware, any void -> void",0.7916666666666666,p06,78.63610408908072,10.0,1.0053884903283148,0.9402002468797147,0.306,1.0131869764072001,1.0131868934731134,0.0001904579985421151,0.5188251582701805
X7,win960_k2_c10_d3,win960_k2_c10_d3__win2__full_grid__climb_tiebreak__native,idrija_win960_k2_c10,dem,full_grid,,climb_tiebreak,native,win2,win,0.0,10,height_tiebreak,0,nan,10500,960,idrija_win960_k2,12540,960,process,article-2026,True,0fc96e99b9a09a800a7e28c9437774072ad2cf51,96,96,0.01323637500172481,7.018779342723005,21,852,2990,3,main,852,7104,76,7104,6,2.5.3,118.14551574707059,118.14640243754631,True,306.89441188335326,886.6904755831215,11.611835166228538,117520,macOS-26.7.1-arm64-arm-64bit-Mach-O,3.14.7,True,164.4644702148438,20261009T001006Z,1.18.1,0,7104,5143,9331,5355,100.0,0.0,0.0009351670014439151,0.000738750008167699,0.00064504100009799,0.0,53,31,480.0,53,79,23.41411148528023,2026-10-09T00:11:04+00:00,parallel,3,"block mean, streamed in bands, NaN-aware, any void -> void",0.7916666666666666,p06,,,,,,,,,
X7,win960_k2_c10_d3,win960_k2_c10_d3__win2__hag_cta__shared_border__climb_tiebreak__native,idrija_win960_k2_c10,dem,hag_cta,shared_border,climb_tiebreak,native,win2,win,0.0017404999962309375,10,height_tiebreak,23,20.0,10500,960,idrija_win960_k2,12540,960,process,article-2026,True,0fc96e99b9a09a800a7e28c9437774072ad2cf51,96,96,0.01323637500172481,7.018779342723005,21,852,2990,3,main,24,993,84,7104,6,2.5.3,129.04889587402351,129.04988741731293,True,337.9839342093275,991.5432893255071,11.585392891079287,108672,macOS-26.7.1-arm64-arm-64bit-Mach-O,3.14.7,True,164.4644702148438,20261009T001006Z,1.18.1,0,993,978,1415,990,13.97804054054054,86.02195945945947,0.00028866599313914776,0.00019870800315402448,0.00013216701336205006,0.0002021670079557225,53,31,480.0,53,79,23.41411148528023,2026-10-09T00:11:04+00:00,parallel,3,"block mean, streamed in bands, NaN-aware, any void -> void",0.7916666666666666,p06,44.326674445777144,60.0,1.1182518777744064,0.9247106875425459,0.19016138440598873,1.092287718734033,1.0922879135954253,0.000337874997057952,0.2689786814985957
X7,win960_k2_c10_d3,win960_k2_c10_d3__win2__hag_cta_ring1__shared_border__climb_tiebreak__native,idrija_win960_k2_c10,dem,hag_cta_ring1,shared_border,climb_tiebreak,native,win2,win,0.0017404999962309375,10,height_tiebreak,23,20.0,10500,960,idrija_win960_k2,12540,960,process,article-2026,True,0fc96e99b9a09a800a7e28c9437774072ad2cf51,96,96,0.01323637500172481,7.018779342723005,21,852,2990,3,main,152,2581,82,7104,6,2.5.3,126.67353820800793,126.67448489848367,True,306.89441188335326,946.6904755831215,11.612589929604669,109688,macOS-26.7.1-arm64-arm-64bit-Mach-O,3.14.7,True,164.4644702148438,20261009T001006Z,1.18.1,0,2581,2526,4109,2550,36.33164414414414,63.668355855855864,0.00036375000490806997,0.0003551250119926408,0.0002924590080510825,0.0002193749969592318,53,31,480.0,53,79,23.41411148528023,2026-10-09T00:11:04+00:00,parallel,3,"block mean, streamed in bands, NaN-aware, any void -> void",0.7916666666666666,p06,91.18340985972219,31.622776601683793,1.0676673559175671,0.9333560245064669,0.49115302352712426,1.072182362631472,1.0721823287462808,0.0001642499992158264,0.4807106708173817
X7,win960_k2_c10_d3,win960_k2_c10_d3__win3__full_grid__climb_tiebreak__native,idrija_win960_k2_c10,dem,full_grid,,climb_tiebreak,native,win3,win,0.0,10,height_tiebreak,0,nan,10500,960,idrija_win960_k2,12540,960,process,article-2026,True,0fc96e99b9a09a800a7e28c9437774072ad2cf51,96,96,0.01323637500172481,7.018779342723005,21,852,2990,3,main,852,7104,58,7104,6,2.5.3,71.76387695312474,71.76453393797291,True,242.54798395647552,656.98484809835,16.829518902298478,114120,macOS-26.7.1-arm64-arm-64bit-Mach-O,3.14.7,True,164.4644702148438,20261009T001006Z,1.18.1,0,7104,3384,6217,3625,100.0,0.0,0.000483041992993094,0.0004012080025859177,0.0003509170055622235,0.0,33,71,520.3844732503076,85,73,23.41411148528023,2026-10-09T00:11:04+00:00,parallel,3,"block mean, streamed in bands, NaN-aware, any void -> void",0.7916666666666666,p06,,,,,,,,,
X7,win960_k2_c10_d3,win960_k2_c10_d3__win3__hag_cta__shared_border__climb_tiebreak__native,idrija_win960_k2_c10,dem,hag_cta,shared_border,climb_tiebreak,native,win3,win,0.0017404999962309375,10,height_tiebreak,7,20.0,10500,960,idrija_win960_k2,12540,960,process,article-2026,True,0fc96e99b9a09a800a7e28c9437774072ad2cf51,96,96,0.01323637500172481,7.018779342723005,21,852,2990,3,main,8,531,68,7104,6,2.5.3,80.01386840820305,80.01464196159372,True,242.54798395647552,773.5533905932738,12.212497419797524,108536,macOS-26.7.1-arm64-arm-64bit-Mach-O,3.14.7,True,164.4644702148438,20261009T001006Z,1.18.1,0,531,313,469,352,7.474662162162162,92.52533783783784,0.00010704199667088687,9.545800276100636e-05,8.475000504404306e-05,0.000192374995094724,33,71,520.3844732503076,85,73,23.41411148528023,2026-10-09T00:11:04+00:00,parallel,3,"block mean, streamed in bands, NaN-aware, any void -> void",0.7916666666666666,p06,132.10032523128078,90.0,1.1774295751756418,0.9510690501226778,0.09249408983451536,1.1149602251905524,1.1149607970805118,0.00011337500473018736,0.2379264674327234
X7,win960_k2_c10_d3,win960_k2_c10_d3__win3__hag_cta_ring1__shared_border__climb_tiebreak__native,idrija_win960_k2_c10,dem,hag_cta_ring1,shared_border,climb_tiebreak,native,win3,win,0.0017404999962309375,10,height_tiebreak,7,20.0,10500,960,idrija_win960_k2,12540,960,process,article-2026,True,0fc96e99b9a09a800a7e28c9437774072ad2cf51,96,96,0.01323637500172481,7.018779342723005,21,852,2990,3,main,86,1559,58,7104,6,2.5.3,71.9923242187499,71.99298120359808,True,242.54798395647552,656.98484809835,15.670089356022023,109352,macOS-26.7.1-arm64-arm-64bit-Mach-O,3.14.7,True,164.4644702148438,20261009T001006Z,1.18.1,0,1559,814,1412,880,21.945382882882882,78.05461711711712,0.00018008299230132252,0.00010729199857451022,8.091601193882525e-05,0.00018937500135507435,33,71,520.3844732503076,85,73,23.41411148528023,2026-10-09T00:11:04+00:00,parallel,3,"block mean, streamed in bands, NaN-aware, any void -> void",0.7916666666666666,p06,143.26316581437953,10.0,1.0,0.9582194181563267,0.24054373522458627,1.0031833183395928,1.0031832891971766,0.00010454100265633315,0.26742237912249495
X7,win960_k2_c1_d3,win960_k2_c1_d3__win1__full_grid__climb_tiebreak__native,idrija_win960_k2_c1,dem,full_grid,,climb_tiebreak,native,win1,win,0.0,1,height_tiebreak,0,nan,10500,960,idrija_win960_k2,12540,960,process,article-2026,True,0fc96e99b9a09a800a7e28c9437774072ad2cf51,960,960,0.28425358299864456,6.8277606069120536,31,3559,12150,3,main,3559,713280,908,713280,6,2.5.3,160.7593994140625,160.76043274919698,True,921.49658203125,1033.335136523794,15.060243523209484,10264912,macOS-26.7.1-arm64-arm-64bit-Mach-O,3.14.7,True,178.6751708984375,20261009T001006Z,1.18.1,0,713280,549509,975421,551818,100.0,0.0,0.0784248339914484,0.078220458002761,0.07788187499681953,0.0,870,910,784.3468620451031,130,650,16.759759210702455,2026-10-09T00:10:48+00:00,parallel,3,"block mean, streamed in bands, NaN-aware, any void -> void",0.7916666666666666,p06,,,,,,,,,
X7,win960_k2_c1_d3,win960_k2_c1_d3__win1__hag_cta__shared_border__climb_tiebreak__native,idrija_win960_k2_c1,dem,hag_cta,shared_border,climb_tiebreak,native,win1,win,0.04112933301075827,1,height_tiebreak,26,2.0,10500,960,idrija_win960_k2,12540,960,process,article-2026,True,0fc96e99b9a09a800a7e28c9437774072ad2cf51,960,960,0.28425358299864456,6.8277606069120536,31,3559,12150,3,main,27,67481,1202,713280,6,2.5.3,197.6649169921875,197.66631888576214,True,1460.449127234249,1401.8935777509512,9.472672994383238,10228768,macOS-26.7.1-arm64-arm-64bit-Mach-O,3.14.7,True,178.6751708984375,20261009T001006Z,1.18.1,0,67481,66397,113928,66512,9.460660610139076,90.53933938986093,0.008864499992341734,0.008764874990447424,0.008745375002035871,0.0006582500063814223,870,910,784.3468620451031,130,650,16.759759210702455,2026-10-09T00:10:48+00:00,parallel,3,"block mean, streamed in bands, NaN-aware, any void -> void",0.7916666666666666,p06,4.729586188774879,275.0163631495406,1.3566688368567543,0.9964788787278449,0.12082968613798864,1.2295698896154041,1.2295707065814023,0.06879733300593216,0.11205348593251709
X7,win960_k2_c1_d3,win960_k2_c1_d3__win1__hag_cta_ring1__shared_border__climb_tiebreak__native,idrija_win960_k2_c1,dem,hag_cta_ring1,shared_border,climb_tiebreak,native,win1,win,0.04112933301075827,1,height_tiebreak,26,2.0,10500,960,idrija_win960_k2,12540,960,process,article-2026,True,0fc96e99b9a09a800a7e28c9437774072ad2cf51,960,960,0.28425358299864456,6.8277606069120536,31,3559,12150,3,main,355,148679,970,713280,6,2.5.3,168.367431640625,168.36856508340693,True,921.49658203125,1133.442784262119,10.434300166206542,10225744,macOS-26.7.1-arm64-arm-64bit-Mach-O,3.14.7,True,178.6751708984375,20261009T001006Z,1.18.1,0,148679,141781,245267,141931,20.8444089277703,79.1555910722297,0.019501250004395843,0.0193777910026256,0.01934337499551475,0.0006564590003108606,870,910,784.3468620451031,130,650,16.759759210702455,2026-10-09T00:10:48+00:00,parallel,3,"block mean, streamed in bands, NaN-aware, any void -> void",0.7916666666666666,p06,5.592096945213958,275.0163631495406,1.0968781997243349,0.9961842829241985,0.25801397247360824,1.0473255825431815,1.0473259010572549,0.058186207999824546,0.2477330291512945
X7,win960_k2_c1_d3,win960_k2_c1_d3__win2__full_grid__climb_tiebreak__native,idrija_win960_k2_c1,dem,full_grid,,climb_tiebreak,native,win2,win,0.0,1,height_tiebreak,0,nan,10500,960,idrija_win960_k2,12540,960,process,article-2026,True,0fc96e99b9a09a800a7e28c9437774072ad2cf51,960,960,0.28425358299864456,6.8277606069120536,31,3559,12150,3,main,3559,713280,557,713280,6,2.5.3,177.56671142578125,177.5674090868186,True,2140.7286638416,697.6610383315985,10.832494512563501,10251704,macOS-26.7.1-arm64-arm-64bit-Mach-O,3.14.7,True,178.6751708984375,20261009T001006Z,1.18.1,0,713280,599133,1049740,601518,100.0,0.0,0.08729137500631623,0.08616845800133888,0.08613266599422786,0.0,530,310,480.0,530,790,16.759759210702455,2026-10-09T00:10:48+00:00,parallel,3,"block mean, streamed in bands, NaN-aware, any void -> void",0.7916666666666666,p06,,,,,,,,,
X7,win960_k2_c1_d3,win960_k2_c1_d3__win2__hag_cta__shared_border__climb_tiebreak__native,idrija_win960_k2_c1,dem,hag_cta,shared_border,climb_tiebreak,native,win2,win,0.04112933301075827,1,height_tiebreak,41,2.0,10500,960,idrija_win960_k2,12540,960,process,article-2026,True,0fc96e99b9a09a800a7e28c9437774072ad2cf51,960,960,0.28425358299864456,6.8277606069120536,31,3559,12150,3,main,42,114988,1414,713280,6,2.5.3,238.84307861328125,238.84475878102512,True,1460.449127234249,1680.1677477306464,9.453153412907303,10239760,macOS-26.7.1-arm64-arm-64bit-Mach-O,3.14.7,True,178.6751708984375,20261009T001006Z,1.18.1,0,114988,114386,183864,114513,16.12101839389861,83.87898160610139,0.01402904100541491,0.013947416009614244,0.013385750004090369,0.0006514159904327244,530,310,480.0,530,790,16.759759210702455,2026-10-09T00:10:48+00:00,parallel,3,"block mean, streamed in bands, NaN-aware, any void -> void",0.7916666666666666,p06,4.546382790983556,245.96137908216403,2.4082866254773743,0.9988349253938662,0.19091921159408679,1.3450892720571226,1.3450934493516544,0.07156962600129191,0.16186219799125953
X7,win960_k2_c1_d3,win960_k2_c1_d3__win2__hag_cta_ring1__shared_border__climb_tiebreak__native,idrija_win960_k2_c1,dem,hag_cta_ring1,shared_border,climb_tiebreak,native,win2,win,0.04112933301075827,1,height_tiebreak,41,2.0,10500,960,idrija_win960_k2,12540,960,process,article-2026,True,0fc96e99b9a09a800a7e28c9437774072ad2cf51,960,960,0.28425358299864456,6.8277606069120536,31,3559,12150,3,main,732,215219,818,713280,6,2.5.3,185.11151123046875,185.11249598695977,True,1637.963830707051,984.7564927611036,10.607491970933554,10212632,macOS-26.7.1-arm64-arm-64bit-Mach-O,3.14.7,True,178.6751708984375,20261009T001006Z,1.18.1,0,215219,196247,320203,196735,30.173143786451323,69.82685621354867,0.024203041000873782,0.024167791998479515,0.023999416996957734,0.0007346250058617443,530,310,480.0,530,790,16.759759210702455,2026-10-09T00:10:48+00:00,parallel,3,"block mean, streamed in bands, NaN-aware, any void -> void",0.7916666666666666,p06,5.310983225198907,231.19256043393784,1.4115113768085303,0.9961887311611807,0.3275516454610245,1.0424899450133762,1.0424913948958512,0.06126604099699762,0.28047144580565664
X7,win960_k2_c1_d3,win960_k2_c1_d3__win3__full_grid__climb_tiebreak__native,idrija_win960_k2_c1,dem,full_grid,,climb_tiebreak,native,win3,win,0.0,1,height_tiebreak,0,nan,10500,960,idrija_win960_k2,12540,960,process,article-2026,True,0fc96e99b9a09a800a7e28c9437774072ad2cf51,960,960,0.28425358299864456,6.8277606069120536,31,3559,12150,3,main,3559,713280,581,713280,6,2.5.3,99.11932373046875,99.11996669092952,True,1443.8633645383268,642.9604614807106,11.726538239985116,10251584,macOS-26.7.1-arm64-arm-64bit-Mach-O,3.14.7,True,178.6751708984375,20261009T001006Z,1.18.1,0,713280,351947,625309,354658,100.0,0.0,0.05397483300475869,0.05385575001128018,0.05350475000159349,0.0,330,710,520.3844732503076,850,730,16.759759210702455,2026-10-09T00:10:48+00:00,parallel,3,"block mean, streamed in bands, NaN-aware, any void -> void",0.7916666666666666,p06,,,,,,,,,
X7,win960_k2_c1_d3,win960_k2_c1_d3__win3__hag_cta__shared_border__climb_tiebreak__native,idrija_win960_k2_c1,dem,hag_cta,shared_border,climb_tiebreak,native,win3,win,0.04112933301075827,1,height_tiebreak,23,2.0,10500,960,idrija_win960_k2,12540,960,process,article-2026,True,0fc96e99b9a09a800a7e28c9437774072ad2cf51,960,960,0.28425358299864456,6.8277606069120536,31,3559,12150,3,main,24,98420,1035,713280,6,2.5.3,169.49383544921875,169.4950873255502,True,1460.449127234249,1251.876333808248,9.46465170013204,10217104,macOS-26.7.1-arm64-arm-64bit-Mach-O,3.14.7,True,178.6751708984375,20261009T001006Z,1.18.1,0,98420,80272,134617,80704,13.798227904890085,86.20177209510992,0.010295583007973619,0.010053416001028381,0.009978833986679092,0.0006356669910019264,330,710,520.3844732503076,850,730,16.759759210702455,2026-10-09T00:10:48+00:00,parallel,3,"block mean, streamed in bands, NaN-aware, any void -> void",0.7916666666666666,p06,7.537828108533388,236.78260071213003,1.9470502601749884,0.9966366173266492,0.22807979610566365,1.709997900208809,1.7099994378938863,0.04316666701924987,0.1866730293222669
X7,win960_k2_c1_d3,win960_k2_c1_d3__win3__hag_cta_ring1__shared_border__climb_tiebreak__native,idrija_win960_k2_c1,dem,hag_cta_ring1,shared_border,climb_tiebreak,native,win3,win,0.04112933301075827,1,height_tiebreak,23,2.0,10500,960,idrija_win960_k2,12540,960,process,article-2026,True,0fc96e99b9a09a800a7e28c9437774072ad2cf51,960,960,0.28425358299864456,6.8277606069120536,31,3559,12150,3,main,388,170510,696,713280,6,2.5.3,128.27166748046875,128.2724664480719,True,1526.1750132858233,798.9676041556469,12.978649764709685,10224728,macOS-26.7.1-arm64-arm-64bit-Mach-O,3.14.7,True,178.6751708984375,20261009T001006Z,1.18.1,0,170510,138554,236032,140164,23.90505832211754,76.09494167788246,0.020063667005160823,0.019404250007937662,0.01934604199777823,0.0006629999988945201,330,710,520.3844732503076,850,730,16.759759210702455,2026-10-09T00:10:48+00:00,parallel,3,"block mean, streamed in bands, NaN-aware, any void -> void",0.7916666666666666,p06,9.629989966011177,182.03571078225283,1.2426387811089634,0.9973803072773925,0.39367859365188507,1.2941136264132795,1.2941132925119327,0.033788500004448,0.36030043224490255
X7,win960_k2_c20_d3,win960_k2_c20_d3__win1__full_grid__climb_tiebreak__native,idrija_win960_k2_c20,dem,full_grid,,climb_tiebreak,native,win1,win,0.0,20,height_tiebreak,0,nan,10500,960,idrija_win960_k2,12540,960,process,article-2026,True,0fc96e99b9a09a800a7e28c9437774072ad2cf51,48,48,0.0042468330066185445,7.0778210116731515,19,514,1819,3,main,514,1776,46,1776,6,2.5.3,74.104009094238,74.10513276956169,True,101.45527420043948,1123.6753236814711,14.210003113779726,35616,macOS-26.7.1-arm64-arm-64bit-Mach-O,3.14.7,True,161.70592071533213,20261009T001006Z,1.18.1,0,1776,1083,1966,1193,100.0,0.0,0.00022837499273009598,0.0001295420079259202,0.00010408399975858629,0.0,43,45,784.3468620451031,6,32,23.032565034915063,2026-10-09T00:11:05+00:00,parallel,3,"block mean, streamed in bands, NaN-aware, any void -> void",0.7916666666666666,p06,,,,,,,,,
X7,win960_k2_c20_d3,win960_k2_c20_d3__win1__hag_cta__shared_border__climb_tiebreak__native,idrija_win960_k2_c20,dem,hag_cta,shared_border,climb_tiebreak,native,win1,win,0.0007769579970045015,20,height_tiebreak,14,40.0,10500,960,idrija_win960_k2,12540,960,process,article-2026,True,0fc96e99b9a09a800a7e28c9437774072ad2cf51,48,48,0.0042468330066185445,7.0778210116731515,19,514,1819,3,main,15,207,48,1776,6,2.5.3,81.40106628417982,81.402246528046,True,101.45527420043948,1180.243866176395,14.146177614173116,31776,macOS-26.7.1-arm64-arm-64bit-Mach-O,3.14.7,True,161.70592071533213,20261009T001006Z,1.18.1,0,207,207,271,207,11.655405405405405,88.3445945945946,8.804199751466513e-05,5.0834001740440726e-05,4.325000918470323e-05,0.00014954200014472008,43,45,784.3468620451031,6,32,23.032565034915063,2026-10-09T00:11:05+00:00,parallel,3,"block mean, streamed in bands, NaN-aware, any void -> void",0.7916666666666666,p06,inf,84.8528137423857,1.0503424265913304,0.8921832884097035,0.19113573407202217,1.0984704779017038,1.0984697481235952,-7.083399395924062e-05,0.39241326079730543
X7,win960_k2_c20_d3,win960_k2_c20_d3__win1__hag_cta_ring1__shared_border__climb_tiebreak__native,idrija_win960_k2_c20,dem,hag_cta_ring1,shared_border,climb_tiebreak,native,win1,win,0.0007769579970045015,20,height_tiebreak,14,40.0,10500,960,idrija_win960_k2,12540,960,process,article-2026,True,0fc96e99b9a09a800a7e28c9437774072ad2cf51,48,48,0.0042468330066185445,7.0778210116731515,19,514,1819,3,main,96,524,46,1776,6,2.5.3,74.104009094238,74.10513276956169,True,101.45527420043948,1123.6753236814711,14.210003113779726,32720,macOS-26.7.1-arm64-arm-64bit-Mach-O,3.14.7,True,161.70592071533213,20261009T001006Z,1.18.1,0,524,484,774,506,29.504504504504503,70.4954954954955,0.00010699999984353781,7.333399844355881e-05,5.524999869521707e-05,0.00013187500007916242,43,45,784.3468620451031,6,32,23.032565034915063,2026-10-09T00:11:05+00:00,parallel,3,"block mean, streamed in bands, NaN-aware, any void -> void",0.7916666666666666,p06,inf,0.0,1.0,0.9186882300089847,0.4469067405355494,1.0,1.0,-7.566699059680104e-05,0.5661020669487812
X7,win960_k2_c20_d3,win960_k2_c20_d3__win2__full_grid__climb_tiebreak__native,idrija_win960_k2_c20,dem,full_grid,,climb_tiebreak,native,win2,win,0.0,20,height_tiebreak,0,nan,10500,960,idrija_win960_k2,12540,960,process,article-2026,True,0fc96e99b9a09a800a7e28c9437774072ad2cf51,48,48,0.0042468330066185445,7.0778210116731515,19,514,1819,3,main,514,1776,27,1776,6,2.5.3,111.52694473266604,111.52756414392107,True,239.15669708251926,619.4112549695428,14.256038901510811,36176,macOS-26.7.1-arm64-arm-64bit-Mach-O,3.14.7,True,161.70592071533213,20261009T001006Z,1.18.1,0,1776,1439,2603,1545,100.0,0.0,0.0002136659895768389,0.00016224999853875488,0.00012604199582710862,0.0,26,15,480.0,26,39,23.032565034915063,2026-10-09T00:11:05+00:00,parallel,3,"block mean, streamed in bands, NaN-aware, any void -> void",0.7916666666666666,p06,,,,,,,,,
X7,win960_k2_c20_d3,win960_k2_c20_d3__win2__hag_cta__shared_border__climb_tiebreak__native,idrija_win960_k2_c20,dem,hag_cta,shared_border,climb_tiebreak,native,win2,win,0.0007769579970045015,20,height_tiebreak,17,40.0,10500,960,idrija_win960_k2,12540,960,process,article-2026,True,0fc96e99b9a09a800a7e28c9437774072ad2cf51,48,48,0.0042468330066185445,7.0778210116731515,19,514,1819,3,main,18,191,43,1776,6,2.5.3,118.54993270874036,118.55092182562288,True,154.61165660542474,989.116882454314,14.203475299103163,31920,macOS-26.7.1-arm64-arm-64bit-Mach-O,3.14.7,True,161.70592071533213,20261009T001006Z,1.18.1,0,191,191,266,191,10.754504504504505,89.2454954954955,6.658298661932349e-05,4.5209002564661205e-05,4.0166996768675745e-05,0.00011720799375325441,26,15,480.0,26,39,23.032565034915063,2026-10-09T00:11:05+00:00,parallel,3,"block mean, streamed in bands, NaN-aware, any void -> void",0.7916666666666666,p06,inf,288.44410203711914,1.596866176580776,0.8823529411764706,0.13273106323835998,1.062971221823647,1.0629741870147769,-1.66997779160738e-07,0.27863792278471194
X7,win960_k2_c20_d3,win960_k2_c20_d3__win2__hag_cta_ring1__shared_border__climb_tiebreak__native,idrija_win960_k2_c20,dem,hag_cta_ring1,shared_border,climb_tiebreak,native,win2,win,0.0007769579970045015,20,height_tiebreak,17,40.0,10500,960,idrija_win960_k2,12540,960,process,article-2026,True,0fc96e99b9a09a800a7e28c9437774072ad2cf51,48,48,0.0042468330066185445,7.0778210116731515,19,514,1819,3,main,98,597,45,1776,6,2.5.3,114.44557266235358,114.4465686421511,True,85.74548110961871,995.9797974644664,14.159957803666284,33224,macOS-26.7.1-arm64-arm-64bit-Mach-O,3.14.7,True,161.70592071533213,20261009T001006Z,1.18.1,0,597,581,934,591,33.61486486486486,66.38513513513513,0.00015141699986997992,0.00011062499834224582,6.525000208057463e-05,0.0001520830119261518,26,15,480.0,26,39,23.032565034915063,2026-10-09T00:11:05+00:00,parallel,3,"block mean, streamed in bands, NaN-aware, any void -> void",0.7916666666666666,p06,inf,288.44410203711914,1.6079459155346474,0.9183989385227775,0.40375260597637247,1.0261697111553052,1.0261729422733845,-0.00010045801172964275,0.681818177741444
X7,win960_k2_c20_d3,win960_k2_c20_d3__win3__full_grid__climb_tiebreak__native,idrija_win960_k2_c20,dem,full_grid,,climb_tiebreak,native,win3,win,0.0,20,height_tiebreak,0,nan,10500,960,idrija_win960_k2,12540,960,process,article-2026,True,0fc96e99b9a09a800a7e28c9437774072ad2cf51,48,48,0.0042468330066185445,7.0778210116731515,19,514,1819,3,main,514,1776,28,1776,6,2.5.3,54.78362411499006,54.78426352624501,True,101.45527420043948,639.4112549695428,14.26861577099541,34648,macOS-26.7.1-arm64-arm-64bit-Mach-O,3.14.7,True,161.70592071533213,20261009T001006Z,1.18.1,0,1776,804,1517,923,100.0,0.0,0.00013654200301971287,8.854099723976105e-05,6.716599455103278e-05,0.0,16,35,520.3844732503076,42,36,23.032565034915063,2026-10-09T00:11:05+00:00,parallel,3,"block mean, streamed in bands, NaN-aware, any void -> void",0.7916666666666666,p06,,,,,,,,,
X7,win960_k2_c20_d3,win960_k2_c20_d3__win3__hag_cta__shared_border__climb_tiebreak__native,idrija_win960_k2_c20,dem,hag_cta,shared_border,climb_tiebreak,native,win3,win,0.0007769579970045015,20,height_tiebreak,11,40.0,10500,960,idrija_win960_k2,12540,960,process,article-2026,True,0fc96e99b9a09a800a7e28c9437774072ad2cf51,48,48,0.0042468330066185445,7.0778210116731515,19,514,1819,3,main,12,106,34,1776,6,2.5.3,54.98604232788057,54.986801739135515,True,101.45527420043948,759.4112549695428,14.245917690808051,31928,macOS-26.7.1-arm64-arm-64bit-Mach-O,3.14.7,True,161.70592071533213,20261009T001006Z,1.18.1,0,106,77,121,94,5.968468468468468,94.03153153153153,4.962499951943755e-05,3.608298720791936e-05,3.3249991247430444e-05,0.0001250829955097288,16,35,520.3844732503076,42,36,23.032565034915063,2026-10-09T00:11:05+00:00,parallel,3,"block mean, streamed in bands, NaN-aware, any void -> void",0.7916666666666666,p06,inf,100.0,1.1876726427121087,0.9214961902562918,0.09577114427860696,1.0036948671461683,1.0036970144317716,-7.26249854778871e-05,0.4075285837385576
X7,win960_k2_c20_d3,win960_k2_c20_d3__win3__hag_cta_ring1__shared_border__climb_tiebreak__native,idrija_win960_k2_c20,dem,hag_cta_ring1,shared_border,climb_tiebreak,native,win3,win,0.0007769579970045015,20,height_tiebreak,11,40.0,10500,960,idrija_win960_k2,12540,960,process,article-2026,True,0fc96e99b9a09a800a7e28c9437774072ad2cf51,48,48,0.0042468330066185445,7.0778210116731515,19,514,1819,3,main,60,309,28,1776,6,2.5.3,54.78362411499006,54.78426352624501,True,101.45527420043948,639.4112549695428,14.26861577099541,32472,macOS-26.7.1-arm64-arm-64bit-Mach-O,3.14.7,True,161.70592071533213,20261009T001006Z,1.18.1,0,309,219,367,251,17.39864864864865,82.60135135135135,7.508300768677145e-05,4.5791995944455266e-05,3.7416990380734205e-05,0.0001078750065062195,16,35,520.3844732503076,42,36,23.032565034915063,2026-10-09T00:11:05+00:00,parallel,3,"block mean, streamed in bands, NaN-aware, any void -> void",0.7916666666666666,p06,inf,0.0,1.0,0.9371969522050335,0.27238805970149255,1.0,1.0,-6.512600521091372e-05,0.5171840997052999
X7,win960_k2_c3_d3,win960_k2_c3_d3__win1__full_grid__climb_tiebreak__native,idrija_win960_k2_c3,dem,full_grid,,climb_tiebreak,native,win1,win,0.0,3,height_tiebreak,0,nan,10500,960,idrija_win960_k2,12540,960,process,article-2026,True,0fc96e99b9a09a800a7e28c9437774072ad2cf51,320,320,0.06481174999498762,6.575258988421694,25,1641,5395,3,main,1641,79040,299,79040,6,2.5.3,142.97953287760458,142.98057350920604,True,363.89521846064855,1040.6316010800758,13.29683301905209,1170504,macOS-26.7.1-arm64-arm-64bit-Mach-O,3.14.7,True,178.31393093532995,20261009T001006Z,1.18.1,0,79040,62404,111949,63116,100.0,0.0,0.008573207989684306,0.008372791999136098,0.008174125003279187,0.0,290,303,784.3468620451031,43,216,18.722258818226113,2026-10-09T00:11:02+00:00,parallel,3,"block mean, streamed in bands, NaN-aware, any void -> void",0.7916666666666666,p04,,,,,,,,,
X7,win960_k2_c3_d3,win960_k2_c3_d3__win1__hag_cta__shared_border__climb_tiebreak__native,idrija_win960_k2_c3,dem,hag_cta,shared_border,climb_tiebreak,native,win1,win,0.008646417001727968,3,height_tiebreak,24,6.0,10500,960,idrija_win960_k2,12540,960,process,article-2026,True,0fc96e99b9a09a800a7e28c9437774072ad2cf51,320,320,0.06481174999498762,6.575258988421694,25,1641,5395,3,main,25,5033,361,79040,6,2.5.3,170.2578124999999,170.25906398441504,True,348.512332795629,1251.4844148224613,9.183707451157488,1151448,macOS-26.7.1-arm64-arm-64bit-Mach-O,3.14.7,True,178.31393093532995,20261009T001006Z,1.18.1,0,5033,4952,7704,4989,6.367661943319838,93.63233805668017,0.0007444999937433749,0.0006057499995222315,0.0005242080078460276,0.0003490419912850484,290,303,784.3468620451031,43,216,18.722258818226113,2026-10-09T00:11:02+00:00,parallel,3,"block mean, streamed in bands, NaN-aware, any void -> void",0.7916666666666666,p04,9.902691684313545,182.6307750626931,1.2026200372192624,0.9837198335076173,0.07935388757130953,1.1907845065191704,1.1907845926597338,0.007418000008328818,0.07234743196591205
X7,win960_k2_c3_d3,win960_k2_c3_d3__win1__hag_cta_ring1__shared_border__climb_tiebreak__native,idrija_win960_k2_c3,dem,hag_cta_ring1,shared_border,climb_tiebreak,native,win1,win,0.008646417001727968,3,height_tiebreak,24,6.0,10500,960,idrija_win960_k2,12540,960,process,article-2026,True,0fc96e99b9a09a800a7e28c9437774072ad2cf51,320,320,0.06481174999498762,6.575258988421694,25,1641,5395,3,main,245,19829,322,79040,6,2.5.3,146.03309461805532,146.03424525679944,True,363.89521846064855,1150.638743755012,11.068184198437702,1154848,macOS-26.7.1-arm64-arm-64bit-Mach-O,3.14.7,True,178.31393093532995,20261009T001006Z,1.18.1,0,19829,19354,33445,19424,25.087297570850204,74.9127024291498,0.0026059590018121526,0.002469291997840628,0.002411540990578942,0.00032954099879134446,290,303,784.3468620451031,43,216,18.722258818226113,2026-10-09T00:11:02+00:00,parallel,3,"block mean, streamed in bands, NaN-aware, any void -> void",0.7916666666666666,p04,13.178813651789364,195.34584715319647,1.1057118989667039,0.9866245651445873,0.31014037561694763,1.021356635309927,1.0213572492587377,0.005573959002504125,0.2949185884583552
X7,win960_k2_c3_d3,win960_k2_c3_d3__win2__full_grid__climb_tiebreak__native,idrija_win960_k2_c3,dem,full_grid,,climb_tiebreak,native,win2,win,0.0,3,height_tiebreak,0,nan,10500,960,idrija_win960_k2,12540,960,process,article-2026,True,0fc96e99b9a09a800a7e28c9437774072ad2cf51,320,320,0.06481174999498762,6.575258988421694,25,1641,5395,3,main,1641,79040,310,79040,6,2.5.3,160.5335625542532,160.53466476659014,True,946.218393193374,1102.2123368838193,10.150908607994188,1174528,macOS-26.7.1-arm64-arm-64bit-Mach-O,3.14.7,True,178.31393093532995,20261009T001006Z,1.18.1,0,79040,66386,117413,67104,100.0,0.0,0.008949957991717383,0.008853000006638467,0.008743207989027724,0.0,176,103,480.0,176,263,18.722258818226113,2026-10-09T00:11:02+00:00,parallel,3,"block mean, streamed in bands, NaN-aware, any void -> void",0.7916666666666666,p04,,,,,,,,,
X7,win960_k2_c3_d3,win960_k2_c3_d3__win2__hag_cta__shared_border__climb_tiebreak__native,idrija_win960_k2_c3,dem,hag_cta,shared_border,climb_tiebreak,native,win2,win,0.008646417001727968,3,height_tiebreak,36,6.0,10500,960,idrija_win960_k2,12540,960,process,article-2026,True,0fc96e99b9a09a800a7e28c9437774072ad2cf51,320,320,0.06481174999498762,6.575258988421694,25,1641,5395,3,main,37,11734,429,79040,6,2.5.3,188.43663872612865,188.4381439161713,True,842.0117026571833,1505.190042307233,9.402612541437696,1156424,macOS-26.7.1-arm64-arm-64bit-Mach-O,3.14.7,True,178.31393093532995,20261009T001006Z,1.18.1,0,11734,11627,19240,11652,14.845647773279353,85.15435222672065,0.0014742500061402097,0.001365375006571412,0.001305375000811182,0.000393458001781255,176,103,480.0,176,263,18.722258818226113,2026-10-09T00:11:02+00:00,parallel,3,"block mean, streamed in bands, NaN-aware, any void -> void",0.7916666666666666,p04,10.354727625451398,126.0,1.365608052040784,0.9845861486486487,0.17514234929051306,1.173814595078493,1.1738159119100633,0.0070941669982858,0.1542273811755991
X7,win960_k2_c3_d3,win960_k2_c3_d3__win2__hag_cta_ring1__shared_border__climb_tiebreak__native,idrija_win960_k2_c3,dem,hag_cta_ring1,shared_border,climb_tiebreak,native,win2,win,0.008646417001727968,3,height_tiebreak,36,6.0,10500,960,idrija_win960_k2,12540,960,process,article-2026,True,0fc96e99b9a09a800a7e28c9437774072ad2cf51,320,320,0.06481174999498762,6.575258988421694,25,1641,5395,3,main,322,33893,310,79040,6,2.5.3,160.5335625542532,160.53466476659014,True,946.218393193374,1102.2123368838193,10.150908607994188,1154520,macOS-26.7.1-arm64-arm-64bit-Mach-O,3.14.7,True,178.31393093532995,20261009T001006Z,1.18.1,0,33893,31696,52551,31905,42.88081983805668,57.119180161943326,0.00410254200687632,0.0036383749975357205,0.0035274580004625022,0.0004029159899801016,176,103,480.0,176,263,18.722258818226113,2026-10-09T00:11:02+00:00,parallel,3,"block mean, streamed in bands, NaN-aware, any void -> void",0.7916666666666666,p04,15.266543904624923,0.0,1.0,0.9829650719267655,0.47745006477269303,1.0,1.0,0.004811709019122645,0.4109765045529726
X7,win960_k2_c3_d3,win960_k2_c3_d3__win3__full_grid__climb_tiebreak__native,idrija_win960_k2_c3,dem,full_grid,,climb_tiebreak,native,win3,win,0.0,3,height_tiebreak,0,nan,10500,960,idrija_win960_k2,12540,960,process,article-2026,True,0fc96e99b9a09a800a7e28c9437774072ad2cf51,320,320,0.06481174999498762,6.575258988421694,25,1641,5395,3,main,1641,79040,203,79040,6,2.5.3,93.3323499891493,93.33303054759105,True,718.0133815495767,680.5584412271571,12.628202719216896,1162208,macOS-26.7.1-arm64-arm-64bit-Mach-O,3.14.7,True,178.31393093532995,20261009T001006Z,1.18.1,0,79040,39647,71354,40570,100.0,0.0,0.005601666998700239,0.00541541600250639,0.005339791998267174,0.0,110,236,520.3844732503076,283,243,18.722258818226113,2026-10-09T00:11:02+00:00,parallel,3,"block mean, streamed in bands, NaN-aware, any void -> void",0.7916666666666666,p04,,,,,,,,,
X7,win960_k2_c3_d3,win960_k2_c3_d3__win3__hag_cta__shared_border__climb_tiebreak__native,idrija_win960_k2_c3,dem,hag_cta,shared_border,climb_tiebreak,native,win3,win,0.008646417001727968,3,height_tiebreak,15,6.0,10500,960,idrija_win960_k2,12540,960,process,article-2026,True,0fc96e99b9a09a800a7e28c9437774072ad2cf51,320,320,0.06481174999498762,6.575258988421694,25,1641,5395,3,main,16,6435,195,79040,6,2.5.3,93.61062961154528,93.61129611111252,True,718.0133815495767,666.4995667241114,14.090897322369274,1142736,macOS-26.7.1-arm64-arm-64bit-Mach-O,3.14.7,True,178.31393093532995,20261009T001006Z,1.18.1,0,6435,6082,9848,6214,8.141447368421053,91.85855263157895,0.000824541988549754,0.0007147500000428408,0.0006280410016188398,0.0003303749981569126,110,236,520.3844732503076,283,243,18.722258818226113,2026-10-09T00:11:02+00:00,parallel,3,"block mean, streamed in bands, NaN-aware, any void -> void",0.7916666666666666,p04,16.808529895223764,12.0,0.9793421495475169,0.9832456840772048,0.15340378843292052,1.002981598796434,1.0029814264241594,0.004370291004306637,0.13198432026496887
X7,win960_k2_c3_d3,win960_k2_c3_d3__win3__hag_cta_ring1__shared_border__climb_tiebreak__native,idrija_win960_k2_c3,dem,hag_cta_ring1,shared_border,climb_tiebreak,native,win3,win,0.008646417001727968,3,height_tiebreak,15,6.0,10500,960,idrija_win960_k2,12540,960,process,article-2026,True,0fc96e99b9a09a800a7e28c9437774072ad2cf51,320,320,0.06481174999498762,6.575258988421694,25,1641,5395,3,main,171,15502,203,79040,6,2.5.3,93.3323499891493,93.33303054759105,True,718.0133815495767,680.5584412271571,12.628202719216896,1147744,macOS-26.7.1-arm64-arm-64bit-Mach-O,3.14.7,True,178.31393093532995,20261009T001006Z,1.18.1,0,15502,11218,19586,11639,19.612854251012145,80.38714574898785,0.0016749999922467396,0.0016027079982450232,0.0014881670067552477,0.0005943750002188608,110,236,520.3844732503076,283,243,18.722258818226113,2026-10-09T00:11:02+00:00,parallel,3,"block mean, streamed in bands, NaN-aware, any void -> void",0.7916666666666666,p04,22.824911811315282,0.0,1.0,0.9875547234230018,0.2829470073397735,1.0,1.0,0.0032183330040425062,0.2959528866301776
X7,win960_k2_c5_d3,win960_k2_c5_d3__win1__full_grid__climb_tiebreak__native,idrija_win960_k2_c5,dem,full_grid,,climb_tiebreak,native,win1,win,0.0,5,height_tiebreak,0,nan,10500,960,idrija_win960_k2,12540,960,process,article-2026,True,0fc96e99b9a09a800a7e28c9437774072ad2cf51,192,192,0.030462249997071922,6.8093183779119935,22,1159,3946,3,main,1159,28416,191,28416,6,2.5.3,117.22874511718692,117.22985666047639,True,365.3558590333946,1111.5432893255072,12.023854397255116,434504,macOS-26.7.1-arm64-arm-64bit-Mach-O,3.14.7,True,173.7571948242188,20261009T001006Z,1.18.1,0,28416,22569,40370,23028,100.0,0.0,0.0030520000000251457,0.0029447499982779846,0.0028620840021176264,0.0,174,182,784.3468620451031,26,130,20.749698152925035,2026-10-09T00:11:03+00:00,parallel,3,"block mean, streamed in bands, NaN-aware, any void -> void",0.7916666666666666,p04,,,,,,,,,
X7,win960_k2_c5_d3,win960_k2_c5_d3__win1__hag_cta__shared_border__climb_tiebreak__native,idrija_win960_k2_c5,dem,hag_cta,shared_border,climb_tiebreak,native,win1,win,0.004163042001891881,5,height_tiebreak,21,10.0,10500,960,idrija_win960_k2,12540,960,process,article-2026,True,0fc96e99b9a09a800a7e28c9437774072ad2cf51,192,192,0.030462249997071922,6.8093183779119935,22,1159,3946,3,main,22,3145,197,28416,6,2.5.3,124.96325195312397,124.96439763854907,True,365.3558590333946,1145.685424949238,10.166080530023141,419288,macOS-26.7.1-arm64-arm-64bit-Mach-O,3.14.7,True,173.7571948242188,20261009T001006Z,1.18.1,0,3145,3131,4900,3141,11.067708333333334,88.93229166666666,0.00046379200648516417,0.0003575000009732321,0.0002844580012606457,0.0002810840087477118,174,182,784.3468620451031,26,130,20.749698152925035,2026-10-09T00:11:03+00:00,parallel,3,"block mean, streamed in bands, NaN-aware, any void -> void",0.7916666666666666,p04,15.01422368154372,22.360679774997898,1.0307159747637435,0.964980759670797,0.13873011653152553,1.0659779035270343,1.0659775691825133,0.0023061659885570407,0.12140249636889008
X7,win960_k2_c5_d3,win960_k2_c5_d3__win1__hag_cta_ring1__shared_border__climb_tiebreak__native,idrija_win960_k2_c5,dem,hag_cta_ring1,shared_border,climb_tiebreak,native,win1,win,0.004163042001891881,5,height_tiebreak,21,10.0,10500,960,idrija_win960_k2,12540,960,process,article-2026,True,0fc96e99b9a09a800a7e28c9437774072ad2cf51,192,192,0.030462249997071922,6.8093183779119935,22,1159,3946,3,main,178,6981,191,28416,6,2.5.3,117.22874511718692,117.22985666047639,True,365.3558590333946,1111.5432893255072,12.023854397255116,421336,macOS-26.7.1-arm64-arm-64bit-Mach-O,3.14.7,True,173.7571948242188,20261009T001006Z,1.18.1,0,6981,6564,11201,6622,24.56714527027027,75.43285472972973,0.0009219999919878319,0.0008393750031245872,0.0007584170089103281,0.00025091700081247836,174,182,784.3468620451031,26,130,20.749698152925035,2026-10-09T00:11:03+00:00,parallel,3,"block mean, streamed in bands, NaN-aware, any void -> void",0.7916666666666666,p04,18.671381128408765,0.0,1.0,0.9696941800305636,0.29084141964641763,1.0,1.0,0.001854457994340919,0.2850411762001639
X7,win960_k2_c5_d3,win960_k2_c5_d3__win2__full_grid__climb_tiebreak__native,idrija_win960_k2_c5,dem,full_grid,,climb_tiebreak,native,win2,win,0.0,5,height_tiebreak,0,nan,10500,960,idrija_win960_k2,12540,960,process,article-2026,True,0fc96e99b9a09a800a7e28c9437774072ad2cf51,192,192,0.030462249997071922,6.8093183779119935,22,1159,3946,3,main,1159,28416,167,28416,6,2.5.3,136.1565185546874,136.15753080865497,True,568.8331549798643,1012.2539674441618,10.725193591878895,432696,macOS-26.7.1-arm64-arm-64bit-Mach-O,3.14.7,True,173.7571948242188,20261009T001006Z,1.18.1,0,28416,21733,39259,22170,100.0,0.0,0.002966000000014901,0.002843124995706603,0.0027717080083675683,0.0,106,62,480.0,106,158,20.749698152925035,2026-10-09T00:11:03+00:00,parallel,3,"block mean, streamed in bands, NaN-aware, any void -> void",0.7916666666666666,p04,,,,,,,,,
X7,win960_k2_c5_d3,win960_k2_c5_d3__win2__hag_cta__shared_border__climb_tiebreak__native,idrija_win960_k2_c5,dem,hag_cta,shared_border,climb_tiebreak,native,win2,win,0.004163042001891881,5,height_tiebreak,33,10.0,10500,960,idrija_win960_k2,12540,960,process,article-2026,True,0fc96e99b9a09a800a7e28c9437774072ad2cf51,192,192,0.030462249997071922,6.8093183779119935,22,1159,3946,3,main,34,3867,269,28416,6,2.5.3,157.80667480468742,157.80825090641812,True,192.9941406250009,1576.101730552664,10.699023269902474,423576,macOS-26.7.1-arm64-arm-64bit-Mach-O,3.14.7,True,173.7571948242188,20261009T001006Z,1.18.1,0,3867,3812,5931,3833,13.608530405405405,86.3914695945946,0.0005106249882373959,0.0004187500016996637,0.0003455830010352656,0.00023833400337025523,106,62,480.0,106,158,20.749698152925035,2026-10-09T00:11:03+00:00,parallel,3,"block mean, streamed in bands, NaN-aware, any void -> void",0.7916666666666666,p04,15.839269321697026,205.73040611440985,1.5570220332474076,0.978922846525043,0.17540146321262595,1.1590093260302055,1.1590122850287978,0.002186040990636684,0.14728511842849581
X7,win960_k2_c5_d3,win960_k2_c5_d3__win2__hag_cta_ring1__shared_border__climb_tiebreak__native,idrija_win960_k2_c5,dem,hag_cta_ring1,shared_border,climb_tiebreak,native,win2,win,0.004163042001891881,5,height_tiebreak,33,10.0,10500,960,idrija_win960_k2,12540,960,process,article-2026,True,0fc96e99b9a09a800a7e28c9437774072ad2cf51,192,192,0.030462249997071922,6.8093183779119935,22,1159,3946,3,main,208,11668,190,28416,6,2.5.3,136.99187011718755,136.99300358435858,True,568.8331549798643,1133.4671708797582,10.745026811143239,422168,macOS-26.7.1-arm64-arm-64bit-Mach-O,3.14.7,True,173.7571948242188,20261009T001006Z,1.18.1,0,11668,11062,18802,11142,41.061373873873876,58.938626126126124,0.001382707996526733,0.001281000004382804,0.0012224160018377006,0.00026687499484978616,106,62,480.0,106,158,20.749698152925035,2026-10-09T00:11:03+00:00,parallel,3,"block mean, streamed in bands, NaN-aware, any void -> void",0.7916666666666666,p04,26.732516574578124,70.0,1.1197458417887434,0.9756688298482075,0.5089955367413611,1.0061352300379554,1.006136074668376,0.0012952499964740127,0.4505605649829816
X7,win960_k2_c5_d3,win960_k2_c5_d3__win3__full_grid__climb_tiebreak__native,idrija_win960_k2_c5,dem,full_grid,,climb_tiebreak,native,win3,win,0.0,5,height_tiebreak,0,nan,10500,960,idrija_win960_k2,12540,960,process,article-2026,True,0fc96e99b9a09a800a7e28c9437774072ad2cf51,192,192,0.030462249997071922,6.8093183779119935,22,1159,3946,3,main,1159,28416,123,28416,6,2.5.3,78.20193603515611,78.20263302000434,True,365.3558590333946,696.9848480983501,12.032098470369707,425904,macOS-26.7.1-arm64-arm-64bit-Mach-O,3.14.7,True,173.7571948242188,20261009T001006Z,1.18.1,0,28416,13841,24983,14311,100.0,0.0,0.0019485419907141477,0.0018928330100607127,0.0018531660025473684,0.0,66,142,520.3844732503076,170,146,20.749698152925035,2026-10-09T00:11:03+00:00,parallel,3,"block mean, streamed in bands, NaN-aware, any void -> void",0.7916666666666666,p04,,,,,,,,,
X7,win960_k2_c5_d3,win960_k2_c5_d3__win3__hag_cta__shared_border__climb_tiebreak__native,idrija_win960_k2_c5,dem,hag_cta,shared_border,climb_tiebreak,native,win3,win,0.004163042001891881,5,height_tiebreak,12,10.0,10500,960,idrija_win960_k2,12540,960,process,article-2026,True,0fc96e99b9a09a800a7e28c9437774072ad2cf51,192,192,0.030462249997071922,6.8093183779119935,22,1159,3946,3,main,13,1798,130,28416,6,2.5.3,83.60558349609357,83.60632583628087,True,365.3558590333946,742.3401871576775,12.057860764692794,414712,macOS-26.7.1-arm64-arm-64bit-Mach-O,3.14.7,True,173.7571948242188,20261009T001006Z,1.18.1,0,1798,1383,2315,1466,6.327421171171171,93.67257882882882,0.00023991700436454266,0.000164333003340289,0.00013937499898020178,0.00023879199579823762,66,142,520.3844732503076,170,146,20.749698152925035,2026-10-09T00:11:03+00:00,parallel,3,"block mean, streamed in bands, NaN-aware, any void -> void",0.7916666666666666,p04,23.243005840808646,21.213203435596427,1.065073637085619,0.9737217776775987,0.09992052597355683,1.0690986404544796,1.0690986045814372,0.001489708010922186,0.08681854261143618
X7,win960_k2_c5_d3,win960_k2_c5_d3__win3__hag_cta_ring1__shared_border__climb_tiebreak__native,idrija_win960_k2_c5,dem,hag_cta_ring1,shared_border,climb_tiebreak,native,win3,win,0.004163042001891881,5,height_tiebreak,12,10.0,10500,960,idrija_win960_k2,12540,960,process,article-2026,True,0fc96e99b9a09a800a7e28c9437774072ad2cf51,192,192,0.030462249997071922,6.8093183779119935,22,1159,3946,3,main,122,6272,123,28416,6,2.5.3,78.20193603515611,78.20263302000434,True,365.3558590333946,696.9848480983501,12.032098470369707,417552,macOS-26.7.1-arm64-arm-64bit-Mach-O,3.14.7,True,173.7571948242188,20261009T001006Z,1.18.1,0,6272,3387,5876,3578,22.07207207207207,77.92792792792793,0.0005196670099394396,0.0004227500030538067,0.00035533300251699984,0.00025941600324586034,66,142,520.3844732503076,170,146,20.749698152925035,2026-10-09T00:11:03+00:00,parallel,3,"block mean, streamed in bands, NaN-aware, any void -> void",0.7916666666666666,p04,28.600178159144694,0.0,1.0,0.9803899470303167,0.24470775233003395,1.0,1.0,0.0012106670037610456,0.22334247173777205
X7,win960_k3_c10_d3,win960_k3_c10_d3__win1__full_grid__climb_tiebreak__native,idrija_win960_k3_c10,dem,full_grid,,climb_tiebreak,native,win1,win,0.0,10,height_tiebreak,0,nan,2100,960,idrija_win960_k3,420,960,process,article-2026,True,0fc96e99b9a09a800a7e28c9437774072ad2cf51,96,96,0.030428083991864696,7.740381607757272,45,3197,12373,3,main,3197,9216,96,9216,6,2.5.3,258.29354156494134,258.2945785497896,True,93.31510465139378,1036.9848480983499,26.60462196198991,115616,macOS-26.7.1-arm64-arm-64bit-Mach-O,3.14.7,True,367.96672988891606,20261009T001006Z,1.18.1,0,9216,8690,16731,8783,100.0,0.0,0.0013557919883169234,0.0013374590052990243,0.0011911659967154264,0.0,17,65,837.6156636548769,87,19,60.341962959040075,2026-10-09T00:11:04+00:00,parallel,3,"block mean, streamed in bands, NaN-aware, any void -> void",1.0,p04,,,,,,,,,
X7,win960_k3_c10_d3,win960_k3_c10_d3__win1__hag_cta__shared_border__climb_tiebreak__native,idrija_win960_k3_c10,dem,hag_cta,shared_border,climb_tiebreak,native,win1,win,0.0032822500070324168,10,height_tiebreak,54,20.0,2100,960,idrija_win960_k3,420,960,process,article-2026,True,0fc96e99b9a09a800a7e28c9437774072ad2cf51,96,96,0.030428083991864696,7.740381607757272,45,3197,12373,3,main,55,192,105,9216,6,2.5.3,267.21889129638674,267.22005556045565,True,100.0310459499744,1164.2640687119288,14.343009659501533,107552,macOS-26.7.1-arm64-arm-64bit-Mach-O,3.14.7,True,367.96672988891606,20261009T001006Z,1.18.1,0,192,192,222,192,2.0833333333333335,97.91666666666666,0.00012133299605920911,7.62919953558594e-05,6.900000153109431e-05,0.000632707990007475,17,65,837.6156636548769,87,19,60.341962959040075,2026-10-09T00:11:04+00:00,parallel,3,"block mean, streamed in bands, NaN-aware, any void -> void",1.0,p04,53.63966930150304,90.0,1.1227397110449462,0.9302518682535289,0.022094361334867665,1.0345550635039837,1.034555417542167,0.0006284590199356899,0.057042492557596046
X7,win960_k3_c10_d3,win960_k3_c10_d3__win1__hag_cta_ring1__shared_border__climb_tiebreak__native,idrija_win960_k3_c10,dem,hag_cta_ring1,shared_border,climb_tiebreak,native,win1,win,0.0032822500070324168,10,height_tiebreak,54,20.0,2100,960,idrija_win960_k3,420,960,process,article-2026,True,0fc96e99b9a09a800a7e28c9437774072ad2cf51,96,96,0.030428083991864696,7.740381607757272,45,3197,12373,3,main,229,686,98,9216,6,2.5.3,259.2099240112305,259.2109727118075,True,98.84810516032793,1048.7005768508882,28.67822401819884,108160,macOS-26.7.1-arm64-arm-64bit-Mach-O,3.14.7,True,367.96672988891606,20261009T001006Z,1.18.1,0,686,670,1047,685,7.443576388888889,92.55642361111111,0.00017808399570640177,9.954199776984751e-05,8.333299774676561e-05,0.0006427920015994459,17,65,837.6156636548769,87,19,60.341962959040075,2026-10-09T00:11:04+00:00,parallel,3,"block mean, streamed in bands, NaN-aware, any void -> void",1.0,p04,56.64412293721943,60.0,1.011297878434794,0.9355106559645724,0.07710011507479862,1.0035478333710437,1.0035478644854379,0.0005951250059297308,0.0744262047475558
X7,win960_k3_c10_d3,win960_k3_c10_d3__win2__full_grid__climb_tiebreak__native,idrija_win960_k3_c10,dem,full_grid,,climb_tiebreak,native,win2,win,0.0,10,height_tiebreak,0,nan,2100,960,idrija_win960_k3,420,960,process,article-2026,True,0fc96e99b9a09a800a7e28c9437774072ad2cf51,96,96,0.030428083991864696,7.740381607757272,45,3197,12373,3,main,3197,9216,86,9216,6,2.5.3,82.50374938964842,82.50476093293784,True,68.71246703372181,1011.5432893255071,17.622101751422235,116112,macOS-26.7.1-arm64-arm-64bit-Mach-O,3.14.7,True,367.96672988891606,20261009T001006Z,1.18.1,0,9216,4006,7546,4266,100.0,0.0,0.0006252500024857,0.0005331669963197783,0.0004897090111626312,0.0,45,71,475.3945729601885,27,27,60.341962959040075,2026-10-09T00:11:04+00:00,parallel,3,"block mean, streamed in bands, NaN-aware, any void -> void",1.0,p04,,,,,,,,,
X7,win960_k3_c10_d3,win960_k3_c10_d3__win2__hag_cta__shared_border__climb_tiebreak__native,idrija_win960_k3_c10,dem,hag_cta,shared_border,climb_tiebreak,native,win2,win,0.0032822500070324168,10,height_tiebreak,15,20.0,2100,960,idrija_win960_k3,420,960,process,article-2026,True,0fc96e99b9a09a800a7e28c9437774072ad2cf51,96,96,0.030428083991864696,7.740381607757272,45,3197,12373,3,main,16,418,99,9216,6,2.5.3,92.41724304199215,92.41839701168847,True,68.71246703372181,1153.9696961967,11.96823404408308,107792,macOS-26.7.1-arm64-arm-64bit-Mach-O,3.14.7,True,367.96672988891606,20261009T001006Z,1.18.1,0,418,414,564,414,4.535590277777778,95.46440972222221,0.000167582998983562,9.291700553148985e-05,7.479199848603457e-05,0.0007944579992908984,45,71,475.3945729601885,27,27,60.341962959040075,2026-10-09T00:11:04+00:00,parallel,3,"block mean, streamed in bands, NaN-aware, any void -> void",1.0,p04,inf,50.0,1.1408010990475377,0.928345046162326,0.10334498252621069,1.1201580985795485,1.1201583516714715,-0.00035420800850261003,0.17427373819620465
X7,win960_k3_c10_d3,win960_k3_c10_d3__win2__hag_cta_ring1__shared_border__climb_tiebreak__native,idrija_win960_k3_c10,dem,hag_cta_ring1,shared_border,climb_tiebreak,native,win2,win,0.0032822500070324168,10,height_tiebreak,15,20.0,2100,960,idrija_win960_k3,420,960,process,article-2026,True,0fc96e99b9a09a800a7e28c9437774072ad2cf51,96,96,0.030428083991864696,7.740381607757272,45,3197,12373,3,main,113,1475,86,9216,6,2.5.3,82.50374938964842,82.50476093293784,True,68.71246703372181,1011.5432893255071,17.622101751422235,109464,macOS-26.7.1-arm64-arm-64bit-Mach-O,3.14.7,True,367.96672988891606,20261009T001006Z,1.18.1,0,1475,1422,2424,1455,16.004774305555557,83.99522569444444,0.00025762499717529863,0.00016570799925830215,0.0001314169930992648,0.0005932920030318201,45,71,475.3945729601885,27,27,60.341962959040075,2026-10-09T00:11:04+00:00,parallel,3,"block mean, streamed in bands, NaN-aware, any void -> void",1.0,p04,inf,0.0,1.0,0.9427449359239355,0.35496754867698455,1.0,1.0,-0.00022583300597034395,0.3107994313266068
X7,win960_k3_c10_d3,win960_k3_c10_d3__win3__full_grid__climb_tiebreak__native,idrija_win960_k3_c10,dem,full_grid,,climb_tiebreak,native,win3,win,0.0,10,height_tiebreak,0,nan,2100,960,idrija_win960_k3,420,960,process,article-2026,True,0fc96e99b9a09a800a7e28c9437774072ad2cf51,96,96,0.030428083991864696,7.740381607757272,45,3197,12373,3,main,3197,9216,79,9216,6,2.5.3,120.66391357421884,120.66483440683022,True,59.756628417968614,920.8326112068522,16.79868601443858,123464,macOS-26.7.1-arm64-arm-64bit-Mach-O,3.14.7,True,367.96672988891606,20261009T001006Z,1.18.1,0,9216,6423,12487,6910,100.0,0.0,0.0009349999891128391,0.0008522079879185185,0.000766624987591058,0.0,63,47,665.7326790837295,7,83,60.341962959040075,2026-10-09T00:11:04+00:00,parallel,3,"block mean, streamed in bands, NaN-aware, any void -> void",1.0,p04,,,,,,,,,
X7,win960_k3_c10_d3,win960_k3_c10_d3__win3__hag_cta__shared_border__climb_tiebreak__native,idrija_win960_k3_c10,dem,hag_cta,shared_border,climb_tiebreak,native,win3,win,0.0032822500070324168,10,height_tiebreak,27,20.0,2100,960,idrija_win960_k3,420,960,process,article-2026,True,0fc96e99b9a09a800a7e28c9437774072ad2cf51,96,96,0.030428083991864696,7.740381607757272,45,3197,12373,3,main,28,256,79,9216,6,2.5.3,136.14899597167965,136.14995822564728,True,73.98315958399482,962.2539674441618,10.768945416146495,107944,macOS-26.7.1-arm64-arm-64bit-Mach-O,3.14.7,True,367.96672988891606,20261009T001006Z,1.18.1,0,256,232,304,236,2.7777777777777777,97.22222222222221,0.0001179590035462752,6.979200406931341e-05,6.412499351426959e-05,0.0006111249967943877,63,47,665.7326790837295,7,83,60.341962959040075,2026-10-09T00:11:04+00:00,parallel,3,"block mean, streamed in bands, NaN-aware, any void -> void",1.0,p04,196.80156310914927,41.23105625617661,1.0449825035877285,0.8742953411520767,0.036120193056204265,1.1283323401236787,1.1283317040539569,0.00017129098705481738,0.0818955056262467
X7,win960_k3_c10_d3,win960_k3_c10_d3__win3__hag_cta_ring1__shared_border__climb_tiebreak__native,idrija_win960_k3_c10,dem,hag_cta_ring1,shared_border,climb_tiebreak,native,win3,win,0.0032822500070324168,10,height_tiebreak,27,20.0,2100,960,idrija_win960_k3,420,960,process,article-2026,True,0fc96e99b9a09a800a7e28c9437774072ad2cf51,96,96,0.030428083991864696,7.740381607757272,45,3197,12373,3,main,162,872,77,9216,6,2.5.3,121.75801208496108,121.75891291757246,True,60.72607116699203,900.8326112068522,16.828445527677008,109912,macOS-26.7.1-arm64-arm-64bit-Mach-O,3.14.7,True,367.96672988891606,20261009T001006Z,1.18.1,0,872,781,1346,819,9.461805555555555,90.53819444444444,0.00017762499919626862,0.00010649999603629112,8.637500286567956e-05,0.0006158750038594007,63,47,665.7326790837295,7,83,60.341962959040075,2026-10-09T00:11:04+00:00,parallel,3,"block mean, streamed in bands, NaN-aware, any void -> void",1.0,p04,259.64382790735993,41.23105625617661,0.978280525953802,0.8902352102637205,0.12159427059006694,1.009067321607046,1.0090670866629914,0.0001298329880228266,0.12496948813682537
X7,win960_k3_c1_d3,win960_k3_c1_d3__win1__full_grid__climb_tiebreak__native,idrija_win960_k3_c1,dem,full_grid,,climb_tiebreak,native,win1,win,0.0,1,height_tiebreak,0,nan,2100,960,idrija_win960_k3,420,960,process,article-2026,True,0fc96e99b9a09a800a7e28c9437774072ad2cf51,960,960,0.5588903749885503,5.426543647977289,102,1409,3823,3,main,1409,921600,958,921600,6,2.5.3,264.0279541015625,264.02901424073735,True,405.7663900976369,1060.1391770309006,26.333360728309586,10308352,macOS-26.7.1-arm64-arm-64bit-Mach-O,3.14.7,True,368.4415283203125,20261009T001006Z,1.18.1,0,921600,869107,1687344,870176,100.0,0.0,0.15828550000151154,0.15066783399379347,0.14790083300613333,0.0,170,650,837.6156636548769,870,190,61.44306189197013,2026-10-09T00:10:50+00:00,parallel,3,"block mean, streamed in bands, NaN-aware, any void -> void",1.0,p06,,,,,,,,,
X7,win960_k3_c1_d3,win960_k3_c1_d3__win1__hag_cta__shared_border__climb_tiebreak__native,idrija_win960_k3_c1,dem,hag_cta,shared_border,climb_tiebreak,native,win1,win,0.0762942919973284,1,height_tiebreak,87,6.0,2100,960,idrija_win960_k3,420,960,process,article-2026,True,0fc96e99b9a09a800a7e28c9437774072ad2cf51,960,960,0.5588903749885503,5.426543647977289,102,1409,3823,3,main,88,485390,967,921600,6,2.5.3,287.70697021484375,287.7080505377847,True,312.47093545341323,1080.3229432149742,14.727343168077242,10266712,macOS-26.7.1-arm64-arm-64bit-Mach-O,3.14.7,True,368.4415283203125,20261009T001006Z,1.18.1,0,485390,483753,959545,484664,52.668185763888886,47.331814236111114,0.07700962500530295,0.0769786250020843,0.07625524999457411,0.0002443749981466681,170,650,837.6156636548769,870,190,61.44306189197013,2026-10-09T00:10:50+00:00,parallel,3,"block mean, streamed in bands, NaN-aware, any void -> void",1.0,p06,8.648459427950415,38.27531841800928,1.0190387890772998,0.9959605570318126,0.5566092552470524,1.0896837465330385,1.0896834628767624,0.0734448339935625,0.5109161189989319
X7,win960_k3_c1_d3,win960_k3_c1_d3__win1__hag_cta_ring1__shared_border__climb_tiebreak__native,idrija_win960_k3_c1,dem,hag_cta_ring1,shared_border,climb_tiebreak,native,win1,win,0.0762942919973284,1,height_tiebreak,87,2.0,2100,960,idrija_win960_k3,420,960,process,article-2026,True,0fc96e99b9a09a800a7e28c9437774072ad2cf51,960,960,0.5588903749885503,5.426543647977289,102,1409,3823,3,main,186,527087,960,921600,6,2.5.3,264.9208984375,264.92196968937316,True,259.7270879626857,1071.251875403109,16.420561615242967,10266160,macOS-26.7.1-arm64-arm-64bit-Mach-O,3.14.7,True,368.4415283203125,20261009T001006Z,1.18.1,0,527087,521589,1035170,522646,57.192599826388886,42.80740017361111,0.08611704201030079,0.08580029199947603,0.08409658299933653,0.0002606250054668635,170,650,837.6156636548769,870,190,61.44306189197013,2026-10-09T00:10:50+00:00,parallel,3,"block mean, streamed in bands, NaN-aware, any void -> void",1.0,p06,9.83152728206323,17.029386365926403,1.010482301393041,0.9959070082201307,0.6001435956677371,1.0033820067991512,1.0033820353085197,0.06460691698885057,0.5694665525158505
X7,win960_k3_c1_d3,win960_k3_c1_d3__win2__full_grid__climb_tiebreak__native,idrija_win960_k3_c1,dem,full_grid,,climb_tiebreak,native,win2,win,0.0,1,height_tiebreak,0,nan,2100,960,idrija_win960_k3,420,960,process,article-2026,True,0fc96e99b9a09a800a7e28c9437774072ad2cf51,960,960,0.5588903749885503,5.426543647977289,102,1409,3823,3,main,1409,921600,668,921600,6,2.5.3,93.61328125,93.61409363895925,True,367.7611269437749,812.3889603929565,10.949892635576068,10290272,macOS-26.7.1-arm64-arm-64bit-Mach-O,3.14.7,True,368.4415283203125,20261009T001006Z,1.18.1,0,921600,403016,764053,406719,100.0,0.0,0.0704541659943061,0.06992583299870603,0.06864941598905716,0.0,450,710,475.3945729601885,270,270,61.44306189197013,2026-10-09T00:10:50+00:00,parallel,3,"block mean, streamed in bands, NaN-aware, any void -> void",1.0,p06,,,,,,,,,
X7,win960_k3_c1_d3,win960_k3_c1_d3__win2__hag_cta__shared_border__climb_tiebreak__native,idrija_win960_k3_c1,dem,hag_cta,shared_border,climb_tiebreak,native,win2,win,0.0762942919973284,1,height_tiebreak,27,10.0,2100,960,idrija_win960_k3,420,960,process,article-2026,True,0fc96e99b9a09a800a7e28c9437774072ad2cf51,960,960,0.5588903749885503,5.426543647977289,102,1409,3823,3,main,28,187988,553,921600,6,2.5.3,95.692138671875,95.69281824965128,True,162.81927750881158,679.5777772109134,15.3377677502462,10219624,macOS-26.7.1-arm64-arm-64bit-Mach-O,3.14.7,True,368.4415283203125,20261009T001006Z,1.18.1,0,187988,145143,281143,146446,20.39800347222222,79.60199652777777,0.022908041006303392,0.02274145800038241,0.022313374996883795,0.00022737499966751784,450,710,475.3945729601885,270,270,61.44306189197013,2026-10-09T00:10:50+00:00,parallel,3,"block mean, streamed in bands, NaN-aware, any void -> void",1.0,p06,13.526943096962276,246.22144504490262,0.836517740076377,0.9931344866297023,0.36014202910058163,1.0222068641769246,1.022205252755093,0.0469569999986561,0.325222554028112
X7,win960_k3_c1_d3,win960_k3_c1_d3__win2__hag_cta_ring1__shared_border__climb_tiebreak__native,idrija_win960_k3_c1,dem,hag_cta_ring1,shared_border,climb_tiebreak,native,win2,win,0.0762942919973284,1,height_tiebreak,27,2.0,2100,960,idrija_win960_k3,420,960,process,article-2026,True,0fc96e99b9a09a800a7e28c9437774072ad2cf51,960,960,0.5588903749885503,5.426543647977289,102,1409,3823,3,main,225,255614,658,921600,6,2.5.3,94.2911376953125,94.29193842741753,True,424.61796736950475,800.732106143464,10.851751981496463,10240216,macOS-26.7.1-arm64-arm-64bit-Mach-O,3.14.7,True,368.4415283203125,20261009T001006Z,1.18.1,0,255614,201902,390255,203542,27.73589409722222,72.26410590277777,0.032112207991303876,0.03205741700367071,0.03170862499973737,0.00026200000138487667,450,710,475.3945729601885,270,270,61.44306189197013,2026-10-09T00:10:50+00:00,parallel,3,"block mean, streamed in bands, NaN-aware, any void -> void",1.0,p06,16.89032709453421,17.0,0.9856511414878729,0.9951355999141713,0.5009776286797547,1.0072410285833506,1.0072408412249605,0.037606415993650444,0.4584488397051191
X7,win960_k3_c1_d3,win960_k3_c1_d3__win3__full_grid__climb_tiebreak__native,idrija_win960_k3_c1,dem,full_grid,,climb_tiebreak,native,win3,win,0.0,1,height_tiebreak,0,nan,2100,960,idrija_win960_k3,420,960,process,article-2026,True,0fc96e99b9a09a800a7e28c9437774072ad2cf51,960,960,0.5588903749885503,5.426543647977289,102,1409,3823,3,main,1409,921600,777,921600,6,2.5.3,124.17526245117188,124.17620247974057,True,82.7432324762481,940.0285706997458,14.69012714244135,10366944,macOS-26.7.1-arm64-arm-64bit-Mach-O,3.14.7,True,368.4415283203125,20261009T001006Z,1.18.1,0,921600,668398,1296916,674331,100.0,0.0,0.13107925000076648,0.12344562499492895,0.12320691600325517,0.0,630,470,665.7326790837295,70,830,61.44306189197013,2026-10-09T00:10:50+00:00,parallel,3,"block mean, streamed in bands, NaN-aware, any void -> void",1.0,p06,,,,,,,,,
X7,win960_k3_c1_d3,win960_k3_c1_d3__win3__hag_cta__shared_border__climb_tiebreak__native,idrija_win960_k3_c1,dem,hag_cta,shared_border,climb_tiebreak,native,win3,win,0.0762942919973284,1,height_tiebreak,33,6.0,2100,960,idrija_win960_k3,420,960,process,article-2026,True,0fc96e99b9a09a800a7e28c9437774072ad2cf51,960,960,0.5588903749885503,5.426543647977289,102,1409,3823,3,main,34,193646,777,921600,6,2.5.3,124.17526245117188,124.17620247974057,True,82.7432324762481,940.0285706997458,14.69012714244135,10236256,macOS-26.7.1-arm64-arm-64bit-Mach-O,3.14.7,True,368.4415283203125,20261009T001006Z,1.18.1,0,193646,166971,332610,168025,21.01193576388889,78.98806423611111,0.02716320799663663,0.026760167005704716,0.026437500011525117,0.000235083993175067,630,470,665.7326790837295,70,830,61.44306189197013,2026-10-09T00:10:50+00:00,parallel,3,"block mean, streamed in bands, NaN-aware, any void -> void",1.0,p06,6.585611238914401,0.0,1.0,0.9873937777613152,0.24980774927513247,1.0,1.0,0.09645037399604917,0.21677695752120824
X7,win960_k3_c1_d3,win960_k3_c1_d3__win3__hag_cta_ring1__shared_border__climb_tiebreak__native,idrija_win960_k3_c1,dem,hag_cta_ring1,shared_border,climb_tiebreak,native,win3,win,0.0762942919973284,1,height_tiebreak,33,2.0,2100,960,idrija_win960_k3,420,960,process,article-2026,True,0fc96e99b9a09a800a7e28c9437774072ad2cf51,960,960,0.5588903749885503,5.426543647977289,102,1409,3823,3,main,130,255195,777,921600,6,2.5.3,124.17526245117188,124.17620247974057,True,82.7432324762481,940.0285706997458,14.69012714244135,10242080,macOS-26.7.1-arm64-arm-64bit-Mach-O,3.14.7,True,368.4415283203125,20261009T001006Z,1.18.1,0,255195,227337,446936,228610,27.6904296875,72.3095703125,0.03719933300453704,0.03650537499925122,0.03579416699358262,0.0002607079950394109,630,470,665.7326790837295,70,830,61.44306189197013,2026-10-09T00:10:50+00:00,parallel,3,"block mean, streamed in bands, NaN-aware, any void -> void",1.0,p06,7.32796519599978,0.0,1.0,0.987955563375282,0.3401222026397446,1.0,1.0,0.08667954200063832,0.2957202817090588
X7,win960_k3_c20_d3,win960_k3_c20_d3__win1__full_grid__climb_tiebreak__native,idrija_win960_k3_c20,dem,full_grid,,climb_tiebreak,native,win1,win,0.0,20,height_tiebreak,0,nan,2100,960,idrija_win960_k3,420,960,process,article-2026,True,0fc96e99b9a09a800a7e28c9437774072ad2cf51,48,48,0.006746334009221755,7.630467571644043,32,1326,5059,3,main,1326,2304,43,2304,6,2.5.3,255.13199424743652,255.1329667957766,True,77.04504895967096,972.5483399593904,26.3497896994226,34944,macOS-26.7.1-arm64-arm-64bit-Mach-O,3.14.7,True,366.91777854919434,20261009T001006Z,1.18.1,0,2304,2170,4092,2212,100.0,0.0,0.0003512920084176585,0.0002417089999653399,0.00019375000556465238,0.0,8,32,837.6156636548769,43,9,57.92326477599195,2026-10-09T00:11:05+00:00,parallel,3,"block mean, streamed in bands, NaN-aware, any void -> void",1.0,p03,,,,,,,,,
X7,win960_k3_c20_d3,win960_k3_c20_d3__win1__hag_cta__shared_border__climb_tiebreak__native,idrija_win960_k3_c20,dem,hag_cta,shared_border,climb_tiebreak,native,win1,win,0.0011931250046472996,20,height_tiebreak,36,40.0,2100,960,idrija_win960_k3,420,960,process,article-2026,True,0fc96e99b9a09a800a7e28c9437774072ad2cf51,48,48,0.006746334009221755,7.630467571644043,32,1326,5059,3,main,37,77,50,2304,6,2.5.3,259.3547763824462,259.35591378360004,True,72.25455076221762,1137.4011537017761,14.17425358841767,31584,macOS-26.7.1-arm64-arm-64bit-Mach-O,3.14.7,True,366.91777854919434,20261009T001006Z,1.18.1,0,77,77,87,77,3.342013888888889,96.65798611111111,7.195900252554566e-05,4.558300133794546e-05,4.425000224728137e-05,0.0002609999937703833,8,32,837.6156636548769,43,9,57.92326477599195,2026-10-09T00:11:05+00:00,parallel,3,"block mean, streamed in bands, NaN-aware, any void -> void",1.0,p03,inf,100.0,1.1695060358123375,0.9038461538461539,0.035483870967741936,1.0165513625504539,1.01655194560256,-6.487399514298886e-05,0.1885862807941859
X7,win960_k3_c20_d3,win960_k3_c20_d3__win1__hag_cta_ring1__shared_border__climb_tiebreak__native,idrija_win960_k3_c20,dem,hag_cta_ring1,shared_border,climb_tiebreak,native,win1,win,0.0011931250046472996,20,height_tiebreak,36,40.0,2100,960,idrija_win960_k3,420,960,process,article-2026,True,0fc96e99b9a09a800a7e28c9437774072ad2cf51,48,48,0.006746334009221755,7.630467571644043,32,1326,5059,3,main,139,248,48,2304,6,2.5.3,255.42820365905766,255.42923478604155,True,70.62281441497666,1031.126983722081,26.220797633191985,31888,macOS-26.7.1-arm64-arm-64bit-Mach-O,3.14.7,True,366.91777854919434,20261009T001006Z,1.18.1,0,248,238,363,247,10.76388888888889,89.23611111111111,9.450000652577728e-05,5.137499829288572e-05,4.9542009946890175e-05,0.00026212500233668834,8,32,837.6156636548769,43,9,57.92326477599195,2026-10-09T00:11:05+00:00,parallel,3,"block mean, streamed in bands, NaN-aware, any void -> void",1.0,p03,inf,72.11102550927978,1.0602321153158685,0.9125457875457875,0.10967741935483871,1.0011610045713586,1.001161229746143,-7.179100066423416e-05,0.2125489671474901
X7,win960_k3_c20_d3,win960_k3_c20_d3__win2__full_grid__climb_tiebreak__native,idrija_win960_k3_c20,dem,full_grid,,climb_tiebreak,native,win2,win,0.0,20,height_tiebreak,0,nan,2100,960,idrija_win960_k3,420,960,process,article-2026,True,0fc96e99b9a09a800a7e28c9437774072ad2cf51,48,48,0.006746334009221755,7.630467571644043,32,1326,5059,3,main,1326,2304,37,2304,6,2.5.3,72.026793212891,72.02762090841723,True,32.17634402443142,827.6955262170045,14.18880642056878,34592,macOS-26.7.1-arm64-arm-64bit-Mach-O,3.14.7,True,366.91777854919434,20261009T001006Z,1.18.1,0,2304,894,1627,1003,100.0,0.0,0.00014362500223796815,9.383300493936986e-05,7.083300442900509e-05,0.0,22,35,475.3945729601885,13,13,57.92326477599195,2026-10-09T00:11:05+00:00,parallel,3,"block mean, streamed in bands, NaN-aware, any void -> void",1.0,p03,,,,,,,,,
X7,win960_k3_c20_d3,win960_k3_c20_d3__win2__hag_cta__shared_border__climb_tiebreak__native,idrija_win960_k3_c20,dem,hag_cta,shared_border,climb_tiebreak,native,win2,win,0.0011931250046472996,20,height_tiebreak,19,40.0,2100,960,idrija_win960_k3,420,960,process,article-2026,True,0fc96e99b9a09a800a7e28c9437774072ad2cf51,48,48,0.006746334009221755,7.630467571644043,32,1326,5059,3,main,20,61,37,2304,6,2.5.3,75.33783966064482,75.33870049325606,True,32.17634402443142,860.8326112068522,14.164209972449399,31568,macOS-26.7.1-arm64-arm-64bit-Mach-O,3.14.7,True,366.91777854919434,20261009T001006Z,1.18.1,0,61,61,64,61,2.6475694444444446,97.35243055555556,4.733300011139363e-05,3.9834005292505026e-05,3.4958997275680304e-05,0.0002362079976592213,22,35,475.3945729601885,13,13,57.92326477599195,2026-10-09T00:11:05+00:00,parallel,3,"block mean, streamed in bands, NaN-aware, any void -> void",1.0,p03,inf,40.0,1.0400353559252655,0.9125809435707678,0.06823266219239374,1.0459696496270117,1.0459695814338896,-0.00018220899801235646,0.42452019221001974
X7,win960_k3_c20_d3,win960_k3_c20_d3__win2__hag_cta_ring1__shared_border__climb_tiebreak__native,idrija_win960_k3_c20,dem,hag_cta_ring1,shared_border,climb_tiebreak,native,win2,win,0.0011931250046472996,20,height_tiebreak,19,40.0,2100,960,idrija_win960_k3,420,960,process,article-2026,True,0fc96e99b9a09a800a7e28c9437774072ad2cf51,48,48,0.006746334009221755,7.630467571644043,32,1326,5059,3,main,92,313,37,2304,6,2.5.3,72.026793212891,72.02762090841723,True,32.17634402443142,827.6955262170045,14.18880642056878,32376,macOS-26.7.1-arm64-arm-64bit-Mach-O,3.14.7,True,366.91777854919434,20261009T001006Z,1.18.1,0,313,281,421,301,13.585069444444445,86.41493055555556,6.708399450872093e-05,4.616600926965475e-05,4.166600410826504e-05,0.0002194580010836944,22,35,475.3945729601885,13,13,57.92326477599195,2026-10-09T00:11:05+00:00,parallel,3,"block mean, streamed in bands, NaN-aware, any void -> void",1.0,p03,inf,0.0,1.0,0.9359389454209066,0.3143176733780761,1.0,1.0,-0.0001717910054139793,0.49200182067583675
X7,win960_k3_c20_d3,win960_k3_c20_d3__win3__full_grid__climb_tiebreak__native,idrija_win960_k3_c20,dem,full_grid,,climb_tiebreak,native,win3,win,0.0,20,height_tiebreak,0,nan,2100,960,idrija_win960_k3,420,960,process,article-2026,True,0fc96e99b9a09a800a7e28c9437774072ad2cf51,48,48,0.006746334009221755,7.630467571644043,32,1326,5059,3,main,1326,2304,34,2304,6,2.5.3,116.09118240356435,116.09195009909068,True,57.9386634826659,767.6955262170047,26.778409293560586,38728,macOS-26.7.1-arm64-arm-64bit-Mach-O,3.14.7,True,366.91777854919434,20261009T001006Z,1.18.1,0,2304,1574,3115,1798,100.0,0.0,0.0002353329909965396,0.00017133299843408167,0.00012541600153781474,0.0,31,23,665.7326790837295,3,41,57.92326477599195,2026-10-09T00:11:05+00:00,parallel,3,"block mean, streamed in bands, NaN-aware, any void -> void",1.0,p03,,,,,,,,,
X7,win960_k3_c20_d3,win960_k3_c20_d3__win3__hag_cta__shared_border__climb_tiebreak__native,idrija_win960_k3_c20,dem,hag_cta,shared_border,climb_tiebreak,native,win3,win,0.0011931250046472996,20,height_tiebreak,20,40.0,2100,960,idrija_win960_k3,420,960,process,article-2026,True,0fc96e99b9a09a800a7e28c9437774072ad2cf51,48,48,0.006746334009221755,7.630467571644043,32,1326,5059,3,main,21,65,36,2304,6,2.5.3,119.25393173217725,119.2547559962461,True,60.63088206612154,824.2640687119283,24.169158724818928,31640,macOS-26.7.1-arm64-arm-64bit-Mach-O,3.14.7,True,366.91777854919434,20261009T001006Z,1.18.1,0,65,60,70,62,2.8211805555555554,97.17881944444444,4.279200220480561e-05,3.4374999813735485e-05,3.2333002309314907e-05,0.00023695900745224208,31,23,665.7326790837295,3,41,57.92326477599195,2026-10-09T00:11:05+00:00,parallel,3,"block mean, streamed in bands, NaN-aware, any void -> void",1.0,p03,inf,28.284271247461902,1.0736861692729642,0.8169799628175997,0.03811944091486658,1.027243665394141,1.0272439725102025,-0.00010000100883189589,0.20063268680236665
X7,win960_k3_c20_d3,win960_k3_c20_d3__win3__hag_cta_ring1__shared_border__climb_tiebreak__native,idrija_win960_k3_c20,dem,hag_cta_ring1,shared_border,climb_tiebreak,native,win3,win,0.0011931250046472996,20,height_tiebreak,20,40.0,2100,960,idrija_win960_k3,420,960,process,article-2026,True,0fc96e99b9a09a800a7e28c9437774072ad2cf51,48,48,0.006746334009221755,7.630467571644043,32,1326,5059,3,main,103,241,34,2304,6,2.5.3,116.09118240356435,116.09195009909068,True,57.9386634826659,767.6955262170047,26.778409293560586,32248,macOS-26.7.1-arm64-arm-64bit-Mach-O,3.14.7,True,366.91777854919434,20261009T001006Z,1.18.1,0,241,221,351,237,10.460069444444445,89.53993055555556,5.93330041738227e-05,4.2374987970106304e-05,3.716700302902609e-05,0.00022074999287724495,31,23,665.7326790837295,3,41,57.92326477599195,2026-10-09T00:11:05+00:00,parallel,3,"block mean, streamed in bands, NaN-aware, any void -> void",1.0,p03,inf,0.0,1.0,0.832679198512704,0.14040660736975857,1.0,1.0,-9.179198241326958e-05,0.2473253159484603
X7,win960_k3_c3_d3,win960_k3_c3_d3__win1__full_grid__climb_tiebreak__native,idrija_win960_k3_c3,dem,full_grid,,climb_tiebreak,native,win1,win,0.0,3,height_tiebreak,0,nan,2100,960,idrija_win960_k3,420,960,process,article-2026,True,0fc96e99b9a09a800a7e28c9437774072ad2cf51,320,320,0.14046787499682978,6.203164029975021,56,1201,3725,3,main,1201,102400,323,102400,6,2.5.3,261.9278530544706,261.9289172230844,True,140.26527130464328,1064.1686142824235,17.24204193927591,1180808,macOS-26.7.1-arm64-arm-64bit-Mach-O,3.14.7,True,368.2699347601996,20261009T001006Z,1.18.1,0,102400,96612,188113,96957,100.0,0.0,0.014576125002349727,0.014347541000461206,0.01408383299713023,0.0,56,216,837.6156636548769,290,63,61.28019702435559,2026-10-09T00:11:02+00:00,parallel,3,"block mean, streamed in bands, NaN-aware, any void -> void",1.0,p06,,,,,,,,,
X7,win960_k3_c3_d3,win960_k3_c3_d3__win1__hag_cta__shared_border__climb_tiebreak__native,idrija_win960_k3_c3,dem,hag_cta,shared_border,climb_tiebreak,native,win1,win,0.018043582997052,3,height_tiebreak,67,6.0,2100,960,idrija_win960_k3,420,960,process,article-2026,True,0fc96e99b9a09a800a7e28c9437774072ad2cf51,320,320,0.14046787499682978,6.203164029975021,56,1201,3725,3,main,68,19840,1195,102400,6,2.5.3,740.4221632215714,740.4263255347794,True,148.28297806406997,4162.313200884706,7.579604488029824,1205720,macOS-26.7.1-arm64-arm-64bit-Mach-O,3.14.7,True,368.2699347601996,20261009T001006Z,1.18.1,0,19840,17764,27815,17809,19.375,80.625,0.0024114580010063946,0.0023090000031515956,0.002220833004685119,0.00022441698820330203,56,216,837.6156636548769,290,63,61.28019702435559,2026-10-09T00:11:02+00:00,parallel,3,"block mean, streamed in bands, NaN-aware, any void -> void",1.0,p06,13.417114791727377,364.2993274767331,3.911328660722985,1.0210974180391732,0.18386949861300875,2.826817211637256,2.826821617806176,0.011814124009106308,0.1609335009446826
X7,win960_k3_c3_d3,win960_k3_c3_d3__win1__hag_cta_ring1__shared_border__climb_tiebreak__native,idrija_win960_k3_c3,dem,hag_cta_ring1,shared_border,climb_tiebreak,native,win1,win,0.018043582997052,3,height_tiebreak,67,6.0,2100,960,idrija_win960_k3,420,960,process,article-2026,True,0fc96e99b9a09a800a7e28c9437774072ad2cf51,320,320,0.14046787499682978,6.203164029975021,56,1201,3725,3,main,332,50471,325,102400,6,2.5.3,263.8922085232207,263.8932836623974,True,129.00053636966643,1075.1391770309008,17.37633604625747,1166680,macOS-26.7.1-arm64-arm-64bit-Mach-O,3.14.7,True,368.2699347601996,20261009T001006Z,1.18.1,0,50471,48672,94640,49025,49.2880859375,50.7119140625,0.0072395000024698675,0.007121000002371147,0.007074249995639548,0.0002623750042403117,56,216,837.6156636548769,290,63,61.28019702435559,2026-10-09T00:11:02+00:00,parallel,3,"block mean, streamed in bands, NaN-aware, any void -> void",1.0,p06,22.76101088541941,44.598206241955516,1.0103090455790926,0.9880353114138793,0.5037883492733822,1.0074996051234826,1.0074996165377186,0.006964165993849747,0.4963219831288331
X7,win960_k3_c3_d3,win960_k3_c3_d3__win2__full_grid__climb_tiebreak__native,idrija_win960_k3_c3,dem,full_grid,,climb_tiebreak,native,win2,win,0.0,3,height_tiebreak,0,nan,2100,960,idrija_win960_k3,420,960,process,article-2026,True,0fc96e99b9a09a800a7e28c9437774072ad2cf51,320,320,0.14046787499682978,6.203164029975021,56,1201,3725,3,main,1201,102400,237,102400,6,2.5.3,83.72866482204859,83.7294921155547,True,200.8023220929347,827.2935059634515,10.224438476136141,1172232,macOS-26.7.1-arm64-arm-64bit-Mach-O,3.14.7,True,368.2699347601996,20261009T001006Z,1.18.1,0,102400,42479,79836,43477,100.0,0.0,0.007060832998831756,0.006788625003537163,0.006663457999820821,0.0,150,236,475.3945729601885,90,90,61.28019702435559,2026-10-09T00:11:02+00:00,parallel,3,"block mean, streamed in bands, NaN-aware, any void -> void",1.0,p06,,,,,,,,,
X7,win960_k3_c3_d3,win960_k3_c3_d3__win2__hag_cta__shared_border__climb_tiebreak__native,idrija_win960_k3_c3,dem,hag_cta,shared_border,climb_tiebreak,native,win2,win,0.018043582997052,3,height_tiebreak,19,6.0,2100,960,idrija_win960_k3,420,960,process,article-2026,True,0fc96e99b9a09a800a7e28c9437774072ad2cf51,320,320,0.14046787499682978,6.203164029975021,56,1201,3725,3,main,20,8814,455,102400,6,2.5.3,175.74007161458394,175.74169208384816,True,200.8023220929347,1620.4692629208116,9.39031205698368,1160440,macOS-26.7.1-arm64-arm-64bit-Mach-O,3.14.7,True,368.2699347601996,20261009T001006Z,1.18.1,0,8814,6986,12036,7114,8.607421875,91.392578125,0.0010607500007608905,0.0009314159979112446,0.000847167000756599,0.00022691699268762022,150,236,475.3945729601885,90,90,61.28019702435559,2026-10-09T00:11:02+00:00,parallel,3,"block mean, streamed in bands, NaN-aware, any void -> void",1.0,p06,28.15332803869242,246.98582955303326,1.9587598007718452,0.9899405578417924,0.16445773205583936,2.0989236122191888,2.0989222273235315,0.005630292012938298,0.1372024522529875
X7,win960_k3_c3_d3,win960_k3_c3_d3__win2__hag_cta_ring1__shared_border__climb_tiebreak__native,idrija_win960_k3_c3,dem,hag_cta_ring1,shared_border,climb_tiebreak,native,win2,win,0.018043582997052,3,height_tiebreak,19,6.0,2100,960,idrija_win960_k3,420,960,process,article-2026,True,0fc96e99b9a09a800a7e28c9437774072ad2cf51,320,320,0.14046787499682978,6.203164029975021,56,1201,3725,3,main,122,20744,218,102400,6,2.5.3,87.19070095486131,87.19148491741502,True,200.8023220929347,783.9625535217638,9.884314243009806,1153880,macOS-26.7.1-arm64-arm-64bit-Mach-O,3.14.7,True,368.2699347601996,20261009T001006Z,1.18.1,0,20744,14806,26805,15237,20.2578125,79.7421875,0.002067041990812868,0.0019293329969514161,0.0018972910038428381,0.00022008300584275275,150,236,475.3945729601885,90,90,61.28019702435559,2026-10-09T00:11:02+00:00,parallel,3,"block mean, streamed in bands, NaN-aware, any void -> void",1.0,p06,34.167776870689664,55.80322571321482,0.9476232411721578,0.9843443959898723,0.34854869464912075,1.0413482782768686,1.0413473522218724,0.004639209000742994,0.2842008500905782
X7,win960_k3_c3_d3,win960_k3_c3_d3__win3__full_grid__climb_tiebreak__native,idrija_win960_k3_c3,dem,full_grid,,climb_tiebreak,native,win3,win,0.0,3,height_tiebreak,0,nan,2100,960,idrija_win960_k3,420,960,process,article-2026,True,0fc96e99b9a09a800a7e28c9437774072ad2cf51,320,320,0.14046787499682978,6.203164029975021,56,1201,3725,3,main,1201,102400,260,102400,6,2.5.3,120.9373982747394,120.9383368180291,True,62.27756076388763,938.5432893255072,16.433053950139648,1200696,macOS-26.7.1-arm64-arm-64bit-Mach-O,3.14.7,True,368.2699347601996,20261009T001006Z,1.18.1,0,102400,72208,140637,74105,100.0,0.0,0.011506584007292986,0.011166374999447726,0.011022542006685399,0.0,210,156,665.7326790837295,23,276,61.28019702435559,2026-10-09T00:11:02+00:00,parallel,3,"block mean, streamed in bands, NaN-aware, any void -> void",1.0,p06,,,,,,,,,
X7,win960_k3_c3_d3,win960_k3_c3_d3__win3__hag_cta__shared_border__climb_tiebreak__native,idrija_win960_k3_c3,dem,hag_cta,shared_border,climb_tiebreak,native,win3,win,0.018043582997052,3,height_tiebreak,26,6.0,2100,960,idrija_win960_k3,420,960,process,article-2026,True,0fc96e99b9a09a800a7e28c9437774072ad2cf51,320,320,0.14046787499682978,6.203164029975021,56,1201,3725,3,main,27,7205,463,102400,6,2.5.3,309.1116807725691,309.113366248974,True,147.25580878964126,1685.4764055957478,9.326123505930957,1159472,macOS-26.7.1-arm64-arm-64bit-Mach-O,3.14.7,True,368.2699347601996,20261009T001006Z,1.18.1,0,7205,7018,10998,7055,7.0361328125,92.9638671875,0.0010116669873241335,0.0008765829988988116,0.0008020000095712021,0.00020404199312906712,210,156,665.7326790837295,23,276,61.28019702435559,2026-10-09T00:11:02+00:00,parallel,3,"block mean, streamed in bands, NaN-aware, any void -> void",1.0,p06,15.716377847682985,121.82364302548172,1.7958430098701477,0.9656665800502375,0.09719144693108797,2.555964368196056,2.5559584692659043,0.010085750007419847,0.07850202048043042
X7,win960_k3_c3_d3,win960_k3_c3_d3__win3__hag_cta_ring1__shared_border__climb_tiebreak__native,idrija_win960_k3_c3,dem,hag_cta_ring1,shared_border,climb_tiebreak,native,win3,win,0.018043582997052,3,height_tiebreak,26,6.0,2100,960,idrija_win960_k3,420,960,process,article-2026,True,0fc96e99b9a09a800a7e28c9437774072ad2cf51,320,320,0.14046787499682978,6.203164029975021,56,1201,3725,3,main,157,21641,254,102400,6,2.5.3,124.0881279839407,124.0890460419491,True,82.87838212167694,918.0580079512685,15.55478302166267,1153640,macOS-26.7.1-arm64-arm-64bit-Mach-O,3.14.7,True,368.2699347601996,20261009T001006Z,1.18.1,0,21641,19345,36091,19646,21.1337890625,78.8662109375,0.0026754590071504936,0.0025457090087002143,0.00247704099456314,0.00022170900774654,210,156,665.7326790837295,23,276,61.28019702435559,2026-10-09T00:11:02+00:00,parallel,3,"block mean, streamed in bands, NaN-aware, any void -> void",1.0,p06,18.872755071218997,39.45883931389772,0.9781733228427207,0.9608093972162812,0.26790660314646575,1.0260525673129137,1.0260521957455124,0.008398956983000971,0.227979895787677
X7,win960_k3_c5_d3,win960_k3_c5_d3__win1__full_grid__climb_tiebreak__native,idrija_win960_k3_c5,dem,full_grid,,climb_tiebreak,native,win1,win,0.0,5,height_tiebreak,0,nan,2100,960,idrija_win960_k3,420,960,process,article-2026,True,0fc96e99b9a09a800a7e28c9437774072ad2cf51,192,192,0.07837474999541882,6.946712802768166,52,2890,10038,3,main,2890,36864,194,36864,6,2.5.3,259.54217407226554,259.5432364124518,True,137.90539896931267,1062.3401871576773,26.25043926088652,434768,macOS-26.7.1-arm64-arm-64bit-Mach-O,3.14.7,True,368.15355651855464,20261009T001006Z,1.18.1,0,36864,34753,67620,34965,100.0,0.0,0.005155916005605832,0.00500833299884107,0.004709916000138037,0.0,34,130,837.6156636548769,174,38,61.04061726331845,2026-10-09T00:11:03+00:00,parallel,3,"block mean, streamed in bands, NaN-aware, any void -> void",1.0,p03,,,,,,,,,
X7,win960_k3_c5_d3,win960_k3_c5_d3__win1__hag_cta__shared_border__climb_tiebreak__native,idrija_win960_k3_c5,dem,hag_cta,shared_border,climb_tiebreak,native,win1,win,0.009112542000366375,5,height_tiebreak,59,10.0,2100,960,idrija_win960_k3,420,960,process,article-2026,True,0fc96e99b9a09a800a7e28c9437774072ad2cf51,192,192,0.07837474999541882,6.946712802768166,52,2890,10038,3,main,60,1832,380,36864,6,2.5.3,426.7835437011721,426.7857887116282,True,90.71365172543516,2245.010460205265,8.83776439034825,429712,macOS-26.7.1-arm64-arm-64bit-Mach-O,3.14.7,True,368.15355651855464,20261009T001006Z,1.18.1,0,1832,1735,2168,1738,4.969618055555555,95.03038194444444,0.00037487500230781734,0.00036958299460820854,0.00033991699456237257,0.0004798339941771701,34,130,837.6156636548769,174,38,61.04061726331845,2026-10-09T00:11:03+00:00,parallel,3,"block mean, streamed in bands, NaN-aware, any void -> void",1.0,p03,21.03608050373051,316.62280397975127,2.11326888255245,0.9883708092591911,0.049923747590136104,1.6443706893752874,1.6443726086292758,0.004158916010055691,0.07379361450081898
X7,win960_k3_c5_d3,win960_k3_c5_d3__win1__hag_cta_ring1__shared_border__climb_tiebreak__native,idrija_win960_k3_c5,dem,hag_cta_ring1,shared_border,climb_tiebreak,native,win1,win,0.009112542000366375,5,height_tiebreak,59,10.0,2100,960,idrija_win960_k3,420,960,process,article-2026,True,0fc96e99b9a09a800a7e28c9437774072ad2cf51,192,192,0.07837474999541882,6.946712802768166,52,2890,10038,3,main,369,6909,160,36864,6,2.5.3,262.88520141601566,262.8861724567795,True,115.8056535014639,971.0407640085655,17.60603037417301,418608,macOS-26.7.1-arm64-arm-64bit-Mach-O,3.14.7,True,368.15355651855464,20261009T001006Z,1.18.1,0,6909,6191,11056,6304,18.741861979166668,81.25813802083334,0.0008122919971356168,0.0006890420045237988,0.0006061250023776665,0.0005510409973794594,34,130,837.6156636548769,174,38,61.04061726331845,2026-10-09T00:11:03+00:00,parallel,3,"block mean, streamed in bands, NaN-aware, any void -> void",1.0,p03,23.216955368375213,148.4082207965583,0.91405820446896,0.9628307511132375,0.17814289413863552,1.0128804783103162,1.012880073819436,0.0037682499969378114,0.137579111589274
X7,win960_k3_c5_d3,win960_k3_c5_d3__win2__full_grid__climb_tiebreak__native,idrija_win960_k3_c5,dem,full_grid,,climb_tiebreak,native,win2,win,0.0,5,height_tiebreak,0,nan,2100,960,idrija_win960_k3,420,960,process,article-2026,True,0fc96e99b9a09a800a7e28c9437774072ad2cf51,192,192,0.07837474999541882,6.946712802768166,52,2890,10038,3,main,2890,36864,187,36864,6,2.5.3,85.79751464843696,85.79860204959083,True,68.86322354601144,1087.4011537017761,12.893841804464383,434808,macOS-26.7.1-arm64-arm-64bit-Mach-O,3.14.7,True,368.15355651855464,20261009T001006Z,1.18.1,0,36864,16164,30304,16762,100.0,0.0,0.0028344580059638247,0.0023622089938726276,0.0022618340008193627,0.0,90,142,475.3945729601885,54,54,61.04061726331845,2026-10-09T00:11:03+00:00,parallel,3,"block mean, streamed in bands, NaN-aware, any void -> void",1.0,p03,,,,,,,,,
X7,win960_k3_c5_d3,win960_k3_c5_d3__win2__hag_cta__shared_border__climb_tiebreak__native,idrija_win960_k3_c5,dem,hag_cta,shared_border,climb_tiebreak,native,win2,win,0.009112542000366375,5,height_tiebreak,19,10.0,2100,960,idrija_win960_k3,420,960,process,article-2026,True,0fc96e99b9a09a800a7e28c9437774072ad2cf51,192,192,0.07837474999541882,6.946712802768166,52,2890,10038,3,main,20,2910,323,36864,6,2.5.3,189.26817382812544,189.27000750344877,True,68.86322354601144,1833.6753236814716,10.100144174428573,428824,macOS-26.7.1-arm64-arm-64bit-Mach-O,3.14.7,True,368.15355651855464,20261009T001006Z,1.18.1,0,2910,2170,3521,2215,7.893880208333333,92.10611979166666,0.0005144579918123782,0.0003298329975223169,0.00027725000109057873,0.000450999999884516,90,142,475.3945729601885,54,54,61.04061726331845,2026-10-09T00:11:03+00:00,parallel,3,"block mean, streamed in bands, NaN-aware, any void -> void",1.0,p03,55.3235234323209,251.6445906432324,1.6862915010152397,0.9862376037239425,0.13424894828012868,2.2059866722674757,2.205980085713429,0.0015813759964657947,0.13962904991805383
X7,win960_k3_c5_d3,win960_k3_c5_d3__win2__hag_cta_ring1__shared_border__climb_tiebreak__native,idrija_win960_k3_c5,dem,hag_cta_ring1,shared_border,climb_tiebreak,native,win2,win,0.009112542000366375,5,height_tiebreak,19,10.0,2100,960,idrija_win960_k3,420,960,process,article-2026,True,0fc96e99b9a09a800a7e28c9437774072ad2cf51,192,192,0.07837474999541882,6.946712802768166,52,2890,10038,3,main,125,7888,187,36864,6,2.5.3,85.79751464843696,85.79860204959083,True,68.86322354601144,1087.4011537017761,12.893841804464383,423584,macOS-26.7.1-arm64-arm-64bit-Mach-O,3.14.7,True,368.15355651855464,20261009T001006Z,1.18.1,0,7888,6358,11088,6572,21.397569444444443,78.60243055555556,0.000943083010497503,0.0008636249986011535,0.0007285419997060671,0.00044329199590720236,90,142,475.3945729601885,54,54,61.04061726331845,2026-10-09T00:11:03+00:00,parallel,3,"block mean, streamed in bands, NaN-aware, any void -> void",1.0,p03,82.90339739947733,0.0,1.0,0.9741863075196409,0.39334323187329867,1.0,1.0,0.0010552919993642718,0.3656005886190953
X7,win960_k3_c5_d3,win960_k3_c5_d3__win3__full_grid__climb_tiebreak__native,idrija_win960_k3_c5,dem,full_grid,,climb_tiebreak,native,win3,win,0.0,5,height_tiebreak,0,nan,2100,960,idrija_win960_k3,420,960,process,article-2026,True,0fc96e99b9a09a800a7e28c9437774072ad2cf51,192,192,0.07837474999541882,6.946712802768166,52,2890,10038,3,main,2890,36864,151,36864,6,2.5.3,121.8444702148438,121.84537761599768,True,72.0282714843745,907.4011537017761,14.16926657549997,448256,macOS-26.7.1-arm64-arm-64bit-Mach-O,3.14.7,True,368.15355651855464,20261009T001006Z,1.18.1,0,36864,26303,51171,27351,100.0,0.0,0.004381833001389168,0.003950958009227179,0.003772707990719937,0.0,126,94,665.7326790837295,14,166,61.04061726331845,2026-10-09T00:11:03+00:00,parallel,3,"block mean, streamed in bands, NaN-aware, any void -> void",1.0,p03,,,,,,,,,
X7,win960_k3_c5_d3,win960_k3_c5_d3__win3__hag_cta__shared_border__climb_tiebreak__native,idrija_win960_k3_c5,dem,hag_cta,shared_border,climb_tiebreak,native,win3,win,0.009112542000366375,5,height_tiebreak,28,10.0,2100,960,idrija_win960_k3,420,960,process,article-2026,True,0fc96e99b9a09a800a7e28c9437774072ad2cf51,192,192,0.07837474999541882,6.946712802768166,52,2890,10038,3,main,29,1513,216,36864,6,2.5.3,189.07689453124988,189.07817042482708,True,72.03482878851162,1275.8935777509512,9.475882185090029,420712,macOS-26.7.1-arm64-arm-64bit-Mach-O,3.14.7,True,368.15355651855464,20261009T001006Z,1.18.1,0,1513,1377,2083,1428,4.104275173611111,95.89572482638889,0.00030129200604278594,0.00021120900055393577,0.00017762499919626862,0.0004977079952368513,126,94,665.7326790837295,14,166,61.04061726331845,2026-10-09T00:11:03+00:00,parallel,3,"block mean, streamed in bands, NaN-aware, any void -> void",1.0,p03,26.98525146140989,125.0,1.406096490560869,0.938552969731582,0.05235144280120138,1.5517888846154255,1.551787799621888,0.003242041013436392,0.053457667750624605
X7,win960_k3_c5_d3,win960_k3_c5_d3__win3__hag_cta_ring1__shared_border__climb_tiebreak__native,idrija_win960_k3_c5,dem,hag_cta_ring1,shared_border,climb_tiebreak,native,win3,win,0.009112542000366375,5,height_tiebreak,28,10.0,2100,960,idrija_win960_k3,420,960,process,article-2026,True,0fc96e99b9a09a800a7e28c9437774072ad2cf51,192,192,0.07837474999541882,6.946712802768166,52,2890,10038,3,main,186,4740,156,36864,6,2.5.3,130.59027587890603,130.59121863539892,True,78.83367084762986,942.7564927611036,12.868128920909385,419000,macOS-26.7.1-arm64-arm-64bit-Mach-O,3.14.7,True,368.15355651855464,20261009T001006Z,1.18.1,0,4740,4151,7359,4299,12.858072916666666,87.14192708333334,0.0006117500015534461,0.0005264159990474582,0.0004897079925285652,0.000571915996260941,126,94,665.7326790837295,14,166,61.04061726331845,2026-10-09T00:11:03+00:00,parallel,3,"block mean, streamed in bands, NaN-aware, any void -> void",1.0,p03,30.669036729283697,28.284271247461902,1.0389632952471948,0.934733723586522,0.15781469794320038,1.0717784372868222,1.0717781929074424,0.00285262601391878,0.13323755854100483
X7,win960_k4_c10_d3,win960_k4_c10_d3__win1__full_grid__climb_tiebreak__native,idrija_win960_k4_c10,dem,full_grid,,climb_tiebreak,native,win1,win,0.0,10,height_tiebreak,0,nan,8400,960,idrija_win960_k4,7500,960,process,article-2026,True,0fc96e99b9a09a800a7e28c9437774072ad2cf51,96,96,0.03662087499105837,7.719512195121951,58,4592,17724,3,main,4592,9216,66,9216,6,2.5.3,139.21690490722608,139.21769988197303,True,66.03607822494008,794.9747468305833,11.720416433650541,116128,macOS-26.7.1-arm64-arm-64bit-Mach-O,3.14.7,True,555.1898870849609,20261009T001006Z,1.18.1,0,9216,4604,8912,4874,100.0,0.0,0.0007131659949664026,0.0005767090042354539,0.0005121249996591359,0.0,39,31,483.73546489791295,87,37,70.35618966263758,2026-10-09T00:11:04+00:00,parallel,3,"block mean, streamed in bands, NaN-aware, any void -> void",1.0,p03,,,,,,,,,
X7,win960_k4_c10_d3,win960_k4_c10_d3__win1__hag_cta__shared_border__climb_tiebreak__native,idrija_win960_k4_c10,dem,hag_cta,shared_border,climb_tiebreak,native,win1,win,0.004123874998185784,10,height_tiebreak,31,20.0,8400,960,idrija_win960_k4,7500,960,process,article-2026,True,0fc96e99b9a09a800a7e28c9437774072ad2cf51,96,96,0.03662087499105837,7.719512195121951,58,4592,17724,3,main,32,193,76,9216,6,2.5.3,170.2278253173829,170.22873686067237,True,68.11608886718773,911.5432893255071,10.680496558790935,107664,macOS-26.7.1-arm64-arm-64bit-Mach-O,3.14.7,True,555.1898870849609,20261009T001006Z,1.18.1,0,193,192,212,192,2.0941840277777777,97.90581597222221,0.00013087499246466905,6.629200652241707e-05,6.045801274012774e-05,0.0009028750064317137,39,31,483.73546489791295,87,37,70.35618966263758,2026-10-09T00:11:04+00:00,parallel,3,"block mean, streamed in bands, NaN-aware, any void -> void",1.0,p03,inf,147.648230602334,1.1466317552345668,0.9271149076880684,0.04170286707211121,1.2227525488432776,1.2227521141707562,-0.00039245800871867687,0.1149487974620766
X7,win960_k4_c10_d3,win960_k4_c10_d3__win1__hag_cta_ring1__shared_border__climb_tiebreak__native,idrija_win960_k4_c10,dem,hag_cta_ring1,shared_border,climb_tiebreak,native,win1,win,0.004123874998185784,10,height_tiebreak,31,20.0,8400,960,idrija_win960_k4,7500,960,process,article-2026,True,0fc96e99b9a09a800a7e28c9437774072ad2cf51,96,96,0.03662087499105837,7.719512195121951,58,4592,17724,3,main,183,739,50,9216,6,2.5.3,141.26058532714842,141.26120373335283,True,66.03607822494008,618.4062043356595,27.33215656177834,108960,macOS-26.7.1-arm64-arm-64bit-Mach-O,3.14.7,True,555.1898870849609,20261009T001006Z,1.18.1,0,739,726,1186,733,8.018663194444445,91.98133680555556,0.00016400001186411828,9.466700430493802e-05,7.133299368433654e-05,0.0009793750068638474,39,31,483.73546489791295,87,37,70.35618966263758,2026-10-09T00:11:04+00:00,parallel,3,"block mean, streamed in bands, NaN-aware, any void -> void",1.0,p03,inf,155.56349186104046,0.7778941492181106,0.9382750068889502,0.1576889661164205,1.0146798294451687,1.0146784773280426,-0.0004973330069333315,0.1641503836591533
X7,win960_k4_c10_d3,win960_k4_c10_d3__win2__full_grid__climb_tiebreak__native,idrija_win960_k4_c10,dem,full_grid,,climb_tiebreak,native,win2,win,0.0,10,height_tiebreak,0,nan,8400,960,idrija_win960_k4,7500,960,process,article-2026,True,0fc96e99b9a09a800a7e28c9437774072ad2cf51,96,96,0.03662087499105837,7.719512195121951,58,4592,17724,3,main,4592,9216,35,9216,6,2.5.3,258.43355346679687,258.4340011623231,True,94.02975551615886,447.6955262170047,26.387249344670465,117936,macOS-26.7.1-arm64-arm-64bit-Mach-O,3.14.7,True,555.1898870849609,20261009T001006Z,1.18.1,0,9216,9027,17275,9084,100.0,0.0,0.0012986249930690974,0.0012778340023942292,0.0012435420067049563,0.0,45,63,428.0186911806539,11,89,70.35618966263758,2026-10-09T00:11:04+00:00,parallel,3,"block mean, streamed in bands, NaN-aware, any void -> void",1.0,p03,,,,,,,,,
X7,win960_k4_c10_d3,win960_k4_c10_d3__win2__hag_cta__shared_border__climb_tiebreak__native,idrija_win960_k4_c10,dem,hag_cta,shared_border,climb_tiebreak,native,win2,win,0.004123874998185784,10,height_tiebreak,54,20.0,8400,960,idrija_win960_k4,7500,960,process,article-2026,True,0fc96e99b9a09a800a7e28c9437774072ad2cf51,96,96,0.03662087499105837,7.719512195121951,58,4592,17724,3,main,55,141,80,9216,6,2.5.3,278.2143261718752,278.2152694308933,True,109.97569965004413,943.2590180780451,10.879989367824821,107648,macOS-26.7.1-arm64-arm-64bit-Mach-O,3.14.7,True,555.1898870849609,20261009T001006Z,1.18.1,0,141,138,156,138,1.5299479166666667,98.47005208333334,9.983300697058439e-05,6.783400021959096e-05,5.720800254493952e-05,0.0008470000029774383,45,63,428.0186911806539,11,89,70.35618966263758,2026-10-09T00:11:04+00:00,parallel,3,"block mean, streamed in bands, NaN-aware, any void -> void",1.0,p03,112.24449057673289,143.17821063276352,2.1069208040752976,0.9127662460995795,0.015287470920571618,1.0765410390397303,1.0765428240076873,0.00036299999919719994,0.053085142586981535
X7,win960_k4_c10_d3,win960_k4_c10_d3__win2__hag_cta_ring1__shared_border__climb_tiebreak__native,idrija_win960_k4_c10,dem,hag_cta_ring1,shared_border,climb_tiebreak,native,win2,win,0.004123874998185784,10,height_tiebreak,54,20.0,8400,960,idrija_win960_k4,7500,960,process,article-2026,True,0fc96e99b9a09a800a7e28c9437774072ad2cf51,96,96,0.03662087499105837,7.719512195121951,58,4592,17724,3,main,231,463,47,9216,6,2.5.3,260.136943359375,260.13748620208753,True,110.69526625347955,542.8427124746189,11.813136083757936,108216,macOS-26.7.1-arm64-arm-64bit-Mach-O,3.14.7,True,555.1898870849609,20261009T001006Z,1.18.1,0,463,439,721,454,5.023871527777778,94.97612847222221,0.00014845799887552857,7.662500138394535e-05,5.612500535789877e-05,0.0008496250084135681,45,63,428.0186911806539,11,89,70.35618966263758,2026-10-09T00:11:04+00:00,parallel,3,"block mean, streamed in bands, NaN-aware, any void -> void",1.0,p03,115.88909292574195,106.30145812734649,1.2125265513854944,0.9175824175824175,0.04863188213138363,1.006591210273309,1.006591567023313,0.0003515839925967157,0.05996475382590852
X7,win960_k4_c10_d3,win960_k4_c10_d3__win3__full_grid__climb_tiebreak__native,idrija_win960_k4_c10,dem,full_grid,,climb_tiebreak,native,win3,win,0.0,10,height_tiebreak,0,nan,8400,960,idrija_win960_k4,7500,960,process,article-2026,True,0fc96e99b9a09a800a7e28c9437774072ad2cf51,96,96,0.03662087499105837,7.719512195121951,58,4592,17724,3,main,4592,9216,47,9216,6,2.5.3,99.86339355468749,99.86396953448504,True,65.89543803525137,575.9797974644666,14.600121160975586,118632,macOS-26.7.1-arm64-arm-64bit-Mach-O,3.14.7,True,555.1898870849609,20261009T001006Z,1.18.1,0,9216,4209,8539,4584,100.0,0.0,0.0007280419958988205,0.000522458998602815,0.0004499589995248243,0.0,45,45,495.1767361255979,9,11,70.35618966263758,2026-10-09T00:11:04+00:00,parallel,3,"block mean, streamed in bands, NaN-aware, any void -> void",1.0,p03,,,,,,,,,
X7,win960_k4_c10_d3,win960_k4_c10_d3__win3__hag_cta__shared_border__climb_tiebreak__native,idrija_win960_k4_c10,dem,hag_cta,shared_border,climb_tiebreak,native,win3,win,0.004123874998185784,10,height_tiebreak,25,20.0,8400,960,idrija_win960_k4,7500,960,process,article-2026,True,0fc96e99b9a09a800a7e28c9437774072ad2cf51,96,96,0.03662087499105837,7.719512195121951,58,4592,17724,3,main,26,50,47,9216,6,2.5.3,99.86339355468749,99.86396953448504,True,98.25690234741597,575.9797974644666,14.600121160975586,107592,macOS-26.7.1-arm64-arm-64bit-Mach-O,3.14.7,True,555.1898870849609,20261009T001006Z,1.18.1,0,50,50,50,50,0.5425347222222222,99.45746527777779,7.616700895596296e-05,4.616699879989028e-05,4.3459003791213036e-05,0.0008150420035235584,45,45,495.1767361255979,9,11,70.35618966263758,2026-10-09T00:11:04+00:00,parallel,3,"block mean, streamed in bands, NaN-aware, any void -> void",1.0,p03,inf,10.0,1.0,0.9069391058061905,0.011879306248515086,1.0,1.0,-0.0003387500037206337,0.08836482656696945
X7,win960_k4_c10_d3,win960_k4_c10_d3__win3__hag_cta_ring1__shared_border__climb_tiebreak__native,idrija_win960_k4_c10,dem,hag_cta_ring1,shared_border,climb_tiebreak,native,win3,win,0.004123874998185784,10,height_tiebreak,25,20.0,8400,960,idrija_win960_k4,7500,960,process,article-2026,True,0fc96e99b9a09a800a7e28c9437774072ad2cf51,96,96,0.03662087499105837,7.719512195121951,58,4592,17724,3,main,128,231,47,9216,6,2.5.3,99.86339355468749,99.86396953448504,True,65.89543803525137,575.9797974644666,14.600121160975586,108168,macOS-26.7.1-arm64-arm-64bit-Mach-O,3.14.7,True,555.1898870849609,20261009T001006Z,1.18.1,0,231,222,358,227,2.5065104166666665,97.49348958333334,0.00016287500329781324,6.033299723640084e-05,5.0834001740440726e-05,0.0008016249921638519,45,45,495.1767361255979,9,11,70.35618966263758,2026-10-09T00:11:04+00:00,parallel,3,"block mean, streamed in bands, NaN-aware, any void -> void",1.0,p03,inf,0.0,1.0,0.9117944568076067,0.05274411974340699,1.0,1.0,-0.00033949899079743773,0.11547891298215984
X7,win960_k4_c1_d3,win960_k4_c1_d3__win1__full_grid__climb_tiebreak__native,idrija_win960_k4_c1,dem,full_grid,,climb_tiebreak,native,win1,win,0.0,1,height_tiebreak,0,nan,8400,960,idrija_win960_k4,7500,960,process,article-2026,True,0fc96e99b9a09a800a7e28c9437774072ad2cf51,960,960,0.6584685410052771,3.5227882037533513,128,373,657,3,main,373,921600,669,921600,6,2.5.3,140.02081298828125,140.02163507572524,True,60.516357421875,822.0874452027915,11.039218078658966,10275960,macOS-26.7.1-arm64-arm-64bit-Mach-O,3.14.7,True,557.7086791992188,20261009T001006Z,1.18.1,0,921600,458437,897506,461246,100.0,0.0,0.07944624999072403,0.077485166999395,0.07732599999872036,0.0,390,310,483.73546489791295,870,370,72.24276964156616,2026-10-09T00:10:51+00:00,parallel,3,"block mean, streamed in bands, NaN-aware, any void -> void",1.0,p04,,,,,,,,,
X7,win960_k4_c1_d3,win960_k4_c1_d3__win1__hag_cta__shared_border__climb_tiebreak__native,idrija_win960_k4_c1,dem,hag_cta,shared_border,climb_tiebreak,native,win1,win,0.09154954100085888,1,height_tiebreak,46,7.211102550927978,8400,960,idrija_win960_k4,7500,960,process,article-2026,True,0fc96e99b9a09a800a7e28c9437774072ad2cf51,960,960,0.6584685410052771,3.5227882037533513,128,373,657,3,main,47,328107,669,921600,6,2.5.3,140.02081298828125,140.02163507572524,True,60.516357421875,822.0874452027915,11.039218078658966,10248968,macOS-26.7.1-arm64-arm-64bit-Mach-O,3.14.7,True,557.7086791992188,20261009T001006Z,1.18.1,0,328107,314953,619233,316223,35.601888020833336,64.39811197916667,0.05152441699465271,0.05139449999842327,0.05098916600400116,0.00010837499576155096,390,310,483.73546489791295,870,370,72.24276964156616,2026-10-09T00:10:51+00:00,parallel,3,"block mean, streamed in bands, NaN-aware, any void -> void",1.0,p04,28.866509615692724,0.0,1.0,0.9973732867780724,0.6870147915635082,1.0,1.0,0.025982292005210184,0.6632817865492185
X7,win960_k4_c1_d3,win960_k4_c1_d3__win1__hag_cta_ring1__shared_border__climb_tiebreak__native,idrija_win960_k4_c1,dem,hag_cta_ring1,shared_border,climb_tiebreak,native,win1,win,0.09154954100085888,1,height_tiebreak,46,2.0,8400,960,idrija_win960_k4,7500,960,process,article-2026,True,0fc96e99b9a09a800a7e28c9437774072ad2cf51,960,960,0.6584685410052771,3.5227882037533513,128,373,657,3,main,88,363705,669,921600,6,2.5.3,140.02081298828125,140.02163507572524,True,60.516357421875,822.0874452027915,11.039218078658966,10257048,macOS-26.7.1-arm64-arm-64bit-Mach-O,3.14.7,True,557.7086791992188,20261009T001006Z,1.18.1,0,363705,354575,690583,355818,39.464518229166664,60.535481770833336,0.05909516700194217,0.05852095800219104,0.05802299999049865,0.0001210409973282367,390,310,483.73546489791295,870,370,72.24276964156616,2026-10-09T00:10:51+00:00,parallel,3,"block mean, streamed in bands, NaN-aware, any void -> void",1.0,p04,39.80318394502889,0.0,1.0,0.9981595880092955,0.7734432430192153,1.0,1.0,0.018843167999875732,0.7552536862009727
X7,win960_k4_c1_d3,win960_k4_c1_d3__win2__full_grid__climb_tiebreak__native,idrija_win960_k4_c1,dem,full_grid,,climb_tiebreak,native,win2,win,0.0,1,height_tiebreak,0,nan,8400,960,idrija_win960_k4,7500,960,process,article-2026,True,0fc96e99b9a09a800a7e28c9437774072ad2cf51,960,960,0.6584685410052771,3.5227882037533513,128,373,657,3,main,373,921600,341,921600,6,2.5.3,255.32623291015625,255.3266806056812,True,192.39139460286813,447.69552621700484,27.054236280546448,10279256,macOS-26.7.1-arm64-arm-64bit-Mach-O,3.14.7,True,557.7086791992188,20261009T001006Z,1.18.1,0,921600,898582,1750471,899423,100.0,0.0,0.16512999999395106,0.16088566699181683,0.15783083300630096,0.0,450,630,428.0186911806539,110,890,72.24276964156616,2026-10-09T00:10:51+00:00,parallel,3,"block mean, streamed in bands, NaN-aware, any void -> void",1.0,p04,,,,,,,,,
X7,win960_k4_c1_d3,win960_k4_c1_d3__win2__hag_cta__shared_border__climb_tiebreak__native,idrija_win960_k4_c1,dem,hag_cta,shared_border,climb_tiebreak,native,win2,win,0.09154954100085888,1,height_tiebreak,85,4.47213595499958,8400,960,idrija_win960_k4,7500,960,process,article-2026,True,0fc96e99b9a09a800a7e28c9437774072ad2cf51,960,960,0.6584685410052771,3.5227882037533513,128,373,657,3,main,86,283614,932,921600,6,2.5.3,288.81634521484375,288.81745722616773,True,268.89392636136876,1112.0113267570428,9.31986708056115,10241280,macOS-26.7.1-arm64-arm-64bit-Mach-O,3.14.7,True,557.7086791992188,20261009T001006Z,1.18.1,0,283614,282060,564450,282253,30.774088541666668,69.22591145833333,0.04284437499882188,0.04271300000254996,0.04194241599179804,0.00012229199637658894,450,630,428.0186911806539,110,890,72.24276964156616,2026-10-09T00:10:51+00:00,parallel,3,"block mean, streamed in bands, NaN-aware, any void -> void",1.0,p04,6.353373143044286,362.0828634442674,2.4838562407658142,0.9963055691968368,0.3138945583152122,1.1311659672528516,1.1311683390902993,0.11805037499289028,0.2654866701377599
X7,win960_k4_c1_d3,win960_k4_c1_d3__win2__hag_cta_ring1__shared_border__climb_tiebreak__native,idrija_win960_k4_c1,dem,hag_cta_ring1,shared_border,climb_tiebreak,native,win2,win,0.09154954100085888,1,height_tiebreak,85,2.0,8400,960,idrija_win960_k4,7500,960,process,article-2026,True,0fc96e99b9a09a800a7e28c9437774072ad2cf51,960,960,0.6584685410052771,3.5227882037533513,128,373,657,3,main,113,305388,341,921600,6,2.5.3,255.32623291015625,255.3266806056812,True,192.39139460286813,447.69552621700484,27.054236280546448,10221600,macOS-26.7.1-arm64-arm-64bit-Mach-O,3.14.7,True,557.7086791992188,20261009T001006Z,1.18.1,0,305388,301633,585584,302114,33.13671875,66.86328125,0.04635954200057313,0.044678541002213024,0.04453808300604578,0.00013279198901727796,450,630,428.0186911806539,110,890,72.24276964156616,2026-10-09T00:10:51+00:00,parallel,3,"block mean, streamed in bands, NaN-aware, any void -> void",1.0,p04,6.461532503837981,0.0,1.0,0.9943910337479678,0.3356766549964277,1.0,1.0,0.11607433400058653,0.27770367514767813
X7,win960_k4_c1_d3,win960_k4_c1_d3__win3__full_grid__climb_tiebreak__native,idrija_win960_k4_c1,dem,full_grid,,climb_tiebreak,native,win3,win,0.0,1,height_tiebreak,0,nan,8400,960,idrija_win960_k4,7500,960,process,article-2026,True,0fc96e99b9a09a800a7e28c9437774072ad2cf51,960,960,0.6584685410052771,3.5227882037533513,128,373,657,3,main,373,921600,476,921600,6,2.5.3,112.29364013671875,112.29423070230196,True,86.43758919436141,590.5655839020936,14.523624137345472,10299416,macOS-26.7.1-arm64-arm-64bit-Mach-O,3.14.7,True,557.7086791992188,20261009T001006Z,1.18.1,0,921600,487365,989986,491071,100.0,0.0,0.09187637499417178,0.09122666598705109,0.09064145899901632,0.0,450,450,495.1767361255979,90,110,72.24276964156616,2026-10-09T00:10:51+00:00,parallel,3,"block mean, streamed in bands, NaN-aware, any void -> void",1.0,p04,,,,,,,,,
X7,win960_k4_c1_d3,win960_k4_c1_d3__win3__hag_cta__shared_border__climb_tiebreak__native,idrija_win960_k4_c1,dem,hag_cta,shared_border,climb_tiebreak,native,win3,win,0.09154954100085888,1,height_tiebreak,26,10.0,8400,960,idrija_win960_k4,7500,960,process,article-2026,True,0fc96e99b9a09a800a7e28c9437774072ad2cf51,960,960,0.6584685410052771,3.5227882037533513,128,373,657,3,main,27,155065,500,921600,6,2.5.3,132.36077880859375,132.36138426147818,True,337.017822265625,605.4528855298855,13.758757359405307,10207784,macOS-26.7.1-arm64-arm-64bit-Mach-O,3.14.7,True,557.7086791992188,20261009T001006Z,1.18.1,0,155065,152999,302096,153109,16.82562934027778,83.17437065972221,0.023447292012861,0.02324945900181774,0.02291370800230652,0.00013116700574755669,450,450,495.1767361255979,90,110,72.24276964156616,2026-10-09T00:10:51+00:00,parallel,3,"block mean, streamed in bands, NaN-aware, any void -> void",1.0,p04,11.054706836727899,49.01020301937138,1.0252085492849512,0.9911031848796087,0.3139310373128969,1.178702361482298,1.178701554244361,0.0678460399794858,0.25485376178405794
X7,win960_k4_c1_d3,win960_k4_c1_d3__win3__hag_cta_ring1__shared_border__climb_tiebreak__native,idrija_win960_k4_c1,dem,hag_cta_ring1,shared_border,climb_tiebreak,native,win3,win,0.09154954100085888,1,height_tiebreak,26,2.0,8400,960,idrija_win960_k4,7500,960,process,article-2026,True,0fc96e99b9a09a800a7e28c9437774072ad2cf51,960,960,0.6584685410052771,3.5227882037533513,128,373,657,3,main,54,172804,471,921600,6,2.5.3,116.64166259765625,116.64224360689013,True,101.58617807354098,581.0092347159896,12.828136184093673,10213392,macOS-26.7.1-arm64-arm-64bit-Mach-O,3.14.7,True,557.7086791992188,20261009T001006Z,1.18.1,0,172804,168639,335498,168787,18.75043402777778,81.24956597222223,0.028896709001855925,0.026830915987375192,0.026441333000548184,0.00016420800238847733,450,450,495.1767361255979,90,110,72.24276964156616,2026-10-09T00:10:51+00:00,parallel,3,"block mean, streamed in bands, NaN-aware, any void -> void",1.0,p04,11.676787738301693,39.92492955535426,0.9838183100292408,0.9916476817714713,0.3460219753162414,1.0387201132285295,1.0387198244949465,0.06423154199728742,0.29411264455486763
X7,win960_k4_c20_d3,win960_k4_c20_d3__win1__full_grid__climb_tiebreak__native,idrija_win960_k4_c20,dem,full_grid,,climb_tiebreak,native,win1,win,0.0,20,height_tiebreak,0,nan,8400,960,idrija_win960_k4,7500,960,process,article-2026,True,0fc96e99b9a09a800a7e28c9437774072ad2cf51,48,48,0.007151124998927116,7.7115165336374005,39,1754,6763,3,main,1754,2304,27,2304,6,2.5.3,142.22630691528298,142.2269677478942,True,66.19547288556134,660.8326112068522,26.702870117428738,35520,macOS-26.7.1-arm64-arm-64bit-Mach-O,3.14.7,True,550.8699902343751,20261009T001006Z,1.18.1,0,2304,1166,2322,1297,100.0,0.0,0.00020249999943189323,0.00012808298924937844,9.629099804442376e-05,0.0,19,15,483.73546489791295,43,18,68.70843056815656,2026-10-09T00:11:05+00:00,parallel,3,"block mean, streamed in bands, NaN-aware, any void -> void",1.0,p04,,,,,,,,,
X7,win960_k4_c20_d3,win960_k4_c20_d3__win1__hag_cta__shared_border__climb_tiebreak__native,idrija_win960_k4_c20,dem,hag_cta,shared_border,climb_tiebreak,native,win1,win,0.001120625005569309,20,height_tiebreak,28,40.0,8400,960,idrija_win960_k4,7500,960,process,article-2026,True,0fc96e99b9a09a800a7e28c9437774072ad2cf51,48,48,0.007151124998927116,7.7115165336374005,39,1754,6763,3,main,29,49,30,2304,6,2.5.3,143.27606216430672,143.2768078497317,True,57.106110382080146,745.6854249492379,14.191884649085694,31568,macOS-26.7.1-arm64-arm-64bit-Mach-O,3.14.7,True,550.8699902343751,20261009T001006Z,1.18.1,0,49,49,49,49,2.126736111111111,97.87326388888889,4.749999789055437e-05,3.7999998312443495e-05,2.9709000955335796e-05,0.0003050840023206547,19,15,483.73546489791295,43,18,68.70843056815656,2026-10-09T00:11:05+00:00,parallel,3,"block mean, streamed in bands, NaN-aware, any void -> void",1.0,p04,inf,56.568542494923804,1.128402884941502,0.8887387387387388,0.04202401372212693,1.0073808796121595,1.0073814419196394,-0.00021500101138371974,0.2966826315901891
X7,win960_k4_c20_d3,win960_k4_c20_d3__win1__hag_cta_ring1__shared_border__climb_tiebreak__native,idrija_win960_k4_c20,dem,hag_cta_ring1,shared_border,climb_tiebreak,native,win1,win,0.001120625005569309,20,height_tiebreak,28,40.0,8400,960,idrija_win960_k4,7500,960,process,article-2026,True,0fc96e99b9a09a800a7e28c9437774072ad2cf51,48,48,0.007151124998927116,7.7115165336374005,39,1754,6763,3,main,124,193,27,2304,6,2.5.3,142.22630691528298,142.2269677478942,True,66.19547288556134,660.8326112068522,26.702870117428738,31856,macOS-26.7.1-arm64-arm-64bit-Mach-O,3.14.7,True,550.8699902343751,20261009T001006Z,1.18.1,0,193,183,273,190,8.37673611111111,91.62326388888889,5.245799547992647e-05,3.716700302902609e-05,3.504200140014291e-05,0.0002778750058496371,19,15,483.73546489791295,43,18,68.70843056815656,2026-10-09T00:11:05+00:00,parallel,3,"block mean, streamed in bands, NaN-aware, any void -> void",1.0,p04,inf,0.0,1.0,0.8968468468468469,0.1569468267581475,1.0,1.0,-0.00018695901962928474,0.29017907254383085
X7,win960_k4_c20_d3,win960_k4_c20_d3__win2__full_grid__climb_tiebreak__native,idrija_win960_k4_c20,dem,full_grid,,climb_tiebreak,native,win2,win,0.0,20,height_tiebreak,0,nan,8400,960,idrija_win960_k4,7500,960,process,article-2026,True,0fc96e99b9a09a800a7e28c9437774072ad2cf51,48,48,0.007151124998927116,7.7115165336374005,39,1754,6763,3,main,1754,2304,18,2304,6,2.5.3,255.7972395324706,255.79768722799687,True,86.10678242419193,447.6955262170048,26.402471465391304,36400,macOS-26.7.1-arm64-arm-64bit-Mach-O,3.14.7,True,550.8699902343751,20261009T001006Z,1.18.1,0,2304,2251,4216,2278,100.0,0.0,0.00030104198958724737,0.00022891700791660696,0.00018079200526699424,0.0,22,31,428.0186911806539,5,44,68.70843056815656,2026-10-09T00:11:05+00:00,parallel,3,"block mean, streamed in bands, NaN-aware, any void -> void",1.0,p04,,,,,,,,,
X7,win960_k4_c20_d3,win960_k4_c20_d3__win2__hag_cta__shared_border__climb_tiebreak__native,idrija_win960_k4_c20,dem,hag_cta,shared_border,climb_tiebreak,native,win2,win,0.001120625005569309,20,height_tiebreak,28,40.0,8400,960,idrija_win960_k4,7500,960,process,article-2026,True,0fc96e99b9a09a800a7e28c9437774072ad2cf51,48,48,0.007151124998927116,7.7115165336374005,39,1754,6763,3,main,29,49,26,2304,6,2.5.3,257.3375480651854,257.33818889779667,True,86.71430773372501,640.8326112068522,14.163976556017625,31568,macOS-26.7.1-arm64-arm-64bit-Mach-O,3.14.7,True,550.8699902343751,20261009T001006Z,1.18.1,0,49,49,51,49,2.126736111111111,97.87326388888889,3.7124991649761796e-05,2.8875001589767635e-05,2.7709000278264284e-05,0.0002972090005641803,22,31,428.0186911806539,5,44,68.70843056815656,2026-10-09T00:11:05+00:00,parallel,3,"block mean, streamed in bands, NaN-aware, any void -> void",1.0,p04,inf,80.0,1.4314027585261841,0.8672527472527473,0.021768103065304308,1.0060215995119026,1.0060223440113698,-9.716699423734099e-05,0.12613742356918548
X7,win960_k4_c20_d3,win960_k4_c20_d3__win2__hag_cta_ring1__shared_border__climb_tiebreak__native,idrija_win960_k4_c20,dem,hag_cta_ring1,shared_border,climb_tiebreak,native,win2,win,0.001120625005569309,20,height_tiebreak,28,40.0,8400,960,idrija_win960_k4,7500,960,process,article-2026,True,0fc96e99b9a09a800a7e28c9437774072ad2cf51,48,48,0.007151124998927116,7.7115165336374005,39,1754,6763,3,main,127,170,18,2304,6,2.5.3,255.7972395324706,255.79768722799687,True,86.10678242419193,447.6955262170048,26.402471465391304,31912,macOS-26.7.1-arm64-arm-64bit-Mach-O,3.14.7,True,550.8699902343751,20261009T001006Z,1.18.1,0,170,161,232,168,7.378472222222222,92.62152777777779,4.312500823289156e-05,3.404100425541401e-05,3.141601337119937e-05,0.00028945799567736685,22,31,428.0186911806539,5,44,68.70843056815656,2026-10-09T00:11:05+00:00,parallel,3,"block mean, streamed in bands, NaN-aware, any void -> void",1.0,p04,inf,0.0,1.0,0.8767032967032967,0.07152376721457131,1.0,1.0,-9.45819920161739e-05,0.1487045657516847
X7,win960_k4_c20_d3,win960_k4_c20_d3__win3__full_grid__climb_tiebreak__native,idrija_win960_k4_c20,dem,full_grid,,climb_tiebreak,native,win3,win,0.0,20,height_tiebreak,0,nan,8400,960,idrija_win960_k4,7500,960,process,article-2026,True,0fc96e99b9a09a800a7e28c9437774072ad2cf51,48,48,0.007151124998927116,7.7115165336374005,39,1754,6763,3,main,1754,2304,24,2304,6,2.5.3,112.37748519897445,112.37806117877196,True,50.476573181152276,575.9797974644666,14.302871051144688,37064,macOS-26.7.1-arm64-arm-64bit-Mach-O,3.14.7,True,550.8699902343751,20261009T001006Z,1.18.1,0,2304,1194,2437,1358,100.0,0.0,0.00017608300549909472,0.0001234579976880923,9.100000897888094e-05,0.0,22,22,495.1767361255979,4,5,68.70843056815656,2026-10-09T00:11:05+00:00,parallel,3,"block mean, streamed in bands, NaN-aware, any void -> void",1.0,p04,,,,,,,,,
X7,win960_k4_c20_d3,win960_k4_c20_d3__win3__hag_cta__shared_border__climb_tiebreak__native,idrija_win960_k4_c20,dem,hag_cta,shared_border,climb_tiebreak,native,win3,win,0.001120625005569309,20,height_tiebreak,17,40.0,8400,960,idrija_win960_k4,7500,960,process,article-2026,True,0fc96e99b9a09a800a7e28c9437774072ad2cf51,48,48,0.007151124998927116,7.7115165336374005,39,1754,6763,3,main,18,21,21,2304,6,2.5.3,112.7364244079588,112.73694867202757,True,65.08931677553537,524.2640687119285,26.626489097368285,31528,macOS-26.7.1-arm64-arm-64bit-Mach-O,3.14.7,True,550.8699902343751,20261009T001006Z,1.18.1,0,21,21,21,21,0.9114583333333334,99.08854166666666,3.170898708049208e-05,2.6374997105449438e-05,2.4957989808171988e-05,0.00028908300737384707,22,22,495.1767361255979,4,5,68.70843056815656,2026-10-09T00:11:05+00:00,parallel,3,"block mean, streamed in bands, NaN-aware, any void -> void",1.0,p04,inf,44.721359549995796,0.9102125995040156,0.8506367364558601,0.017587939698492462,1.0031940491313611,1.0031935725664878,-0.00019200000679120421,0.21363538692798148
X7,win960_k4_c20_d3,win960_k4_c20_d3__win3__hag_cta_ring1__shared_border__climb_tiebreak__native,idrija_win960_k4_c20,dem,hag_cta_ring1,shared_border,climb_tiebreak,native,win3,win,0.001120625005569309,20,height_tiebreak,17,40.0,8400,960,idrija_win960_k4,7500,960,process,article-2026,True,0fc96e99b9a09a800a7e28c9437774072ad2cf51,48,48,0.007151124998927116,7.7115165336374005,39,1754,6763,3,main,87,105,21,2304,6,2.5.3,112.7364244079588,112.73694867202757,True,65.08931677553537,524.2640687119285,26.626489097368285,31880,macOS-26.7.1-arm64-arm-64bit-Mach-O,3.14.7,True,550.8699902343751,20261009T001006Z,1.18.1,0,105,99,163,104,4.557291666666667,95.44270833333334,4.033399454783648e-05,3.012499655596912e-05,2.766599936876446e-05,0.00026241700106766075,22,22,495.1767361255979,4,5,68.70843056815656,2026-10-09T00:11:05+00:00,parallel,3,"block mean, streamed in bands, NaN-aware, any void -> void",1.0,p04,inf,44.721359549995796,0.9102125995040156,0.8601338225771639,0.0829145728643216,1.0031940491313611,1.0031935725664878,-0.00016908399993553758,0.24401008537395646
X7,win960_k4_c3_d3,win960_k4_c3_d3__win1__full_grid__climb_tiebreak__native,idrija_win960_k4_c3,dem,full_grid,,climb_tiebreak,native,win1,win,0.0,3,height_tiebreak,0,nan,8400,960,idrija_win960_k4,7500,960,process,article-2026,True,0fc96e99b9a09a800a7e28c9437774072ad2cf51,320,320,0.16979174999869429,6.976418100701084,76,1569,5473,3,main,1569,102400,206,102400,6,2.5.3,141.15506998697902,141.15583534650239,True,59.7172489872681,765.3595231414337,11.14355918594705,1169184,macOS-26.7.1-arm64-arm-64bit-Mach-O,3.14.7,True,557.3650241427952,20261009T001006Z,1.18.1,0,102400,51231,101179,52163,100.0,0.0,0.007971624989295378,0.007971125000040047,0.007735083010629751,0.0,130,103,483.73546489791295,290,123,71.54785249914548,2026-10-09T00:11:02+00:00,parallel,3,"block mean, streamed in bands, NaN-aware, any void -> void",1.0,p05,,,,,,,,,
X7,win960_k4_c3_d3,win960_k4_c3_d3__win1__hag_cta__shared_border__climb_tiebreak__native,idrija_win960_k4_c3,dem,hag_cta,shared_border,climb_tiebreak,native,win1,win,0.022002790996339172,3,height_tiebreak,38,8.485281374238571,8400,960,idrija_win960_k4,7500,960,process,article-2026,True,0fc96e99b9a09a800a7e28c9437774072ad2cf51,320,320,0.16979174999869429,6.976418100701084,76,1569,5473,3,main,39,22461,443,102400,6,2.5.3,228.85224066840237,228.8538301082287,True,105.10822099180432,1589.439825669289,6.844181378589127,1167048,macOS-26.7.1-arm64-arm-64bit-Mach-O,3.14.7,True,557.3650241427952,20261009T001006Z,1.18.1,0,22461,21266,37485,21276,21.9345703125,78.0654296875,0.0032713330001570284,0.003207791000022553,0.0031950000120559707,0.0002677080046851188,130,103,483.73546489791295,290,123,71.54785249914548,2026-10-09T00:11:02+00:00,parallel,3,"block mean, streamed in bands, NaN-aware, any void -> void",1.0,p05,42.66247708198277,254.5937941113255,2.0767231315622765,0.9981730848181296,0.415100232281236,1.6212824710406297,1.6212849404804952,0.004495625995332375,0.4024263827259561
X7,win960_k4_c3_d3,win960_k4_c3_d3__win1__hag_cta_ring1__shared_border__climb_tiebreak__native,idrija_win960_k4_c3,dem,hag_cta_ring1,shared_border,climb_tiebreak,native,win1,win,0.022002790996339172,3,height_tiebreak,38,6.0,8400,960,idrija_win960_k4,7500,960,process,article-2026,True,0fc96e99b9a09a800a7e28c9437774072ad2cf51,320,320,0.16979174999869429,6.976418100701084,76,1569,5473,3,main,162,34566,206,102400,6,2.5.3,141.15506998697902,141.15583534650239,True,59.7172489872681,765.3595231414337,11.14355918594705,1158416,macOS-26.7.1-arm64-arm-64bit-Mach-O,3.14.7,True,557.3650241427952,20261009T001006Z,1.18.1,0,34566,33214,66210,33465,33.755859375,66.24414062499999,0.004807707999134436,0.004805249991477467,0.004684291998273693,0.0003380419948371127,130,103,483.73546489791295,290,123,71.54785249914548,2026-10-09T00:11:02+00:00,parallel,3,"block mean, streamed in bands, NaN-aware, any void -> void",1.0,p05,67.82385666484525,0.0,1.0,0.9907901579221063,0.6483184009681638,1.0,1.0,0.002827833013725467,0.6028320960282677
X7,win960_k4_c3_d3,win960_k4_c3_d3__win2__full_grid__climb_tiebreak__native,idrija_win960_k4_c3,dem,full_grid,,climb_tiebreak,native,win2,win,0.0,3,height_tiebreak,0,nan,8400,960,idrija_win960_k4,7500,960,process,article-2026,True,0fc96e99b9a09a800a7e28c9437774072ad2cf51,320,320,0.16979174999869429,6.976418100701084,76,1569,5473,3,main,1569,102400,115,102400,6,2.5.3,254.794413248698,254.79486211579732,True,120.06542064525547,448.8670990922586,27.38033148616256,1171768,macOS-26.7.1-arm64-arm-64bit-Mach-O,3.14.7,True,557.3650241427952,20261009T001006Z,1.18.1,0,102400,99777,197264,100051,100.0,0.0,0.015084375001606531,0.014710749994264916,0.014557166010490619,0.0,150,210,428.0186911806539,36,296,71.54785249914548,2026-10-09T00:11:02+00:00,parallel,3,"block mean, streamed in bands, NaN-aware, any void -> void",1.0,p05,,,,,,,,,
X7,win960_k4_c3_d3,win960_k4_c3_d3__win2__hag_cta__shared_border__climb_tiebreak__native,idrija_win960_k4_c3,dem,hag_cta,shared_border,climb_tiebreak,native,win2,win,0.022002790996339172,3,height_tiebreak,57,6.0,8400,960,idrija_win960_k4,7500,960,process,article-2026,True,0fc96e99b9a09a800a7e28c9437774072ad2cf51,320,320,0.16979174999869429,6.976418100701084,76,1569,5473,3,main,58,6984,763,102400,6,2.5.3,640.8845147026918,640.8872455680524,True,306.982469190296,2730.8653659887045,8.16033618094124,1175608,macOS-26.7.1-arm64-arm-64bit-Mach-O,3.14.7,True,557.3650241427952,20261009T001006Z,1.18.1,0,6984,6668,8348,6690,6.8203125,93.1796875,0.0009374170040246099,0.0007842079940019175,0.0007058330083964393,0.0002573749952716753,150,210,428.0186911806539,36,296,71.54785249914548,2026-10-09T00:11:02+00:00,parallel,3,"block mean, streamed in bands, NaN-aware, any void -> void",1.0,p05,14.031179875481754,446.76839637557174,6.083906286540755,1.0032770992210063,0.06682902873407699,2.5153004986696534,2.5153067854122844,0.013669167004991323,0.05330849849991647
X7,win960_k4_c3_d3,win960_k4_c3_d3__win2__hag_cta_ring1__shared_border__climb_tiebreak__native,idrija_win960_k4_c3,dem,hag_cta_ring1,shared_border,climb_tiebreak,native,win2,win,0.022002790996339172,3,height_tiebreak,57,6.0,8400,960,idrija_win960_k4,7500,960,process,article-2026,True,0fc96e99b9a09a800a7e28c9437774072ad2cf51,320,320,0.16979174999869429,6.976418100701084,76,1569,5473,3,main,280,21800,303,102400,6,2.5.3,312.6898668077265,312.690954233266,True,202.33652232573314,1087.4255403194156,9.61235689969164,1153872,macOS-26.7.1-arm64-arm-64bit-Mach-O,3.14.7,True,557.3650241427952,20261009T001006Z,1.18.1,0,21800,21319,40526,21473,21.2890625,78.7109375,0.0029917920037405565,0.002919082995504141,0.0027874170045834035,0.00030849999166093767,150,210,428.0186911806539,36,296,71.54785249914548,2026-10-09T00:11:02+00:00,parallel,3,"block mean, streamed in bands, NaN-aware, any void -> void",1.0,p05,16.70223387646024,350.075706097981,2.4226002362804273,0.9847273521721023,0.2136664762420197,1.2272241876140286,1.227226293484507,0.011483167007099837,0.19843196279198308
X7,win960_k4_c3_d3,win960_k4_c3_d3__win3__full_grid__climb_tiebreak__native,idrija_win960_k4_c3,dem,full_grid,,climb_tiebreak,native,win3,win,0.0,3,height_tiebreak,0,nan,8400,960,idrija_win960_k4,7500,960,process,article-2026,True,0fc96e99b9a09a800a7e28c9437774072ad2cf51,320,320,0.16979174999869429,6.976418100701084,76,1569,5473,3,main,1569,102400,158,102400,6,2.5.3,111.4321492513028,111.43273581688692,True,81.29822621405832,586.5655839020936,17.597659182949577,1178344,macOS-26.7.1-arm64-arm-64bit-Mach-O,3.14.7,True,557.3650241427952,20261009T001006Z,1.18.1,0,102400,53686,109038,54890,100.0,0.0,0.01008791700587608,0.009644542005844414,0.008885207993444055,0.0,150,150,495.1767361255979,30,36,71.54785249914548,2026-10-09T00:11:02+00:00,parallel,3,"block mean, streamed in bands, NaN-aware, any void -> void",1.0,p05,,,,,,,,,
X7,win960_k4_c3_d3,win960_k4_c3_d3__win3__hag_cta__shared_border__climb_tiebreak__native,idrija_win960_k4_c3,dem,hag_cta,shared_border,climb_tiebreak,native,win3,win,0.022002790996339172,3,height_tiebreak,21,6.0,8400,960,idrija_win960_k4,7500,960,process,article-2026,True,0fc96e99b9a09a800a7e28c9437774072ad2cf51,320,320,0.16979174999869429,6.976418100701084,76,1569,5473,3,main,22,6855,455,102400,6,2.5.3,256.03322347005235,256.034809145376,True,155.08465770628248,1585.6753236814714,8.76545817851239,1158416,macOS-26.7.1-arm64-arm-64bit-Mach-O,3.14.7,True,557.3650241427952,20261009T001006Z,1.18.1,0,6855,6815,12327,6818,6.6943359375,93.3056640625,0.0010978750069625676,0.0010579579975456,0.0009071659878827631,0.00025933299912139773,150,150,495.1767361255979,30,36,71.54785249914548,2026-10-09T00:11:02+00:00,parallel,3,"block mean, streamed in bands, NaN-aware, any void -> void",1.0,p05,23.032155603771013,235.34230388946224,2.7033214481027987,0.9830881304610538,0.12694184703647132,2.297660281977007,2.2976624173179063,0.008327251009177417,0.10969499608218793
X7,win960_k4_c3_d3,win960_k4_c3_d3__win3__hag_cta_ring1__shared_border__climb_tiebreak__native,idrija_win960_k4_c3,dem,hag_cta_ring1,shared_border,climb_tiebreak,native,win3,win,0.022002790996339172,3,height_tiebreak,21,6.0,8400,960,idrija_win960_k4,7500,960,process,article-2026,True,0fc96e99b9a09a800a7e28c9437774072ad2cf51,320,320,0.16979174999869429,6.976418100701084,76,1569,5473,3,main,116,12706,159,102400,6,2.5.3,114.88268364800422,114.88327942679163,True,84.98075434108495,595.7787873376901,15.20743620239019,1146736,macOS-26.7.1-arm64-arm-64bit-Mach-O,3.14.7,True,557.3650241427952,20261009T001006Z,1.18.1,0,12706,12424,23573,12453,12.408203125,87.591796875,0.0021642079955199733,0.002049542003078386,0.0019959169876528904,0.00028700000257231295,150,150,495.1767361255979,30,36,71.54785249914548,2026-10-09T00:11:02+00:00,parallel,3,"block mean, streamed in bands, NaN-aware, any void -> void",1.0,p05,26.244463736993637,27.0,1.0157070303619011,0.973175914673474,0.23141973698915919,1.030965340073624,1.0309652597561174,0.007308000000193715,0.2125079658356407
X7,win960_k4_c5_d3,win960_k4_c5_d3__win1__full_grid__climb_tiebreak__native,idrija_win960_k4_c5,dem,full_grid,,climb_tiebreak,native,win1,win,0.0,5,height_tiebreak,0,nan,8400,960,idrija_win960_k4,7500,960,process,article-2026,True,0fc96e99b9a09a800a7e28c9437774072ad2cf51,192,192,0.09381758399831597,7.26835187057634,70,4945,17971,3,main,4945,36864,135,36864,6,2.5.3,139.69788085937523,139.69870826052903,True,68.30014648437555,827.4011537017761,10.795666449807053,430920,macOS-26.7.1-arm64-arm-64bit-Mach-O,3.14.7,True,556.905439453125,20261009T001006Z,1.18.1,0,36864,18382,35752,18936,100.0,0.0,0.002945624990388751,0.0028277500096010044,0.002571332996012643,0.0,78,62,483.73546489791295,174,74,70.99398698871893,2026-10-09T00:11:03+00:00,parallel,3,"block mean, streamed in bands, NaN-aware, any void -> void",1.0,p06,,,,,,,,,
X7,win960_k4_c5_d3,win960_k4_c5_d3__win1__hag_cta__shared_border__climb_tiebreak__native,idrija_win960_k4_c5,dem,hag_cta,shared_border,climb_tiebreak,native,win1,win,0.010156875010579824,5,height_tiebreak,35,10.0,8400,960,idrija_win960_k4,7500,960,process,article-2026,True,0fc96e99b9a09a800a7e28c9437774072ad2cf51,192,192,0.09381758399831597,7.26835187057634,70,4945,17971,3,main,36,1634,547,36864,6,2.5.3,508.95899414062535,508.9622626182508,True,151.57003035555195,3268.477631085024,8.799014891030923,440056,macOS-26.7.1-arm64-arm-64bit-Mach-O,3.14.7,True,556.905439453125,20261009T001006Z,1.18.1,0,1634,1618,2004,1626,4.432508680555555,95.56749131944444,0.0004201250121695921,0.0003887919883709401,0.0003850840002996847,0.000818750006146729,78,62,483.73546489791295,174,74,70.99398698871893,2026-10-09T00:11:03+00:00,parallel,3,"block mean, streamed in bands, NaN-aware, any void -> void",1.0,p06,64.17352465914561,280.40149785619906,3.9502937800629363,1.0212011510257124,0.08802089000108802,3.643283570299547,3.6432853886456074,0.0016202080150833353,0.13749164072173362
X7,win960_k4_c5_d3,win960_k4_c5_d3__win1__hag_cta_ring1__shared_border__climb_tiebreak__native,idrija_win960_k4_c5,dem,hag_cta_ring1,shared_border,climb_tiebreak,native,win1,win,0.010156875010579824,5,height_tiebreak,35,10.0,8400,960,idrija_win960_k4,7500,960,process,article-2026,True,0fc96e99b9a09a800a7e28c9437774072ad2cf51,192,192,0.09381758399831597,7.26835187057634,70,4945,17971,3,main,254,6968,299,36864,6,2.5.3,249.21454101562574,249.21626297521968,True,87.78709972411963,1721.9595949289333,10.736962668516789,427640,macOS-26.7.1-arm64-arm-64bit-Mach-O,3.14.7,True,556.905439453125,20261009T001006Z,1.18.1,0,6968,6892,12392,6922,18.90190972222222,81.09809027777779,0.0010539159993641078,0.0008828340069158003,0.0007970839942572638,0.0007858339959057048,78,62,483.73546489791295,174,74,70.99398698871893,2026-10-09T00:11:03+00:00,parallel,3,"block mean, streamed in bands, NaN-aware, any void -> void",1.0,p06,89.70414379720037,176.7766952966369,2.0811665384135867,0.9923883783532906,0.37493199869437493,1.7839536253702646,1.783955385689376,0.0011590820067794994,0.3122036969033087
X7,win960_k4_c5_d3,win960_k4_c5_d3__win2__full_grid__climb_tiebreak__native,idrija_win960_k4_c5,dem,full_grid,,climb_tiebreak,native,win2,win,0.0,5,height_tiebreak,0,nan,8400,960,idrija_win960_k4,7500,960,process,article-2026,True,0fc96e99b9a09a800a7e28c9437774072ad2cf51,192,192,0.09381758399831597,7.26835187057634,70,4945,17971,3,main,4945,36864,69,36864,6,2.5.3,256.59688720703116,256.5973349025572,True,118.55351562500118,447.6955262170047,26.507640218608554,433888,macOS-26.7.1-arm64-arm-64bit-Mach-O,3.14.7,True,556.905439453125,20261009T001006Z,1.18.1,0,36864,36010,70637,36152,100.0,0.0,0.0054052499908721074,0.005013999994844198,0.004906292000669055,0.0,90,126,428.0186911806539,22,178,70.99398698871893,2026-10-09T00:11:03+00:00,parallel,3,"block mean, streamed in bands, NaN-aware, any void -> void",1.0,p06,,,,,,,,,
X7,win960_k4_c5_d3,win960_k4_c5_d3__win2__hag_cta__shared_border__climb_tiebreak__native,idrija_win960_k4_c5,dem,hag_cta,shared_border,climb_tiebreak,native,win2,win,0.010156875010579824,5,height_tiebreak,69,10.0,8400,960,idrija_win960_k4,7500,960,process,article-2026,True,0fc96e99b9a09a800a7e28c9437774072ad2cf51,192,192,0.09381758399831597,7.26835187057634,70,4945,17971,3,main,70,639,272,36864,6,2.5.3,385.84721435546885,385.84882823894293,True,105.92860091874827,1613.8834764831845,9.24277396776232,422320,macOS-26.7.1-arm64-arm-64bit-Mach-O,3.14.7,True,556.905439453125,20261009T001006Z,1.18.1,0,639,627,693,628,1.7333984375,98.2666015625,0.00021899999410379678,0.00016158299695234746,0.00015212499420158565,0.0007588750013383105,90,126,428.0186911806539,22,178,70.99398698871893,2026-10-09T00:11:03+00:00,parallel,3,"block mean, streamed in bands, NaN-aware, any void -> void",1.0,p06,25.39963168728563,161.01242188104618,3.604868447358375,0.9733387417951176,0.017411830047209108,1.5037096457220624,1.5037133116969785,0.00409354199655354,0.032226365600019985
X7,win960_k4_c5_d3,win960_k4_c5_d3__win2__hag_cta_ring1__shared_border__climb_tiebreak__native,idrija_win960_k4_c5,dem,hag_cta_ring1,shared_border,climb_tiebreak,native,win2,win,0.010156875010579824,5,height_tiebreak,69,10.0,8400,960,idrija_win960_k4,7500,960,process,article-2026,True,0fc96e99b9a09a800a7e28c9437774072ad2cf51,192,192,0.09381758399831597,7.26835187057634,70,4945,17971,3,main,372,2586,100,36864,6,2.5.3,262.52010009765604,262.52070900638535,True,126.9158961673664,608.9087296526012,15.643625307994302,413592,macOS-26.7.1-arm64-arm-64bit-Mach-O,3.14.7,True,556.905439453125,20261009T001006Z,1.18.1,0,2586,2349,3833,2397,7.014973958333333,92.98502604166666,0.0003957090084441006,0.00023916701320558786,0.00018583399651106447,0.0007906249957159162,90,126,428.0186911806539,22,178,70.99398698871893,2026-10-09T00:11:03+00:00,parallel,3,"block mean, streamed in bands, NaN-aware, any void -> void",1.0,p06,26.09664439614253,113.13708498984761,1.3600956319528956,0.9532229515450992,0.06523188003332407,1.023083728548296,1.0230843165463022,0.003984207985922694,0.04769984312954104
X7,win960_k4_c5_d3,win960_k4_c5_d3__win3__full_grid__climb_tiebreak__native,idrija_win960_k4_c5,dem,full_grid,,climb_tiebreak,native,win3,win,0.0,5,height_tiebreak,0,nan,8400,960,idrija_win960_k4,7500,960,process,article-2026,True,0fc96e99b9a09a800a7e28c9437774072ad2cf51,192,192,0.09381758399831597,7.26835187057634,70,4945,17971,3,main,4945,36864,92,36864,6,2.5.3,111.08532958984415,111.0858984985739,True,65.03798828125127,568.9087296526012,16.985573138819348,436024,macOS-26.7.1-arm64-arm-64bit-Mach-O,3.14.7,True,556.905439453125,20261009T001006Z,1.18.1,0,36864,19277,39082,19997,100.0,0.0,0.002992624999023974,0.002904624998336658,0.0027861249982379377,0.0,90,90,495.1767361255979,18,22,70.99398698871893,2026-10-09T00:11:03+00:00,parallel,3,"block mean, streamed in bands, NaN-aware, any void -> void",1.0,p06,,,,,,,,,
X7,win960_k4_c5_d3,win960_k4_c5_d3__win3__hag_cta__shared_border__climb_tiebreak__native,idrija_win960_k4_c5,dem,hag_cta,shared_border,climb_tiebreak,native,win3,win,0.010156875010579824,5,height_tiebreak,28,10.0,8400,960,idrija_win960_k4,7500,960,process,article-2026,True,0fc96e99b9a09a800a7e28c9437774072ad2cf51,192,192,0.09381758399831597,7.26835187057634,70,4945,17971,3,main,29,210,106,36864,6,2.5.3,140.0709350585944,140.0715698251884,True,93.825404936433,634.7665940288703,13.320265203754992,411880,macOS-26.7.1-arm64-arm-64bit-Mach-O,3.14.7,True,556.905439453125,20261009T001006Z,1.18.1,0,210,209,228,210,0.5696614583333334,99.43033854166666,0.00013374999980442226,8.370900468435138e-05,7.604199345223606e-05,0.0009943749901140109,90,90,495.1767361255979,18,22,70.99398698871893,2026-10-09T00:11:03+00:00,parallel,3,"block mean, streamed in bands, NaN-aware, any void -> void",1.0,p06,56.924240303108995,30.4138126514911,1.1157617398778263,0.9446269012714896,0.01084193598588992,1.2609309940004914,1.2609302505392852,0.0018265410035382956,0.02881921237071484
X7,win960_k4_c5_d3,win960_k4_c5_d3__win3__hag_cta_ring1__shared_border__climb_tiebreak__native,idrija_win960_k4_c5,dem,hag_cta_ring1,shared_border,climb_tiebreak,native,win3,win,0.010156875010579824,5,height_tiebreak,28,10.0,8400,960,idrija_win960_k4,7500,960,process,article-2026,True,0fc96e99b9a09a800a7e28c9437774072ad2cf51,192,192,0.09381758399831597,7.26835187057634,70,4945,17971,3,main,133,1414,94,36864,6,2.5.3,112.10232177734406,112.10289654393819,True,78.95751811443279,574.7665940288703,17.015952971307126,413704,macOS-26.7.1-arm64-arm-64bit-Mach-O,3.14.7,True,556.905439453125,20261009T001006Z,1.18.1,0,1414,1407,2397,1413,3.835720486111111,96.16427951388889,0.00030816700018476695,0.00021412500063888729,0.00014099999680183828,0.000771500010159798,90,90,495.1767361255979,18,22,70.99398698871893,2026-10-09T00:11:03+00:00,parallel,3,"block mean, streamed in bands, NaN-aware, any void -> void",1.0,p06,54.181583993803116,20.615528128088304,1.010296668113787,0.948810157239051,0.07298853556051253,1.0091550539684664,1.0091550598150614,0.0019189999875379726,0.07371863864061853
