experiment,unit_id,scenario_id,case_id,family,search_space,hag_edge_cost,grid_edge_cost,engine,od_id,od_band,area_graph_time_s,cell_size_m,cost_model,cta_hops,cta_narrowest_width_m,dem_col0,dem_cols_1m,dem_label,dem_row0,dem_rows_1m,executor,git_branch,git_dirty,git_sha,grid_cols,grid_rows,hag_build_time_s,hag_edges_per_area_mean,hag_hop_diameter_lb,hag_n_areas,hag_n_edges,height_delta_m,lane,n_areas_selected,n_cells_selected,n_path_cells,n_valid_cells,n_workers,numpy,objective_sum_abs_dh_m,path_cost,path_found,path_i_max_percent,path_length_m,path_r_min_m,peak_memory_bytes,platform,python,python_free_threaded,relief_m,run_id,scipy,search_n_edges,search_n_nodes,search_nodes_expanded,search_nodes_pushed,search_nodes_reached,search_space_percent_of_full,search_space_reduction_percent,search_time_s_max,search_time_s_median,search_time_s_min,selection_time_s,start_i,start_j,straight_line_m,target_i,target_j,terrain_slope_percent_p50,timestamp_utc,timing_mode,timing_repeats,void_policy,worker_id,break_even_queries,hausdorff_to_full_m,length_ratio_to_full,memory_ratio_to_full,nodes_expanded_ratio_to_full,objective_ratio_to_full,path_cost_ratio_to_full,query_time_saving_s,search_time_ratio_to_full
X6,dem_whole_c10_d1,dem_whole_c10_d1__10km1__full_grid__climb_tiebreak__native,idrija_whole_c10,dem,full_grid,,climb_tiebreak,native,10km1,10km,0.0,10,height_tiebreak,0,nan,60,18600,idrija_whole,60,15000,process,article_2_HAG_applications,True,6f060dbaf1c69bc25c1517ab2245b48bb8526299,1860,1500,21.587091299996246,7.942125736696827,690,469155,1863044,1,coarse,469155,824048,1167,824048,8,2.5.3,1262.8135653686516,1262.8279840309592,True,86.88604784690699,14418.662325404812,14.164795272698894,30854400,Windows-11-10.0.26300-SP0,3.14.7,True,837.0908596801758,20261002T093029Z,1.18.1,0,824048,584334,1081114,586239,100.0,0.0,0.45478720002574846,0.40998349999426864,0.35607249999884516,0.0,1303,1137,9873.317578200349,533,519,33.74761296687852,2026-10-02T09:33:11+00:00,parallel,3,"block mean, streamed in bands, NaN-aware, any void -> void",p07,,,,,,,,,
X6,dem_whole_c10_d1,dem_whole_c10_d1__10km1__hag_cta__shared_border__climb_tiebreak__native,idrija_whole_c10,dem,hag_cta,shared_border,climb_tiebreak,native,10km1,10km,2.619901900005061,10,height_tiebreak,719,20.0,60,18600,idrija_whole,60,15000,process,article_2_HAG_applications,True,6f060dbaf1c69bc25c1517ab2245b48bb8526299,1860,1500,21.587091299996246,7.942125736696827,690,469155,1863044,1,coarse,720,2743,1275,824048,8,2.5.3,1314.0001712036135,1314.0159266783276,True,85.60278973534933,15755.474734076133,10.65389650911095,30772224,Windows-11-10.0.26300-SP0,3.14.7,True,837.0908596801758,20261002T093029Z,1.18.1,0,2743,2742,3289,2742,0.3328689590897618,99.66713104091023,0.07656309998128563,0.06205230002524331,0.02120610000565648,0.4252645999949891,1303,1137,9873.317578200349,533,519,33.74761296687852,2026-10-02T09:33:11+00:00,parallel,3,"block mean, streamed in bands, NaN-aware, any void -> void",p07,inf,262.48809496813374,1.092714038133478,0.9973366521468575,0.0046925217427019475,1.0405337788876374,1.0405343746691262,-0.07733340002596378,0.1513531642763935
X6,dem_whole_c10_d1,dem_whole_c10_d1__10km1__hag_cta_ring1__shared_border__climb_tiebreak__native,idrija_whole_c10,dem,hag_cta_ring1,shared_border,climb_tiebreak,native,10km1,10km,2.619901900005061,10,height_tiebreak,719,20.0,60,18600,idrija_whole,60,15000,process,article_2_HAG_applications,True,6f060dbaf1c69bc25c1517ab2245b48bb8526299,1860,1500,21.587091299996246,7.942125736696827,690,469155,1863044,1,coarse,3755,7944,1180,824048,8,2.5.3,1271.5230953979476,1271.537631633848,True,86.88604784690699,14536.23591853362,11.573778200417845,30766680,Windows-11-10.0.26300-SP0,3.14.7,True,837.0908596801758,20261002T093029Z,1.18.1,0,7944,7929,12892,7936,0.9640215133099043,99.03597848669008,0.031527999992249534,0.030409300001338124,0.022642299998551607,0.42471130000194535,1303,1137,9873.317578200349,533,519,33.74761296687852,2026-10-02T09:33:11+00:00,parallel,3,"block mean, streamed in bands, NaN-aware, any void -> void",p07,inf,254.95097567963924,1.0081542649710058,0.9971569695084007,0.013569294273480578,1.0068969246673822,1.0068969390233873,-0.04513710000901483,0.07417200936565309
X6,dem_whole_c10_d1,dem_whole_c10_d1__10km2__full_grid__climb_tiebreak__native,idrija_whole_c10,dem,full_grid,,climb_tiebreak,native,10km2,10km,0.0,10,height_tiebreak,0,nan,60,18600,idrija_whole,60,15000,process,article_2_HAG_applications,True,6f060dbaf1c69bc25c1517ab2245b48bb8526299,1860,1500,21.587091299996246,7.942125736696827,690,469155,1863044,1,coarse,469155,824048,950,824048,8,2.5.3,1361.765944519042,1361.7776257087723,True,86.88604784690699,11681.189744953674,11.58615723819643,30875704,Windows-11-10.0.26300-SP0,3.14.7,True,837.0908596801758,20261002T093029Z,1.18.1,0,824048,661896,1250249,665738,100.0,0.0,0.43077249999623746,0.3428563000052236,0.33143059999565594,0.0,537,477,9605.7690998691,1159,1209,33.74761296687852,2026-10-02T09:33:11+00:00,parallel,3,"block mean, streamed in bands, NaN-aware, any void -> void",p07,,,,,,,,,
X6,dem_whole_c10_d1,dem_whole_c10_d1__10km2__hag_cta__shared_border__climb_tiebreak__native,idrija_whole_c10,dem,hag_cta,shared_border,climb_tiebreak,native,10km2,10km,2.619901900005061,10,height_tiebreak,727,20.0,60,18600,idrija_whole,60,15000,process,article_2_HAG_applications,True,6f060dbaf1c69bc25c1517ab2245b48bb8526299,1860,1500,21.587091299996246,7.942125736696827,690,469155,1863044,1,coarse,728,3124,1261,824048,8,2.5.3,1428.8946365356448,1428.9101857361977,True,88.50800170898424,15549.200564096436,10.654537716587217,30772224,Windows-11-10.0.26300-SP0,3.14.7,True,837.0908596801758,20261002T093029Z,1.18.1,0,3124,3116,3824,3124,0.3791041298565132,99.62089587014349,0.019362100021680817,0.018091300007654354,0.01640120000229217,0.42926790000637993,537,477,9605.7690998691,1159,1209,33.74761296687852,2026-10-02T09:33:11+00:00,parallel,3,"block mean, streamed in bands, NaN-aware, any void -> void",p07,inf,1135.0770898930168,1.3311315802239887,0.9966484974723168,0.004707688216879993,1.0492953229494308,1.0492977405121373,-0.10450290000881068,0.052766421405640564
X6,dem_whole_c10_d1,dem_whole_c10_d1__10km2__hag_cta_ring1__shared_border__climb_tiebreak__native,idrija_whole_c10,dem,hag_cta_ring1,shared_border,climb_tiebreak,native,10km2,10km,2.619901900005061,10,height_tiebreak,727,20.0,60,18600,idrija_whole,60,15000,process,article_2_HAG_applications,True,6f060dbaf1c69bc25c1517ab2245b48bb8526299,1860,1500,21.587091299996246,7.942125736696827,690,469155,1863044,1,coarse,3787,8622,1148,824048,8,2.5.3,1391.5352111816399,1391.549228595037,True,88.50800170898424,14017.413408594533,11.579185255061997,30766664,Windows-11-10.0.26300-SP0,3.14.7,True,837.0908596801758,20261002T093029Z,1.18.1,0,8622,8591,13744,8610,1.046298273886958,98.95370172611304,0.040766899997834116,0.035874599998351187,0.03489730000728741,0.33905380000942387,537,477,9605.7690998691,1159,1209,33.74761296687852,2026-10-02T09:33:11+00:00,parallel,3,"block mean, streamed in bands, NaN-aware, any void -> void",p07,inf,1103.5397591387452,1.1999987770637934,0.9964684206067009,0.012979380446474975,1.021860780688793,1.021862308738381,-0.03207210000255145,0.10463450722009372
X6,dem_whole_c10_d1,dem_whole_c10_d1__10km3__full_grid__climb_tiebreak__native,idrija_whole_c10,dem,full_grid,,climb_tiebreak,native,10km3,10km,0.0,10,height_tiebreak,0,nan,60,18600,idrija_whole,60,15000,process,article_2_HAG_applications,True,6f060dbaf1c69bc25c1517ab2245b48bb8526299,1860,1500,21.587091299996246,7.942125736696827,690,469155,1863044,1,coarse,469155,824048,1434,824048,8,2.5.3,1537.020056457521,1537.0371492619624,True,85.65278320312586,17092.804461028543,12.153629704733364,30915944,Windows-11-10.0.26300-SP0,3.14.7,True,837.0908596801758,20261002T093029Z,1.18.1,0,824048,760329,1445772,762210,100.0,0.0,0.5257768000010401,0.4029731999908108,0.39998539999942295,0.0,869,1277,11336.966084451342,177,379,33.74761296687852,2026-10-02T09:33:11+00:00,parallel,3,"block mean, streamed in bands, NaN-aware, any void -> void",p07,,,,,,,,,
X6,dem_whole_c10_d1,dem_whole_c10_d1__10km3__hag_cta__shared_border__climb_tiebreak__native,idrija_whole_c10,dem,hag_cta,shared_border,climb_tiebreak,native,10km3,10km,2.619901900005061,10,height_tiebreak,766,20.0,60,18600,idrija_whole,60,15000,process,article_2_HAG_applications,True,6f060dbaf1c69bc25c1517ab2245b48bb8526299,1860,1500,21.587091299996246,7.942125736696827,690,469155,1863044,1,coarse,767,5228,1674,824048,8,2.5.3,1614.095446777344,1614.1159254100635,True,100.18933105468705,20478.632739476518,10.654119619517097,30798984,Windows-11-10.0.26300-SP0,3.14.7,True,837.0908596801758,20261002T093029Z,1.18.1,0,5228,5227,6999,5227,0.6344290623847154,99.36557093761529,0.03436739998869598,0.031720399972982705,0.025280200003180653,0.40321489999769256,869,1277,11336.966084451342,177,379,33.74761296687852,2026-10-02T09:33:11+00:00,parallel,3,"block mean, streamed in bands, NaN-aware, any void -> void",p07,inf,435.6604182158393,1.1980850062473736,0.9962168387936011,0.006874655576730599,1.0501459886590316,1.0501476338324756,-0.03196209997986443,0.07871590461525987
X6,dem_whole_c10_d1,dem_whole_c10_d1__10km3__hag_cta_ring1__shared_border__climb_tiebreak__native,idrija_whole_c10,dem,hag_cta_ring1,shared_border,climb_tiebreak,native,10km3,10km,2.619901900005061,10,height_tiebreak,766,20.0,60,18600,idrija_whole,60,15000,process,article_2_HAG_applications,True,6f060dbaf1c69bc25c1517ab2245b48bb8526299,1860,1500,21.587091299996246,7.942125736696827,690,469155,1863044,1,coarse,4242,14766,1465,824048,8,2.5.3,1555.3611215209958,1555.3788681226913,True,100.18933105468705,17746.601717798214,12.299242966487466,30790304,Windows-11-10.0.26300-SP0,3.14.7,True,837.0908596801758,20261002T093029Z,1.18.1,0,14766,14751,24541,14764,1.7918859095586666,98.20811409044133,0.04774209999595769,0.028474199993070215,0.02608810001402162,0.36587529999087565,869,1277,11336.966084451342,177,379,33.74761296687852,2026-10-02T09:33:11+00:00,parallel,3,"block mean, streamed in bands, NaN-aware, any void -> void",p07,2807.0309937417974,417.73197148410844,1.0382498529284836,0.9959360775139197,0.019400812016903208,1.0119328729553125,1.0119331656164172,0.008623700006864965,0.07066028210739454
X6,dem_whole_c10_d1,dem_whole_c10_d1__1km1__full_grid__climb_tiebreak__native,idrija_whole_c10,dem,full_grid,,climb_tiebreak,native,1km1,1km,0.0,10,height_tiebreak,0,nan,60,18600,idrija_whole,60,15000,process,article_2_HAG_applications,True,6f060dbaf1c69bc25c1517ab2245b48bb8526299,1860,1500,21.587091299996246,7.942125736696827,690,469155,1863044,1,coarse,469155,824048,133,824048,8,2.5.3,135.3263812255858,135.3279746065372,True,149.66711295792848,1593.380951166243,10.783385861430974,30727304,Windows-11-10.0.26300-SP0,3.14.7,True,837.0908596801758,20261002T093029Z,1.18.1,0,824048,29986,54798,30900,100.0,0.0,0.061069699993822724,0.041939200018532574,0.03449349998845719,0.0,239,519,973.2420048477151,223,423,33.74761296687852,2026-10-02T09:33:11+00:00,parallel,3,"block mean, streamed in bands, NaN-aware, any void -> void",p07,,,,,,,,,
X6,dem_whole_c10_d1,dem_whole_c10_d1__1km1__hag_cta__shared_border__climb_tiebreak__native,idrija_whole_c10,dem,hag_cta,shared_border,climb_tiebreak,native,1km1,1km,2.619901900005061,10,height_tiebreak,76,20.0,60,18600,idrija_whole,60,15000,process,article_2_HAG_applications,True,6f060dbaf1c69bc25c1517ab2245b48bb8526299,1860,1500,21.587091299996246,7.942125736696827,690,469155,1863044,1,coarse,77,821,207,824048,8,2.5.3,151.81813659667966,151.82062737878496,True,156.96943196333294,2490.782104868019,10.654747967160464,30703296,Windows-11-10.0.26300-SP0,3.14.7,True,837.0908596801758,20261002T093029Z,1.18.1,0,821,821,1045,821,0.09963011863386599,99.90036988136613,0.029544299992267042,0.02483340000617318,0.023109499976271763,0.46931290000793524,239,519,973.2420048477151,223,423,33.74761296687852,2026-10-02T09:33:11+00:00,parallel,3,"block mean, streamed in bands, NaN-aware, any void -> void",p07,inf,382.099463490856,1.5632056496250575,0.9992186753514073,0.027379443740412193,1.1218665216769708,1.1218717180996742,-0.45220709999557585,0.5921286051045206
X6,dem_whole_c10_d1,dem_whole_c10_d1__1km1__hag_cta_ring1__shared_border__climb_tiebreak__native,idrija_whole_c10,dem,hag_cta_ring1,shared_border,climb_tiebreak,native,1km1,1km,2.619901900005061,10,height_tiebreak,76,20.0,60,18600,idrija_whole,60,15000,process,article_2_HAG_applications,True,6f060dbaf1c69bc25c1517ab2245b48bb8526299,1860,1500,21.587091299996246,7.942125736696827,690,469155,1863044,1,coarse,411,2486,172,824048,8,2.5.3,137.95254699707027,137.95460079432738,True,156.96943196333294,2053.797256769669,10.76799849765962,30702568,Windows-11-10.0.26300-SP0,3.14.7,True,837.0908596801758,20261002T093029Z,1.18.1,0,2486,2477,3908,2482,0.3016814554491971,99.6983185445508,0.06716830001096241,0.03210029998444952,0.023156399984145537,0.46353540002019145,239,519,973.2420048477151,223,423,33.74761296687852,2026-10-02T09:33:11+00:00,parallel,3,"block mean, streamed in bands, NaN-aware, any void -> void",p07,inf,260.76809620810593,1.2889555729070523,0.9991949830678278,0.0826052157673581,1.019406162698659,1.0194093364319317,-0.4536964999861084,0.765400865306555
X6,dem_whole_c10_d1,dem_whole_c10_d1__1km2__full_grid__climb_tiebreak__native,idrija_whole_c10,dem,full_grid,,climb_tiebreak,native,1km2,1km,0.0,10,height_tiebreak,0,nan,60,18600,idrija_whole,60,15000,process,article_2_HAG_applications,True,6f060dbaf1c69bc25c1517ab2245b48bb8526299,1860,1500,21.587091299996246,7.942125736696827,690,469155,1863044,1,coarse,469155,824048,127,824048,8,2.5.3,206.47180603027346,206.4734056853949,True,125.74915271506009,1599.6551211459387,14.211864165352507,30716720,Windows-11-10.0.26300-SP0,3.14.7,True,837.0908596801758,20261002T093029Z,1.18.1,0,824048,20318,37549,20946,100.0,0.0,0.03443519998108968,0.03338040001108311,0.03152240000781603,0.0,535,203,1094.1663493271944,501,307,33.74761296687852,2026-10-02T09:33:11+00:00,parallel,3,"block mean, streamed in bands, NaN-aware, any void -> void",p07,,,,,,,,,
X6,dem_whole_c10_d1,dem_whole_c10_d1__1km2__hag_cta__shared_border__climb_tiebreak__native,idrija_whole_c10,dem,hag_cta,shared_border,climb_tiebreak,native,1km2,1km,2.619901900005061,10,height_tiebreak,89,20.0,60,18600,idrija_whole,60,15000,process,article_2_HAG_applications,True,6f060dbaf1c69bc25c1517ab2245b48bb8526299,1860,1500,21.587091299996246,7.942125736696827,690,469155,1863044,1,coarse,90,172,142,824048,8,2.5.3,216.94776550292977,216.9495193001869,True,125.74915271506009,1753.797256769669,11.921160707270753,30698136,Windows-11-10.0.26300-SP0,3.14.7,True,837.0908596801758,20261002T093029Z,1.18.1,0,172,172,180,172,0.020872570529872046,99.97912742947013,0.024642500007757917,0.02311180002288893,0.022196400008397177,0.5118401000218,535,203,1094.1663493271944,501,307,33.74761296687852,2026-10-02T09:33:11+00:00,parallel,3,"block mean, streamed in bands, NaN-aware, any void -> void",p07,inf,50.0,1.0963596050086772,0.999394987485643,0.008465400137808839,1.0507379659919296,1.0507383194461108,-0.5015715000336058,0.6923763650290363
X6,dem_whole_c10_d1,dem_whole_c10_d1__1km2__hag_cta_ring1__shared_border__climb_tiebreak__native,idrija_whole_c10,dem,hag_cta_ring1,shared_border,climb_tiebreak,native,1km2,1km,2.619901900005061,10,height_tiebreak,89,20.0,60,18600,idrija_whole,60,15000,process,article_2_HAG_applications,True,6f060dbaf1c69bc25c1517ab2245b48bb8526299,1860,1500,21.587091299996246,7.942125736696827,690,469155,1863044,1,coarse,438,711,137,824048,8,2.5.3,213.16203002929672,213.1637131158757,True,125.74915271506009,1683.0865786510142,14.184112820248883,30698736,Windows-11-10.0.26300-SP0,3.14.7,True,837.0908596801758,20261002T093029Z,1.18.1,0,711,702,1125,710,0.08628138166708735,99.91371861833291,0.024586400017142296,0.02309100001002662,0.022184400004334748,0.3792912999924738,535,203,1094.1663493271944,501,307,33.74761296687852,2026-10-02T09:33:11+00:00,parallel,3,"block mean, streamed in bands, NaN-aware, any void -> void",p07,inf,50.0,1.0521559031082326,0.9994145208212335,0.034550644748498865,1.0324026031817746,1.0324027562206963,-0.3690018999914173,0.691753244489576
X6,dem_whole_c10_d1,dem_whole_c10_d1__1km3__full_grid__climb_tiebreak__native,idrija_whole_c10,dem,full_grid,,climb_tiebreak,native,1km3,1km,0.0,10,height_tiebreak,0,nan,60,18600,idrija_whole,60,15000,process,article_2_HAG_applications,True,6f060dbaf1c69bc25c1517ab2245b48bb8526299,1860,1500,21.587091299996246,7.942125736696827,690,469155,1863044,1,coarse,469155,824048,118,824048,8,2.5.3,244.32994201660188,244.33138125541768,True,75.28225708007881,1439.2388155425124,11.835249738861208,30781032,Windows-11-10.0.26300-SP0,3.14.7,True,837.0908596801758,20261002T093029Z,1.18.1,0,824048,72335,140572,75403,100.0,0.0,0.07373229999211617,0.05810120000387542,0.056900299998233095,0.0,1391,1709,802.2468448052632,1471,1703,33.74761296687852,2026-10-02T09:33:11+00:00,parallel,3,"block mean, streamed in bands, NaN-aware, any void -> void",p07,,,,,,,,,
X6,dem_whole_c10_d1,dem_whole_c10_d1__1km3__hag_cta__shared_border__climb_tiebreak__native,idrija_whole_c10,dem,hag_cta,shared_border,climb_tiebreak,native,1km3,1km,2.619901900005061,10,height_tiebreak,118,20.0,60,18600,idrija_whole,60,15000,process,article_2_HAG_applications,True,6f060dbaf1c69bc25c1517ab2245b48bb8526299,1860,1500,21.587091299996246,7.942125736696827,690,469155,1863044,1,coarse,119,248,115,824048,8,2.5.3,246.30788818359406,246.30930156454545,True,73.60111519354848,1413.3809511662432,10.874702904092622,30696704,Windows-11-10.0.26300-SP0,3.14.7,True,837.0908596801758,20261002T093029Z,1.18.1,0,248,248,280,248,0.030095334252373648,99.96990466574762,0.027057299972511828,0.02561530002276413,0.021950299997115508,0.388930299988715,1391,1709,802.2468448052632,1471,1703,33.74761296687852,2026-10-02T09:33:11+00:00,parallel,3,"block mean, streamed in bands, NaN-aware, any void -> void",p07,inf,321.40317359976393,0.9820336527218229,0.9972603907497318,0.0034284924310499757,1.0080953899905472,1.0080952364733702,-0.3564444000076037,0.4408738549471536
X6,dem_whole_c10_d1,dem_whole_c10_d1__1km3__hag_cta_ring1__shared_border__climb_tiebreak__native,idrija_whole_c10,dem,hag_cta_ring1,shared_border,climb_tiebreak,native,1km3,1km,2.619901900005061,10,height_tiebreak,118,20.0,60,18600,idrija_whole,60,15000,process,article_2_HAG_applications,True,6f060dbaf1c69bc25c1517ab2245b48bb8526299,1860,1500,21.587091299996246,7.942125736696827,690,469155,1863044,1,coarse,462,754,92,824048,8,2.5.3,245.6089685058596,245.61001519633535,True,58.03786010742215,1046.6904755831213,15.556087003141258,30696792,Windows-11-10.0.26300-SP0,3.14.7,True,837.0908596801758,20261002T093029Z,1.18.1,0,754,746,1104,752,0.09149952429955537,99.90850047570045,0.032948900014162064,0.021682899998268113,0.020181200001388788,0.43205120001221076,1391,1709,802.2468448052632,1471,1703,33.74761296687852,2026-10-02T09:33:11+00:00,parallel,3,"block mean, streamed in bands, NaN-aware, any void -> void",p07,inf,354.682957019364,0.7272528118890246,0.997263249653228,0.010313126425658395,1.0052348331878653,1.0052331957292913,-0.39563290000660345,0.3731919477880291
X6,dem_whole_c10_d1,dem_whole_c10_d1__20km1__full_grid__climb_tiebreak__native,idrija_whole_c10,dem,full_grid,,climb_tiebreak,native,20km1,20km,0.0,10,height_tiebreak,0,nan,60,18600,idrija_whole,60,15000,process,article_2_HAG_applications,True,6f060dbaf1c69bc25c1517ab2245b48bb8526299,1860,1500,21.587091299996246,7.942125736696827,690,469155,1863044,1,coarse,469155,824048,2133,824048,8,2.5.3,2114.508202209471,2114.5344182137555,True,348.4284460261192,26216.004307249987,14.152929954523483,30934160,Windows-11-10.0.26300-SP0,3.14.7,True,837.0908596801758,20261002T093029Z,1.18.1,0,824048,816010,1538967,817018,100.0,0.0,0.6188299999921583,0.5004088999994565,0.45541080000111833,0.0,313,31,20305.270251833637,1245,1835,33.74761296687852,2026-10-02T09:33:11+00:00,parallel,3,"block mean, streamed in bands, NaN-aware, any void -> void",p07,,,,,,,,,
X6,dem_whole_c10_d1,dem_whole_c10_d1__20km1__hag_cta__shared_border__climb_tiebreak__native,idrija_whole_c10,dem,hag_cta,shared_border,climb_tiebreak,native,20km1,20km,2.619901900005061,10,height_tiebreak,1081,20.0,60,18600,idrija_whole,60,15000,process,article_2_HAG_applications,True,6f060dbaf1c69bc25c1517ab2245b48bb8526299,1860,1500,21.587091299996246,7.942125736696827,690,469155,1863044,1,coarse,1082,6362,2360,824048,8,2.5.3,2193.4193438720713,2193.448496760196,True,348.4284460261192,29152.888142670672,10.655377958630776,30843224,Windows-11-10.0.26300-SP0,3.14.7,True,837.0908596801758,20261002T093029Z,1.18.1,0,6362,6362,8164,6362,0.7720424052967788,99.22795759470321,0.029080499982228503,0.026585599989630282,0.024041199998464435,0.4421040999877732,313,31,20305.270251833637,1245,1835,33.74761296687852,2026-10-02T09:33:11+00:00,parallel,3,"block mean, streamed in bands, NaN-aware, any void -> void",p07,763.1653125920969,354.682957019364,1.112026371410402,0.9970603371806444,0.0077964730824377155,1.0373189101750209,1.037319836398361,0.031719200022052974,0.05312775210364795
X6,dem_whole_c10_d1,dem_whole_c10_d1__20km1__hag_cta_ring1__shared_border__climb_tiebreak__native,idrija_whole_c10,dem,hag_cta_ring1,shared_border,climb_tiebreak,native,20km1,20km,2.619901900005061,10,height_tiebreak,1081,20.0,60,18600,idrija_whole,60,15000,process,article_2_HAG_applications,True,6f060dbaf1c69bc25c1517ab2245b48bb8526299,1860,1500,21.587091299996246,7.942125736696827,690,469155,1863044,1,coarse,6141,18928,2165,824048,8,2.5.3,2123.410249938964,2123.4367942275207,True,348.4284460261192,26544.288578497442,11.658356385912324,30834240,Windows-11-10.0.26300-SP0,3.14.7,True,837.0908596801758,20261002T093029Z,1.18.1,0,18928,18917,31643,18925,2.2969535755198724,97.70304642448012,0.04898620001040399,0.043324199999915436,0.038950399990426376,0.39529260000563227,313,31,20305.270251833637,1245,1835,33.74761296687852,2026-10-02T09:33:11+00:00,parallel,3,"block mean, streamed in bands, NaN-aware, any void -> void",p07,391.74899707871293,329.84845004941286,1.0125222847616282,0.9967699139074732,0.0231823139422311,1.0042099849601867,1.004210088016106,0.06179209999390878,0.08657759684122823
X6,dem_whole_c10_d1,dem_whole_c10_d1__20km2__full_grid__climb_tiebreak__native,idrija_whole_c10,dem,full_grid,,climb_tiebreak,native,20km2,20km,0.0,10,height_tiebreak,0,nan,60,18600,idrija_whole,60,15000,process,article_2_HAG_applications,True,6f060dbaf1c69bc25c1517ab2245b48bb8526299,1860,1500,21.587091299996246,7.942125736696827,690,469155,1863044,1,coarse,469155,824048,1871,824048,8,2.5.3,1393.0646278381334,1393.0876936490417,True,86.88604784690699,23065.81094741243,14.17182260843088,30899760,Windows-11-10.0.26300-SP0,3.14.7,True,837.0908596801758,20261002T093029Z,1.18.1,0,824048,609226,1146299,611986,100.0,0.0,0.31582359998719767,0.31350960000418127,0.2989292000129353,0.0,1259,1741,18646.179233290663,179,221,33.74761296687852,2026-10-02T09:33:11+00:00,parallel,3,"block mean, streamed in bands, NaN-aware, any void -> void",p07,,,,,,,,,
X6,dem_whole_c10_d1,dem_whole_c10_d1__20km2__hag_cta__shared_border__climb_tiebreak__native,idrija_whole_c10,dem,hag_cta,shared_border,climb_tiebreak,native,20km2,20km,2.619901900005061,10,height_tiebreak,821,20.0,60,18600,idrija_whole,60,15000,process,article_2_HAG_applications,True,6f060dbaf1c69bc25c1517ab2245b48bb8526299,1860,1500,21.587091299996246,7.942125736696827,690,469155,1863044,1,coarse,822,5933,2011,824048,8,2.5.3,1449.7332118225097,1449.758058709895,True,85.60278973534933,24846.887424795677,10.686117558839793,30819808,Windows-11-10.0.26300-SP0,3.14.7,True,837.0908596801758,20261002T093029Z,1.18.1,0,5933,5933,7829,5933,0.7199823311263421,99.28001766887365,0.02558720001252368,0.024950499995611608,0.024189499992644414,0.3596700000052806,1259,1741,18646.179233290663,179,221,33.74761296687852,2026-10-02T09:33:11+00:00,parallel,3,"block mean, streamed in bands, NaN-aware, any void -> void",p07,inf,205.91260281974002,1.0772171627281568,0.9974125365375006,0.009738586337418299,1.0406790775186927,1.040679682491783,-0.07111089999671094,0.07958448479816517
X6,dem_whole_c10_d1,dem_whole_c10_d1__20km2__hag_cta_ring1__shared_border__climb_tiebreak__native,idrija_whole_c10,dem,hag_cta_ring1,shared_border,climb_tiebreak,native,20km2,20km,2.619901900005061,10,height_tiebreak,821,20.0,60,18600,idrija_whole,60,15000,process,article_2_HAG_applications,True,6f060dbaf1c69bc25c1517ab2245b48bb8526299,1860,1500,21.587091299996246,7.942125736696827,690,469155,1863044,1,coarse,5005,16776,1886,824048,8,2.5.3,1395.1172077941878,1395.1403946101464,True,86.88604784690699,23186.81599804631,11.742223326628734,30818088,Windows-11-10.0.26300-SP0,3.14.7,True,837.0908596801758,20261002T093029Z,1.18.1,0,16776,16770,28200,16775,2.035803739587985,97.96419626041202,0.028614900016691536,0.028147000004537404,0.026653300010366365,0.40506409999215975,1259,1741,18646.179233290663,179,221,33.74761296687852,2026-10-02T09:33:11+00:00,parallel,3,"block mean, streamed in bands, NaN-aware, any void -> void",p07,inf,206.15528128088303,1.0052460783152068,0.9973568726747393,0.02752673063854793,1.001473427660883,1.0014734901259,-0.11970149999251589,0.08978034485758014
X6,dem_whole_c10_d1,dem_whole_c10_d1__20km3__full_grid__climb_tiebreak__native,idrija_whole_c10,dem,full_grid,,climb_tiebreak,native,20km3,20km,0.0,10,height_tiebreak,0,nan,60,18600,idrija_whole,60,15000,process,article_2_HAG_applications,True,6f060dbaf1c69bc25c1517ab2245b48bb8526299,1860,1500,21.587091299996246,7.942125736696827,690,469155,1863044,1,coarse,469155,824048,1762,824048,8,2.5.3,1788.920349426268,1788.941931734311,True,92.93787457744138,21582.308063157983,14.144870214136175,30909512,Windows-11-10.0.26300-SP0,3.14.7,True,837.0908596801758,20261002T093029Z,1.18.1,0,824048,775732,1474977,778169,100.0,0.0,0.4031558000133373,0.3986430000222754,0.38433219998842105,0.0,481,251,17071.39127312124,1349,1721,33.74761296687852,2026-10-02T09:33:11+00:00,parallel,3,"block mean, streamed in bands, NaN-aware, any void -> void",p07,,,,,,,,,
X6,dem_whole_c10_d1,dem_whole_c10_d1__20km3__hag_cta__shared_border__climb_tiebreak__native,idrija_whole_c10,dem,hag_cta,shared_border,climb_tiebreak,native,20km3,20km,2.619901900005061,10,height_tiebreak,941,20.0,60,18600,idrija_whole,60,15000,process,article_2_HAG_applications,True,6f060dbaf1c69bc25c1517ab2245b48bb8526299,1860,1500,21.587091299996246,7.942125736696827,690,469155,1863044,1,coarse,942,5241,1955,824048,8,2.5.3,1850.3136462402344,1850.3377343051275,True,85.60278973534933,24088.064914856586,10.653820410126626,30816160,Windows-11-10.0.26300-SP0,3.14.7,True,837.0908596801758,20261002T093029Z,1.18.1,0,5241,5241,6637,5241,0.6360066403898802,99.36399335961012,0.029007200006162748,0.027798499999335036,0.02385520000825636,0.3441387999919243,481,251,17071.39127312124,1349,1721,33.74761296687852,2026-10-02T09:33:11+00:00,parallel,3,"block mean, streamed in bands, NaN-aware, any void -> void",p07,906.4354490572157,390.0,1.1161023577443994,0.9969798293806774,0.006756199305945868,1.0343186306945729,1.0343196173568896,0.026705700031016022,0.069732818581492
X6,dem_whole_c10_d1,dem_whole_c10_d1__20km3__hag_cta_ring1__shared_border__climb_tiebreak__native,idrija_whole_c10,dem,hag_cta_ring1,shared_border,climb_tiebreak,native,20km3,20km,2.619901900005061,10,height_tiebreak,941,20.0,60,18600,idrija_whole,60,15000,process,article_2_HAG_applications,True,6f060dbaf1c69bc25c1517ab2245b48bb8526299,1860,1500,21.587091299996246,7.942125736696827,690,469155,1863044,1,coarse,5412,15070,1815,824048,8,2.5.3,1791.5877145385725,1791.6100298112572,True,96.11393432617206,22315.272708720804,11.662908169382918,30812592,Windows-11-10.0.26300-SP0,3.14.7,True,837.0908596801758,20261002T093029Z,1.18.1,0,15070,15064,25016,15070,1.8287769644486729,98.17122303555132,0.027750999986892566,0.027542299998458475,0.02621559999533929,0.5595527000259608,481,251,17071.39127312124,1349,1721,33.74761296687852,2026-10-02T09:33:11+00:00,parallel,3,"block mean, streamed in bands, NaN-aware, any void -> void",p07,inf,337.34255586866,1.033961365180123,0.9968643956591744,0.01941907772271867,1.001491047442755,1.00149143917397,-0.1884520000021439,0.0690901382864354
X6,dem_whole_c10_d1,dem_whole_c10_d1__2km1__full_grid__climb_tiebreak__native,idrija_whole_c10,dem,full_grid,,climb_tiebreak,native,2km1,2km,0.0,10,height_tiebreak,0,nan,60,18600,idrija_whole,60,15000,process,article_2_HAG_applications,True,6f060dbaf1c69bc25c1517ab2245b48bb8526299,1860,1500,21.587091299996246,7.942125736696827,690,469155,1863044,1,coarse,469155,824048,218,824048,8,2.5.3,376.30215103149476,376.30484708271825,True,90.26964416503915,2696.051224213831,10.859946123332627,30734328,Windows-11-10.0.26300-SP0,3.14.7,True,837.0908596801758,20261002T093029Z,1.18.1,0,824048,59117,112962,60131,100.0,0.0,0.0593630000075791,0.05585079998127185,0.04995200000121258,0.0,553,279,2008.4820138602188,395,403,33.74761296687852,2026-10-02T09:33:11+00:00,parallel,3,"block mean, streamed in bands, NaN-aware, any void -> void",p07,,,,,,,,,
X6,dem_whole_c10_d1,dem_whole_c10_d1__2km1__hag_cta__shared_border__climb_tiebreak__native,idrija_whole_c10,dem,hag_cta,shared_border,climb_tiebreak,native,2km1,2km,2.619901900005061,10,height_tiebreak,158,20.0,60,18600,idrija_whole,60,15000,process,article_2_HAG_applications,True,6f060dbaf1c69bc25c1517ab2245b48bb8526299,1860,1500,21.587091299996246,7.942125736696827,690,469155,1863044,1,coarse,159,752,241,824048,8,2.5.3,383.1277839660655,383.13078871786615,True,76.64620166596498,3004.7518010647195,10.891287469933312,30706384,Windows-11-10.0.26300-SP0,3.14.7,True,837.0908596801758,20261002T093029Z,1.18.1,0,752,751,1000,752,0.09125681999106848,99.90874318000893,0.02302860000054352,0.022513199975946918,0.020870999986073002,0.4598335000046063,553,279,2008.4820138602188,395,403,33.74761296687852,2026-10-02T09:33:11+00:00,parallel,3,"block mean, streamed in bands, NaN-aware, any void -> void",p07,inf,100.4987562112089,1.1145010057963218,0.9990907886451917,0.01270362163167955,1.0181387029435276,1.0181393933351262,-0.4264958999992814,0.4030953895646284
X6,dem_whole_c10_d1,dem_whole_c10_d1__2km1__hag_cta_ring1__shared_border__climb_tiebreak__native,idrija_whole_c10,dem,hag_cta_ring1,shared_border,climb_tiebreak,native,2km1,2km,2.619901900005061,10,height_tiebreak,158,20.0,60,18600,idrija_whole,60,15000,process,article_2_HAG_applications,True,6f060dbaf1c69bc25c1517ab2245b48bb8526299,1860,1500,21.587091299996246,7.942125736696827,690,469155,1863044,1,coarse,763,2232,223,824048,8,2.5.3,377.61230819702206,377.6150583903814,True,96.11393432617206,2750.1933598375626,10.847161876284813,30706096,Windows-11-10.0.26300-SP0,3.14.7,True,837.0908596801758,20261002T093029Z,1.18.1,0,2232,1964,3467,2058,0.27085800827136286,99.72914199172864,0.03536040001199581,0.03090899999369867,0.027024699986213818,0.4547000000020489,553,279,2008.4820138602188,395,403,33.74761296687852,2026-10-02T09:33:11+00:00,parallel,3,"block mean, streamed in bands, NaN-aware, any void -> void",p07,inf,80.0,1.0200820129593493,0.9990814180157119,0.03322225417392628,1.0034816627062482,1.0034817816401265,-0.42975820001447573,0.553420900041955
X6,dem_whole_c10_d1,dem_whole_c10_d1__2km2__full_grid__climb_tiebreak__native,idrija_whole_c10,dem,full_grid,,climb_tiebreak,native,2km2,2km,0.0,10,height_tiebreak,0,nan,60,18600,idrija_whole,60,15000,process,article_2_HAG_applications,True,6f060dbaf1c69bc25c1517ab2245b48bb8526299,1860,1500,21.587091299996246,7.942125736696827,690,469155,1863044,1,coarse,469155,824048,180,824048,8,2.5.3,227.83339050292966,227.8355574372719,True,111.29079589843741,2166.9343417595164,11.651720947685863,30729464,Windows-11-10.0.26300-SP0,3.14.7,True,837.0908596801758,20261002T093029Z,1.18.1,0,824048,28533,53787,29515,100.0,0.0,0.0450317999930121,0.03971630000160076,0.03809469999396242,0.0,571,543,1519.2103211866354,713,597,33.74761296687852,2026-10-02T09:33:11+00:00,parallel,3,"block mean, streamed in bands, NaN-aware, any void -> void",p07,,,,,,,,,
X6,dem_whole_c10_d1,dem_whole_c10_d1__2km2__hag_cta__shared_border__climb_tiebreak__native,idrija_whole_c10,dem,hag_cta,shared_border,climb_tiebreak,native,2km2,2km,2.619901900005061,10,height_tiebreak,109,20.0,60,18600,idrija_whole,60,15000,process,article_2_HAG_applications,True,6f060dbaf1c69bc25c1517ab2245b48bb8526299,1860,1500,21.587091299996246,7.942125736696827,690,469155,1863044,1,coarse,110,290,192,824048,8,2.5.3,237.1123553466805,237.11467541810774,True,107.55560302734466,2320.071426749364,11.575676839536161,30701640,Windows-11-10.0.26300-SP0,3.14.7,True,837.0908596801758,20261002T093029Z,1.18.1,0,290,290,303,290,0.03519212473059822,99.9648078752694,0.03366220000316389,0.024382000003242865,0.021418599993921816,0.4283562999917194,571,543,1519.2103211866354,713,597,33.74761296687852,2026-10-02T09:33:11+00:00,parallel,3,"block mean, streamed in bands, NaN-aware, any void -> void",p07,inf,50.99019513592785,1.0706699238821895,0.9990945497780241,0.010163670136333368,1.0407269751956376,1.040727259981755,-0.41302199999336153,0.6139041149920852
X6,dem_whole_c10_d1,dem_whole_c10_d1__2km2__hag_cta_ring1__shared_border__climb_tiebreak__native,idrija_whole_c10,dem,hag_cta_ring1,shared_border,climb_tiebreak,native,2km2,2km,2.619901900005061,10,height_tiebreak,109,20.0,60,18600,idrija_whole,60,15000,process,article_2_HAG_applications,True,6f060dbaf1c69bc25c1517ab2245b48bb8526299,1860,1500,21.587091299996246,7.942125736696827,690,469155,1863044,1,coarse,533,1147,183,824048,8,2.5.3,227.86085998535145,227.86302792474433,True,111.29079589843741,2167.9393923934,12.397335799661962,30701808,Windows-11-10.0.26300-SP0,3.14.7,True,837.0908596801758,20261002T093029Z,1.18.1,0,1147,1126,1802,1135,0.13919092091722812,99.86080907908277,0.026646899990737438,0.02584360001492314,0.01892139998381026,0.3933068999904208,571,543,1519.2103211866354,713,597,33.74761296687852,2026-10-02T09:33:11+00:00,parallel,3,"block mean, streamed in bands, NaN-aware, any void -> void",p07,inf,70.71067811865476,1.0004638122228786,0.9991000168437693,0.03946307783969439,1.000120568290544,1.0001205715551227,-0.37943420000374317,0.6507051264564302
X6,dem_whole_c10_d1,dem_whole_c10_d1__2km3__full_grid__climb_tiebreak__native,idrija_whole_c10,dem,full_grid,,climb_tiebreak,native,2km3,2km,0.0,10,height_tiebreak,0,nan,60,18600,idrija_whole,60,15000,process,article_2_HAG_applications,True,6f060dbaf1c69bc25c1517ab2245b48bb8526299,1860,1500,21.587091299996246,7.942125736696827,690,469155,1863044,1,coarse,469155,824048,218,824048,8,2.5.3,304.35602081298913,304.3587002956709,True,98.2258972167972,2679.4826817189073,11.632149536647894,30749912,Windows-11-10.0.26300-SP0,3.14.7,True,837.0908596801758,20261002T093029Z,1.18.1,0,824048,59844,112192,61408,100.0,0.0,0.0675080000073649,0.05708450000383891,0.048670099989976734,0.0,1407,1533,2069.2993983471797,1295,1359,33.74761296687852,2026-10-02T09:33:11+00:00,parallel,3,"block mean, streamed in bands, NaN-aware, any void -> void",p07,,,,,,,,,
X6,dem_whole_c10_d1,dem_whole_c10_d1__2km3__hag_cta__shared_border__climb_tiebreak__native,idrija_whole_c10,dem,hag_cta,shared_border,climb_tiebreak,native,2km3,2km,2.619901900005061,10,height_tiebreak,155,20.0,60,18600,idrija_whole,60,15000,process,article_2_HAG_applications,True,6f060dbaf1c69bc25c1517ab2245b48bb8526299,1860,1500,21.587091299996246,7.942125736696827,690,469155,1863044,1,coarse,156,604,307,824048,8,2.5.3,328.3465475463865,328.35031999371347,True,124.81662112067094,3772.447327281724,11.581887518400148,30709216,Windows-11-10.0.26300-SP0,3.14.7,True,837.0908596801758,20261002T093029Z,1.18.1,0,604,601,680,604,0.07329670116303905,99.92670329883696,0.07731079999939539,0.05461799999466166,0.020101499976590276,0.45439680002164096,1407,1533,2069.2993983471797,1295,1359,33.74761296687852,2026-10-02T09:33:11+00:00,parallel,3,"block mean, streamed in bands, NaN-aware, any void -> void",p07,inf,337.34255586866,1.4079013658194917,0.9986765490580917,0.01004277788917853,1.0788238940347372,1.0788267911340659,-0.4519303000124637,0.9567921237987302
X6,dem_whole_c10_d1,dem_whole_c10_d1__2km3__hag_cta_ring1__shared_border__climb_tiebreak__native,idrija_whole_c10,dem,hag_cta_ring1,shared_border,climb_tiebreak,native,2km3,2km,2.619901900005061,10,height_tiebreak,155,20.0,60,18600,idrija_whole,60,15000,process,article_2_HAG_applications,True,6f060dbaf1c69bc25c1517ab2245b48bb8526299,1860,1500,21.587091299996246,7.942125736696827,690,469155,1863044,1,coarse,769,2223,256,824048,8,2.5.3,313.6478884887701,313.65097282426535,True,84.34003906250041,3084.3354954612923,14.182650284242252,30706616,Windows-11-10.0.26300-SP0,3.14.7,True,837.0908596801758,20261002T093029Z,1.18.1,0,2223,2175,3339,2186,0.26976583888317185,99.73023416111683,0.023617600003490224,0.02143430002615787,0.019870599993737414,0.3767265999922529,1407,1533,2069.2993983471797,1295,1359,33.74761296687852,2026-10-02T09:33:11+00:00,parallel,3,"block mean, streamed in bands, NaN-aware, any void -> void",p07,inf,262.48809496813374,1.151093648227153,0.9985919959705901,0.036344495688790855,1.0305296003376596,1.030530661747364,-0.34107640001457185,0.375483713174617
X6,dem_whole_c10_d1,dem_whole_c10_d1__5km1__full_grid__climb_tiebreak__native,idrija_whole_c10,dem,full_grid,,climb_tiebreak,native,5km1,5km,0.0,10,height_tiebreak,0,nan,60,18600,idrija_whole,60,15000,process,article_2_HAG_applications,True,6f060dbaf1c69bc25c1517ab2245b48bb8526299,1860,1500,21.587091299996246,7.942125736696827,690,469155,1863044,1,coarse,469155,824048,450,824048,8,2.5.3,490.5014083862299,490.50668953413157,True,62.19410400390643,5281.147904132613,14.162708447759808,30852312,Windows-11-10.0.26300-SP0,3.14.7,True,837.0908596801758,20261002T093029Z,1.18.1,0,824048,349405,640345,352113,100.0,0.0,0.19111590000102296,0.18998890000511892,0.1853889000194613,0.0,1299,1543,4230.791888051219,1135,1153,33.74761296687852,2026-10-02T09:33:11+00:00,parallel,3,"block mean, streamed in bands, NaN-aware, any void -> void",p07,,,,,,,,,
X6,dem_whole_c10_d1,dem_whole_c10_d1__5km1__hag_cta__shared_border__climb_tiebreak__native,idrija_whole_c10,dem,hag_cta,shared_border,climb_tiebreak,native,5km1,5km,2.619901900005061,10,height_tiebreak,320,20.0,60,18600,idrija_whole,60,15000,process,article_2_HAG_applications,True,6f060dbaf1c69bc25c1517ab2245b48bb8526299,1860,1500,21.587091299996246,7.942125736696827,690,469155,1863044,1,coarse,321,1472,643,824048,8,2.5.3,534.9115689086909,534.9195049303256,True,66.54775085449216,7936.021638285529,10.760555774373099,30731120,Windows-11-10.0.26300-SP0,3.14.7,True,837.0908596801758,20261002T093029Z,1.18.1,0,1472,1472,1679,1472,0.17863037104634683,99.82136962895365,0.047425199998542666,0.031195899995509535,0.024195099977077916,0.35582589998375624,1299,1543,4230.791888051219,1135,1153,33.74761296687852,2026-10-02T09:33:11+00:00,parallel,3,"block mean, streamed in bands, NaN-aware, any void -> void",p07,inf,822.1921916437786,1.5027077033906624,0.9960718665103607,0.004212876175212146,1.0905403323276324,1.0905447700180726,-0.19703289997414686,0.16419853999191014
X6,dem_whole_c10_d1,dem_whole_c10_d1__5km1__hag_cta_ring1__shared_border__climb_tiebreak__native,idrija_whole_c10,dem,hag_cta_ring1,shared_border,climb_tiebreak,native,5km1,5km,2.619901900005061,10,height_tiebreak,320,20.0,60,18600,idrija_whole,60,15000,process,article_2_HAG_applications,True,6f060dbaf1c69bc25c1517ab2245b48bb8526299,1860,1500,21.587091299996246,7.942125736696827,690,469155,1863044,1,coarse,1757,5122,526,824048,8,2.5.3,501.62122467040996,501.62763032624696,True,59.68385627168304,6405.655839020936,14.161036998350687,30725880,Windows-11-10.0.26300-SP0,3.14.7,True,837.0908596801758,20261002T093029Z,1.18.1,0,5122,5080,7938,5095,0.6215657340349106,99.37843426596508,0.04467890001251362,0.03681449999567121,0.027644599991617724,0.47679950000019744,1299,1543,4230.791888051219,1135,1153,33.74761296687852,2026-10-02T09:33:11+00:00,parallel,3,"block mean, streamed in bands, NaN-aware, any void -> void",p07,inf,820.3657720797473,1.2129286956739787,0.9959020251059305,0.014539002017715831,1.0226703044967083,1.022672352955426,-0.32362509999074973,0.1937718466430371
X6,dem_whole_c10_d1,dem_whole_c10_d1__5km2__full_grid__climb_tiebreak__native,idrija_whole_c10,dem,full_grid,,climb_tiebreak,native,5km2,5km,0.0,10,height_tiebreak,0,nan,60,18600,idrija_whole,60,15000,process,article_2_HAG_applications,True,6f060dbaf1c69bc25c1517ab2245b48bb8526299,1860,1500,21.587091299996246,7.942125736696827,690,469155,1863044,1,coarse,469155,824048,522,824048,8,2.5.3,558.4432730102541,558.449622097547,True,384.99601098900735,6349.087296526013,14.153226893929071,30804472,Windows-11-10.0.26300-SP0,3.14.7,True,837.0908596801758,20261002T093029Z,1.18.1,0,824048,168063,330651,170983,100.0,0.0,0.1151526999892667,0.11015880000195466,0.1096632000117097,0.0,305,537,5014.618629566959,735,795,33.74761296687852,2026-10-02T09:33:11+00:00,parallel,3,"block mean, streamed in bands, NaN-aware, any void -> void",p07,,,,,,,,,
X6,dem_whole_c10_d1,dem_whole_c10_d1__5km2__hag_cta__shared_border__climb_tiebreak__native,idrija_whole_c10,dem,hag_cta,shared_border,climb_tiebreak,native,5km2,5km,2.619901900005061,10,height_tiebreak,269,20.0,60,18600,idrija_whole,60,15000,process,article_2_HAG_applications,True,6f060dbaf1c69bc25c1517ab2245b48bb8526299,1860,1500,21.587091299996246,7.942125736696827,690,469155,1863044,1,coarse,270,2457,615,824048,8,2.5.3,593.2460842895513,593.2537734482701,True,378.5682295144394,7689.158723275375,10.77066205367305,30730464,Windows-11-10.0.26300-SP0,3.14.7,True,837.0908596801758,20261002T093029Z,1.18.1,0,2457,2456,3216,2456,0.2981622429761373,99.70183775702385,0.02661980001721531,0.026531400013482198,0.02580070000840351,0.44505690000369214,305,537,5014.618629566959,735,795,33.74761296687852,2026-10-02T09:33:11+00:00,parallel,3,"block mean, streamed in bands, NaN-aware, any void -> void",p07,inf,460.10868281309365,1.2110652073539137,0.997597491688869,0.01461356753122341,1.0623211218781359,1.0623228129692308,-0.3614295000152197,0.24084685030166836
X6,dem_whole_c10_d1,dem_whole_c10_d1__5km2__hag_cta_ring1__shared_border__climb_tiebreak__native,idrija_whole_c10,dem,hag_cta_ring1,shared_border,climb_tiebreak,native,5km2,5km,2.619901900005061,10,height_tiebreak,269,20.0,60,18600,idrija_whole,60,15000,process,article_2_HAG_applications,True,6f060dbaf1c69bc25c1517ab2245b48bb8526299,1860,1500,21.587091299996246,7.942125736696827,690,469155,1863044,1,coarse,1677,6195,538,824048,8,2.5.3,565.4402215576172,565.4468052033504,True,394.74200022497695,6583.645737753169,12.15480178107361,30728488,Windows-11-10.0.26300-SP0,3.14.7,True,837.0908596801758,20261002T093029Z,1.18.1,0,6195,6183,10173,6189,0.751776595538124,99.24822340446188,0.03035529999760911,0.026525799999944866,0.02194829998188652,0.4228385000023991,305,537,5014.618629566959,735,795,33.74761296687852,2026-10-02T09:33:11+00:00,parallel,3,"block mean, streamed in bands, NaN-aware, any void -> void",p07,inf,363.59317925395686,1.036943647216112,0.9975333451584563,0.03678977526284786,1.0125293810231548,1.0125296585921606,-0.3392055000003893,0.24079601447613982
X6,dem_whole_c10_d1,dem_whole_c10_d1__5km3__full_grid__climb_tiebreak__native,idrija_whole_c10,dem,full_grid,,climb_tiebreak,native,5km3,5km,0.0,10,height_tiebreak,0,nan,60,18600,idrija_whole,60,15000,process,article_2_HAG_applications,True,6f060dbaf1c69bc25c1517ab2245b48bb8526299,1860,1500,21.587091299996246,7.942125736696827,690,469155,1863044,1,coarse,469155,824048,669,824048,8,2.5.3,533.9874829101556,533.9955215306381,True,97.51311035156277,8038.620484583753,11.725568905895019,30835552,Windows-11-10.0.26300-SP0,3.14.7,True,837.0908596801758,20261002T093029Z,1.18.1,0,824048,288845,530838,291246,100.0,0.0,0.17329339997377247,0.17087450000690296,0.1608985000057146,0.0,1209,1653,5259.3535724459525,977,1181,33.74761296687852,2026-10-02T09:33:11+00:00,parallel,3,"block mean, streamed in bands, NaN-aware, any void -> void",p07,,,,,,,,,
X6,dem_whole_c10_d1,dem_whole_c10_d1__5km3__hag_cta__shared_border__climb_tiebreak__native,idrija_whole_c10,dem,hag_cta,shared_border,climb_tiebreak,native,5km3,5km,2.619901900005061,10,height_tiebreak,324,20.0,60,18600,idrija_whole,60,15000,process,article_2_HAG_applications,True,6f060dbaf1c69bc25c1517ab2245b48bb8526299,1860,1500,21.587091299996246,7.942125736696827,690,469155,1863044,1,coarse,325,1865,841,824048,8,2.5.3,571.5804284667963,571.590642722196,True,67.89815053847586,10214.255403194158,10.672499712260999,30743744,Windows-11-10.0.26300-SP0,3.14.7,True,837.0908596801758,20261002T093029Z,1.18.1,0,1865,1865,2318,1865,0.22632176766401957,99.77367823233598,0.03160099999513477,0.023623499990208074,0.022613200009800494,0.4107134999940172,1209,1653,5259.3535724459525,977,1181,33.74761296687852,2026-10-02T09:33:11+00:00,parallel,3,"block mean, streamed in bands, NaN-aware, any void -> void",p07,inf,674.7592163134935,1.2706477961962228,0.9970226574831546,0.00645675016012048,1.0704004246537102,1.070403439122103,-0.2634624999773223,0.13825058735653206
X6,dem_whole_c10_d1,dem_whole_c10_d1__5km3__hag_cta_ring1__shared_border__climb_tiebreak__native,idrija_whole_c10,dem,hag_cta_ring1,shared_border,climb_tiebreak,native,5km3,5km,2.619901900005061,10,height_tiebreak,324,20.0,60,18600,idrija_whole,60,15000,process,article_2_HAG_applications,True,6f060dbaf1c69bc25c1517ab2245b48bb8526299,1860,1500,21.587091299996246,7.942125736696827,690,469155,1863044,1,coarse,2031,5850,776,824048,8,2.5.3,538.2128344726557,538.2221709105968,True,62.54054781482511,9336.437943888955,11.582028689995736,30741960,Windows-11-10.0.26300-SP0,3.14.7,True,837.0908596801758,20261002T093029Z,1.18.1,0,5850,5845,9634,5849,0.7099101023241364,99.29008989767586,0.023787799989804626,0.023667599976761267,0.022725199989508837,0.3939035000221338,1209,1653,5259.3535724459525,977,1181,33.74761296687852,2026-10-02T09:33:11+00:00,parallel,3,"block mean, streamed in bands, NaN-aware, any void -> void",p07,inf,584.6366392897387,1.1614477834591297,0.9969648021867745,0.020235766587616194,1.0079128288541008,1.007915140126725,-0.24669659999199212,0.1385086714273057
X6,dem_whole_c10_d2,dem_whole_c10_d2__10km1__full_grid__climb_tiebreak__native,idrija_whole_c10,dem,full_grid,,climb_tiebreak,native,10km1,10km,0.0,10,height_tiebreak,0,nan,60,18600,idrija_whole,60,15000,process,article_2_HAG_applications,True,6f060dbaf1c69bc25c1517ab2245b48bb8526299,1860,1500,17.20845839998219,7.860284997462931,443,283792,1115343,2,coarse,283792,824048,1167,824048,8,2.5.3,1262.8135653686516,1262.8279840309592,True,86.88604784690699,14418.662325404812,14.164795272698894,30854144,Windows-11-10.0.26300-SP0,3.14.7,True,837.0908596801758,20261002T093029Z,1.18.1,0,824048,584334,1081114,586239,100.0,0.0,0.39034800001536496,0.38696090001030825,0.3200368999969214,0.0,1303,1137,9873.317578200349,533,519,33.74761296687852,2026-10-02T09:34:59+00:00,parallel,3,"block mean, streamed in bands, NaN-aware, any void -> void",p03,,,,,,,,,
X6,dem_whole_c10_d2,dem_whole_c10_d2__10km1__hag_cta__shared_border__climb_tiebreak__native,idrija_whole_c10,dem,hag_cta,shared_border,climb_tiebreak,native,10km1,10km,1.7164217999961693,10,height_tiebreak,485,20.0,60,18600,idrija_whole,60,15000,process,article_2_HAG_applications,True,6f060dbaf1c69bc25c1517ab2245b48bb8526299,1860,1500,17.20845839998219,7.860284997462931,443,283792,1115343,2,coarse,486,4161,1347,824048,8,2.5.3,1398.3873934936528,1398.4037447042958,True,74.84809437686705,16351.210665364206,10.688225575423086,30776336,Windows-11-10.0.26300-SP0,3.14.7,True,837.0908596801758,20261002T093029Z,1.18.1,0,4161,4159,5520,4159,0.5049463138069628,99.49505368619303,0.028783899993868545,0.027894500002730638,0.024170399992726743,0.3360895999940112,1303,1137,9873.317578200349,533,519,33.74761296687852,2026-10-02T09:34:59+00:00,parallel,3,"block mean, streamed in bands, NaN-aware, any void -> void",p03,823.651691654381,228.25424421026653,1.134031042294011,0.9974781993627825,0.0071175047147692926,1.1073585459033481,1.107358850443413,0.02297680001356639,0.07208609449168522
X6,dem_whole_c10_d2,dem_whole_c10_d2__10km1__hag_cta_ring1__shared_border__climb_tiebreak__native,idrija_whole_c10,dem,hag_cta_ring1,shared_border,climb_tiebreak,native,10km1,10km,1.7164217999961693,10,height_tiebreak,485,20.0,60,18600,idrija_whole,60,15000,process,article_2_HAG_applications,True,6f060dbaf1c69bc25c1517ab2245b48bb8526299,1860,1500,17.20845839998219,7.860284997462931,443,283792,1115343,2,coarse,2892,11042,1215,824048,8,2.5.3,1284.7522433471681,1284.7670177454047,True,64.04581298828134,14774.398256692886,11.97689913900411,30769488,Windows-11-10.0.26300-SP0,3.14.7,True,837.0908596801758,20261002T093029Z,1.18.1,0,11042,11004,18431,11011,1.339970487156088,98.66002951284392,0.03575690000434406,0.03366899999673478,0.032547200011322275,0.27051320002647117,1303,1137,9873.317578200349,533,519,33.74761296687852,2026-10-02T09:34:59+00:00,parallel,3,"block mean, streamed in bands, NaN-aware, any void -> void",p03,228.62016681739428,230.0,1.0246719094503856,0.9972562518668481,0.01883169557136843,1.0173728558040251,1.0173729391428403,0.0827786999871023,0.08700879079989186
X6,dem_whole_c10_d2,dem_whole_c10_d2__10km2__full_grid__climb_tiebreak__native,idrija_whole_c10,dem,full_grid,,climb_tiebreak,native,10km2,10km,0.0,10,height_tiebreak,0,nan,60,18600,idrija_whole,60,15000,process,article_2_HAG_applications,True,6f060dbaf1c69bc25c1517ab2245b48bb8526299,1860,1500,17.20845839998219,7.860284997462931,443,283792,1115343,2,coarse,283792,824048,950,824048,8,2.5.3,1361.765944519042,1361.7776257087723,True,86.88604784690699,11681.189744953674,11.58615723819643,30875696,Windows-11-10.0.26300-SP0,3.14.7,True,837.0908596801758,20261002T093029Z,1.18.1,0,824048,661896,1250249,665738,100.0,0.0,0.5405456000007689,0.4298817999952007,0.38610969998990186,0.0,537,477,9605.7690998691,1159,1209,33.74761296687852,2026-10-02T09:34:59+00:00,parallel,3,"block mean, streamed in bands, NaN-aware, any void -> void",p03,,,,,,,,,
X6,dem_whole_c10_d2,dem_whole_c10_d2__10km2__hag_cta__shared_border__climb_tiebreak__native,idrija_whole_c10,dem,hag_cta,shared_border,climb_tiebreak,native,10km2,10km,1.7164217999961693,10,height_tiebreak,487,20.0,60,18600,idrija_whole,60,15000,process,article_2_HAG_applications,True,6f060dbaf1c69bc25c1517ab2245b48bb8526299,1860,1500,17.20845839998219,7.860284997462931,443,283792,1115343,2,coarse,488,4518,1642,824048,8,2.5.3,1632.0087307739288,1632.028574604341,True,170.05121383973201,19843.83043207296,10.6873028605009,30796200,Windows-11-10.0.26300-SP0,3.14.7,True,837.0908596801758,20261002T093029Z,1.18.1,0,4518,4510,5618,4518,0.5482690328718716,99.45173096712813,0.030258200014941394,0.028635499998927116,0.027864000003319234,0.2080439999990631,537,477,9605.7690998691,1159,1209,33.74761296687852,2026-10-02T09:34:59+00:00,parallel,3,"block mean, streamed in bands, NaN-aware, any void -> void",p03,97.95370034544932,2256.7454442182884,1.6987850437619663,0.9974252888096838,0.0068137592612736745,1.1984502456847186,1.1984545375056441,0.1932022999972105,0.06661249673572318
X6,dem_whole_c10_d2,dem_whole_c10_d2__10km2__hag_cta_ring1__shared_border__climb_tiebreak__native,idrija_whole_c10,dem,hag_cta_ring1,shared_border,climb_tiebreak,native,10km2,10km,1.7164217999961693,10,height_tiebreak,487,20.0,60,18600,idrija_whole,60,15000,process,article_2_HAG_applications,True,6f060dbaf1c69bc25c1517ab2245b48bb8526299,1860,1500,17.20845839998219,7.860284997462931,443,283792,1115343,2,coarse,2740,15171,1414,824048,8,2.5.3,1471.6864566040058,1471.703689063567,True,124.00957641601622,17232.459582174484,10.653852727271323,30783544,Windows-11-10.0.26300-SP0,3.14.7,True,837.0908596801758,20261002T093029Z,1.18.1,0,15171,15136,24879,15163,1.8410335320272606,98.15896646797275,0.05159380001714453,0.04304180000326596,0.030159199988702312,0.2636045999825001,537,477,9605.7690998691,1159,1209,33.74761296687852,2026-10-02T09:34:59+00:00,parallel,3,"block mean, streamed in bands, NaN-aware, any void -> void",p03,153.56691501410722,2088.276801575883,1.475231543911782,0.9970153871187227,0.022867640837835553,1.0807190931212385,1.0807224772088473,0.12323540000943467,0.10012473196991938
X6,dem_whole_c10_d2,dem_whole_c10_d2__10km3__full_grid__climb_tiebreak__native,idrija_whole_c10,dem,full_grid,,climb_tiebreak,native,10km3,10km,0.0,10,height_tiebreak,0,nan,60,18600,idrija_whole,60,15000,process,article_2_HAG_applications,True,6f060dbaf1c69bc25c1517ab2245b48bb8526299,1860,1500,17.20845839998219,7.860284997462931,443,283792,1115343,2,coarse,283792,824048,1434,824048,8,2.5.3,1537.020056457521,1537.0371492619624,True,85.65278320312586,17092.804461028543,12.153629704733364,30915688,Windows-11-10.0.26300-SP0,3.14.7,True,837.0908596801758,20261002T093029Z,1.18.1,0,824048,760329,1445772,762210,100.0,0.0,0.5328263000119478,0.5103179999860004,0.497417000005953,0.0,869,1277,11336.966084451342,177,379,33.74761296687852,2026-10-02T09:34:59+00:00,parallel,3,"block mean, streamed in bands, NaN-aware, any void -> void",p03,,,,,,,,,
X6,dem_whole_c10_d2,dem_whole_c10_d2__10km3__hag_cta__shared_border__climb_tiebreak__native,idrija_whole_c10,dem,hag_cta,shared_border,climb_tiebreak,native,10km3,10km,1.7164217999961693,10,height_tiebreak,535,20.0,60,18600,idrija_whole,60,15000,process,article_2_HAG_applications,True,6f060dbaf1c69bc25c1517ab2245b48bb8526299,1860,1500,17.20845839998219,7.860284997462931,443,283792,1115343,2,coarse,536,7969,1800,824048,8,2.5.3,1710.1358203125014,1710.157633503655,True,85.65278320312586,21813.19118070367,10.861472619301855,30808392,Windows-11-10.0.26300-SP0,3.14.7,True,837.0908596801758,20261002T093029Z,1.18.1,0,7969,7959,11523,7960,0.9670553171659904,99.03294468283401,0.027177700016181916,0.026198899984592572,0.024007400003029034,0.1966934000083711,869,1277,11336.966084451342,177,379,33.74761296687852,2026-10-02T09:34:59+00:00,parallel,3,"block mean, streamed in bands, NaN-aware, any void -> void",p03,65.84268630271004,590.0847396772772,1.2761622137805162,0.9965293995721525,0.010467836949531057,1.1126307774109159,1.1126325959817038,0.2874256999930367,0.05133838113746975
X6,dem_whole_c10_d2,dem_whole_c10_d2__10km3__hag_cta_ring1__shared_border__climb_tiebreak__native,idrija_whole_c10,dem,hag_cta_ring1,shared_border,climb_tiebreak,native,10km3,10km,1.7164217999961693,10,height_tiebreak,535,20.0,60,18600,idrija_whole,60,15000,process,article_2_HAG_applications,True,6f060dbaf1c69bc25c1517ab2245b48bb8526299,1860,1500,17.20845839998219,7.860284997462931,443,283792,1115343,2,coarse,3220,19518,1535,824048,8,2.5.3,1560.0731951904304,1560.091691497751,True,85.65278320312586,18496.307345282985,11.683171074554233,30795024,Windows-11-10.0.26300-SP0,3.14.7,True,837.0908596801758,20261002T093029Z,1.18.1,0,19518,19290,33604,19376,2.3685513465235033,97.6314486534765,0.03238450002390891,0.029957199993077666,0.029491699999198318,0.21137110001291148,869,1277,11336.966084451342,177,379,33.74761296687852,2026-10-02T09:34:59+00:00,parallel,3,"block mean, streamed in bands, NaN-aware, any void -> void",p03,70.35540840926133,547.4486277268397,1.0821107435853734,0.9960969977443167,0.025370596149824617,1.0149985933079115,1.014999339636559,0.2689896999800112,0.058703004781135465
X6,dem_whole_c10_d2,dem_whole_c10_d2__1km1__full_grid__climb_tiebreak__native,idrija_whole_c10,dem,full_grid,,climb_tiebreak,native,1km1,1km,0.0,10,height_tiebreak,0,nan,60,18600,idrija_whole,60,15000,process,article_2_HAG_applications,True,6f060dbaf1c69bc25c1517ab2245b48bb8526299,1860,1500,17.20845839998219,7.860284997462931,443,283792,1115343,2,coarse,283792,824048,133,824048,8,2.5.3,135.3263812255858,135.3279746065372,True,149.66711295792848,1593.380951166243,10.783385861430974,30727304,Windows-11-10.0.26300-SP0,3.14.7,True,837.0908596801758,20261002T093029Z,1.18.1,0,824048,29986,54798,30900,100.0,0.0,0.055286599992541596,0.0354751999839209,0.03024699998786673,0.0,239,519,973.2420048477151,223,423,33.74761296687852,2026-10-02T09:34:59+00:00,parallel,3,"block mean, streamed in bands, NaN-aware, any void -> void",p03,,,,,,,,,
X6,dem_whole_c10_d2,dem_whole_c10_d2__1km1__hag_cta__shared_border__climb_tiebreak__native,idrija_whole_c10,dem,hag_cta,shared_border,climb_tiebreak,native,1km1,1km,1.7164217999961693,10,height_tiebreak,42,20.0,60,18600,idrija_whole,60,15000,process,article_2_HAG_applications,True,6f060dbaf1c69bc25c1517ab2245b48bb8526299,1860,1500,17.20845839998219,7.860284997462931,443,283792,1115343,2,coarse,43,2067,188,824048,8,2.5.3,143.05489318847674,143.05709870146265,True,156.96943196333294,2205.512985522207,10.654283992812571,30703624,Windows-11-10.0.26300-SP0,3.14.7,True,837.0908596801758,20261002T093029Z,1.18.1,0,2067,2067,3328,2067,0.25083490282119486,99.7491650971788,0.0514911999925971,0.03099980001570657,0.02878900000359863,0.20124700001906604,239,519,973.2420048477151,223,423,33.74761296687852,2026-10-02T09:34:59+00:00,parallel,3,"block mean, streamed in bands, NaN-aware, any void -> void",p03,inf,311.1269837220809,1.3841718039292026,0.9992293498967563,0.06893216834522778,1.0571101650165882,1.0571140159113273,-0.1967716000508517,0.8738442638732747
X6,dem_whole_c10_d2,dem_whole_c10_d2__1km1__hag_cta_ring1__shared_border__climb_tiebreak__native,idrija_whole_c10,dem,hag_cta_ring1,shared_border,climb_tiebreak,native,1km1,1km,1.7164217999961693,10,height_tiebreak,42,20.0,60,18600,idrija_whole,60,15000,process,article_2_HAG_applications,True,6f060dbaf1c69bc25c1517ab2245b48bb8526299,1860,1500,17.20845839998219,7.860284997462931,443,283792,1115343,2,coarse,243,5162,181,824048,8,2.5.3,137.27963317871092,137.2817314124762,True,156.96943196333294,2098.2337649086285,10.751764778639876,30704656,Windows-11-10.0.26300-SP0,3.14.7,True,837.0908596801758,20261002T093029Z,1.18.1,0,5162,5114,8358,5136,0.6264198202046483,99.37358017979535,0.024576199997682124,0.022043599979951978,0.02175149999675341,0.29238609998719767,239,519,973.2420048477151,223,423,33.74761296687852,2026-10-02T09:34:59+00:00,parallel,3,"block mean, streamed in bands, NaN-aware, any void -> void",p03,inf,260.1922366251537,1.3168437612944153,0.9992629356613909,0.1705462549189622,1.0144336376649952,1.0144371983074416,-0.27895449998322874,0.6213805698049121
X6,dem_whole_c10_d2,dem_whole_c10_d2__1km2__full_grid__climb_tiebreak__native,idrija_whole_c10,dem,full_grid,,climb_tiebreak,native,1km2,1km,0.0,10,height_tiebreak,0,nan,60,18600,idrija_whole,60,15000,process,article_2_HAG_applications,True,6f060dbaf1c69bc25c1517ab2245b48bb8526299,1860,1500,17.20845839998219,7.860284997462931,443,283792,1115343,2,coarse,283792,824048,127,824048,8,2.5.3,206.47180603027346,206.4734056853949,True,125.74915271506009,1599.6551211459387,14.211864165352507,30716720,Windows-11-10.0.26300-SP0,3.14.7,True,837.0908596801758,20261002T093029Z,1.18.1,0,824048,20318,37549,20946,100.0,0.0,0.04650749999564141,0.028561499988427386,0.025472300010733306,0.0,535,203,1094.1663493271944,501,307,33.74761296687852,2026-10-02T09:34:59+00:00,parallel,3,"block mean, streamed in bands, NaN-aware, any void -> void",p03,,,,,,,,,
X6,dem_whole_c10_d2,dem_whole_c10_d2__1km2__hag_cta__shared_border__climb_tiebreak__native,idrija_whole_c10,dem,hag_cta,shared_border,climb_tiebreak,native,1km2,1km,1.7164217999961693,10,height_tiebreak,58,20.0,60,18600,idrija_whole,60,15000,process,article_2_HAG_applications,True,6f060dbaf1c69bc25c1517ab2245b48bb8526299,1860,1500,17.20845839998219,7.860284997462931,443,283792,1115343,2,coarse,59,225,142,824048,8,2.5.3,223.60707275390712,223.60880998262178,True,337.1939514160158,1737.228714274745,11.654822245683139,30698344,Windows-11-10.0.26300-SP0,3.14.7,True,837.0908596801758,20261002T093029Z,1.18.1,0,225,225,267,225,0.02730423470477448,99.97269576529523,0.022519599995575845,0.021243800001684576,0.019308699993416667,0.1888455000007525,535,203,1094.1663493271944,501,307,33.74761296687852,2026-10-02T09:34:59+00:00,parallel,3,"block mean, streamed in bands, NaN-aware, any void -> void",p03,inf,58.309518948453004,1.0860020333822038,0.999401759041981,0.011073924598877842,1.0829908308213338,1.082990854150661,-0.1815278000140097,0.7437914678953202
X6,dem_whole_c10_d2,dem_whole_c10_d2__1km2__hag_cta_ring1__shared_border__climb_tiebreak__native,idrija_whole_c10,dem,hag_cta_ring1,shared_border,climb_tiebreak,native,1km2,1km,1.7164217999961693,10,height_tiebreak,58,20.0,60,18600,idrija_whole,60,15000,process,article_2_HAG_applications,True,6f060dbaf1c69bc25c1517ab2245b48bb8526299,1860,1500,17.20845839998219,7.860284997462931,443,283792,1115343,2,coarse,282,967,138,824048,8,2.5.3,213.2731640625001,213.27486957548595,True,125.74915271506009,1705.5129855222071,11.577173313838186,30698904,Windows-11-10.0.26300-SP0,3.14.7,True,837.0908596801758,20261002T093029Z,1.18.1,0,967,958,1591,966,0.11734753315340854,99.8826524668466,0.02306419998058118,0.020842700003413484,0.020093099999940023,0.286864699999569,535,203,1094.1663493271944,501,307,33.74761296687852,2026-10-02T09:34:59+00:00,parallel,3,"block mean, streamed in bands, NaN-aware, any void -> void",p03,inf,58.309518948453004,1.0661754293015582,0.9994199901551989,0.04715031006988877,1.0329408560083473,1.032941113493592,-0.2791459000145551,0.729748087875587
X6,dem_whole_c10_d2,dem_whole_c10_d2__1km3__full_grid__climb_tiebreak__native,idrija_whole_c10,dem,full_grid,,climb_tiebreak,native,1km3,1km,0.0,10,height_tiebreak,0,nan,60,18600,idrija_whole,60,15000,process,article_2_HAG_applications,True,6f060dbaf1c69bc25c1517ab2245b48bb8526299,1860,1500,17.20845839998219,7.860284997462931,443,283792,1115343,2,coarse,283792,824048,118,824048,8,2.5.3,244.32994201660188,244.33138125541768,True,75.28225708007881,1439.2388155425124,11.835249738861208,30781032,Windows-11-10.0.26300-SP0,3.14.7,True,837.0908596801758,20261002T093029Z,1.18.1,0,824048,72335,140572,75403,100.0,0.0,0.10491080000065267,0.06768420001026243,0.060644099983619526,0.0,1391,1709,802.2468448052632,1471,1703,33.74761296687852,2026-10-02T09:34:59+00:00,parallel,3,"block mean, streamed in bands, NaN-aware, any void -> void",p03,,,,,,,,,
X6,dem_whole_c10_d2,dem_whole_c10_d2__1km3__hag_cta__shared_border__climb_tiebreak__native,idrija_whole_c10,dem,hag_cta,shared_border,climb_tiebreak,native,1km3,1km,1.7164217999961693,10,height_tiebreak,84,20.0,60,18600,idrija_whole,60,15000,process,article_2_HAG_applications,True,6f060dbaf1c69bc25c1517ab2245b48bb8526299,1860,1500,17.20845839998219,7.860284997462931,443,283792,1115343,2,coarse,85,345,133,824048,8,2.5.3,252.55366394043006,252.5552573213815,True,96.74563855195855,1593.3809511662425,10.904538010939682,30698176,Windows-11-10.0.26300-SP0,3.14.7,True,837.0908596801758,20261002T093029Z,1.18.1,0,345,345,392,345,0.041866493213987534,99.95813350678601,0.02425550000043586,0.024070600018603727,0.020169600000372157,0.3480435000092257,1391,1709,802.2468448052632,1471,1703,33.74761296687852,2026-10-02T09:34:59+00:00,parallel,3,"block mean, streamed in bands, NaN-aware, any void -> void",p03,inf,295.4657340538831,1.107099762707294,0.997308212408213,0.0047694753577106515,1.033658264950881,1.0336586975594706,-0.304429900017567,0.35563100420709837
X6,dem_whole_c10_d2,dem_whole_c10_d2__1km3__hag_cta_ring1__shared_border__climb_tiebreak__native,idrija_whole_c10,dem,hag_cta_ring1,shared_border,climb_tiebreak,native,1km3,1km,1.7164217999961693,10,height_tiebreak,84,20.0,60,18600,idrija_whole,60,15000,process,article_2_HAG_applications,True,6f060dbaf1c69bc25c1517ab2245b48bb8526299,1860,1500,17.20845839998219,7.860284997462931,443,283792,1115343,2,coarse,402,1038,92,824048,8,2.5.3,245.6089685058596,245.6100400491491,True,53.09194335937491,1071.543289325507,15.989357989535042,30697032,Windows-11-10.0.26300-SP0,3.14.7,True,837.0908596801758,20261002T093029Z,1.18.1,0,1038,1030,1545,1036,0.12596353610469294,99.87403646389531,0.03254309998010285,0.026897900010226294,0.01922690001083538,0.23142850000294857,1391,1709,802.2468448052632,1471,1703,33.74761296687852,2026-10-02T09:34:59+00:00,parallel,3,"block mean, streamed in bands, NaN-aware, any void -> void",p03,inf,326.49655434629017,0.7445208382054338,0.997271046662763,0.014239303241860787,1.0052348331878653,1.0052332974469405,-0.19064220000291243,0.3974029390337475
X6,dem_whole_c10_d2,dem_whole_c10_d2__20km1__full_grid__climb_tiebreak__native,idrija_whole_c10,dem,full_grid,,climb_tiebreak,native,20km1,20km,0.0,10,height_tiebreak,0,nan,60,18600,idrija_whole,60,15000,process,article_2_HAG_applications,True,6f060dbaf1c69bc25c1517ab2245b48bb8526299,1860,1500,17.20845839998219,7.860284997462931,443,283792,1115343,2,coarse,283792,824048,2133,824048,8,2.5.3,2114.508202209471,2114.5344182137555,True,348.4284460261192,26216.004307249987,14.152929954523483,30934160,Windows-11-10.0.26300-SP0,3.14.7,True,837.0908596801758,20261002T093029Z,1.18.1,0,824048,816010,1538967,817018,100.0,0.0,0.46698100000503473,0.4405886000022292,0.41254300001310185,0.0,313,31,20305.270251833637,1245,1835,33.74761296687852,2026-10-02T09:34:59+00:00,parallel,3,"block mean, streamed in bands, NaN-aware, any void -> void",p03,,,,,,,,,
X6,dem_whole_c10_d2,dem_whole_c10_d2__20km1__hag_cta__shared_border__climb_tiebreak__native,idrija_whole_c10,dem,hag_cta,shared_border,climb_tiebreak,native,20km1,20km,1.7164217999961693,10,height_tiebreak,743,20.0,60,18600,idrija_whole,60,15000,process,article_2_HAG_applications,True,6f060dbaf1c69bc25c1517ab2245b48bb8526299,1860,1500,17.20845839998219,7.860284997462931,443,283792,1115343,2,coarse,744,11414,2507,824048,8,2.5.3,2307.2789538574216,2307.309680298936,True,319.19876040996587,30726.44153326394,10.717886770747544,30853824,Windows-11-10.0.26300-SP0,3.14.7,True,837.0908596801758,20261002T093029Z,1.18.1,0,11414,11414,16748,11414,1.3851134885346486,98.61488651146534,0.04219349997583777,0.042189400002826005,0.032484800001839176,0.209328099997947,313,31,20305.270251833637,1245,1835,33.74761296687852,2026-10-02T09:34:59+00:00,parallel,3,"block mean, streamed in bands, NaN-aware, any void -> void",p03,100.09398686437325,616.1980201201559,1.1720489962219987,0.9974030004370573,0.013987573681695077,1.091165762065393,1.091166764855985,0.18907110000145622,0.09575690338472793
X6,dem_whole_c10_d2,dem_whole_c10_d2__20km1__hag_cta_ring1__shared_border__climb_tiebreak__native,idrija_whole_c10,dem,hag_cta_ring1,shared_border,climb_tiebreak,native,20km1,20km,1.7164217999961693,10,height_tiebreak,743,20.0,60,18600,idrija_whole,60,15000,process,article_2_HAG_applications,True,6f060dbaf1c69bc25c1517ab2245b48bb8526299,1860,1500,17.20845839998219,7.860284997462931,443,283792,1115343,2,coarse,4826,26194,2256,824048,8,2.5.3,2145.643367309569,2145.6710162785002,True,319.19876040996587,27648.9689528128,11.655286991498006,30842600,Windows-11-10.0.26300-SP0,3.14.7,True,837.0908596801758,20261002T093029Z,1.18.1,0,26194,26151,45553,26169,3.178698328252723,96.82130167174728,0.061924200010253116,0.046998499979963526,0.04518469999311492,0.26969040001858957,313,31,20305.270251833637,1245,1835,33.74761296687852,2026-10-02T09:34:59+00:00,parallel,3,"block mean, streamed in bands, NaN-aware, any void -> void",p03,152.743551432464,524.7856705360771,1.0546599179939304,0.9970401653059272,0.03204740137988505,1.0147245421264217,1.0147250372453371,0.12389970000367612,0.10667207453784718
X6,dem_whole_c10_d2,dem_whole_c10_d2__20km2__full_grid__climb_tiebreak__native,idrija_whole_c10,dem,full_grid,,climb_tiebreak,native,20km2,20km,0.0,10,height_tiebreak,0,nan,60,18600,idrija_whole,60,15000,process,article_2_HAG_applications,True,6f060dbaf1c69bc25c1517ab2245b48bb8526299,1860,1500,17.20845839998219,7.860284997462931,443,283792,1115343,2,coarse,283792,824048,1871,824048,8,2.5.3,1393.0646278381334,1393.0876936490417,True,86.88604784690699,23065.81094741243,14.17182260843088,30899760,Windows-11-10.0.26300-SP0,3.14.7,True,837.0908596801758,20261002T093029Z,1.18.1,0,824048,609226,1146299,611986,100.0,0.0,0.4892604000051506,0.4537782999977935,0.44453859998611733,0.0,1259,1741,18646.179233290663,179,221,33.74761296687852,2026-10-02T09:34:59+00:00,parallel,3,"block mean, streamed in bands, NaN-aware, any void -> void",p03,,,,,,,,,
X6,dem_whole_c10_d2,dem_whole_c10_d2__20km2__hag_cta__shared_border__climb_tiebreak__native,idrija_whole_c10,dem,hag_cta,shared_border,climb_tiebreak,native,20km2,20km,1.7164217999961693,10,height_tiebreak,526,20.0,60,18600,idrija_whole,60,15000,process,article_2_HAG_applications,True,6f060dbaf1c69bc25c1517ab2245b48bb8526299,1860,1500,17.20845839998219,7.860284997462931,443,283792,1115343,2,coarse,527,10656,2165,824048,8,2.5.3,1554.879651336669,1554.9062287622917,True,74.84809437686705,26577.425663487295,10.844741893225486,30831760,Windows-11-10.0.26300-SP0,3.14.7,True,837.0908596801758,20261002T093029Z,1.18.1,0,10656,10656,15717,10656,1.2931285556181193,98.70687144438189,0.035267600003862754,0.034806500014383346,0.03317050001351163,0.24761299998499453,1259,1741,18646.179233290663,179,221,33.74761296687852,2026-10-02T09:34:59+00:00,parallel,3,"block mean, streamed in bands, NaN-aware, any void -> void",p03,110.44008361492575,608.3584469702053,1.1522432800685383,0.9977993356582705,0.017491046015764265,1.116157585416301,1.1161581828990133,0.17135879999841563,0.07670375602921645
X6,dem_whole_c10_d2,dem_whole_c10_d2__20km2__hag_cta_ring1__shared_border__climb_tiebreak__native,idrija_whole_c10,dem,hag_cta_ring1,shared_border,climb_tiebreak,native,20km2,20km,1.7164217999961693,10,height_tiebreak,526,20.0,60,18600,idrija_whole,60,15000,process,article_2_HAG_applications,True,6f060dbaf1c69bc25c1517ab2245b48bb8526299,1860,1500,17.20845839998219,7.860284997462931,443,283792,1115343,2,coarse,3910,23161,2003,824048,8,2.5.3,1420.9910633850086,1421.0156065970677,True,64.04581298828134,24543.212101114204,11.676781907239778,30826064,Windows-11-10.0.26300-SP0,3.14.7,True,837.0908596801758,20261002T093029Z,1.18.1,0,23161,23150,40363,23160,2.810637244432363,97.18936275556763,0.042596799990860745,0.036322400002973154,0.0346535999851767,0.21596850000787526,1259,1741,18646.179233290663,179,221,33.74761296687852,2026-10-02T09:34:59+00:00,parallel,3,"block mean, streamed in bands, NaN-aware, any void -> void",p03,93.92587427900978,544.0588203494177,1.0640515591266264,0.9976149976569397,0.03799903484092931,1.0200467623603462,1.0200474909622321,0.2014873999869451,0.08004437409887112
X6,dem_whole_c10_d2,dem_whole_c10_d2__20km3__full_grid__climb_tiebreak__native,idrija_whole_c10,dem,full_grid,,climb_tiebreak,native,20km3,20km,0.0,10,height_tiebreak,0,nan,60,18600,idrija_whole,60,15000,process,article_2_HAG_applications,True,6f060dbaf1c69bc25c1517ab2245b48bb8526299,1860,1500,17.20845839998219,7.860284997462931,443,283792,1115343,2,coarse,283792,824048,1762,824048,8,2.5.3,1788.920349426268,1788.941931734311,True,92.93787457744138,21582.308063157983,14.144870214136175,30909512,Windows-11-10.0.26300-SP0,3.14.7,True,837.0908596801758,20261002T093029Z,1.18.1,0,824048,775732,1474977,778169,100.0,0.0,0.6512029999867082,0.4497434000077192,0.4047490000084508,0.0,481,251,17071.39127312124,1349,1721,33.74761296687852,2026-10-02T09:34:59+00:00,parallel,3,"block mean, streamed in bands, NaN-aware, any void -> void",p03,,,,,,,,,
X6,dem_whole_c10_d2,dem_whole_c10_d2__20km3__hag_cta__shared_border__climb_tiebreak__native,idrija_whole_c10,dem,hag_cta,shared_border,climb_tiebreak,native,20km3,20km,1.7164217999961693,10,height_tiebreak,653,20.0,60,18600,idrija_whole,60,15000,process,article_2_HAG_applications,True,6f060dbaf1c69bc25c1517ab2245b48bb8526299,1860,1500,17.20845839998219,7.860284997462931,443,283792,1115343,2,coarse,654,9202,2139,824048,8,2.5.3,1969.448440856933,1969.4745925971545,True,88.94059355595438,26151.74023853806,10.706104073508055,30829440,Windows-11-10.0.26300-SP0,3.14.7,True,837.0908596801758,20261002T093029Z,1.18.1,0,9202,9199,13194,9199,1.1166825233481545,98.88331747665184,0.04008439998142421,0.033591699990211055,0.03292520000832155,0.27161250001518056,481,251,17071.39127312124,1349,1721,33.74761296687852,2026-10-02T09:34:59+00:00,parallel,3,"block mean, streamed in bands, NaN-aware, any void -> void",p03,130.93250965602138,679.5586803212802,1.2117212006245204,0.9974094705862713,0.011858476896660187,1.1009145496548032,1.1009158864579935,0.14453920000232756,0.0746908125603055
X6,dem_whole_c10_d2,dem_whole_c10_d2__20km3__hag_cta_ring1__shared_border__climb_tiebreak__native,idrija_whole_c10,dem,hag_cta_ring1,shared_border,climb_tiebreak,native,20km3,20km,1.7164217999961693,10,height_tiebreak,653,20.0,60,18600,idrija_whole,60,15000,process,article_2_HAG_applications,True,6f060dbaf1c69bc25c1517ab2245b48bb8526299,1860,1500,17.20845839998219,7.860284997462931,443,283792,1115343,2,coarse,4275,22129,1914,824048,8,2.5.3,1826.1312857055655,1826.1546613945584,True,107.31094202275195,23375.68901432423,11.582551812353577,30820056,Windows-11-10.0.26300-SP0,3.14.7,True,837.0908596801758,20261002T093029Z,1.18.1,0,22129,22109,37776,22113,2.685401821253131,97.31459817874686,0.031832899985602126,0.031812399975024164,0.030375499976798892,0.23967280000215396,481,251,17071.39127312124,1349,1721,33.74761296687852,2026-10-02T09:34:59+00:00,parallel,3,"block mean, streamed in bands, NaN-aware, any void -> void",p03,106.16555197312637,667.6076692189807,1.0830949565689703,0.9971058747223185,0.028500822448990114,1.0208007786882358,1.0208015302230469,0.17825820003054105,0.07073455658154884
X6,dem_whole_c10_d2,dem_whole_c10_d2__2km1__full_grid__climb_tiebreak__native,idrija_whole_c10,dem,full_grid,,climb_tiebreak,native,2km1,2km,0.0,10,height_tiebreak,0,nan,60,18600,idrija_whole,60,15000,process,article_2_HAG_applications,True,6f060dbaf1c69bc25c1517ab2245b48bb8526299,1860,1500,17.20845839998219,7.860284997462931,443,283792,1115343,2,coarse,283792,824048,218,824048,8,2.5.3,376.30215103149476,376.30484708271825,True,90.26964416503915,2696.051224213831,10.859946123332627,30734328,Windows-11-10.0.26300-SP0,3.14.7,True,837.0908596801758,20261002T093029Z,1.18.1,0,824048,59117,112962,60131,100.0,0.0,0.06207059998996556,0.04785329999867827,0.04307740001240745,0.0,553,279,2008.4820138602188,395,403,33.74761296687852,2026-10-02T09:34:59+00:00,parallel,3,"block mean, streamed in bands, NaN-aware, any void -> void",p03,,,,,,,,,
X6,dem_whole_c10_d2,dem_whole_c10_d2__2km1__hag_cta__shared_border__climb_tiebreak__native,idrija_whole_c10,dem,hag_cta,shared_border,climb_tiebreak,native,2km1,2km,1.7164217999961693,10,height_tiebreak,113,20.0,60,18600,idrija_whole,60,15000,process,article_2_HAG_applications,True,6f060dbaf1c69bc25c1517ab2245b48bb8526299,1860,1500,17.20845839998219,7.860284997462931,443,283792,1115343,2,coarse,114,1165,263,824048,8,2.5.3,410.8670903015133,410.87029848477135,True,87.50669977555006,3208.1832585697953,10.655281522187817,30706848,Windows-11-10.0.26300-SP0,3.14.7,True,837.0908596801758,20261002T093029Z,1.18.1,0,1165,667,824,677,0.1413752596936101,99.8586247403064,0.029359200008912012,0.022288399981334805,0.0190223999961745,0.24374320000060834,553,279,2008.4820138602188,395,403,33.74761296687852,2026-10-02T09:34:59+00:00,parallel,3,"block mean, streamed in bands, NaN-aware, any void -> void",p03,inf,347.1310991541956,1.189956344210523,0.9991058857704649,0.011282710557030973,1.0918542165525003,1.0918549194091434,-0.21817829998326488,0.46576516106413607
X6,dem_whole_c10_d2,dem_whole_c10_d2__2km1__hag_cta_ring1__shared_border__climb_tiebreak__native,idrija_whole_c10,dem,hag_cta_ring1,shared_border,climb_tiebreak,native,2km1,2km,1.7164217999961693,10,height_tiebreak,113,20.0,60,18600,idrija_whole,60,15000,process,article_2_HAG_applications,True,6f060dbaf1c69bc25c1517ab2245b48bb8526299,1860,1500,17.20845839998219,7.860284997462931,443,283792,1115343,2,coarse,620,4823,208,824048,8,2.5.3,385.82546218872085,385.82794226014687,True,75.57988586425779,2480.0714267493645,12.061426946676345,30706040,Windows-11-10.0.26300-SP0,3.14.7,True,837.0908596801758,20261002T093029Z,1.18.1,0,4823,2199,3704,2318,0.5852814399161214,99.41471856008388,0.027879700006451458,0.019979800010332838,0.019164199999067932,0.2148970999987796,553,279,2008.4820138602188,395,403,33.74761296687852,2026-10-02T09:34:59+00:00,parallel,3,"block mean, streamed in bands, NaN-aware, any void -> void",p03,inf,290.68883707497264,0.9198903212503143,0.9990795959488686,0.03719742206133599,1.0253076181763017,1.0253068629098345,-0.18702360001043417,0.4175218848205806
X6,dem_whole_c10_d2,dem_whole_c10_d2__2km2__full_grid__climb_tiebreak__native,idrija_whole_c10,dem,full_grid,,climb_tiebreak,native,2km2,2km,0.0,10,height_tiebreak,0,nan,60,18600,idrija_whole,60,15000,process,article_2_HAG_applications,True,6f060dbaf1c69bc25c1517ab2245b48bb8526299,1860,1500,17.20845839998219,7.860284997462931,443,283792,1115343,2,coarse,283792,824048,180,824048,8,2.5.3,227.83339050292966,227.8355574372719,True,111.29079589843741,2166.9343417595164,11.651720947685863,30729464,Windows-11-10.0.26300-SP0,3.14.7,True,837.0908596801758,20261002T093029Z,1.18.1,0,824048,28533,53787,29515,100.0,0.0,0.03446560000884347,0.03193470000405796,0.03098940002382733,0.0,571,543,1519.2103211866354,713,597,33.74761296687852,2026-10-02T09:34:59+00:00,parallel,3,"block mean, streamed in bands, NaN-aware, any void -> void",p03,,,,,,,,,
X6,dem_whole_c10_d2,dem_whole_c10_d2__2km2__hag_cta__shared_border__climb_tiebreak__native,idrija_whole_c10,dem,hag_cta,shared_border,climb_tiebreak,native,2km2,2km,1.7164217999961693,10,height_tiebreak,71,20.0,60,18600,idrija_whole,60,15000,process,article_2_HAG_applications,True,6f060dbaf1c69bc25c1517ab2245b48bb8526299,1860,1500,17.20845839998219,7.860284997462931,443,283792,1115343,2,coarse,72,628,236,824048,8,2.5.3,261.2602642822271,261.26315690199436,True,157.05952506670982,2892.6197667087554,11.598445408939643,30705080,Windows-11-10.0.26300-SP0,3.14.7,True,837.0908596801758,20261002T093029Z,1.18.1,0,628,627,748,628,0.07620915286488165,99.92379084713512,0.021418799995444715,0.020821300015086308,0.01957770000444725,0.20504570001503453,571,543,1519.2103211866354,713,597,33.74761296687852,2026-10-02T09:34:59+00:00,parallel,3,"block mean, streamed in bands, NaN-aware, any void -> void",p03,inf,440.45431091090484,1.3348903614495278,0.9992064944575668,0.021974555777520766,1.1467163074978144,1.1467180972132756,-0.19393230002606288,0.6519961049404107
X6,dem_whole_c10_d2,dem_whole_c10_d2__2km2__hag_cta_ring1__shared_border__climb_tiebreak__native,idrija_whole_c10,dem,hag_cta_ring1,shared_border,climb_tiebreak,native,2km2,2km,1.7164217999961693,10,height_tiebreak,71,20.0,60,18600,idrija_whole,60,15000,process,article_2_HAG_applications,True,6f060dbaf1c69bc25c1517ab2245b48bb8526299,1860,1500,17.20845839998219,7.860284997462931,443,283792,1115343,2,coarse,461,2350,223,824048,8,2.5.3,241.94679626464858,241.94955474228024,True,110.30795898437418,2758.4776310850248,11.72327803837104,30705040,Windows-11-10.0.26300-SP0,3.14.7,True,837.0908596801758,20261002T093029Z,1.18.1,0,2350,2251,3616,2277,0.28517756247208903,99.7148224375279,0.035759500024141744,0.022321199998259544,0.020032500004163012,0.24561320000793785,571,543,1519.2103211866354,713,597,33.74761296687852,2026-10-02T09:34:59+00:00,parallel,3,"block mean, streamed in bands, NaN-aware, any void -> void",p03,inf,433.82023926967724,1.27298625432517,0.9992051927752466,0.07889110854098763,1.0619461692184993,1.061948176411815,-0.23599970000213943,0.6989638229080961
X6,dem_whole_c10_d2,dem_whole_c10_d2__2km3__full_grid__climb_tiebreak__native,idrija_whole_c10,dem,full_grid,,climb_tiebreak,native,2km3,2km,0.0,10,height_tiebreak,0,nan,60,18600,idrija_whole,60,15000,process,article_2_HAG_applications,True,6f060dbaf1c69bc25c1517ab2245b48bb8526299,1860,1500,17.20845839998219,7.860284997462931,443,283792,1115343,2,coarse,283792,824048,218,824048,8,2.5.3,304.35602081298913,304.3587002956709,True,98.2258972167972,2679.4826817189073,11.632149536647894,30749720,Windows-11-10.0.26300-SP0,3.14.7,True,837.0908596801758,20261002T093029Z,1.18.1,0,824048,59844,112192,61408,100.0,0.0,0.046939399995608255,0.04606190000777133,0.0426551999989897,0.0,1407,1533,2069.2993983471797,1295,1359,33.74761296687852,2026-10-02T09:34:59+00:00,parallel,3,"block mean, streamed in bands, NaN-aware, any void -> void",p03,,,,,,,,,
X6,dem_whole_c10_d2,dem_whole_c10_d2__2km3__hag_cta__shared_border__climb_tiebreak__native,idrija_whole_c10,dem,hag_cta,shared_border,climb_tiebreak,native,2km3,2km,1.7164217999961693,10,height_tiebreak,98,20.0,60,18600,idrija_whole,60,15000,process,article_2_HAG_applications,True,6f060dbaf1c69bc25c1517ab2245b48bb8526299,1860,1500,17.20845839998219,7.860284997462931,443,283792,1115343,2,coarse,99,1079,261,824048,8,2.5.3,344.59739349365253,344.6005402555541,True,118.38828735351626,3146.761902332486,10.655856760959155,30706368,Windows-11-10.0.26300-SP0,3.14.7,True,837.0908596801758,20261002T093029Z,1.18.1,0,1079,1060,1350,1071,0.13093897442867405,99.86906102557133,0.03223809998598881,0.022341399977449328,0.022277799987932667,0.21611330000450835,1407,1533,2069.2993983471797,1295,1359,33.74761296687852,2026-10-02T09:34:59+00:00,parallel,3,"block mean, streamed in bands, NaN-aware, any void -> void",p03,inf,127.27922061357856,1.174391580808358,0.998590166024276,0.017712719737985428,1.1322180930515897,1.1322184643343203,-0.19239279997418635,0.48502992654840554
X6,dem_whole_c10_d2,dem_whole_c10_d2__2km3__hag_cta_ring1__shared_border__climb_tiebreak__native,idrija_whole_c10,dem,hag_cta_ring1,shared_border,climb_tiebreak,native,2km3,2km,1.7164217999961693,10,height_tiebreak,98,20.0,60,18600,idrija_whole,60,15000,process,article_2_HAG_applications,True,6f060dbaf1c69bc25c1517ab2245b48bb8526299,1860,1500,17.20845839998219,7.860284997462931,443,283792,1115343,2,coarse,550,3439,221,824048,8,2.5.3,312.69638885498097,312.6990859112556,True,98.2258972167972,2697.056274847715,11.718490617004326,30705056,Windows-11-10.0.26300-SP0,3.14.7,True,837.0908596801758,20261002T093029Z,1.18.1,0,3439,3283,5403,3315,0.4173300584431975,99.5826699415568,0.03908129999763332,0.026711399987107143,0.023500499984947965,0.2177623999887146,1407,1533,2069.2993983471797,1295,1359,33.74761296687852,2026-10-02T09:34:59+00:00,parallel,3,"block mean, streamed in bands, NaN-aware, any void -> void",p03,inf,76.15773105863909,1.0065585768658651,0.9985474989690963,0.054859300848873735,1.0274033285745858,1.0274031450636452,-0.19841189996805042,0.5799022615784527
X6,dem_whole_c10_d2,dem_whole_c10_d2__5km1__full_grid__climb_tiebreak__native,idrija_whole_c10,dem,full_grid,,climb_tiebreak,native,5km1,5km,0.0,10,height_tiebreak,0,nan,60,18600,idrija_whole,60,15000,process,article_2_HAG_applications,True,6f060dbaf1c69bc25c1517ab2245b48bb8526299,1860,1500,17.20845839998219,7.860284997462931,443,283792,1115343,2,coarse,283792,824048,450,824048,8,2.5.3,490.5014083862299,490.50668953413157,True,62.19410400390643,5281.147904132613,14.162708447759808,30852120,Windows-11-10.0.26300-SP0,3.14.7,True,837.0908596801758,20261002T093029Z,1.18.1,0,824048,349405,640345,352113,100.0,0.0,0.23393119999673218,0.22008739999728277,0.20665149998967536,0.0,1299,1543,4230.791888051219,1135,1153,33.74761296687852,2026-10-02T09:34:59+00:00,parallel,3,"block mean, streamed in bands, NaN-aware, any void -> void",p03,,,,,,,,,
X6,dem_whole_c10_d2,dem_whole_c10_d2__5km1__hag_cta__shared_border__climb_tiebreak__native,idrija_whole_c10,dem,hag_cta,shared_border,climb_tiebreak,native,5km1,5km,1.7164217999961693,10,height_tiebreak,185,20.0,60,18600,idrija_whole,60,15000,process,article_2_HAG_applications,True,6f060dbaf1c69bc25c1517ab2245b48bb8526299,1860,1500,17.20845839998219,7.860284997462931,443,283792,1115343,2,coarse,186,3243,672,824048,8,2.5.3,600.0070956420905,600.0152926687718,True,71.96612497473188,8197.026688919412,10.658474695033718,30734568,Windows-11-10.0.26300-SP0,3.14.7,True,837.0908596801758,20261002T093029Z,1.18.1,0,3243,3233,4403,3236,0.39354503621148285,99.60645496378852,0.031104299996513873,0.026716899999883026,0.02166099997702986,0.23688740000943653,1299,1543,4230.791888051219,1135,1153,33.74761296687852,2026-10-02T09:34:59+00:00,parallel,3,"block mean, streamed in bands, NaN-aware, any void -> void",p03,inf,784.4743462982075,1.5521297334818176,0.9961898242325,0.00925287274080222,1.2232525439960282,1.2232560849244447,-0.043516900012036785,0.12139222872464701
X6,dem_whole_c10_d2,dem_whole_c10_d2__5km1__hag_cta_ring1__shared_border__climb_tiebreak__native,idrija_whole_c10,dem,hag_cta_ring1,shared_border,climb_tiebreak,native,5km1,5km,1.7164217999961693,10,height_tiebreak,185,20.0,60,18600,idrija_whole,60,15000,process,article_2_HAG_applications,True,6f060dbaf1c69bc25c1517ab2245b48bb8526299,1860,1500,17.20845839998219,7.860284997462931,443,283792,1115343,2,coarse,1170,9924,552,824048,8,2.5.3,528.994209899902,529.0009418299074,True,109.36396484374995,6731.93000900063,11.60939009039352,30728360,Windows-11-10.0.26300-SP0,3.14.7,True,837.0908596801758,20261002T093029Z,1.18.1,0,9924,9806,15928,9832,1.2042987787119197,98.79570122128808,0.0528475999890361,0.05012139998143539,0.03432690000045113,0.25684499999624677,1299,1543,4230.791888051219,1135,1153,33.74761296687852,2026-10-02T09:34:59+00:00,parallel,3,"block mean, streamed in bands, NaN-aware, any void -> void",p03,inf,760.2631123499285,1.274709614501186,0.9959886062935059,0.02806485310742548,1.0784764342274062,1.0784785470149991,-0.08687899998039939,0.2277340728367648
X6,dem_whole_c10_d2,dem_whole_c10_d2__5km2__full_grid__climb_tiebreak__native,idrija_whole_c10,dem,full_grid,,climb_tiebreak,native,5km2,5km,0.0,10,height_tiebreak,0,nan,60,18600,idrija_whole,60,15000,process,article_2_HAG_applications,True,6f060dbaf1c69bc25c1517ab2245b48bb8526299,1860,1500,17.20845839998219,7.860284997462931,443,283792,1115343,2,coarse,283792,824048,522,824048,8,2.5.3,558.4432730102541,558.449622097547,True,384.99601098900735,6349.087296526013,14.153226893929071,30804472,Windows-11-10.0.26300-SP0,3.14.7,True,837.0908596801758,20261002T093029Z,1.18.1,0,824048,168063,330651,170983,100.0,0.0,0.21268810000037774,0.11900890001561493,0.11508089999551885,0.0,305,537,5014.618629566959,735,795,33.74761296687852,2026-10-02T09:34:59+00:00,parallel,3,"block mean, streamed in bands, NaN-aware, any void -> void",p03,,,,,,,,,
X6,dem_whole_c10_d2,dem_whole_c10_d2__5km2__hag_cta__shared_border__climb_tiebreak__native,idrija_whole_c10,dem,hag_cta,shared_border,climb_tiebreak,native,5km2,5km,1.7164217999961693,10,height_tiebreak,169,20.0,60,18600,idrija_whole,60,15000,process,article_2_HAG_applications,True,6f060dbaf1c69bc25c1517ab2245b48bb8526299,1860,1500,17.20845839998219,7.860284997462931,443,283792,1115343,2,coarse,170,2704,576,824048,8,2.5.3,616.0139642333984,616.0209610162157,True,432.7644468849989,6996.782822743016,10.672700686887765,30727112,Windows-11-10.0.26300-SP0,3.14.7,True,837.0908596801758,20261002T093029Z,1.18.1,0,2704,2703,3819,2704,0.32813622507426754,99.67186377492573,0.03728489999775775,0.033456900011515245,0.025809899991145357,0.23634519998449832,305,537,5014.618629566959,735,795,33.74761296687852,2026-10-02T09:34:59+00:00,parallel,3,"block mean, streamed in bands, NaN-aware, any void -> void",p03,inf,210.95023109728987,1.1020139582222155,0.9974886763194643,0.01608325449385052,1.1030913863691347,1.1030913741197095,-0.15079319998039864,0.28112939458414815
X6,dem_whole_c10_d2,dem_whole_c10_d2__5km2__hag_cta_ring1__shared_border__climb_tiebreak__native,idrija_whole_c10,dem,hag_cta_ring1,shared_border,climb_tiebreak,native,5km2,5km,1.7164217999961693,10,height_tiebreak,169,20.0,60,18600,idrija_whole,60,15000,process,article_2_HAG_applications,True,6f060dbaf1c69bc25c1517ab2245b48bb8526299,1860,1500,17.20845839998219,7.860284997462931,443,283792,1115343,2,coarse,1130,6410,520,824048,8,2.5.3,568.1692855834963,568.1755898179755,True,432.7644468849989,6304.234482783627,14.152164168496054,30724856,Windows-11-10.0.26300-SP0,3.14.7,True,837.0908596801758,20261002T093029Z,1.18.1,0,6410,6393,10769,6400,0.777867308700464,99.22213269129954,0.026503700006287545,0.022592699999222532,0.02215149998664856,0.30037920002359897,305,537,5014.618629566959,735,795,33.74761296687852,2026-10-02T09:34:59+00:00,parallel,3,"block mean, streamed in bands, NaN-aware, any void -> void",p03,inf,200.9975124224178,0.9929355493714934,0.9974154401997216,0.038039306688563215,1.0174162946234713,1.0174160162986547,-0.20396300000720657,0.18984042366796255
X6,dem_whole_c10_d2,dem_whole_c10_d2__5km3__full_grid__climb_tiebreak__native,idrija_whole_c10,dem,full_grid,,climb_tiebreak,native,5km3,5km,0.0,10,height_tiebreak,0,nan,60,18600,idrija_whole,60,15000,process,article_2_HAG_applications,True,6f060dbaf1c69bc25c1517ab2245b48bb8526299,1860,1500,17.20845839998219,7.860284997462931,443,283792,1115343,2,coarse,283792,824048,669,824048,8,2.5.3,533.9874829101556,533.9955215306381,True,97.51311035156277,8038.620484583753,11.725568905895019,30835552,Windows-11-10.0.26300-SP0,3.14.7,True,837.0908596801758,20261002T093029Z,1.18.1,0,824048,288845,530838,291246,100.0,0.0,0.22900830002618022,0.17046520000440069,0.1604038999939803,0.0,1209,1653,5259.3535724459525,977,1181,33.74761296687852,2026-10-02T09:34:59+00:00,parallel,3,"block mean, streamed in bands, NaN-aware, any void -> void",p03,,,,,,,,,
X6,dem_whole_c10_d2,dem_whole_c10_d2__5km3__hag_cta__shared_border__climb_tiebreak__native,idrija_whole_c10,dem,hag_cta,shared_border,climb_tiebreak,native,5km3,5km,1.7164217999961693,10,height_tiebreak,193,20.0,60,18600,idrija_whole,60,15000,process,article_2_HAG_applications,True,6f060dbaf1c69bc25c1517ab2245b48bb8526299,1860,1500,17.20845839998219,7.860284997462931,443,283792,1115343,2,coarse,194,3527,803,824048,8,2.5.3,588.7124163818353,588.7222175001498,True,74.22307482088938,9801.11831820431,10.875379642816151,30742432,Windows-11-10.0.26300-SP0,3.14.7,True,837.0908596801758,20261002T093029Z,1.18.1,0,3527,3527,5072,3527,0.4280090480166204,99.57199095198338,0.04910679999738932,0.040297499974258244,0.03198339999653399,0.40304550001746975,1209,1653,5259.3535724459525,977,1181,33.74761296687852,2026-10-02T09:34:59+00:00,parallel,3,"block mean, streamed in bands, NaN-aware, any void -> void",p03,inf,520.0,1.2192537683549842,0.99698010919344,0.012210701241150097,1.1024835510627264,1.1024853088891902,-0.2728777999873273,0.23639722344043204
X6,dem_whole_c10_d2,dem_whole_c10_d2__5km3__hag_cta_ring1__shared_border__climb_tiebreak__native,idrija_whole_c10,dem,hag_cta_ring1,shared_border,climb_tiebreak,native,5km3,5km,1.7164217999961693,10,height_tiebreak,193,20.0,60,18600,idrija_whole,60,15000,process,article_2_HAG_applications,True,6f060dbaf1c69bc25c1517ab2245b48bb8526299,1860,1500,17.20845839998219,7.860284997462931,443,283792,1115343,2,coarse,1487,7974,777,824048,8,2.5.3,539.614913940429,539.6242562362346,True,59.244366455078534,9342.295808265224,11.713953342585647,30742832,Windows-11-10.0.26300-SP0,3.14.7,True,837.0908596801758,20261002T093029Z,1.18.1,0,7974,7959,13643,7967,0.9676620779372075,99.0323379220628,0.0478622000082396,0.04560189999756403,0.03663149999920279,0.3171705999993719,1209,1653,5259.3535724459525,977,1181,33.74761296687852,2026-10-02T09:34:59+00:00,parallel,3,"block mean, streamed in bands, NaN-aware, any void -> void",p03,inf,470.0,1.1621764985897298,0.9969930812329871,0.02755457079056241,1.0105385073814928,1.0105407900977565,-0.19230729999253526,0.267514425210464
X6,dem_whole_c10_d3,dem_whole_c10_d3__10km1__full_grid__climb_tiebreak__native,idrija_whole_c10,dem,full_grid,,climb_tiebreak,native,10km1,10km,0.0,10,height_tiebreak,0,nan,60,18600,idrija_whole,60,15000,process,article_2_HAG_applications,True,6f060dbaf1c69bc25c1517ab2245b48bb8526299,1860,1500,13.636352700006682,7.7556495893270405,309,176296,683645,3,coarse,176296,824048,1167,824048,8,2.5.3,1262.8135653686516,1262.8279840309592,True,86.88604784690699,14418.662325404812,14.164795272698894,30854400,Windows-11-10.0.26300-SP0,3.14.7,True,837.0908596801758,20261002T093029Z,1.18.1,0,824048,584334,1081114,586239,100.0,0.0,0.359008300001733,0.3487484999932349,0.33080820000031963,0.0,1303,1137,9873.317578200349,533,519,33.74761296687852,2026-10-02T09:35:09+00:00,parallel,3,"block mean, streamed in bands, NaN-aware, any void -> void",p08,,,,,,,,,
X6,dem_whole_c10_d3,dem_whole_c10_d3__10km1__hag_cta__shared_border__climb_tiebreak__native,idrija_whole_c10,dem,hag_cta,shared_border,climb_tiebreak,native,10km1,10km,1.3682878999970853,10,height_tiebreak,338,20.0,60,18600,idrija_whole,60,15000,process,article_2_HAG_applications,True,6f060dbaf1c69bc25c1517ab2245b48bb8526299,1860,1500,13.636352700006682,7.7556495893270405,309,176296,683645,3,coarse,339,6602,1365,824048,8,2.5.3,1455.1392062377938,1455.1558202911483,True,79.74719848632844,16614.053377838824,10.785202138934634,30778096,Windows-11-10.0.26300-SP0,3.14.7,True,837.0908596801758,20261002T093029Z,1.18.1,0,6602,6600,9686,6600,0.8011669223152049,99.1988330776848,0.02900390001013875,0.027484699996421114,0.026402999996207654,0.13758290000259876,1303,1137,9873.317578200349,533,519,33.74761296687852,2026-10-02T09:35:09+00:00,parallel,3,"block mean, streamed in bands, NaN-aware, any void -> void",p08,81.68862739934494,226.71568097509268,1.1522603833065614,0.9975269653598838,0.011294910102783683,1.1522993149135177,1.1522993144690037,0.183680899994215,0.078809514584161
X6,dem_whole_c10_d3,dem_whole_c10_d3__10km1__hag_cta_ring1__shared_border__climb_tiebreak__native,idrija_whole_c10,dem,hag_cta_ring1,shared_border,climb_tiebreak,native,10km1,10km,1.3682878999970853,10,height_tiebreak,338,20.0,60,18600,idrija_whole,60,15000,process,article_2_HAG_applications,True,6f060dbaf1c69bc25c1517ab2245b48bb8526299,1860,1500,13.636352700006682,7.7556495893270405,309,176296,683645,3,coarse,2230,15958,1176,824048,8,2.5.3,1271.9406167602529,1271.9550881433388,True,79.74719848632844,14471.383104791235,11.596428837963035,30768200,Windows-11-10.0.26300-SP0,3.14.7,True,837.0908596801758,20261002T093029Z,1.18.1,0,15958,15931,27421,15938,1.9365376774168495,98.06346232258315,0.03227930000866763,0.027697799989255145,0.027126099972520024,0.1112176000024192,1303,1137,9873.317578200349,533,519,33.74761296687852,2026-10-02T09:35:09+00:00,parallel,3,"block mean, streamed in bands, NaN-aware, any void -> void",p08,71.50750096096459,236.00847442411893,1.0036564265253325,0.99720623314665,0.027263517098098006,1.0072275525397423,1.0072275117654945,0.20983310000156052,0.07942055661828634
X6,dem_whole_c10_d3,dem_whole_c10_d3__10km2__full_grid__climb_tiebreak__native,idrija_whole_c10,dem,full_grid,,climb_tiebreak,native,10km2,10km,0.0,10,height_tiebreak,0,nan,60,18600,idrija_whole,60,15000,process,article_2_HAG_applications,True,6f060dbaf1c69bc25c1517ab2245b48bb8526299,1860,1500,13.636352700006682,7.7556495893270405,309,176296,683645,3,coarse,176296,824048,950,824048,8,2.5.3,1361.765944519042,1361.7776257087723,True,86.88604784690699,11681.189744953674,11.58615723819643,30875704,Windows-11-10.0.26300-SP0,3.14.7,True,837.0908596801758,20261002T093029Z,1.18.1,0,824048,661896,1250249,665738,100.0,0.0,0.43670360001851805,0.40540710001369007,0.399681499984581,0.0,537,477,9605.7690998691,1159,1209,33.74761296687852,2026-10-02T09:35:09+00:00,parallel,3,"block mean, streamed in bands, NaN-aware, any void -> void",p08,,,,,,,,,
X6,dem_whole_c10_d3,dem_whole_c10_d3__10km2__hag_cta__shared_border__climb_tiebreak__native,idrija_whole_c10,dem,hag_cta,shared_border,climb_tiebreak,native,10km2,10km,1.3682878999970853,10,height_tiebreak,319,20.0,60,18600,idrija_whole,60,15000,process,article_2_HAG_applications,True,6f060dbaf1c69bc25c1517ab2245b48bb8526299,1860,1500,13.636352700006682,7.7556495893270405,309,176296,683645,3,coarse,320,7608,1723,824048,8,2.5.3,1772.0055105590823,1772.0261353945473,True,87.73966064453134,20624.835482706847,10.674307039525427,30801440,Windows-11-10.0.26300-SP0,3.14.7,True,837.0908596801758,20261002T093029Z,1.18.1,0,7608,7580,10224,7594,0.9232471894841077,99.07675281051588,0.04096600000048056,0.03463380000903271,0.033287900005234405,0.11646469999686815,537,477,9605.7690998691,1159,1209,33.74761296687852,2026-10-02T09:35:09+00:00,parallel,3,"block mean, streamed in bands, NaN-aware, any void -> void",p08,59.001703440403475,2257.2992712531495,1.7656451040543082,0.9975947431028617,0.011451950155311409,1.3012555628162161,1.3012595463023933,0.2543086000077892,0.0854296829233212
X6,dem_whole_c10_d3,dem_whole_c10_d3__10km2__hag_cta_ring1__shared_border__climb_tiebreak__native,idrija_whole_c10,dem,hag_cta_ring1,shared_border,climb_tiebreak,native,10km2,10km,1.3682878999970853,10,height_tiebreak,319,20.0,60,18600,idrija_whole,60,15000,process,article_2_HAG_applications,True,6f060dbaf1c69bc25c1517ab2245b48bb8526299,1860,1500,13.636352700006682,7.7556495893270405,309,176296,683645,3,coarse,2083,25103,1350,824048,8,2.5.3,1476.0659609985346,1476.0824457625704,True,106.81936035156241,16484.76405595748,11.57455959104608,30779720,Windows-11-10.0.26300-SP0,3.14.7,True,837.0908596801758,20261002T093029Z,1.18.1,0,25103,25006,42108,25046,3.0463031279731276,96.95369687202687,0.049249400006374344,0.04458010001690127,0.041551000002073124,0.1365702000039164,537,477,9605.7690998691,1159,1209,33.74761296687852,2026-10-02T09:35:09+00:00,parallel,3,"block mean, streamed in bands, NaN-aware, any void -> void",p08,66.90829709725932,2088.276801575883,1.4112230359993057,0.9968912773616433,0.03777934902159856,1.0839351409392617,1.0839379483814806,0.2242567999928724,0.10996378705601322
X6,dem_whole_c10_d3,dem_whole_c10_d3__10km3__full_grid__climb_tiebreak__native,idrija_whole_c10,dem,full_grid,,climb_tiebreak,native,10km3,10km,0.0,10,height_tiebreak,0,nan,60,18600,idrija_whole,60,15000,process,article_2_HAG_applications,True,6f060dbaf1c69bc25c1517ab2245b48bb8526299,1860,1500,13.636352700006682,7.7556495893270405,309,176296,683645,3,coarse,176296,824048,1434,824048,8,2.5.3,1537.020056457521,1537.0371492619624,True,85.65278320312586,17092.804461028543,12.153629704733364,30915944,Windows-11-10.0.26300-SP0,3.14.7,True,837.0908596801758,20261002T093029Z,1.18.1,0,824048,760329,1445772,762210,100.0,0.0,0.7188126999826636,0.564601300022332,0.5628364000003785,0.0,869,1277,11336.966084451342,177,379,33.74761296687852,2026-10-02T09:35:09+00:00,parallel,3,"block mean, streamed in bands, NaN-aware, any void -> void",p08,,,,,,,,,
X6,dem_whole_c10_d3,dem_whole_c10_d3__10km3__hag_cta__shared_border__climb_tiebreak__native,idrija_whole_c10,dem,hag_cta,shared_border,climb_tiebreak,native,10km3,10km,1.3682878999970853,10,height_tiebreak,405,20.0,60,18600,idrija_whole,60,15000,process,article_2_HAG_applications,True,6f060dbaf1c69bc25c1517ab2245b48bb8526299,1860,1500,13.636352700006682,7.7556495893270405,309,176296,683645,3,coarse,406,10869,1845,824048,8,2.5.3,1887.8493566894545,1887.871516327217,True,85.65278320312586,22159.637790110395,10.73041106094632,30811520,Windows-11-10.0.26300-SP0,3.14.7,True,837.0908596801758,20261002T093029Z,1.18.1,0,10869,10382,15881,10396,1.3189765644719724,98.68102343552803,0.03532749999430962,0.034430400002747774,0.029396099998848513,0.1221734999853652,869,1277,11336.966084451342,177,379,33.74761296687852,2026-10-02T09:35:09+00:00,parallel,3,"block mean, streamed in bands, NaN-aware, any void -> void",p08,36.776314257750954,721.1102550927978,1.2964307782631102,0.9966223253606618,0.01365461530469047,1.2282529097509076,1.2282536679310023,0.407997400034219,0.06098179370360275
X6,dem_whole_c10_d3,dem_whole_c10_d3__10km3__hag_cta_ring1__shared_border__climb_tiebreak__native,idrija_whole_c10,dem,hag_cta_ring1,shared_border,climb_tiebreak,native,10km3,10km,1.3682878999970853,10,height_tiebreak,405,20.0,60,18600,idrija_whole,60,15000,process,article_2_HAG_applications,True,6f060dbaf1c69bc25c1517ab2245b48bb8526299,1860,1500,13.636352700006682,7.7556495893270405,309,176296,683645,3,coarse,2563,26989,1503,824048,8,2.5.3,1585.7656500244148,1585.783776626111,True,85.65278320312586,18126.601717798214,11.572828786423626,30797760,Windows-11-10.0.26300-SP0,3.14.7,True,837.0908596801758,20261002T093029Z,1.18.1,0,26989,24905,43972,24946,3.2751732908762596,96.72482670912375,0.03495400000247173,0.032655099988915026,0.03254240000387654,0.12471930001629516,869,1277,11336.966084451342,177,379,33.74761296687852,2026-10-02T09:35:09+00:00,parallel,3,"block mean, streamed in bands, NaN-aware, any void -> void",p08,36.845897457591576,538.5164807134504,1.0604814300149938,0.9961772475716737,0.0327555571338197,1.0317143510015356,1.0317146709092588,0.4072269000171218,0.057837450936835254
X6,dem_whole_c10_d3,dem_whole_c10_d3__1km1__full_grid__climb_tiebreak__native,idrija_whole_c10,dem,full_grid,,climb_tiebreak,native,1km1,1km,0.0,10,height_tiebreak,0,nan,60,18600,idrija_whole,60,15000,process,article_2_HAG_applications,True,6f060dbaf1c69bc25c1517ab2245b48bb8526299,1860,1500,13.636352700006682,7.7556495893270405,309,176296,683645,3,coarse,176296,824048,133,824048,8,2.5.3,135.3263812255858,135.3279746065372,True,149.66711295792848,1593.380951166243,10.783385861430974,30727304,Windows-11-10.0.26300-SP0,3.14.7,True,837.0908596801758,20261002T093029Z,1.18.1,0,824048,29986,54798,30900,100.0,0.0,0.03950900002382696,0.03673520000302233,0.03448559998651035,0.0,239,519,973.2420048477151,223,423,33.74761296687852,2026-10-02T09:35:09+00:00,parallel,3,"block mean, streamed in bands, NaN-aware, any void -> void",p08,,,,,,,,,
X6,dem_whole_c10_d3,dem_whole_c10_d3__1km1__hag_cta__shared_border__climb_tiebreak__native,idrija_whole_c10,dem,hag_cta,shared_border,climb_tiebreak,native,1km1,1km,1.3682878999970853,10,height_tiebreak,33,20.0,60,18600,idrija_whole,60,15000,process,article_2_HAG_applications,True,6f060dbaf1c69bc25c1517ab2245b48bb8526299,1860,1500,13.636352700006682,7.7556495893270405,309,176296,683645,3,coarse,34,4473,222,824048,8,2.5.3,158.7880010986329,158.79062117006012,True,156.96943196333294,2620.071426749364,10.689198500313543,30707264,Windows-11-10.0.26300-SP0,3.14.7,True,837.0908596801758,20261002T093029Z,1.18.1,0,4473,4396,7264,4406,0.5428081859309166,99.45719181406908,0.02344170000287704,0.02277079998748377,0.020151800010353327,0.11943769999197684,239,519,973.2420048477151,223,423,33.74761296687852,2026-10-02T09:35:09+00:00,parallel,3,"block mean, streamed in bands, NaN-aware, any void -> void",p08,inf,550.2726596879041,1.644347150523957,0.9993478113146536,0.14660174748215835,1.173370629293169,1.173376174672975,-0.10547329997643828,0.6198632370481266
X6,dem_whole_c10_d3,dem_whole_c10_d3__1km1__hag_cta_ring1__shared_border__climb_tiebreak__native,idrija_whole_c10,dem,hag_cta_ring1,shared_border,climb_tiebreak,native,1km1,1km,1.3682878999970853,10,height_tiebreak,33,20.0,60,18600,idrija_whole,60,15000,process,article_2_HAG_applications,True,6f060dbaf1c69bc25c1517ab2245b48bb8526299,1860,1500,13.636352700006682,7.7556495893270405,309,176296,683645,3,coarse,226,9600,175,824048,8,2.5.3,137.5484100341797,137.55045655221622,True,156.96943196333294,2046.5180361560901,10.715128662916431,30708456,Windows-11-10.0.26300-SP0,3.14.7,True,837.0908596801758,20261002T093029Z,1.18.1,0,9600,9160,15853,9265,1.1649806807370444,98.83501931926295,0.02511889999732375,0.024982500006444752,0.023727599997073412,0.12386960000731051,239,519,973.2420048477151,223,423,33.74761296687852,2026-10-02T09:35:09+00:00,parallel,3,"block mean, streamed in bands, NaN-aware, any void -> void",p08,inf,260.1922366251537,1.2843871609348554,0.9993866041745804,0.30547588874808246,1.0164197755712527,1.0164229306774215,-0.11211690001073293,0.6800697969356192
X6,dem_whole_c10_d3,dem_whole_c10_d3__1km2__full_grid__climb_tiebreak__native,idrija_whole_c10,dem,full_grid,,climb_tiebreak,native,1km2,1km,0.0,10,height_tiebreak,0,nan,60,18600,idrija_whole,60,15000,process,article_2_HAG_applications,True,6f060dbaf1c69bc25c1517ab2245b48bb8526299,1860,1500,13.636352700006682,7.7556495893270405,309,176296,683645,3,coarse,176296,824048,127,824048,8,2.5.3,206.47180603027346,206.4734056853949,True,125.74915271506009,1599.6551211459387,14.211864165352507,30716680,Windows-11-10.0.26300-SP0,3.14.7,True,837.0908596801758,20261002T093029Z,1.18.1,0,824048,20318,37549,20946,100.0,0.0,0.04313489998457953,0.03176579999853857,0.027702499995939434,0.0,535,203,1094.1663493271944,501,307,33.74761296687852,2026-10-02T09:35:09+00:00,parallel,3,"block mean, streamed in bands, NaN-aware, any void -> void",p08,,,,,,,,,
X6,dem_whole_c10_d3,dem_whole_c10_d3__1km2__hag_cta__shared_border__climb_tiebreak__native,idrija_whole_c10,dem,hag_cta,shared_border,climb_tiebreak,native,1km2,1km,1.3682878999970853,10,height_tiebreak,28,20.0,60,18600,idrija_whole,60,15000,process,article_2_HAG_applications,True,6f060dbaf1c69bc25c1517ab2245b48bb8526299,1860,1500,13.636352700006682,7.7556495893270405,309,176296,683645,3,coarse,29,295,123,824048,8,2.5.3,235.19787658691416,235.1993782521369,True,337.1939514160158,1501.6652224137051,11.591134155812252,30697352,Windows-11-10.0.26300-SP0,3.14.7,True,837.0908596801758,20261002T093029Z,1.18.1,0,295,292,378,293,0.035798885501815425,99.96420111449818,0.022581900004297495,0.02073060002294369,0.019133800000417978,0.1208817999868188,535,203,1094.1663493271944,501,307,33.74761296687852,2026-10-02T09:35:09+00:00,parallel,3,"block mean, streamed in bands, NaN-aware, any void -> void",p08,inf,196.9771560359221,0.9387431094134611,0.9993707653301073,0.014371493257210355,1.1391282960562121,1.139126743569639,-0.10984660001122393,0.6526075220487894
X6,dem_whole_c10_d3,dem_whole_c10_d3__1km2__hag_cta_ring1__shared_border__climb_tiebreak__native,idrija_whole_c10,dem,hag_cta_ring1,shared_border,climb_tiebreak,native,1km2,1km,1.3682878999970853,10,height_tiebreak,28,20.0,60,18600,idrija_whole,60,15000,process,article_2_HAG_applications,True,6f060dbaf1c69bc25c1517ab2245b48bb8526299,1860,1500,13.636352700006682,7.7556495893270405,309,176296,683645,3,coarse,226,1201,116,824048,8,2.5.3,216.0026684570313,216.00407941157587,True,174.3395751953119,1410.9545442950503,11.596523639937312,30697960,Windows-11-10.0.26300-SP0,3.14.7,True,837.0908596801758,20261002T093029Z,1.18.1,0,1201,1168,1956,1185,0.145743937246374,99.85425606275362,0.04634590001660399,0.04534029998467304,0.02236909998464398,0.14282239999738522,535,203,1094.1663493271944,501,307,33.74761296687852,2026-10-02T09:35:09+00:00,parallel,3,"block mean, streamed in bands, NaN-aware, any void -> void",p08,inf,200.0,0.8820367125660751,0.9993905591359483,0.05748597302884142,1.0461605998901389,1.0461593283384056,-0.1563968999835197,1.4273306507866632
X6,dem_whole_c10_d3,dem_whole_c10_d3__1km3__full_grid__climb_tiebreak__native,idrija_whole_c10,dem,full_grid,,climb_tiebreak,native,1km3,1km,0.0,10,height_tiebreak,0,nan,60,18600,idrija_whole,60,15000,process,article_2_HAG_applications,True,6f060dbaf1c69bc25c1517ab2245b48bb8526299,1860,1500,13.636352700006682,7.7556495893270405,309,176296,683645,3,coarse,176296,824048,118,824048,8,2.5.3,244.32994201660188,244.33138125541768,True,75.28225708007881,1439.2388155425124,11.835249738861208,30781032,Windows-11-10.0.26300-SP0,3.14.7,True,837.0908596801758,20261002T093029Z,1.18.1,0,824048,72335,140572,75403,100.0,0.0,0.08240719998138957,0.05682650001836009,0.05603259999770671,0.0,1391,1709,802.2468448052632,1471,1703,33.74761296687852,2026-10-02T09:35:09+00:00,parallel,3,"block mean, streamed in bands, NaN-aware, any void -> void",p08,,,,,,,,,
X6,dem_whole_c10_d3,dem_whole_c10_d3__1km3__hag_cta__shared_border__climb_tiebreak__native,idrija_whole_c10,dem,hag_cta,shared_border,climb_tiebreak,native,1km3,1km,1.3682878999970853,10,height_tiebreak,61,20.0,60,18600,idrija_whole,60,15000,process,article_2_HAG_applications,True,6f060dbaf1c69bc25c1517ab2245b48bb8526299,1860,1500,13.636352700006682,7.7556495893270405,309,176296,683645,3,coarse,62,463,156,824048,8,2.5.3,277.0865203857421,277.08836447737167,True,76.28843994140652,1844.0916292848976,10.959420911086879,30699736,Windows-11-10.0.26300-SP0,3.14.7,True,837.0908596801758,20261002T093029Z,1.18.1,0,463,454,578,456,0.056186047414713704,99.94381395258529,0.04515150000224821,0.023359599988907576,0.019670200010295957,0.17847400001483038,1391,1709,802.2468448052632,1471,1703,33.74761296687852,2026-10-02T09:35:09+00:00,parallel,3,"block mean, streamed in bands, NaN-aware, any void -> void",p08,inf,226.27416997969522,1.2812964807301828,0.9973588929701902,0.006276353079422133,1.1340669837629416,1.1340678510211943,-0.14500709998537786,0.41106877920266627
X6,dem_whole_c10_d3,dem_whole_c10_d3__1km3__hag_cta_ring1__shared_border__climb_tiebreak__native,idrija_whole_c10,dem,hag_cta_ring1,shared_border,climb_tiebreak,native,1km3,1km,1.3682878999970853,10,height_tiebreak,61,20.0,60,18600,idrija_whole,60,15000,process,article_2_HAG_applications,True,6f060dbaf1c69bc25c1517ab2245b48bb8526299,1860,1500,13.636352700006682,7.7556495893270405,309,176296,683645,3,coarse,332,1473,95,824048,8,2.5.3,247.9604382324219,247.961577054932,True,75.28225708007881,1138.8225099390856,15.614127909306529,30697400,Windows-11-10.0.26300-SP0,3.14.7,True,837.0908596801758,20261002T093029Z,1.18.1,0,1473,1404,2317,1422,0.17875172320059027,99.82124827679941,0.02463770000031218,0.022981699992669746,0.022163799992995337,0.15612669999245554,1391,1709,802.2468448052632,1471,1703,33.74761296687852,2026-10-02T09:35:09+00:00,parallel,3,"block mean, streamed in bands, NaN-aware, any void -> void",p08,inf,282.842712474619,0.7912672293442929,0.9972830020773832,0.01940969102094422,1.0148589902074847,1.0148576731358114,-0.1222818999667652,0.40441871284074477
X6,dem_whole_c10_d3,dem_whole_c10_d3__20km1__full_grid__climb_tiebreak__native,idrija_whole_c10,dem,full_grid,,climb_tiebreak,native,20km1,20km,0.0,10,height_tiebreak,0,nan,60,18600,idrija_whole,60,15000,process,article_2_HAG_applications,True,6f060dbaf1c69bc25c1517ab2245b48bb8526299,1860,1500,13.636352700006682,7.7556495893270405,309,176296,683645,3,coarse,176296,824048,2133,824048,8,2.5.3,2114.508202209471,2114.5344182137555,True,348.4284460261192,26216.004307249987,14.152929954523483,30934160,Windows-11-10.0.26300-SP0,3.14.7,True,837.0908596801758,20261002T093029Z,1.18.1,0,824048,816010,1538967,817018,100.0,0.0,0.5035302999895066,0.48576939999475144,0.4381872999947518,0.0,313,31,20305.270251833637,1245,1835,33.74761296687852,2026-10-02T09:35:09+00:00,parallel,3,"block mean, streamed in bands, NaN-aware, any void -> void",p08,,,,,,,,,
X6,dem_whole_c10_d3,dem_whole_c10_d3__20km1__hag_cta__shared_border__climb_tiebreak__native,idrija_whole_c10,dem,hag_cta,shared_border,climb_tiebreak,native,20km1,20km,1.3682878999970853,10,height_tiebreak,521,20.0,60,18600,idrija_whole,60,15000,process,article_2_HAG_applications,True,6f060dbaf1c69bc25c1517ab2245b48bb8526299,1860,1500,13.636352700006682,7.7556495893270405,309,176296,683645,3,coarse,522,15978,2721,824048,8,2.5.3,2542.5973815917964,2542.630488277177,True,319.19876040996587,33106.685399440335,10.70914804261684,30872736,Windows-11-10.0.26300-SP0,3.14.7,True,837.0908596801758,20261002T093029Z,1.18.1,0,15978,15978,24776,15978,1.9389647205017184,98.06103527949827,0.05166200001258403,0.049585800006752834,0.036109099979512393,0.17142699999385513,313,31,20305.270251833637,1245,1835,33.74761296687852,2026-10-02T09:35:09+00:00,parallel,3,"block mean, streamed in bands, NaN-aware, any void -> void",p08,56.673339211697375,924.4457799135653,1.2628425373841101,0.9980143634092538,0.01958064239408831,1.2024533075516144,1.2024540562574781,0.26475659999414347,0.10207682906187296
X6,dem_whole_c10_d3,dem_whole_c10_d3__20km1__hag_cta_ring1__shared_border__climb_tiebreak__native,idrija_whole_c10,dem,hag_cta_ring1,shared_border,climb_tiebreak,native,20km1,20km,1.3682878999970853,10,height_tiebreak,521,20.0,60,18600,idrija_whole,60,15000,process,article_2_HAG_applications,True,6f060dbaf1c69bc25c1517ab2245b48bb8526299,1860,1500,13.636352700006682,7.7556495893270405,309,176296,683645,3,coarse,3861,35036,2383,824048,8,2.5.3,2186.8354071044914,2186.8645787436935,True,319.19876040996587,29171.63922586039,10.987543106850639,30857424,Windows-11-10.0.26300-SP0,3.14.7,True,837.0908596801758,20261002T093029Z,1.18.1,0,35036,34943,61981,34974,4.251694076073238,95.74830592392675,0.048966100002871826,0.04814749999786727,0.04171309998491779,0.16590179997729138,313,31,20305.270251833637,1245,1835,33.74761296687852,2026-10-02T09:35:09+00:00,parallel,3,"block mean, streamed in bands, NaN-aware, any void -> void",p08,55.22094463722719,861.2200647918046,1.112741624694997,0.9975193766373485,0.042821779144863424,1.0342052136848865,1.034206187379555,0.2717201000195928,0.09911595913284675
X6,dem_whole_c10_d3,dem_whole_c10_d3__20km2__full_grid__climb_tiebreak__native,idrija_whole_c10,dem,full_grid,,climb_tiebreak,native,20km2,20km,0.0,10,height_tiebreak,0,nan,60,18600,idrija_whole,60,15000,process,article_2_HAG_applications,True,6f060dbaf1c69bc25c1517ab2245b48bb8526299,1860,1500,13.636352700006682,7.7556495893270405,309,176296,683645,3,coarse,176296,824048,1871,824048,8,2.5.3,1393.0646278381334,1393.0876936490417,True,86.88604784690699,23065.81094741243,14.17182260843088,30899760,Windows-11-10.0.26300-SP0,3.14.7,True,837.0908596801758,20261002T093029Z,1.18.1,0,824048,609226,1146299,611986,100.0,0.0,0.44224139998550527,0.4098379000206478,0.37955529999453574,0.0,1259,1741,18646.179233290663,179,221,33.74761296687852,2026-10-02T09:35:09+00:00,parallel,3,"block mean, streamed in bands, NaN-aware, any void -> void",p08,,,,,,,,,
X6,dem_whole_c10_d3,dem_whole_c10_d3__20km2__hag_cta__shared_border__climb_tiebreak__native,idrija_whole_c10,dem,hag_cta,shared_border,climb_tiebreak,native,20km2,20km,1.3682878999970853,10,height_tiebreak,369,20.0,60,18600,idrija_whole,60,15000,process,article_2_HAG_applications,True,6f060dbaf1c69bc25c1517ab2245b48bb8526299,1860,1500,13.636352700006682,7.7556495893270405,309,176296,683645,3,coarse,370,13998,2185,824048,8,2.5.3,1664.1876161193845,1664.214244428126,True,69.88174438476562,26628.308781032978,10.846790727063285,30836288,Windows-11-10.0.26300-SP0,3.14.7,True,837.0908596801758,20261002T093029Z,1.18.1,0,13998,13995,22446,13997,1.6986874550997029,98.3013125449003,0.050695099984295666,0.03559160002623685,0.03500340000027791,0.1432382999919355,1259,1741,18646.179233290663,179,221,33.74761296687852,2026-10-02T09:35:09+00:00,parallel,3,"block mean, streamed in bands, NaN-aware, any void -> void",p08,64.95290466063071,480.0,1.154449277406403,0.997945874013261,0.02297177073860932,1.1946234100437974,1.1946227448674804,0.23100800000247546,0.08684311534985839
X6,dem_whole_c10_d3,dem_whole_c10_d3__20km2__hag_cta_ring1__shared_border__climb_tiebreak__native,idrija_whole_c10,dem,hag_cta_ring1,shared_border,climb_tiebreak,native,20km2,20km,1.3682878999970853,10,height_tiebreak,369,20.0,60,18600,idrija_whole,60,15000,process,article_2_HAG_applications,True,6f060dbaf1c69bc25c1517ab2245b48bb8526299,1860,1500,13.636352700006682,7.7556495893270405,309,176296,683645,3,coarse,3032,27829,1925,824048,8,2.5.3,1406.863724517821,1406.8873386129992,True,75.05965240486356,23614.095218659888,11.624393338677269,30825664,Windows-11-10.0.26300-SP0,3.14.7,True,837.0908596801758,20261002T093029Z,1.18.1,0,27829,27767,49537,27791,3.377109100440751,96.62289089955924,0.047440399997867644,0.03591380000580102,0.03485329999239184,0.21968740000738762,1259,1741,18646.179233290663,179,221,33.74761296687852,2026-10-02T09:35:09+00:00,parallel,3,"block mean, streamed in bands, NaN-aware, any void -> void",p08,97.28320561369712,196.9771560359221,1.0237704311588043,0.9976020525725766,0.04557750325823258,1.0099055682011697,1.0099057977662633,0.15423670000745915,0.08762927978108338
X6,dem_whole_c10_d3,dem_whole_c10_d3__20km3__full_grid__climb_tiebreak__native,idrija_whole_c10,dem,full_grid,,climb_tiebreak,native,20km3,20km,0.0,10,height_tiebreak,0,nan,60,18600,idrija_whole,60,15000,process,article_2_HAG_applications,True,6f060dbaf1c69bc25c1517ab2245b48bb8526299,1860,1500,13.636352700006682,7.7556495893270405,309,176296,683645,3,coarse,176296,824048,1762,824048,8,2.5.3,1788.920349426268,1788.941931734311,True,92.93787457744138,21582.308063157983,14.144870214136175,30909512,Windows-11-10.0.26300-SP0,3.14.7,True,837.0908596801758,20261002T093029Z,1.18.1,0,824048,775732,1474977,778169,100.0,0.0,0.4721819999977015,0.4433858999982476,0.4229281000152696,0.0,481,251,17071.39127312124,1349,1721,33.74761296687852,2026-10-02T09:35:09+00:00,parallel,3,"block mean, streamed in bands, NaN-aware, any void -> void",p08,,,,,,,,,
X6,dem_whole_c10_d3,dem_whole_c10_d3__20km3__hag_cta__shared_border__climb_tiebreak__native,idrija_whole_c10,dem,hag_cta,shared_border,climb_tiebreak,native,20km3,20km,1.3682878999970853,10,height_tiebreak,469,20.0,60,18600,idrija_whole,60,15000,process,article_2_HAG_applications,True,6f060dbaf1c69bc25c1517ab2245b48bb8526299,1860,1500,13.636352700006682,7.7556495893270405,309,176296,683645,3,coarse,470,12401,2286,824048,8,2.5.3,2195.091197509766,2195.119047067446,True,93.18028652620643,27849.557697843262,10.67481271434461,30840504,Windows-11-10.0.26300-SP0,3.14.7,True,837.0908596801758,20261002T093029Z,1.18.1,0,12401,12401,18522,12401,1.504888064772926,98.49511193522707,0.03305040000122972,0.028927399980602786,0.028736000007484108,0.1667639000224881,481,251,17071.39127312124,1349,1721,33.74761296687852,2026-10-02T09:35:09+00:00,parallel,3,"block mean, streamed in bands, NaN-aware, any void -> void",p08,60.57718093287927,1052.6157893552613,1.2903882947247782,0.9977674186509318,0.015986191107238066,1.2270480338678929,1.227048798022953,0.24769459999515675,0.0652420385508811
X6,dem_whole_c10_d3,dem_whole_c10_d3__20km3__hag_cta_ring1__shared_border__climb_tiebreak__native,idrija_whole_c10,dem,hag_cta_ring1,shared_border,climb_tiebreak,native,20km3,20km,1.3682878999970853,10,height_tiebreak,469,20.0,60,18600,idrija_whole,60,15000,process,article_2_HAG_applications,True,6f060dbaf1c69bc25c1517ab2245b48bb8526299,1860,1500,13.636352700006682,7.7556495893270405,309,176296,683645,3,coarse,3456,28664,1987,824048,8,2.5.3,1855.413906555175,1855.4381820717301,True,90.37369969605366,24275.5165748972,10.941757006365338,30824400,Windows-11-10.0.26300-SP0,3.14.7,True,837.0908596801758,20261002T093029Z,1.18.1,0,28664,28653,50316,28659,3.4784381492340253,96.52156185076596,0.03528549999464303,0.033085200004279613,0.03157749999081716,0.11403379999683239,481,251,17071.39127312124,1349,1721,33.74761296687852,2026-10-02T09:35:09+00:00,parallel,3,"block mean, streamed in bands, NaN-aware, any void -> void",p08,50.64568671069511,856.3293758829018,1.1247877893253062,0.9972464139841483,0.03693672557017114,1.0371696577492855,1.0371707147995315,0.2962668999971356,0.07461942295506098
X6,dem_whole_c10_d3,dem_whole_c10_d3__2km1__full_grid__climb_tiebreak__native,idrija_whole_c10,dem,full_grid,,climb_tiebreak,native,2km1,2km,0.0,10,height_tiebreak,0,nan,60,18600,idrija_whole,60,15000,process,article_2_HAG_applications,True,6f060dbaf1c69bc25c1517ab2245b48bb8526299,1860,1500,13.636352700006682,7.7556495893270405,309,176296,683645,3,coarse,176296,824048,218,824048,8,2.5.3,376.30215103149476,376.30484708271825,True,90.26964416503915,2696.051224213831,10.859946123332627,30734328,Windows-11-10.0.26300-SP0,3.14.7,True,837.0908596801758,20261002T093029Z,1.18.1,0,824048,59117,112962,60131,100.0,0.0,0.04877560000750236,0.04611900000600144,0.044408799993107095,0.0,553,279,2008.4820138602188,395,403,33.74761296687852,2026-10-02T09:35:09+00:00,parallel,3,"block mean, streamed in bands, NaN-aware, any void -> void",p08,,,,,,,,,
X6,dem_whole_c10_d3,dem_whole_c10_d3__2km1__hag_cta__shared_border__climb_tiebreak__native,idrija_whole_c10,dem,hag_cta,shared_border,climb_tiebreak,native,2km1,2km,1.3682878999970853,10,height_tiebreak,82,20.0,60,18600,idrija_whole,60,15000,process,article_2_HAG_applications,True,6f060dbaf1c69bc25c1517ab2245b48bb8526299,1860,1500,13.636352700006682,7.7556495893270405,309,176296,683645,3,coarse,83,1899,255,824048,8,2.5.3,432.2596760559084,432.2627131121825,True,105.32454833984332,3037.056274847714,10.835219154881555,30707440,Windows-11-10.0.26300-SP0,3.14.7,True,837.0908596801758,20261002T093029Z,1.18.1,0,1899,998,1430,1056,0.23044774090829662,99.7695522590917,0.04364179997355677,0.02733720000833273,0.02301970002008602,0.1270063999982085,553,279,2008.4820138602188,395,403,33.74761296687852,2026-10-02T09:35:09+00:00,parallel,3,"block mean, streamed in bands, NaN-aware, any void -> void",p08,inf,322.49030993194197,1.1264831497158665,0.9991251476199512,0.016881776815467632,1.1487037075685764,1.1487035483684953,-0.1082246000005398,0.5927535290178745
X6,dem_whole_c10_d3,dem_whole_c10_d3__2km1__hag_cta_ring1__shared_border__climb_tiebreak__native,idrija_whole_c10,dem,hag_cta_ring1,shared_border,climb_tiebreak,native,2km1,2km,1.3682878999970853,10,height_tiebreak,82,20.0,60,18600,idrija_whole,60,15000,process,article_2_HAG_applications,True,6f060dbaf1c69bc25c1517ab2245b48bb8526299,1860,1500,13.636352700006682,7.7556495893270405,309,176296,683645,3,coarse,489,6569,211,824048,8,2.5.3,389.25841201782254,389.2609510841982,True,88.58285164527346,2539.066376115481,12.048257559558314,30706464,Windows-11-10.0.26300-SP0,3.14.7,True,837.0908596801758,20261002T093029Z,1.18.1,0,6569,2971,5141,3113,0.7971623012251714,99.20283769877483,0.026470800017705187,0.024453199992422014,0.0230151999858208,0.11100239999359474,553,279,2008.4820138602188,395,403,33.74761296687852,2026-10-02T09:35:09+00:00,parallel,3,"block mean, streamed in bands, NaN-aware, any void -> void",p08,inf,283.0194339616981,0.9417723051073976,0.9990933915978251,0.05025627146167769,1.0344304728283187,1.0344298089751471,-0.08933659998001531,0.5302196489351445
X6,dem_whole_c10_d3,dem_whole_c10_d3__2km2__full_grid__climb_tiebreak__native,idrija_whole_c10,dem,full_grid,,climb_tiebreak,native,2km2,2km,0.0,10,height_tiebreak,0,nan,60,18600,idrija_whole,60,15000,process,article_2_HAG_applications,True,6f060dbaf1c69bc25c1517ab2245b48bb8526299,1860,1500,13.636352700006682,7.7556495893270405,309,176296,683645,3,coarse,176296,824048,180,824048,8,2.5.3,227.83339050292966,227.8355574372719,True,111.29079589843741,2166.9343417595164,11.651720947685863,30729464,Windows-11-10.0.26300-SP0,3.14.7,True,837.0908596801758,20261002T093029Z,1.18.1,0,824048,28533,53787,29515,100.0,0.0,0.05192739999620244,0.03372029997990467,0.029279000009410083,0.0,571,543,1519.2103211866354,713,597,33.74761296687852,2026-10-02T09:35:09+00:00,parallel,3,"block mean, streamed in bands, NaN-aware, any void -> void",p08,,,,,,,,,
X6,dem_whole_c10_d3,dem_whole_c10_d3__2km2__hag_cta__shared_border__climb_tiebreak__native,idrija_whole_c10,dem,hag_cta,shared_border,climb_tiebreak,native,2km2,2km,1.3682878999970853,10,height_tiebreak,48,20.0,60,18600,idrija_whole,60,15000,process,article_2_HAG_applications,True,6f060dbaf1c69bc25c1517ab2245b48bb8526299,1860,1500,13.636352700006682,7.7556495893270405,309,176296,683645,3,coarse,49,1325,300,824048,8,2.5.3,318.56012634277386,318.56371695243905,True,72.13546548238178,3590.6096654409885,11.689380302676673,30709704,Windows-11-10.0.26300-SP0,3.14.7,True,837.0908596801758,20261002T093029Z,1.18.1,0,1325,1267,1701,1273,0.16079160437256082,99.83920839562744,0.02411040000151843,0.022720800014212728,0.022323000011965632,0.13221760001033545,571,543,1519.2103211866354,713,597,33.74761296687852,2026-10-02T09:35:09+00:00,parallel,3,"block mean, streamed in bands, NaN-aware, any void -> void",p08,inf,752.8612089887484,1.6569997513286305,0.9993569689337894,0.04440472435425648,1.3982152731852426,1.398217734473455,-0.1212181000446435,0.6738018353262871
X6,dem_whole_c10_d3,dem_whole_c10_d3__2km2__hag_cta_ring1__shared_border__climb_tiebreak__native,idrija_whole_c10,dem,hag_cta_ring1,shared_border,climb_tiebreak,native,2km2,2km,1.3682878999970853,10,height_tiebreak,48,20.0,60,18600,idrija_whole,60,15000,process,article_2_HAG_applications,True,6f060dbaf1c69bc25c1517ab2245b48bb8526299,1860,1500,13.636352700006682,7.7556495893270405,309,176296,683645,3,coarse,348,4231,263,824048,8,2.5.3,261.4729193115227,261.4760860734256,True,71.1295227050789,3166.761902332486,11.898433692560737,30709216,Windows-11-10.0.26300-SP0,3.14.7,True,837.0908596801758,20261002T093029Z,1.18.1,0,4231,4110,6980,4158,0.5134409646040037,99.486559035396,0.021030399977462366,0.02096019999589771,0.01976439999998547,0.11301869997987524,571,543,1519.2103211866354,713,597,33.74761296687852,2026-10-02T09:35:09+00:00,parallel,3,"block mean, streamed in bands, NaN-aware, any void -> void",p08,inf,768.3749084919418,1.4614018714388575,0.9993410884094822,0.14404373882872462,1.147649687055684,1.147652671139428,-0.10025859999586828,0.621589962378412
X6,dem_whole_c10_d3,dem_whole_c10_d3__2km3__full_grid__climb_tiebreak__native,idrija_whole_c10,dem,full_grid,,climb_tiebreak,native,2km3,2km,0.0,10,height_tiebreak,0,nan,60,18600,idrija_whole,60,15000,process,article_2_HAG_applications,True,6f060dbaf1c69bc25c1517ab2245b48bb8526299,1860,1500,13.636352700006682,7.7556495893270405,309,176296,683645,3,coarse,176296,824048,218,824048,8,2.5.3,304.35602081298913,304.3587002956709,True,98.2258972167972,2679.4826817189073,11.632149536647894,30749912,Windows-11-10.0.26300-SP0,3.14.7,True,837.0908596801758,20261002T093029Z,1.18.1,0,824048,59844,112192,61408,100.0,0.0,0.05436879998887889,0.048815200017997995,0.04856290001771413,0.0,1407,1533,2069.2993983471797,1295,1359,33.74761296687852,2026-10-02T09:35:09+00:00,parallel,3,"block mean, streamed in bands, NaN-aware, any void -> void",p08,,,,,,,,,
X6,dem_whole_c10_d3,dem_whole_c10_d3__2km3__hag_cta__shared_border__climb_tiebreak__native,idrija_whole_c10,dem,hag_cta,shared_border,climb_tiebreak,native,2km3,2km,1.3682878999970853,10,height_tiebreak,69,20.0,60,18600,idrija_whole,60,15000,process,article_2_HAG_applications,True,6f060dbaf1c69bc25c1517ab2245b48bb8526299,1860,1500,13.636352700006682,7.7556495893270405,309,176296,683645,3,coarse,70,2536,355,824048,8,2.5.3,391.1453616333004,391.14962236489777,True,115.48745544993024,4260.731598529186,11.76341133258349,30713712,Windows-11-10.0.26300-SP0,3.14.7,True,837.0908596801758,20261002T093029Z,1.18.1,0,2536,2503,3672,2517,0.30774906316136924,99.69225093683863,0.0242656999907922,0.021571900026174262,0.019846899987896904,0.12043710000580177,1407,1533,2069.2993983471797,1295,1359,33.74761296687852,2026-10-02T09:35:09+00:00,parallel,3,"block mean, streamed in bands, NaN-aware, any void -> void",p08,inf,543.415126767741,1.5901321652864338,0.9988227608586328,0.041825412739790124,1.285157298970073,1.2851599838772916,-0.09319380001397803,0.4419094875821625
X6,dem_whole_c10_d3,dem_whole_c10_d3__2km3__hag_cta_ring1__shared_border__climb_tiebreak__native,idrija_whole_c10,dem,hag_cta_ring1,shared_border,climb_tiebreak,native,2km3,2km,1.3682878999970853,10,height_tiebreak,69,20.0,60,18600,idrija_whole,60,15000,process,article_2_HAG_applications,True,6f060dbaf1c69bc25c1517ab2245b48bb8526299,1860,1500,13.636352700006682,7.7556495893270405,309,176296,683645,3,coarse,447,7391,277,824048,8,2.5.3,328.27244354248097,328.2758248628243,True,130.33179506368873,3381.3203435596424,11.661780091277672,30711456,Windows-11-10.0.26300-SP0,3.14.7,True,837.0908596801758,20261002T093029Z,1.18.1,0,7391,7155,12119,7217,0.8969137720132808,99.10308622798671,0.03449960000580177,0.022642500000074506,0.020945800002664328,0.13548230001470074,1407,1533,2069.2993983471797,1295,1359,33.74761296687852,2026-10-02T09:35:09+00:00,parallel,3,"block mean, streamed in bands, NaN-aware, any void -> void",p08,inf,371.2142238654117,1.2619302847632146,0.998749394795016,0.11956085823140164,1.0785804160062509,1.0785820301634848,-0.10930959999677725,0.4638411804463834
X6,dem_whole_c10_d3,dem_whole_c10_d3__5km1__full_grid__climb_tiebreak__native,idrija_whole_c10,dem,full_grid,,climb_tiebreak,native,5km1,5km,0.0,10,height_tiebreak,0,nan,60,18600,idrija_whole,60,15000,process,article_2_HAG_applications,True,6f060dbaf1c69bc25c1517ab2245b48bb8526299,1860,1500,13.636352700006682,7.7556495893270405,309,176296,683645,3,coarse,176296,824048,450,824048,8,2.5.3,490.5014083862299,490.50668953413157,True,62.19410400390643,5281.147904132613,14.162708447759808,30852312,Windows-11-10.0.26300-SP0,3.14.7,True,837.0908596801758,20261002T093029Z,1.18.1,0,824048,349405,640345,352113,100.0,0.0,0.2250837000028696,0.20299590000649914,0.18328590001328848,0.0,1299,1543,4230.791888051219,1135,1153,33.74761296687852,2026-10-02T09:35:09+00:00,parallel,3,"block mean, streamed in bands, NaN-aware, any void -> void",p08,,,,,,,,,
X6,dem_whole_c10_d3,dem_whole_c10_d3__5km1__hag_cta__shared_border__climb_tiebreak__native,idrija_whole_c10,dem,hag_cta,shared_border,climb_tiebreak,native,5km1,5km,1.3682878999970853,10,height_tiebreak,125,20.0,60,18600,idrija_whole,60,15000,process,article_2_HAG_applications,True,6f060dbaf1c69bc25c1517ab2245b48bb8526299,1860,1500,13.636352700006682,7.7556495893270405,309,176296,683645,3,coarse,126,5280,708,824048,8,2.5.3,626.3206735229487,626.3292139810864,True,66.18020561115635,8540.45814642449,10.844166379445516,30737368,Windows-11-10.0.26300-SP0,3.14.7,True,837.0908596801758,20261002T093029Z,1.18.1,0,5280,5183,7843,5192,0.6407393744053744,99.35926062559463,0.026955400011502206,0.025564499985193834,0.024743899994064122,0.11378839999088086,1299,1543,4230.791888051219,1135,1153,33.74761296687852,2026-10-02T09:35:09+00:00,parallel,3,"block mean, streamed in bands, NaN-aware, any void -> void",p08,235.76262264240876,770.2596964660685,1.6171594322782354,0.9962743796964065,0.014833788869649834,1.2768988280453053,1.2769024915357523,0.06364300003042445,0.12593604099578048
X6,dem_whole_c10_d3,dem_whole_c10_d3__5km1__hag_cta_ring1__shared_border__climb_tiebreak__native,idrija_whole_c10,dem,hag_cta_ring1,shared_border,climb_tiebreak,native,5km1,5km,1.3682878999970853,10,height_tiebreak,125,20.0,60,18600,idrija_whole,60,15000,process,article_2_HAG_applications,True,6f060dbaf1c69bc25c1517ab2245b48bb8526299,1860,1500,13.636352700006682,7.7556495893270405,309,176296,683645,3,coarse,874,15149,522,824048,8,2.5.3,513.1776260375968,513.1839337035351,True,75.60278757998582,6307.665940288703,14.15503507194815,30727432,Windows-11-10.0.26300-SP0,3.14.7,True,837.0908596801758,20261002T093029Z,1.18.1,0,15149,14236,23327,14331,1.838363784633905,98.1616362153661,0.028795899997930974,0.028570499998750165,0.028246500005479902,0.21512320000329055,1299,1543,4230.791888051219,1135,1153,33.74761296687852,2026-10-02T09:35:09+00:00,parallel,3,"block mean, streamed in bands, NaN-aware, any void -> void",p08,inf,760.2631123499285,1.1943740366280629,0.9959523292776243,0.04074354974885878,1.0462306881563759,1.0462322831742452,-0.04069779999554157,0.14074422191697197
X6,dem_whole_c10_d3,dem_whole_c10_d3__5km2__full_grid__climb_tiebreak__native,idrija_whole_c10,dem,full_grid,,climb_tiebreak,native,5km2,5km,0.0,10,height_tiebreak,0,nan,60,18600,idrija_whole,60,15000,process,article_2_HAG_applications,True,6f060dbaf1c69bc25c1517ab2245b48bb8526299,1860,1500,13.636352700006682,7.7556495893270405,309,176296,683645,3,coarse,176296,824048,522,824048,8,2.5.3,558.4432730102541,558.449622097547,True,384.99601098900735,6349.087296526013,14.153226893929071,30804472,Windows-11-10.0.26300-SP0,3.14.7,True,837.0908596801758,20261002T093029Z,1.18.1,0,824048,168063,330651,170983,100.0,0.0,0.14511230000061914,0.11286909997579642,0.1103982999920845,0.0,305,537,5014.618629566959,735,795,33.74761296687852,2026-10-02T09:35:09+00:00,parallel,3,"block mean, streamed in bands, NaN-aware, any void -> void",p08,,,,,,,,,
X6,dem_whole_c10_d3,dem_whole_c10_d3__5km2__hag_cta__shared_border__climb_tiebreak__native,idrija_whole_c10,dem,hag_cta,shared_border,climb_tiebreak,native,5km2,5km,1.3682878999970853,10,height_tiebreak,126,20.0,60,18600,idrija_whole,60,15000,process,article_2_HAG_applications,True,6f060dbaf1c69bc25c1517ab2245b48bb8526299,1860,1500,13.636352700006682,7.7556495893270405,309,176296,683645,3,coarse,127,3871,604,824048,8,2.5.3,649.9931231689463,650.0004993630183,True,295.2885880954816,7376.19407771256,11.591806210354912,30729848,Windows-11-10.0.26300-SP0,3.14.7,True,837.0908596801758,20261002T093029Z,1.18.1,0,3871,3870,5992,3871,0.46975418907636446,99.53024581092363,0.023142199992435053,0.021789399994304404,0.0211970999953337,0.15051819998188876,305,537,5014.618629566959,735,795,33.74761296687852,2026-10-02T09:35:09+00:00,parallel,3,"block mean, streamed in bands, NaN-aware, any void -> void",p08,inf,120.83045973594572,1.1617723513974272,0.9975774945923436,0.023027079131040146,1.1639376004391608,1.1639375758221566,-0.05943850000039674,0.19305017935800772
X6,dem_whole_c10_d3,dem_whole_c10_d3__5km2__hag_cta_ring1__shared_border__climb_tiebreak__native,idrija_whole_c10,dem,hag_cta_ring1,shared_border,climb_tiebreak,native,5km2,5km,1.3682878999970853,10,height_tiebreak,126,20.0,60,18600,idrija_whole,60,15000,process,article_2_HAG_applications,True,6f060dbaf1c69bc25c1517ab2245b48bb8526299,1860,1500,13.636352700006682,7.7556495893270405,309,176296,683645,3,coarse,908,8933,525,824048,8,2.5.3,573.4864389038088,573.4927889961521,True,340.4462812257534,6350.092347159894,14.150686302314739,30726976,Windows-11-10.0.26300-SP0,3.14.7,True,837.0908596801758,20261002T093029Z,1.18.1,0,8933,8915,15200,8926,1.0840387938566685,98.91596120614334,0.036326600005850196,0.03450360000715591,0.024200300016673282,0.12764420002349652,305,537,5014.618629566959,735,795,33.74761296687852,2026-10-02T09:35:09+00:00,parallel,3,"block mean, streamed in bands, NaN-aware, any void -> void",p08,inf,50.0,1.0001582984430584,0.9974842613760755,0.05304558409644002,1.0269376794754201,1.02693737501711,-0.04927870005485602,0.3056957131274622
X6,dem_whole_c10_d3,dem_whole_c10_d3__5km3__full_grid__climb_tiebreak__native,idrija_whole_c10,dem,full_grid,,climb_tiebreak,native,5km3,5km,0.0,10,height_tiebreak,0,nan,60,18600,idrija_whole,60,15000,process,article_2_HAG_applications,True,6f060dbaf1c69bc25c1517ab2245b48bb8526299,1860,1500,13.636352700006682,7.7556495893270405,309,176296,683645,3,coarse,176296,824048,669,824048,8,2.5.3,533.9874829101556,533.9955215306381,True,97.51311035156277,8038.620484583753,11.725568905895019,30835552,Windows-11-10.0.26300-SP0,3.14.7,True,837.0908596801758,20261002T093029Z,1.18.1,0,824048,288845,530838,291246,100.0,0.0,0.207139800011646,0.18283760000485927,0.15962109999964014,0.0,1209,1653,5259.3535724459525,977,1181,33.74761296687852,2026-10-02T09:35:09+00:00,parallel,3,"block mean, streamed in bands, NaN-aware, any void -> void",p08,,,,,,,,,
X6,dem_whole_c10_d3,dem_whole_c10_d3__5km3__hag_cta__shared_border__climb_tiebreak__native,idrija_whole_c10,dem,hag_cta,shared_border,climb_tiebreak,native,5km3,5km,1.3682878999970853,10,height_tiebreak,136,20.0,60,18600,idrija_whole,60,15000,process,article_2_HAG_applications,True,6f060dbaf1c69bc25c1517ab2245b48bb8526299,1860,1500,13.636352700006682,7.7556495893270405,309,176296,683645,3,coarse,137,4599,841,824048,8,2.5.3,635.9239019775385,635.9340002531383,True,64.49944593790613,10098.27560572969,10.902828181371518,30744640,Windows-11-10.0.26300-SP0,3.14.7,True,837.0908596801758,20261002T093029Z,1.18.1,0,4599,4599,7003,4599,0.5580985573655903,99.4419014426344,0.030558600003132597,0.026737799984402955,0.021756300004199147,0.1327817999990657,1209,1653,5259.3535724459525,977,1181,33.74761296687852,2026-10-02T09:35:09+00:00,parallel,3,"block mean, streamed in bands, NaN-aware, any void -> void",p08,643.4788826760167,553.6244214266563,1.2562199727050043,0.9970517148517399,0.015922034309058492,1.1908966452019514,1.1908976285612,0.023318000021390617,0.14623797284416523
X6,dem_whole_c10_d3,dem_whole_c10_d3__5km3__hag_cta_ring1__shared_border__climb_tiebreak__native,idrija_whole_c10,dem,hag_cta_ring1,shared_border,climb_tiebreak,native,5km3,5km,1.3682878999970853,10,height_tiebreak,136,20.0,60,18600,idrija_whole,60,15000,process,article_2_HAG_applications,True,6f060dbaf1c69bc25c1517ab2245b48bb8526299,1860,1500,13.636352700006682,7.7556495893270405,309,176296,683645,3,coarse,1185,9655,766,824048,8,2.5.3,541.9054180908196,541.9146545287609,True,71.96772183452875,9236.437943888955,11.708942745410992,30743272,Windows-11-10.0.26300-SP0,3.14.7,True,837.0908596801758,20261002T093029Z,1.18.1,0,9655,9633,16746,9642,1.1716550492204338,98.82834495077957,0.03234739997424185,0.026857299992116168,0.02571449999231845,0.1125045999942813,1209,1653,5259.3535724459525,977,1181,33.74761296687852,2026-10-02T09:35:09+00:00,parallel,3,"block mean, streamed in bands, NaN-aware, any void -> void",p08,345.12706163746884,531.6013544000805,1.149007838049121,0.9970073504764889,0.03335006664474026,1.0148279415418362,1.0148299614487841,0.043475700018461794,0.14689155836328185
X6,dem_whole_c10_d5,dem_whole_c10_d5__10km1__full_grid__climb_tiebreak__native,idrija_whole_c10,dem,full_grid,,climb_tiebreak,native,10km1,10km,0.0,10,height_tiebreak,0,nan,60,18600,idrija_whole,60,15000,process,article_2_HAG_applications,True,6f060dbaf1c69bc25c1517ab2245b48bb8526299,1860,1500,9.254942200001096,7.251571838857409,190,64415,233555,5,coarse,64415,824048,1167,824048,8,2.5.3,1262.8135653686516,1262.8279840309592,True,86.88604784690699,14418.662325404812,14.164795272698894,30854400,Windows-11-10.0.26300-SP0,3.14.7,True,837.0908596801758,20261002T093029Z,1.18.1,0,824048,584334,1081114,586239,100.0,0.0,0.2194549999840092,0.21322909998707473,0.21243409998714924,0.0,1303,1137,9873.317578200349,533,519,33.74761296687852,2026-10-02T09:36:17+00:00,parallel,3,"block mean, streamed in bands, NaN-aware, any void -> void",p07,,,,,,,,,
X6,dem_whole_c10_d5,dem_whole_c10_d5__10km1__hag_cta__shared_border__climb_tiebreak__native,idrija_whole_c10,dem,hag_cta,shared_border,climb_tiebreak,native,10km1,10km,1.064950999978464,10,height_tiebreak,178,20.0,60,18600,idrija_whole,60,15000,process,article_2_HAG_applications,True,6f060dbaf1c69bc25c1517ab2245b48bb8526299,1860,1500,9.254942200001096,7.251571838857409,190,64415,233555,5,coarse,179,7416,1414,824048,8,2.5.3,2011.8653341674822,2011.88246721579,True,91.46771050047316,17133.048327204942,10.757427326387008,30783416,Windows-11-10.0.26300-SP0,3.14.7,True,837.0908596801758,20261002T093029Z,1.18.1,0,7416,7397,11053,7397,0.8999475758693668,99.10005242413064,0.017628600005991757,0.017309099988779053,0.016279500006930903,0.022017700015567243,1303,1137,9873.317578200349,533,519,33.74761296687852,2026-10-02T09:36:17+00:00,parallel,3,"block mean, streamed in bands, NaN-aware, any void -> void",p07,59.34305182280227,246.9817807045694,1.1882550503327585,0.9976993880937565,0.01265885606519559,1.5931610091471902,1.5931563860295854,0.17390229998272844,0.08117606832195172
X6,dem_whole_c10_d5,dem_whole_c10_d5__10km1__hag_cta_ring1__shared_border__climb_tiebreak__native,idrija_whole_c10,dem,hag_cta_ring1,shared_border,climb_tiebreak,native,10km1,10km,1.064950999978464,10,height_tiebreak,178,20.0,60,18600,idrija_whole,60,15000,process,article_2_HAG_applications,True,6f060dbaf1c69bc25c1517ab2245b48bb8526299,1860,1500,9.254942200001096,7.251571838857409,190,64415,233555,5,coarse,1147,22315,1212,824048,8,2.5.3,1484.2294979858389,1484.2442548104812,True,86.63196105957013,14756.824663564077,11.581425083842356,30772552,Windows-11-10.0.26300-SP0,3.14.7,True,837.0908596801758,20261002T093029Z,1.18.1,0,22315,22204,38981,22215,2.707973321942411,97.29202667805758,0.026921200013021007,0.02260480000404641,0.02083880000282079,0.022039600007701665,1303,1137,9873.317578200349,533,519,33.74761296687852,2026-10-02T09:36:17+00:00,parallel,3,"block mean, streamed in bands, NaN-aware, any void -> void",p07,61.21488605721596,233.45235059857504,1.023453100608608,0.9973472827214271,0.03799881574578922,1.175335408716923,1.1753336745617238,0.16858469997532666,0.10601179672669744
X6,dem_whole_c10_d5,dem_whole_c10_d5__10km2__full_grid__climb_tiebreak__native,idrija_whole_c10,dem,full_grid,,climb_tiebreak,native,10km2,10km,0.0,10,height_tiebreak,0,nan,60,18600,idrija_whole,60,15000,process,article_2_HAG_applications,True,6f060dbaf1c69bc25c1517ab2245b48bb8526299,1860,1500,9.254942200001096,7.251571838857409,190,64415,233555,5,coarse,64415,824048,950,824048,8,2.5.3,1361.765944519042,1361.7776257087723,True,86.88604784690699,11681.189744953674,11.58615723819643,30875704,Windows-11-10.0.26300-SP0,3.14.7,True,837.0908596801758,20261002T093029Z,1.18.1,0,824048,661896,1250249,665738,100.0,0.0,0.2553288000053726,0.251170200004708,0.24893149998388253,0.0,537,477,9605.7690998691,1159,1209,33.74761296687852,2026-10-02T09:36:17+00:00,parallel,3,"block mean, streamed in bands, NaN-aware, any void -> void",p07,,,,,,,,,
X6,dem_whole_c10_d5,dem_whole_c10_d5__10km2__hag_cta__shared_border__climb_tiebreak__native,idrija_whole_c10,dem,hag_cta,shared_border,climb_tiebreak,native,10km2,10km,1.064950999978464,10,height_tiebreak,172,20.0,60,18600,idrija_whole,60,15000,process,article_2_HAG_applications,True,6f060dbaf1c69bc25c1517ab2245b48bb8526299,1860,1500,9.254942200001096,7.251571838857409,190,64415,233555,5,coarse,173,13468,1499,824048,8,2.5.3,1938.7995425415018,1938.8176954173744,True,117.08942519765934,18152.87588777791,10.935839789584529,30790080,Windows-11-10.0.26300-SP0,3.14.7,True,837.0908596801758,20261002T093029Z,1.18.1,0,13468,13418,19829,13441,1.6343708133506787,98.36562918664931,0.026640299998689443,0.022331599990138784,0.021352500014472753,0.02157660000375472,537,477,9605.7690998691,1159,1209,33.74761296687852,2026-10-02T09:36:17+00:00,parallel,3,"block mean, streamed in bands, NaN-aware, any void -> void",p07,49.79153534869435,1769.1806012954132,1.554026283634339,0.9972268162695173,0.020272066910813784,1.4237391897961293,1.4237403073855517,0.20726200001081452,0.0889102289591687
X6,dem_whole_c10_d5,dem_whole_c10_d5__10km2__hag_cta_ring1__shared_border__climb_tiebreak__native,idrija_whole_c10,dem,hag_cta_ring1,shared_border,climb_tiebreak,native,10km2,10km,1.064950999978464,10,height_tiebreak,172,20.0,60,18600,idrija_whole,60,15000,process,article_2_HAG_applications,True,6f060dbaf1c69bc25c1517ab2245b48bb8526299,1860,1500,9.254942200001096,7.251571838857409,190,64415,233555,5,coarse,1277,46864,1243,824048,8,2.5.3,1534.7249240112296,1534.7400363993684,True,106.81936035156241,15112.38815542512,11.573155092557844,30781040,Windows-11-10.0.26300-SP0,3.14.7,True,837.0908596801758,20261002T093029Z,1.18.1,0,46864,46300,79363,46395,5.687047356464672,94.31295264353533,0.02946910000173375,0.028185600007418543,0.0264690000039991,0.023710900015430525,537,477,9605.7690998691,1159,1209,33.74761296687852,2026-10-02T09:36:17+00:00,parallel,3,"block mean, streamed in bands, NaN-aware, any void -> void",p07,51.7875324286097,1578.923684032892,1.2937370666334513,0.9969340294232644,0.06995056625210003,1.1270107981392312,1.1270122283001773,0.19927369998185895,0.11221713406642278
X6,dem_whole_c10_d5,dem_whole_c10_d5__10km3__full_grid__climb_tiebreak__native,idrija_whole_c10,dem,full_grid,,climb_tiebreak,native,10km3,10km,0.0,10,height_tiebreak,0,nan,60,18600,idrija_whole,60,15000,process,article_2_HAG_applications,True,6f060dbaf1c69bc25c1517ab2245b48bb8526299,1860,1500,9.254942200001096,7.251571838857409,190,64415,233555,5,coarse,64415,824048,1434,824048,8,2.5.3,1537.020056457521,1537.0371492619624,True,85.65278320312586,17092.804461028543,12.153629704733364,30915944,Windows-11-10.0.26300-SP0,3.14.7,True,837.0908596801758,20261002T093029Z,1.18.1,0,824048,760329,1445772,762210,100.0,0.0,0.3081647999933921,0.3056790999835357,0.289484499982791,0.0,869,1277,11336.966084451342,177,379,33.74761296687852,2026-10-02T09:36:17+00:00,parallel,3,"block mean, streamed in bands, NaN-aware, any void -> void",p07,,,,,,,,,
X6,dem_whole_c10_d5,dem_whole_c10_d5__10km3__hag_cta__shared_border__climb_tiebreak__native,idrija_whole_c10,dem,hag_cta,shared_border,climb_tiebreak,native,10km3,10km,1.064950999978464,10,height_tiebreak,213,20.0,60,18600,idrija_whole,60,15000,process,article_2_HAG_applications,True,6f060dbaf1c69bc25c1517ab2245b48bb8526299,1860,1500,9.254942200001096,7.251571838857409,190,64415,233555,5,coarse,214,20534,2236,824048,8,2.5.3,2539.9003393554694,2539.9271090141456,True,100.25484585043743,26769.658710520926,10.709403789160996,30838472,Windows-11-10.0.26300-SP0,3.14.7,True,837.0908596801758,20261002T093029Z,1.18.1,0,20534,19991,31251,19994,2.4918451352348407,97.50815486476516,0.022336000023642555,0.021890100004384294,0.021019199979491532,0.020593499997630715,869,1277,11336.966084451342,177,379,33.74761296687852,2026-10-02T09:36:17+00:00,parallel,3,"block mean, streamed in bands, NaN-aware, any void -> void",p07,39.20999105495395,885.6635930193811,1.5661361347434548,0.9974941085415344,0.026292565455217413,1.6524835370134061,1.652482576776846,0.2631954999815207,0.07161137285984984
X6,dem_whole_c10_d5,dem_whole_c10_d5__10km3__hag_cta_ring1__shared_border__climb_tiebreak__native,idrija_whole_c10,dem,hag_cta_ring1,shared_border,climb_tiebreak,native,10km3,10km,1.064950999978464,10,height_tiebreak,213,20.0,60,18600,idrija_whole,60,15000,process,article_2_HAG_applications,True,6f060dbaf1c69bc25c1517ab2245b48bb8526299,1860,1500,9.254942200001096,7.251571838857409,190,64415,233555,5,coarse,1563,56496,1490,824048,8,2.5.3,1697.3127496337893,1697.3306675349056,True,86.63196105957013,17917.901140947328,11.75701602135222,30805544,Windows-11-10.0.26300-SP0,3.14.7,True,837.0908596801758,20261002T093029Z,1.18.1,0,56496,52323,93412,52347,6.855911306137506,93.14408869386249,0.029490899993106723,0.02925419999519363,0.029205800005001947,0.021438299998408183,869,1277,11336.966084451342,177,379,33.74761296687852,2026-10-02T09:36:17+00:00,parallel,3,"block mean, streamed in bands, NaN-aware, any void -> void",p07,40.4722961927684,611.310068623117,1.0482715801143105,0.9964290270418397,0.06881626243376222,1.1042879645602715,1.1042873416234027,0.2549865999899339,0.09570232311194747
X6,dem_whole_c10_d5,dem_whole_c10_d5__1km1__full_grid__climb_tiebreak__native,idrija_whole_c10,dem,full_grid,,climb_tiebreak,native,1km1,1km,0.0,10,height_tiebreak,0,nan,60,18600,idrija_whole,60,15000,process,article_2_HAG_applications,True,6f060dbaf1c69bc25c1517ab2245b48bb8526299,1860,1500,9.254942200001096,7.251571838857409,190,64415,233555,5,coarse,64415,824048,133,824048,8,2.5.3,135.3263812255858,135.3279746065372,True,149.66711295792848,1593.380951166243,10.783385861430974,30727304,Windows-11-10.0.26300-SP0,3.14.7,True,837.0908596801758,20261002T093029Z,1.18.1,0,824048,29986,54798,30900,100.0,0.0,0.05701329998555593,0.034046699991449714,0.03341720000025816,0.0,239,519,973.2420048477151,223,423,33.74761296687852,2026-10-02T09:36:17+00:00,parallel,3,"block mean, streamed in bands, NaN-aware, any void -> void",p07,,,,,,,,,
X6,dem_whole_c10_d5,dem_whole_c10_d5__1km1__hag_cta__shared_border__climb_tiebreak__native,idrija_whole_c10,dem,hag_cta,shared_border,climb_tiebreak,native,1km1,1km,1.064950999978464,10,height_tiebreak,28,20.0,60,18600,idrija_whole,60,15000,process,article_2_HAG_applications,True,6f060dbaf1c69bc25c1517ab2245b48bb8526299,1860,1500,9.254942200001096,7.251571838857409,190,64415,233555,5,coarse,29,6112,181,824048,8,2.5.3,199.74876037597585,199.75085032546988,True,162.03673420767677,2089.9494936611663,10.798974690891038,30704584,Windows-11-10.0.26300-SP0,3.14.7,True,837.0908596801758,20261002T093029Z,1.18.1,0,6112,5507,9887,5524,0.7417043667359183,99.25829563326408,0.0639239999873098,0.037448300019605085,0.028955899993889034,0.03243680001469329,239,519,973.2420048477151,223,423,33.74761296687852,2026-10-02T09:36:17+00:00,parallel,3,"block mean, streamed in bands, NaN-aware, any void -> void",p07,inf,424.4997055358225,1.311644583256421,0.9992605924685094,0.1836523711065164,1.4760518870522332,1.4760499512849479,-0.03583840004284866,1.0999098305859196
X6,dem_whole_c10_d5,dem_whole_c10_d5__1km1__hag_cta_ring1__shared_border__climb_tiebreak__native,idrija_whole_c10,dem,hag_cta_ring1,shared_border,climb_tiebreak,native,1km1,1km,1.064950999978464,10,height_tiebreak,28,20.0,60,18600,idrija_whole,60,15000,process,article_2_HAG_applications,True,6f060dbaf1c69bc25c1517ab2245b48bb8526299,1860,1500,9.254942200001096,7.251571838857409,190,64415,233555,5,coarse,190,16866,126,824048,8,2.5.3,136.16067077636728,136.16214859382686,True,272.98699340820235,1477.8174593052022,14.18888111834185,30709248,Windows-11-10.0.26300-SP0,3.14.7,True,837.0908596801758,20261002T093029Z,1.18.1,0,16866,15624,26384,15792,2.046725433469895,97.9532745665301,0.047019400022691116,0.028567700006533414,0.02756400001817383,0.05295209999894723,239,519,973.2420048477151,223,423,33.74761296687852,2026-10-02T09:36:17+00:00,parallel,3,"block mean, streamed in bands, NaN-aware, any void -> void",p07,inf,520.0961449578338,0.9274727793272184,0.9994123792962767,0.5210431534716201,1.0061650178126815,1.0061640912731828,-0.04747310001403093,0.8390739782036948
X6,dem_whole_c10_d5,dem_whole_c10_d5__1km2__full_grid__climb_tiebreak__native,idrija_whole_c10,dem,full_grid,,climb_tiebreak,native,1km2,1km,0.0,10,height_tiebreak,0,nan,60,18600,idrija_whole,60,15000,process,article_2_HAG_applications,True,6f060dbaf1c69bc25c1517ab2245b48bb8526299,1860,1500,9.254942200001096,7.251571838857409,190,64415,233555,5,coarse,64415,824048,127,824048,8,2.5.3,206.47180603027346,206.4734056853949,True,125.74915271506009,1599.6551211459387,14.211864165352507,30716616,Windows-11-10.0.26300-SP0,3.14.7,True,837.0908596801758,20261002T093029Z,1.18.1,0,824048,20318,37549,20946,100.0,0.0,0.03148840001085773,0.03118900000117719,0.03103529999498278,0.0,535,203,1094.1663493271944,501,307,33.74761296687852,2026-10-02T09:36:17+00:00,parallel,3,"block mean, streamed in bands, NaN-aware, any void -> void",p07,,,,,,,,,
X6,dem_whole_c10_d5,dem_whole_c10_d5__1km2__hag_cta__shared_border__climb_tiebreak__native,idrija_whole_c10,dem,hag_cta,shared_border,climb_tiebreak,native,1km2,1km,1.064950999978464,10,height_tiebreak,25,20.0,60,18600,idrija_whole,60,15000,process,article_2_HAG_applications,True,6f060dbaf1c69bc25c1517ab2245b48bb8526299,1860,1500,9.254942200001096,7.251571838857409,190,64415,233555,5,coarse,26,926,159,824048,8,2.5.3,264.4726660156249,264.47457738647506,True,154.72468872070408,1911.370849898476,11.596562128644049,30700152,Windows-11-10.0.26300-SP0,3.14.7,True,837.0908596801758,20261002T093029Z,1.18.1,0,926,895,1299,896,0.11237209482942741,99.88762790517058,0.022208200010936707,0.022031800006516278,0.020837599993683398,0.06653599999845028,535,203,1094.1663493271944,501,307,33.74761296687852,2026-10-02T09:36:17+00:00,parallel,3,"block mean, streamed in bands, NaN-aware, any void -> void",p07,inf,76.15773105863909,1.1948643333378228,0.9994640034566308,0.04404961118220297,1.2809141892082214,1.2809135225359578,-0.057378800003789365,0.7063964861228226
X6,dem_whole_c10_d5,dem_whole_c10_d5__1km2__hag_cta_ring1__shared_border__climb_tiebreak__native,idrija_whole_c10,dem,hag_cta_ring1,shared_border,climb_tiebreak,native,1km2,1km,1.064950999978464,10,height_tiebreak,25,20.0,60,18600,idrija_whole,60,15000,process,article_2_HAG_applications,True,6f060dbaf1c69bc25c1517ab2245b48bb8526299,1860,1500,9.254942200001096,7.251571838857409,190,64415,233555,5,coarse,193,2826,127,824048,8,2.5.3,208.4307318115234,208.43233146664485,True,125.74915271506009,1599.6551211459387,14.211864165352507,30700464,Windows-11-10.0.26300-SP0,3.14.7,True,837.0908596801758,20261002T093029Z,1.18.1,0,2826,2437,4306,2495,0.3429411878919675,99.65705881210803,0.039604099991265684,0.027071099990280345,0.02373089999309741,0.030520500004058704,535,203,1094.1663493271944,501,307,33.74761296687852,2026-10-02T09:36:17+00:00,parallel,3,"block mean, streamed in bands, NaN-aware, any void -> void",p07,inf,10.0,1.0,0.9994741608255284,0.11994290776651245,1.009487618764582,1.0094875452591447,-0.026402599993161857,0.8679694760735701
X6,dem_whole_c10_d5,dem_whole_c10_d5__1km3__full_grid__climb_tiebreak__native,idrija_whole_c10,dem,full_grid,,climb_tiebreak,native,1km3,1km,0.0,10,height_tiebreak,0,nan,60,18600,idrija_whole,60,15000,process,article_2_HAG_applications,True,6f060dbaf1c69bc25c1517ab2245b48bb8526299,1860,1500,9.254942200001096,7.251571838857409,190,64415,233555,5,coarse,64415,824048,118,824048,8,2.5.3,244.32994201660188,244.33138125541768,True,75.28225708007881,1439.2388155425124,11.835249738861208,30780968,Windows-11-10.0.26300-SP0,3.14.7,True,837.0908596801758,20261002T093029Z,1.18.1,0,824048,72335,140572,75403,100.0,0.0,0.11658600001828745,0.08478249999461696,0.05396580000524409,0.0,1391,1709,802.2468448052632,1471,1703,33.74761296687852,2026-10-02T09:36:17+00:00,parallel,3,"block mean, streamed in bands, NaN-aware, any void -> void",p07,,,,,,,,,
X6,dem_whole_c10_d5,dem_whole_c10_d5__1km3__hag_cta__shared_border__climb_tiebreak__native,idrija_whole_c10,dem,hag_cta,shared_border,climb_tiebreak,native,1km3,1km,1.064950999978464,10,height_tiebreak,39,20.0,60,18600,idrija_whole,60,15000,process,article_2_HAG_applications,True,6f060dbaf1c69bc25c1517ab2245b48bb8526299,1860,1500,9.254942200001096,7.251571838857409,190,64415,233555,5,coarse,40,2756,230,824048,8,2.5.3,445.5916351318357,445.5943931931604,True,79.82360092002357,2758.061325481598,11.661112879986383,30707608,Windows-11-10.0.26300-SP0,3.14.7,True,837.0908596801758,20261002T093029Z,1.18.1,0,2756,2728,4283,2732,0.3344465370949265,99.66555346290508,0.024466800008667633,0.024391100014327094,0.02022509998641908,0.0337817000108771,1391,1709,802.2468448052632,1471,1703,33.74761296687852,2026-10-02T09:36:17+00:00,parallel,3,"block mean, streamed in bands, NaN-aware, any void -> void",p07,387.82448550122854,475.0789408087881,1.9163333393297648,0.9976167091301352,0.03771341674154973,1.8237291404160296,1.8237296859028829,0.02660969996941276,0.2876902664568247
X6,dem_whole_c10_d5,dem_whole_c10_d5__1km3__hag_cta_ring1__shared_border__climb_tiebreak__native,idrija_whole_c10,dem,hag_cta_ring1,shared_border,climb_tiebreak,native,1km3,1km,1.064950999978464,10,height_tiebreak,39,20.0,60,18600,idrija_whole,60,15000,process,article_2_HAG_applications,True,6f060dbaf1c69bc25c1517ab2245b48bb8526299,1860,1500,9.254942200001096,7.251571838857409,190,64415,233555,5,coarse,243,6552,160,824048,8,2.5.3,263.73557983398473,263.73743078852937,True,67.63931274414062,1850.95454429505,11.625388073444592,30705128,Windows-11-10.0.26300-SP0,3.14.7,True,837.0908596801758,20261002T093029Z,1.18.1,0,6552,6418,11492,6478,0.7950993146030328,99.20490068539696,0.03706329999840818,0.03387719998136163,0.027329200005624443,0.03436019999207929,1391,1709,802.2468448052632,1471,1703,33.74761296687852,2026-10-02T09:36:17+00:00,parallel,3,"block mean, streamed in bands, NaN-aware, any void -> void",p07,623.7431739168183,421.90046219457975,1.2860649145272975,0.9975361398640874,0.08872606621967236,1.0794239038294549,1.0794251210524002,0.01654510002117604,0.39957774285392117
X6,dem_whole_c10_d5,dem_whole_c10_d5__20km1__full_grid__climb_tiebreak__native,idrija_whole_c10,dem,full_grid,,climb_tiebreak,native,20km1,20km,0.0,10,height_tiebreak,0,nan,60,18600,idrija_whole,60,15000,process,article_2_HAG_applications,True,6f060dbaf1c69bc25c1517ab2245b48bb8526299,1860,1500,9.254942200001096,7.251571838857409,190,64415,233555,5,coarse,64415,824048,2133,824048,8,2.5.3,2114.508202209471,2114.5344182137555,True,348.4284460261192,26216.004307249987,14.152929954523483,30934096,Windows-11-10.0.26300-SP0,3.14.7,True,837.0908596801758,20261002T093029Z,1.18.1,0,824048,816010,1538967,817018,100.0,0.0,0.2939094000030309,0.29053379999822937,0.2837991999986116,0.0,313,31,20305.270251833637,1245,1835,33.74761296687852,2026-10-02T09:36:17+00:00,parallel,3,"block mean, streamed in bands, NaN-aware, any void -> void",p07,,,,,,,,,
X6,dem_whole_c10_d5,dem_whole_c10_d5__20km1__hag_cta__shared_border__climb_tiebreak__native,idrija_whole_c10,dem,hag_cta,shared_border,climb_tiebreak,native,20km1,20km,1.064950999978464,10,height_tiebreak,304,20.0,60,18600,idrija_whole,60,15000,process,article_2_HAG_applications,True,6f060dbaf1c69bc25c1517ab2245b48bb8526299,1860,1500,9.254942200001096,7.251571838857409,190,64415,233555,5,coarse,305,23654,2948,824048,8,2.5.3,3368.180885009767,3368.216754609293,True,319.19876040996587,35869.599538664326,10.662700840179413,30886616,Windows-11-10.0.26300-SP0,3.14.7,True,837.0908596801758,20261002T093029Z,1.18.1,0,23654,23444,37709,23469,2.8704638564743803,97.12953614352561,0.024792900017928332,0.024078199989162385,0.02395289999549277,0.019849700009217486,313,31,20305.270251833637,1245,1835,33.74761296687852,2026-10-02T09:36:17+00:00,parallel,3,"block mean, streamed in bands, NaN-aware, any void -> void",p07,41.84771410572844,1021.7631819555841,1.3682328976710099,0.9984651240495277,0.02873004007303832,1.5928909055497256,1.592888120239055,0.2466058999998495,0.08287572733124038
X6,dem_whole_c10_d5,dem_whole_c10_d5__20km1__hag_cta_ring1__shared_border__climb_tiebreak__native,idrija_whole_c10,dem,hag_cta_ring1,shared_border,climb_tiebreak,native,20km1,20km,1.064950999978464,10,height_tiebreak,304,20.0,60,18600,idrija_whole,60,15000,process,article_2_HAG_applications,True,6f060dbaf1c69bc25c1517ab2245b48bb8526299,1860,1500,9.254942200001096,7.251571838857409,190,64415,233555,5,coarse,2273,58872,2485,824048,8,2.5.3,2477.4618371582037,2477.492235904198,True,341.4474842651422,30398.74600704694,11.585195375930414,30870064,Windows-11-10.0.26300-SP0,3.14.7,True,837.0908596801758,20261002T093029Z,1.18.1,0,58872,58512,106445,58629,7.144244024619925,92.85575597538008,0.03271649999078363,0.031899800000246614,0.030674000008730218,0.021503199997823685,313,31,20305.270251833637,1245,1835,33.74761296687852,2026-10-02T09:36:17+00:00,parallel,3,"block mean, streamed in bands, NaN-aware, any void -> void",p07,43.51983462280158,874.7571091451615,1.1595491689265638,0.9979300510349486,0.07170500361515178,1.1716491969950642,1.1716490469788852,0.23713080000015907,0.1097972077618543
X6,dem_whole_c10_d5,dem_whole_c10_d5__20km2__full_grid__climb_tiebreak__native,idrija_whole_c10,dem,full_grid,,climb_tiebreak,native,20km2,20km,0.0,10,height_tiebreak,0,nan,60,18600,idrija_whole,60,15000,process,article_2_HAG_applications,True,6f060dbaf1c69bc25c1517ab2245b48bb8526299,1860,1500,9.254942200001096,7.251571838857409,190,64415,233555,5,coarse,64415,824048,1871,824048,8,2.5.3,1393.0646278381334,1393.0876936490417,True,86.88604784690699,23065.81094741243,14.17182260843088,30899632,Windows-11-10.0.26300-SP0,3.14.7,True,837.0908596801758,20261002T093029Z,1.18.1,0,824048,609226,1146299,611986,100.0,0.0,0.2285740000079386,0.21821510000154376,0.21793409998645075,0.0,1259,1741,18646.179233290663,179,221,33.74761296687852,2026-10-02T09:36:17+00:00,parallel,3,"block mean, streamed in bands, NaN-aware, any void -> void",p07,,,,,,,,,
X6,dem_whole_c10_d5,dem_whole_c10_d5__20km2__hag_cta__shared_border__climb_tiebreak__native,idrija_whole_c10,dem,hag_cta,shared_border,climb_tiebreak,native,20km2,20km,1.064950999978464,10,height_tiebreak,207,20.0,60,18600,idrija_whole,60,15000,process,article_2_HAG_applications,True,6f060dbaf1c69bc25c1517ab2245b48bb8526299,1860,1500,9.254942200001096,7.251571838857409,190,64415,233555,5,coarse,208,18018,2324,824048,8,2.5.3,2312.315417938233,2312.3438131813264,True,97.34576004262478,28395.243122792497,10.765776586559973,30845736,Windows-11-10.0.26300-SP0,3.14.7,True,837.0908596801758,20261002T093029Z,1.18.1,0,18018,18012,29156,18018,2.1865231151583404,97.81347688484165,0.02076040001702495,0.020519300014711916,0.019458900002064183,0.01993959999526851,1259,1741,18646.179233290663,179,221,33.74761296687852,2026-10-02T09:36:17+00:00,parallel,3,"block mean, streamed in bands, NaN-aware, any void -> void",p07,58.05644585375567,711.9691004531026,1.2310533190240136,0.9982557721075772,0.029565382961331262,1.659876628643328,1.6598695284748322,0.17775619999156334,0.09403244786711255
X6,dem_whole_c10_d5,dem_whole_c10_d5__20km2__hag_cta_ring1__shared_border__climb_tiebreak__native,idrija_whole_c10,dem,hag_cta_ring1,shared_border,climb_tiebreak,native,20km2,20km,1.064950999978464,10,height_tiebreak,207,20.0,60,18600,idrija_whole,60,15000,process,article_2_HAG_applications,True,6f060dbaf1c69bc25c1517ab2245b48bb8526299,1860,1500,9.254942200001096,7.251571838857409,190,64415,233555,5,coarse,1706,43104,2026,824048,8,2.5.3,1653.386433868408,1653.4112443596898,True,100.54178429249775,24810.49132172778,11.572442610453384,30841752,Windows-11-10.0.26300-SP0,3.14.7,True,837.0908596801758,20261002T093029Z,1.18.1,0,43104,42439,77839,42549,5.23076325650933,94.76923674349067,0.02810279998811893,0.026344899990363047,0.025631399999838322,0.02250550000462681,1259,1741,18646.179233290663,179,221,33.74761296687852,2026-10-02T09:36:17+00:00,parallel,3,"block mean, streamed in bands, NaN-aware, any void -> void",p07,60.93296418663518,664.9060083951716,1.075639238450928,0.9981268385332227,0.06966052006972782,1.1868698700894174,1.1868680284072848,0.1693647000065539,0.12072904207901593
X6,dem_whole_c10_d5,dem_whole_c10_d5__20km3__full_grid__climb_tiebreak__native,idrija_whole_c10,dem,full_grid,,climb_tiebreak,native,20km3,20km,0.0,10,height_tiebreak,0,nan,60,18600,idrija_whole,60,15000,process,article_2_HAG_applications,True,6f060dbaf1c69bc25c1517ab2245b48bb8526299,1860,1500,9.254942200001096,7.251571838857409,190,64415,233555,5,coarse,64415,824048,1762,824048,8,2.5.3,1788.920349426268,1788.941931734311,True,92.93787457744138,21582.308063157983,14.144870214136175,30909256,Windows-11-10.0.26300-SP0,3.14.7,True,837.0908596801758,20261002T093029Z,1.18.1,0,824048,775732,1474977,778169,100.0,0.0,0.2789624000142794,0.2753979999979492,0.2631270999845583,0.0,481,251,17071.39127312124,1349,1721,33.74761296687852,2026-10-02T09:36:17+00:00,parallel,3,"block mean, streamed in bands, NaN-aware, any void -> void",p07,,,,,,,,,
X6,dem_whole_c10_d5,dem_whole_c10_d5__20km3__hag_cta__shared_border__climb_tiebreak__native,idrija_whole_c10,dem,hag_cta,shared_border,climb_tiebreak,native,20km3,20km,1.064950999978464,10,height_tiebreak,275,20.0,60,18600,idrija_whole,60,15000,process,article_2_HAG_applications,True,6f060dbaf1c69bc25c1517ab2245b48bb8526299,1860,1500,9.254942200001096,7.251571838857409,190,64415,233555,5,coarse,276,13893,2407,824048,8,2.5.3,3006.390364379883,3006.419668323574,True,91.89740600585935,29303.943699643387,10.81340785483512,30847472,Windows-11-10.0.26300-SP0,3.14.7,True,837.0908596801758,20261002T093029Z,1.18.1,0,13893,13889,21131,13889,1.6859454789041415,98.31405452109585,0.02018540000426583,0.019925000000512227,0.019034800003282726,0.02091439999639988,481,251,17071.39127312124,1349,1721,33.74761296687852,2026-10-02T09:36:17+00:00,parallel,3,"block mean, streamed in bands, NaN-aware, any void -> void",p07,43.997078768094326,1562.0819440733576,1.3577761754622806,0.9980011165587421,0.017904379347506612,1.6805613315003514,1.6805574373277532,0.23455860000103712,0.07234983551318673
X6,dem_whole_c10_d5,dem_whole_c10_d5__20km3__hag_cta_ring1__shared_border__climb_tiebreak__native,idrija_whole_c10,dem,hag_cta_ring1,shared_border,climb_tiebreak,native,20km3,20km,1.064950999978464,10,height_tiebreak,275,20.0,60,18600,idrija_whole,60,15000,process,article_2_HAG_applications,True,6f060dbaf1c69bc25c1517ab2245b48bb8526299,1860,1500,9.254942200001096,7.251571838857409,190,64415,233555,5,coarse,1956,37231,2091,824048,8,2.5.3,2289.860974731446,2289.886489070518,True,158.41582031250027,25514.33908483628,10.667158756171208,30829680,Windows-11-10.0.26300-SP0,3.14.7,True,837.0908596801758,20261002T093029Z,1.18.1,0,37231,36829,66481,36899,4.518062054637594,95.4819379453624,0.03464030000031926,0.024894300004234537,0.024386300006881356,0.020718199986731634,481,251,17071.39127312124,1349,1721,33.74761296687852,2026-10-02T09:36:17+00:00,parallel,3,"block mean, streamed in bands, NaN-aware, any void -> void",p07,44.91098524348118,1528.0052355931246,1.1821876979131096,0.9974254961038208,0.047476448051646705,1.280023996298011,1.2800228159728808,0.22978550000698306,0.09039390265876991
X6,dem_whole_c10_d5,dem_whole_c10_d5__2km1__full_grid__climb_tiebreak__native,idrija_whole_c10,dem,full_grid,,climb_tiebreak,native,2km1,2km,0.0,10,height_tiebreak,0,nan,60,18600,idrija_whole,60,15000,process,article_2_HAG_applications,True,6f060dbaf1c69bc25c1517ab2245b48bb8526299,1860,1500,9.254942200001096,7.251571838857409,190,64415,233555,5,coarse,64415,824048,218,824048,8,2.5.3,376.30215103149476,376.30484708271825,True,90.26964416503915,2696.051224213831,10.859946123332627,30734328,Windows-11-10.0.26300-SP0,3.14.7,True,837.0908596801758,20261002T093029Z,1.18.1,0,824048,59117,112962,60131,100.0,0.0,0.07606940000550821,0.04730629999539815,0.04374180000741035,0.0,553,279,2008.4820138602188,395,403,33.74761296687852,2026-10-02T09:36:17+00:00,parallel,3,"block mean, streamed in bands, NaN-aware, any void -> void",p07,,,,,,,,,
X6,dem_whole_c10_d5,dem_whole_c10_d5__2km1__hag_cta__shared_border__climb_tiebreak__native,idrija_whole_c10,dem,hag_cta,shared_border,climb_tiebreak,native,2km1,2km,1.064950999978464,10,height_tiebreak,62,20.0,60,18600,idrija_whole,60,15000,process,article_2_HAG_applications,True,6f060dbaf1c69bc25c1517ab2245b48bb8526299,1860,1500,9.254942200001096,7.251571838857409,190,64415,233555,5,coarse,63,5743,418,824048,8,2.5.3,604.5071897888186,604.5122089266179,True,104.95197448730437,5019.137802864845,10.902424647722741,30722552,Windows-11-10.0.26300-SP0,3.14.7,True,837.0908596801758,20261002T093029Z,1.18.1,0,5743,2919,4843,3099,0.6969254218200881,99.30307457817992,0.0318115999980364,0.02464080002391711,0.023494499997468665,0.06106629999703728,553,279,2008.4820138602188,395,403,33.74761296687852,2026-10-02T09:36:17+00:00,parallel,3,"block mean, streamed in bands, NaN-aware, any void -> void",p07,inf,305.28675044947494,1.8616626263577118,0.9996168453723797,0.04937665984403809,1.6064409627523604,1.6064427912982362,-0.038400800025556237,0.5208777694792049
X6,dem_whole_c10_d5,dem_whole_c10_d5__2km1__hag_cta_ring1__shared_border__climb_tiebreak__native,idrija_whole_c10,dem,hag_cta_ring1,shared_border,climb_tiebreak,native,2km1,2km,1.064950999978464,10,height_tiebreak,62,20.0,60,18600,idrija_whole,60,15000,process,article_2_HAG_applications,True,6f060dbaf1c69bc25c1517ab2245b48bb8526299,1860,1500,9.254942200001096,7.251571838857409,190,64415,233555,5,coarse,471,15441,224,824048,8,2.5.3,380.070102081299,380.0728664167937,True,75.69487675810818,2764.3354954612937,10.907839084764387,30707480,Windows-11-10.0.26300-SP0,3.14.7,True,837.0908596801758,20261002T093029Z,1.18.1,0,15441,5706,10207,5859,1.8737986136729898,98.12620138632701,0.035422799992375076,0.030165200005285442,0.02635020000161603,0.03714929998386651,553,279,2008.4820138602188,395,403,33.74761296687852,2026-10-02T09:36:17+00:00,parallel,3,"block mean, streamed in bands, NaN-aware, any void -> void",p07,inf,98.48857801796105,1.0253275125614034,0.9991264490962679,0.09652045942791414,1.0100130999503345,1.0100132096710601,-0.020008199993753806,0.6376571409774141
X6,dem_whole_c10_d5,dem_whole_c10_d5__2km2__full_grid__climb_tiebreak__native,idrija_whole_c10,dem,full_grid,,climb_tiebreak,native,2km2,2km,0.0,10,height_tiebreak,0,nan,60,18600,idrija_whole,60,15000,process,article_2_HAG_applications,True,6f060dbaf1c69bc25c1517ab2245b48bb8526299,1860,1500,9.254942200001096,7.251571838857409,190,64415,233555,5,coarse,64415,824048,180,824048,8,2.5.3,227.83339050292966,227.8355574372719,True,111.29079589843741,2166.9343417595164,11.651720947685863,30729464,Windows-11-10.0.26300-SP0,3.14.7,True,837.0908596801758,20261002T093029Z,1.18.1,0,824048,28533,53787,29515,100.0,0.0,0.03419840001151897,0.03416299997479655,0.033458499994594604,0.0,571,543,1519.2103211866354,713,597,33.74761296687852,2026-10-02T09:36:17+00:00,parallel,3,"block mean, streamed in bands, NaN-aware, any void -> void",p07,,,,,,,,,
X6,dem_whole_c10_d5,dem_whole_c10_d5__2km2__hag_cta__shared_border__climb_tiebreak__native,idrija_whole_c10,dem,hag_cta,shared_border,climb_tiebreak,native,2km2,2km,1.064950999978464,10,height_tiebreak,26,20.0,60,18600,idrija_whole,60,15000,process,article_2_HAG_applications,True,6f060dbaf1c69bc25c1517ab2245b48bb8526299,1860,1500,9.254942200001096,7.251571838857409,190,64415,233555,5,coarse,27,2298,266,824048,8,2.5.3,299.1640539550782,299.16725485911604,True,117.08942519765934,3200.9040379562166,14.34098019307329,30709432,Windows-11-10.0.26300-SP0,3.14.7,True,837.0908596801758,20261002T093029Z,1.18.1,0,2298,2278,3540,2285,0.27886725045143,99.72113274954857,0.028832699987106025,0.028256200021132827,0.0263324000115972,0.03334510000422597,571,543,1519.2103211866354,713,597,33.74761296687852,2026-10-02T09:36:17+00:00,parallel,3,"block mean, streamed in bands, NaN-aware, any void -> void",p07,inf,765.7675887630659,1.4771578336596638,0.9993481174940116,0.07983738127781867,1.3130825700951474,1.31308413060803,-0.027438300050562248,0.8270994948329652
X6,dem_whole_c10_d5,dem_whole_c10_d5__2km2__hag_cta_ring1__shared_border__climb_tiebreak__native,idrija_whole_c10,dem,hag_cta_ring1,shared_border,climb_tiebreak,native,2km2,2km,1.064950999978464,10,height_tiebreak,26,20.0,60,18600,idrija_whole,60,15000,process,article_2_HAG_applications,True,6f060dbaf1c69bc25c1517ab2245b48bb8526299,1860,1500,9.254942200001096,7.251571838857409,190,64415,233555,5,coarse,192,7102,234,824048,8,2.5.3,252.68958068847633,252.6923953183449,True,91.03265683854202,2814.6298679765214,14.191335647188527,30709128,Windows-11-10.0.26300-SP0,3.14.7,True,837.0908596801758,20261002T093029Z,1.18.1,0,7102,6367,10884,6459,0.861842999436926,99.13815700056307,0.03408990000025369,0.024697099986951798,0.02429710002616048,0.03521579998778179,571,543,1519.2103211866354,713,597,33.74761296687852,2026-10-02T09:36:17+00:00,parallel,3,"block mean, streamed in bands, NaN-aware, any void -> void",p07,inf,768.3749084919418,1.2988994699724434,0.9993382247083776,0.22314513020011917,1.1090981007247358,1.109099905917524,-0.025749899999937043,0.7229195329793011
X6,dem_whole_c10_d5,dem_whole_c10_d5__2km3__full_grid__climb_tiebreak__native,idrija_whole_c10,dem,full_grid,,climb_tiebreak,native,2km3,2km,0.0,10,height_tiebreak,0,nan,60,18600,idrija_whole,60,15000,process,article_2_HAG_applications,True,6f060dbaf1c69bc25c1517ab2245b48bb8526299,1860,1500,9.254942200001096,7.251571838857409,190,64415,233555,5,coarse,64415,824048,218,824048,8,2.5.3,304.35602081298913,304.3587002956709,True,98.2258972167972,2679.4826817189073,11.632149536647894,30749912,Windows-11-10.0.26300-SP0,3.14.7,True,837.0908596801758,20261002T093029Z,1.18.1,0,824048,59844,112192,61408,100.0,0.0,0.06035899999551475,0.05117419999442063,0.045586599997477606,0.0,1407,1533,2069.2993983471797,1295,1359,33.74761296687852,2026-10-02T09:36:17+00:00,parallel,3,"block mean, streamed in bands, NaN-aware, any void -> void",p07,,,,,,,,,
X6,dem_whole_c10_d5,dem_whole_c10_d5__2km3__hag_cta__shared_border__climb_tiebreak__native,idrija_whole_c10,dem,hag_cta,shared_border,climb_tiebreak,native,2km3,2km,1.064950999978464,10,height_tiebreak,49,20.0,60,18600,idrija_whole,60,15000,process,article_2_HAG_applications,True,6f060dbaf1c69bc25c1517ab2245b48bb8526299,1860,1500,9.254942200001096,7.251571838857409,190,64415,233555,5,coarse,50,3413,441,824048,8,2.5.3,653.6210513305653,653.6263211790421,True,80.31023099545911,5269.848480983501,10.855619752911952,30719568,Windows-11-10.0.26300-SP0,3.14.7,True,837.0908596801758,20261002T093029Z,1.18.1,0,3413,3335,5231,3364,0.414174902432868,99.58582509756712,0.04521159999421798,0.030084400001214817,0.022387500008335337,0.037346000026445836,1407,1533,2069.2993983471797,1295,1359,33.74761296687852,2026-10-02T09:36:17+00:00,parallel,3,"block mean, streamed in bands, NaN-aware, any void -> void",p07,inf,533.1041174104736,1.9667410119638673,0.9990132004280208,0.05572822672281265,2.1475542017687936,2.1475526099437054,-0.01625620003324002,0.5878821750900811
X6,dem_whole_c10_d5,dem_whole_c10_d5__2km3__hag_cta_ring1__shared_border__climb_tiebreak__native,idrija_whole_c10,dem,hag_cta_ring1,shared_border,climb_tiebreak,native,2km3,2km,1.064950999978464,10,height_tiebreak,49,20.0,60,18600,idrija_whole,60,15000,process,article_2_HAG_applications,True,6f060dbaf1c69bc25c1517ab2245b48bb8526299,1860,1500,9.254942200001096,7.251571838857409,190,64415,233555,5,coarse,311,11397,325,824048,8,2.5.3,440.47560089111363,440.47956162271043,True,86.35737072669791,3960.731598529186,14.148828935888968,30716336,Windows-11-10.0.26300-SP0,3.14.7,True,837.0908596801758,20261002T093029Z,1.18.1,0,11397,10801,19406,10875,1.3830505019125099,98.6169494980875,0.058850100002018735,0.03012400001171045,0.0262053000042215,0.04410900000948459,1407,1533,2069.2993983471797,1295,1359,33.74761296687852,2026-10-02T09:36:17+00:00,parallel,3,"block mean, streamed in bands, NaN-aware, any void -> void",p07,inf,528.0151512977634,1.4781702548599227,0.9989080944361727,0.18048593008488736,1.4472380067084754,1.4472382790267018,-0.023058800026774406,0.5886560027317433
X6,dem_whole_c10_d5,dem_whole_c10_d5__5km1__full_grid__climb_tiebreak__native,idrija_whole_c10,dem,full_grid,,climb_tiebreak,native,5km1,5km,0.0,10,height_tiebreak,0,nan,60,18600,idrija_whole,60,15000,process,article_2_HAG_applications,True,6f060dbaf1c69bc25c1517ab2245b48bb8526299,1860,1500,9.254942200001096,7.251571838857409,190,64415,233555,5,coarse,64415,824048,450,824048,8,2.5.3,490.5014083862299,490.50668953413157,True,62.19410400390643,5281.147904132613,14.162708447759808,30852056,Windows-11-10.0.26300-SP0,3.14.7,True,837.0908596801758,20261002T093029Z,1.18.1,0,824048,349405,640345,352113,100.0,0.0,0.2402455999981612,0.22376429999712855,0.20716479999828152,0.0,1299,1543,4230.791888051219,1135,1153,33.74761296687852,2026-10-02T09:36:17+00:00,parallel,3,"block mean, streamed in bands, NaN-aware, any void -> void",p07,,,,,,,,,
X6,dem_whole_c10_d5,dem_whole_c10_d5__5km1__hag_cta__shared_border__climb_tiebreak__native,idrija_whole_c10,dem,hag_cta,shared_border,climb_tiebreak,native,5km1,5km,1.064950999978464,10,height_tiebreak,88,20.0,60,18600,idrija_whole,60,15000,process,article_2_HAG_applications,True,6f060dbaf1c69bc25c1517ab2245b48bb8526299,1860,1500,9.254942200001096,7.251571838857409,190,64415,233555,5,coarse,89,15160,724,824048,8,2.5.3,699.7062380981429,699.7150711046177,True,146.1992513806643,8833.006486383878,10.695964250499001,30739784,Windows-11-10.0.26300-SP0,3.14.7,True,837.0908596801758,20261002T093029Z,1.18.1,0,15160,14299,23429,14414,1.8396986583305828,98.16030134166942,0.029026500007603317,0.028503700013970956,0.025500799994915724,0.04168029999709688,1299,1543,4230.791888051219,1135,1153,33.74761296687852,2026-10-02T09:36:17+00:00,parallel,3,"block mean, streamed in bands, NaN-aware, any void -> void",p07,67.19542285642245,820.3657720797473,1.6725542716711,0.9963609556523558,0.04092385626994462,1.4265121896391808,1.4265148387052293,0.1535802999860607,0.12738269694645987
X6,dem_whole_c10_d5,dem_whole_c10_d5__5km1__hag_cta_ring1__shared_border__climb_tiebreak__native,idrija_whole_c10,dem,hag_cta_ring1,shared_border,climb_tiebreak,native,5km1,5km,1.064950999978464,10,height_tiebreak,88,20.0,60,18600,idrija_whole,60,15000,process,article_2_HAG_applications,True,6f060dbaf1c69bc25c1517ab2245b48bb8526299,1860,1500,9.254942200001096,7.251571838857409,190,64415,233555,5,coarse,632,36112,526,824048,8,2.5.3,525.8560153198237,525.862379554303,True,81.8382141113284,6364.234482783627,11.599778855336657,30732280,Windows-11-10.0.26300-SP0,3.14.7,True,837.0908596801758,20261002T093029Z,1.18.1,0,36112,32731,56344,32966,4.382268994039182,95.61773100596082,0.06247500001336448,0.062137700006132945,0.03544249999686144,0.031907199998386204,1299,1543,4230.791888051219,1135,1153,33.74761296687852,2026-10-02T09:36:17+00:00,parallel,3,"block mean, streamed in bands, NaN-aware, any void -> void",p07,79.55551136196686,777.8174593052023,1.205085447011146,0.9961177303710327,0.09367639272477497,1.072078502383738,1.0720799344321912,0.1297193999926094,0.2776926435849254
X6,dem_whole_c10_d5,dem_whole_c10_d5__5km2__full_grid__climb_tiebreak__native,idrija_whole_c10,dem,full_grid,,climb_tiebreak,native,5km2,5km,0.0,10,height_tiebreak,0,nan,60,18600,idrija_whole,60,15000,process,article_2_HAG_applications,True,6f060dbaf1c69bc25c1517ab2245b48bb8526299,1860,1500,9.254942200001096,7.251571838857409,190,64415,233555,5,coarse,64415,824048,522,824048,8,2.5.3,558.4432730102541,558.449622097547,True,384.99601098900735,6349.087296526013,14.153226893929071,30804472,Windows-11-10.0.26300-SP0,3.14.7,True,837.0908596801758,20261002T093029Z,1.18.1,0,824048,168063,330651,170983,100.0,0.0,0.12320989998988807,0.12006660000770353,0.11113429997931235,0.0,305,537,5014.618629566959,735,795,33.74761296687852,2026-10-02T09:36:17+00:00,parallel,3,"block mean, streamed in bands, NaN-aware, any void -> void",p07,,,,,,,,,
X6,dem_whole_c10_d5,dem_whole_c10_d5__5km2__hag_cta__shared_border__climb_tiebreak__native,idrija_whole_c10,dem,hag_cta,shared_border,climb_tiebreak,native,5km2,5km,1.064950999978464,10,height_tiebreak,79,20.0,60,18600,idrija_whole,60,15000,process,article_2_HAG_applications,True,6f060dbaf1c69bc25c1517ab2245b48bb8526299,1860,1500,9.254942200001096,7.251571838857409,190,64415,233555,5,coarse,80,5425,661,824048,8,2.5.3,795.5952542114264,795.6031631262769,True,444.91540192273794,7908.914857098981,10.846411484635256,30733840,Windows-11-10.0.26300-SP0,3.14.7,True,837.0908596801758,20261002T093029Z,1.18.1,0,5425,5420,8460,5423,0.6583354367706735,99.34166456322933,0.039165299996966496,0.03846849998808466,0.037898799986578524,0.03352530000847764,305,537,5014.618629566959,735,795,33.74761296687852,2026-10-02T09:36:17+00:00,parallel,3,"block mean, streamed in bands, NaN-aware, any void -> void",p07,214.67218879673848,420.11903075200007,1.2456774474382244,0.9977070861659307,0.03224981108274873,1.4246661973790449,1.4246641624323726,0.048072800011141226,0.3203930150900959
X6,dem_whole_c10_d5,dem_whole_c10_d5__5km2__hag_cta_ring1__shared_border__climb_tiebreak__native,idrija_whole_c10,dem,hag_cta_ring1,shared_border,climb_tiebreak,native,5km2,5km,1.064950999978464,10,height_tiebreak,79,20.0,60,18600,idrija_whole,60,15000,process,article_2_HAG_applications,True,6f060dbaf1c69bc25c1517ab2245b48bb8526299,1860,1500,9.254942200001096,7.251571838857409,190,64415,233555,5,coarse,581,13562,546,824048,8,2.5.3,643.0091390991212,643.0156370594274,True,340.4462812257534,6497.960312803931,11.575815601763022,30731720,Windows-11-10.0.26300-SP0,3.14.7,True,837.0908596801758,20261002T093029Z,1.18.1,0,13562,13504,24203,13542,1.6457779158495622,98.35422208415044,0.0351747999957297,0.030382299999473616,0.026694500003941357,0.0468463999859523,305,537,5014.618629566959,735,795,33.74761296687852,2026-10-02T09:36:17+00:00,parallel,3,"block mean, streamed in bands, NaN-aware, any void -> void",p07,240.90567452215814,139.2838827718412,1.0234479397313336,0.9976382649895769,0.0803508208231437,1.1514314348045058,1.1514299797432914,0.04283790002227761,0.25304539311952096
X6,dem_whole_c10_d5,dem_whole_c10_d5__5km3__full_grid__climb_tiebreak__native,idrija_whole_c10,dem,full_grid,,climb_tiebreak,native,5km3,5km,0.0,10,height_tiebreak,0,nan,60,18600,idrija_whole,60,15000,process,article_2_HAG_applications,True,6f060dbaf1c69bc25c1517ab2245b48bb8526299,1860,1500,9.254942200001096,7.251571838857409,190,64415,233555,5,coarse,64415,824048,669,824048,8,2.5.3,533.9874829101556,533.9955215306381,True,97.51311035156277,8038.620484583753,11.725568905895019,30835296,Windows-11-10.0.26300-SP0,3.14.7,True,837.0908596801758,20261002T093029Z,1.18.1,0,824048,288845,530838,291246,100.0,0.0,0.204115999978967,0.19803359999787062,0.17260650001117028,0.0,1209,1653,5259.3535724459525,977,1181,33.74761296687852,2026-10-02T09:36:17+00:00,parallel,3,"block mean, streamed in bands, NaN-aware, any void -> void",p07,,,,,,,,,
X6,dem_whole_c10_d5,dem_whole_c10_d5__5km3__hag_cta__shared_border__climb_tiebreak__native,idrija_whole_c10,dem,hag_cta,shared_border,climb_tiebreak,native,5km3,5km,1.064950999978464,10,height_tiebreak,81,20.0,60,18600,idrija_whole,60,15000,process,article_2_HAG_applications,True,6f060dbaf1c69bc25c1517ab2245b48bb8526299,1860,1500,9.254942200001096,7.251571838857409,190,64415,233555,5,coarse,82,6782,1046,824048,8,2.5.3,918.0510675048816,918.0636838417981,True,104.47379906460405,12616.33693121129,10.73744498258545,30759608,Windows-11-10.0.26300-SP0,3.14.7,True,837.0908596801758,20261002T093029Z,1.18.1,0,6782,6776,10693,6779,0.8230103100790245,99.17698968992099,0.04574770000181161,0.03255780000472441,0.023415499978000298,0.03671709998161532,1209,1653,5259.3535724459525,977,1181,33.74761296687852,2026-10-02T09:36:17+00:00,parallel,3,"block mean, streamed in bands, NaN-aware, any void -> void",p07,80.14909438395519,420.47592083257274,1.5694654269854582,0.9975454102986396,0.023458948571032905,1.7192370549617275,1.719234800341156,0.1287587000115309,0.16440543425496731
X6,dem_whole_c10_d5,dem_whole_c10_d5__5km3__hag_cta_ring1__shared_border__climb_tiebreak__native,idrija_whole_c10,dem,hag_cta_ring1,shared_border,climb_tiebreak,native,5km3,5km,1.064950999978464,10,height_tiebreak,81,20.0,60,18600,idrija_whole,60,15000,process,article_2_HAG_applications,True,6f060dbaf1c69bc25c1517ab2245b48bb8526299,1860,1500,9.254942200001096,7.251571838857409,190,64415,233555,5,coarse,736,16672,735,824048,8,2.5.3,559.9510076904292,559.9599051334211,True,77.71687889608855,8897.44299452284,11.643475421995495,30745072,Windows-11-10.0.26300-SP0,3.14.7,True,837.0908596801758,20261002T093029Z,1.18.1,0,16672,16603,29842,16633,2.0231831155466673,97.97681688445333,0.020404100010637194,0.018852700013667345,0.017831900011515245,0.030966499994974583,1209,1653,5259.3535724459525,977,1181,33.74761296687852,2026-10-02T09:36:17+00:00,parallel,3,"block mean, streamed in bands, NaN-aware, any void -> void",p07,69.62814140009031,260.0,1.1068370514052894,0.9970740024678213,0.057480655715002854,1.0486219726327217,1.0486228489863716,0.1482143999892287,0.09519950156877449
X6,dem_whole_c20_d1,dem_whole_c20_d1__10km1__full_grid__climb_tiebreak__native,idrija_whole_c20,dem,full_grid,,climb_tiebreak,native,10km1,10km,0.0,20,height_tiebreak,0,nan,60,18600,idrija_whole,60,15000,process,article_2_HAG_applications,True,6f060dbaf1c69bc25c1517ab2245b48bb8526299,930,750,4.577030799991917,7.940471679623702,506,153070,607724,1,coarse,153070,205426,561,205426,8,2.5.3,1241.798973083496,1241.8128240502913,True,78.34630330349852,13850.966799187809,14.144168818587515,7750276,Windows-11-10.0.26300-SP0,3.14.7,True,835.0056787109374,20261002T093029Z,1.18.1,0,205426,147208,270295,148239,100.0,0.0,0.05602489999728277,0.05093470000429079,0.05032069998560473,0.0,651,568,9873.317578200349,266,259,31.8454632120827,2026-10-02T09:35:41+00:00,parallel,3,"block mean, streamed in bands, NaN-aware, any void -> void",p02,,,,,,,,,
X6,dem_whole_c20_d1,dem_whole_c20_d1__10km1__hag_cta__shared_border__climb_tiebreak__native,idrija_whole_c20,dem,hag_cta,shared_border,climb_tiebreak,native,10km1,10km,0.4692423999949824,20,height_tiebreak,449,40.0,60,18600,idrija_whole,60,15000,process,article_2_HAG_applications,True,6f060dbaf1c69bc25c1517ab2245b48bb8526299,930,750,4.577030799991917,7.940471679623702,506,153070,607724,1,coarse,450,811,596,205426,8,2.5.3,1251.1400448608401,1251.1546538175337,True,58.91341835465969,14608.956697920043,14.146011784230128,7710300,Windows-11-10.0.26300-SP0,3.14.7,True,835.0056787109374,20261002T093029Z,1.18.1,0,811,811,864,811,0.394789364540029,99.60521063545997,0.011854499985929579,0.004781399999046698,0.004576199979055673,0.076439800002845,651,568,9873.317578200349,266,259,31.8454632120827,2026-10-02T09:35:41+00:00,parallel,3,"block mean, streamed in bands, NaN-aware, any void -> void",p02,inf,156.20499351813308,1.0547246924869302,0.9948419901433188,0.005509211455899136,1.0075222092945924,1.0075227357829766,-0.030286499997600913,0.0938731355764127
X6,dem_whole_c20_d1,dem_whole_c20_d1__10km1__hag_cta_ring1__shared_border__climb_tiebreak__native,idrija_whole_c20,dem,hag_cta_ring1,shared_border,climb_tiebreak,native,10km1,10km,0.4692423999949824,20,height_tiebreak,449,40.0,60,18600,idrija_whole,60,15000,process,article_2_HAG_applications,True,6f060dbaf1c69bc25c1517ab2245b48bb8526299,930,750,4.577030799991917,7.940471679623702,506,153070,607724,1,coarse,2131,2836,565,205426,8,2.5.3,1244.3336325073244,1244.3475800426615,True,81.31204040998607,13947.535341682733,14.14533923910756,7709044,Windows-11-10.0.26300-SP0,3.14.7,True,835.0056787109374,20261002T093029Z,1.18.1,0,2836,2820,4490,2830,1.380545792645527,98.61945420735448,0.004674900003010407,0.004597000021021813,0.004573999991407618,0.06846760000917129,651,568,9873.317578200349,266,259,31.8454632120827,2026-10-02T09:35:41+00:00,parallel,3,"block mean, streamed in bands, NaN-aware, any void -> void",p02,inf,113.13708498984761,1.006971971263449,0.9946799313985721,0.01915656757784903,1.0020411189562628,1.0020411739541415,-0.022129900025902316,0.09025281430212719
X6,dem_whole_c20_d1,dem_whole_c20_d1__10km2__full_grid__climb_tiebreak__native,idrija_whole_c20,dem,full_grid,,climb_tiebreak,native,10km2,10km,0.0,20,height_tiebreak,0,nan,60,18600,idrija_whole,60,15000,process,article_2_HAG_applications,True,6f060dbaf1c69bc25c1517ab2245b48bb8526299,930,750,4.577030799991917,7.940471679623702,506,153070,607724,1,coarse,153070,205426,600,205426,8,2.5.3,1276.5384969329834,1276.5530119199796,True,70.82123184204079,14514.98700172334,14.14703439895182,7771404,Windows-11-10.0.26300-SP0,3.14.7,True,835.0056787109374,20261002T093029Z,1.18.1,0,205426,162361,305016,164138,100.0,0.0,0.058697600004961714,0.05798859999049455,0.05726119998143986,0.0,268,238,9605.7690998691,579,604,31.8454632120827,2026-10-02T09:35:41+00:00,parallel,3,"block mean, streamed in bands, NaN-aware, any void -> void",p02,,,,,,,,,
X6,dem_whole_c20_d1,dem_whole_c20_d1__10km2__hag_cta__shared_border__climb_tiebreak__native,idrija_whole_c20,dem,hag_cta,shared_border,climb_tiebreak,native,10km2,10km,0.4692423999949824,20,height_tiebreak,463,40.0,60,18600,idrija_whole,60,15000,process,article_2_HAG_applications,True,6f060dbaf1c69bc25c1517ab2245b48bb8526299,930,750,4.577030799991917,7.940471679623702,506,153070,607724,1,coarse,464,790,620,205426,8,2.5.3,1290.689260025025,1290.70437383453,True,70.82123184204079,15113.80951166243,14.145701343509394,7711516,Windows-11-10.0.26300-SP0,3.14.7,True,835.0056787109374,20261002T093029Z,1.18.1,0,790,785,811,785,0.3845667052856016,99.61543329471439,0.008838600013405085,0.004744599980767816,0.004460200027097017,0.06847890000790358,268,238,9605.7690998691,579,604,31.8454632120827,2026-10-02T09:35:41+00:00,parallel,3,"block mean, streamed in bands, NaN-aware, any void -> void",p02,inf,141.4213562373095,1.041255463051258,0.9922937991642179,0.004834904934066678,1.011085261530334,1.0110856045792147,-0.015234899998176843,0.08181952972731792
X6,dem_whole_c20_d1,dem_whole_c20_d1__10km2__hag_cta_ring1__shared_border__climb_tiebreak__native,idrija_whole_c20,dem,hag_cta_ring1,shared_border,climb_tiebreak,native,10km2,10km,0.4692423999949824,20,height_tiebreak,463,40.0,60,18600,idrija_whole,60,15000,process,article_2_HAG_applications,True,6f060dbaf1c69bc25c1517ab2245b48bb8526299,930,750,4.577030799991917,7.940471679623702,506,153070,607724,1,coarse,2087,2974,606,205426,8,2.5.3,1280.8160585784913,1280.830660428402,True,70.82123184204079,14601.849916733496,14.14393030820831,7711468,Windows-11-10.0.26300-SP0,3.14.7,True,835.0056787109374,20261002T093029Z,1.18.1,0,2974,2956,4593,2972,1.4477232677460496,98.55227673225396,0.006548400007886812,0.005508799978997558,0.005443000001832843,0.06931960000656545,268,238,9605.7690998691,579,604,31.8454632120827,2026-10-02T09:35:41+00:00,parallel,3,"block mean, streamed in bands, NaN-aware, any void -> void",p02,inf,89.44271909999159,1.0059843605095782,0.9922876226741011,0.018206342656179746,1.0033509068906148,1.0033509368341773,-0.01683979999506846,0.09499798201544023
X6,dem_whole_c20_d1,dem_whole_c20_d1__10km3__full_grid__climb_tiebreak__native,idrija_whole_c20,dem,full_grid,,climb_tiebreak,native,10km3,10km,0.0,20,height_tiebreak,0,nan,60,18600,idrija_whole,60,15000,process,article_2_HAG_applications,True,6f060dbaf1c69bc25c1517ab2245b48bb8526299,930,750,4.577030799991917,7.940471679623702,506,153070,607724,1,coarse,153070,205426,695,205426,8,2.5.3,1509.912589111328,1509.9293106163561,True,78.34630330349852,16721.505037879437,14.144774408892353,7781044,Windows-11-10.0.26300-SP0,3.14.7,True,835.0056787109374,20261002T093029Z,1.18.1,0,205426,190524,358897,191497,100.0,0.0,0.06929659997695126,0.06677800000761636,0.06662739999592304,0.0,434,638,11336.966084451342,88,189,31.8454632120827,2026-10-02T09:35:41+00:00,parallel,3,"block mean, streamed in bands, NaN-aware, any void -> void",p02,,,,,,,,,
X6,dem_whole_c20_d1,dem_whole_c20_d1__10km3__hag_cta__shared_border__climb_tiebreak__native,idrija_whole_c20,dem,hag_cta,shared_border,climb_tiebreak,native,10km3,10km,0.4692423999949824,20,height_tiebreak,479,40.0,60,18600,idrija_whole,60,15000,process,article_2_HAG_applications,True,6f060dbaf1c69bc25c1517ab2245b48bb8526299,930,750,4.577030799991917,7.940471679623702,506,153070,607724,1,coarse,480,1367,766,205426,8,2.5.3,1527.0360865020752,1527.0548990330751,True,83.95674180192293,18812.53100892385,14.144051848327084,7721500,Windows-11-10.0.26300-SP0,3.14.7,True,835.0056787109374,20261002T093029Z,1.18.1,0,1367,1367,1557,1367,0.6654464381334397,99.33455356186656,0.005067799997050315,0.004832100006751716,0.0047469999990426,0.07859839999582618,434,638,11336.966084451342,88,189,31.8454632120827,2026-10-02T09:35:41+00:00,parallel,3,"block mean, streamed in bands, NaN-aware, any void -> void",p02,inf,421.90046219457975,1.125050105615947,0.992347556446153,0.007174949087778967,1.0113407209889054,1.0113419802478887,-0.016652499994961545,0.07236065779449208
X6,dem_whole_c20_d1,dem_whole_c20_d1__10km3__hag_cta_ring1__shared_border__climb_tiebreak__native,idrija_whole_c20,dem,hag_cta_ring1,shared_border,climb_tiebreak,native,10km3,10km,0.4692423999949824,20,height_tiebreak,479,40.0,60,18600,idrija_whole,60,15000,process,article_2_HAG_applications,True,6f060dbaf1c69bc25c1517ab2245b48bb8526299,930,750,4.577030799991917,7.940471679623702,506,153070,607724,1,coarse,2448,4637,698,205426,8,2.5.3,1514.2412832641603,1514.2583050130552,True,87.81932176530867,17021.74890405583,14.143682042729614,7720572,Windows-11-10.0.26300-SP0,3.14.7,True,835.0056787109374,20261002T093029Z,1.18.1,0,4637,4633,7384,4636,2.2572605220371327,97.74273947796287,0.005724799993913621,0.005344800010789186,0.005343700002413243,0.0735982000187505,434,638,11336.966084451342,88,189,31.8454632120827,2026-10-02T09:35:41+00:00,parallel,3,"block mean, streamed in bands, NaN-aware, any void -> void",p02,inf,342.3448553724738,1.0179555527744808,0.9922282922445883,0.02431714639625454,1.0028668508257024,1.0028670179234629,-0.012165000021923333,0.08003833613135442
X6,dem_whole_c20_d1,dem_whole_c20_d1__1km1__full_grid__climb_tiebreak__native,idrija_whole_c20,dem,full_grid,,climb_tiebreak,native,1km1,1km,0.0,20,height_tiebreak,0,nan,60,18600,idrija_whole,60,15000,process,article_2_HAG_applications,True,6f060dbaf1c69bc25c1517ab2245b48bb8526299,930,750,4.577030799991917,7.940471679623702,506,153070,607724,1,coarse,153070,205426,67,205426,8,2.5.3,127.45246917724637,127.45408741101143,True,73.18286686253515,1618.2337649086285,14.229064824481474,7694228,Windows-11-10.0.26300-SP0,3.14.7,True,835.0056787109374,20261002T093029Z,1.18.1,0,205426,7928,14457,8346,100.0,0.0,0.006737700023222715,0.006671600014669821,0.006616200000280514,0.0,119,259,973.2420048477151,111,211,31.8454632120827,2026-10-02T09:35:41+00:00,parallel,3,"block mean, streamed in bands, NaN-aware, any void -> void",p02,,,,,,,,,
X6,dem_whole_c20_d1,dem_whole_c20_d1__1km1__hag_cta__shared_border__climb_tiebreak__native,idrija_whole_c20,dem,hag_cta,shared_border,climb_tiebreak,native,1km1,1km,0.4692423999949824,20,height_tiebreak,60,40.0,60,18600,idrija_whole,60,15000,process,article_2_HAG_applications,True,6f060dbaf1c69bc25c1517ab2245b48bb8526299,930,750,4.577030799991917,7.940471679623702,506,153070,607724,1,coarse,61,293,117,205426,8,2.5.3,141.80332397460904,141.8062570106816,True,61.993131329113666,2933.0360723121817,14.15692668119586,7679412,Windows-11-10.0.26300-SP0,3.14.7,True,835.0056787109374,20261002T093029Z,1.18.1,0,293,293,334,293,0.1426304362641535,99.85736956373584,0.011934500013012439,0.01044679997721687,0.0053189999889582396,0.1504078000143636,119,259,973.2420048477151,111,211,31.8454632120827,2026-10-02T09:35:41+00:00,parallel,3,"block mean, streamed in bands, NaN-aware, any void -> void",p02,inf,776.659513557904,1.8124921973048758,0.9980744007066076,0.03695761856710394,1.1125976992835278,1.112606585565103,-0.15418299997691065,1.5658612558075973
X6,dem_whole_c20_d1,dem_whole_c20_d1__1km1__hag_cta_ring1__shared_border__climb_tiebreak__native,idrija_whole_c20,dem,hag_cta_ring1,shared_border,climb_tiebreak,native,1km1,1km,0.4692423999949824,20,height_tiebreak,60,40.0,60,18600,idrija_whole,60,15000,process,article_2_HAG_applications,True,6f060dbaf1c69bc25c1517ab2245b48bb8526299,930,750,4.577030799991917,7.940471679623702,506,153070,607724,1,coarse,298,944,81,205426,8,2.5.3,135.6762954711911,135.67822684204114,True,83.71307772086479,1931.3708498984763,14.155138924372364,7679196,Windows-11-10.0.26300-SP0,3.14.7,True,835.0056787109374,20261002T093029Z,1.18.1,0,944,937,1447,943,0.45953287315140245,99.5404671268486,0.009206000017002225,0.006457899988163263,0.005220700026256964,0.1461245999962557,119,259,973.2420048477151,111,211,31.8454632120827,2026-10-02T09:35:41+00:00,parallel,3,"block mean, streamed in bands, NaN-aware, any void -> void",p02,inf,688.1860213634102,1.1935054698401555,0.9980463277147493,0.11818869828456105,1.0645246525785859,1.064526290196631,-0.14591089996974915,0.9679686992570501
X6,dem_whole_c20_d1,dem_whole_c20_d1__1km2__full_grid__climb_tiebreak__native,idrija_whole_c20,dem,full_grid,,climb_tiebreak,native,1km2,1km,0.0,20,height_tiebreak,0,nan,60,18600,idrija_whole,60,15000,process,article_2_HAG_applications,True,6f060dbaf1c69bc25c1517ab2245b48bb8526299,930,750,4.577030799991917,7.940471679623702,506,153070,607724,1,coarse,153070,205426,60,205426,8,2.5.3,173.68535720825173,173.68686857910185,True,115.51197433471657,1511.370849898476,14.237969967434651,7688828,Windows-11-10.0.26300-SP0,3.14.7,True,835.0056787109374,20261002T093029Z,1.18.1,0,205426,5183,9950,5531,100.0,0.0,0.006840200017904863,0.006747900013579056,0.006723700003931299,0.0,267,101,1094.1663493271944,250,153,31.8454632120827,2026-10-02T09:35:41+00:00,parallel,3,"block mean, streamed in bands, NaN-aware, any void -> void",p02,,,,,,,,,
X6,dem_whole_c20_d1,dem_whole_c20_d1__1km2__hag_cta__shared_border__climb_tiebreak__native,idrija_whole_c20,dem,hag_cta,shared_border,climb_tiebreak,native,1km2,1km,0.4692423999949824,20,height_tiebreak,51,40.0,60,18600,idrija_whole,60,15000,process,article_2_HAG_applications,True,6f060dbaf1c69bc25c1517ab2245b48bb8526299,930,750,4.577030799991917,7.940471679623702,506,153070,607724,1,coarse,52,69,63,205426,8,2.5.3,175.22470916748023,175.22628882260162,True,115.51197433471657,1579.655121145938,14.186898788691616,7678636,Windows-11-10.0.26300-SP0,3.14.7,True,835.0056787109374,20261002T093029Z,1.18.1,0,69,69,69,69,0.033588737550261406,99.96641126244974,0.005193599994527176,0.005170500022359192,0.0048423999978695065,0.15686819999245927,267,101,1094.1663493271944,250,153,31.8454632120827,2026-10-02T09:35:41+00:00,parallel,3,"block mean, streamed in bands, NaN-aware, any void -> void",p02,inf,28.284271247461902,1.0451803548097072,0.9986744403698457,0.013312753231719082,1.0088628770091586,1.0088631930329186,-0.1552908000012394,0.7662383870469922
X6,dem_whole_c20_d1,dem_whole_c20_d1__1km2__hag_cta_ring1__shared_border__climb_tiebreak__native,idrija_whole_c20,dem,hag_cta_ring1,shared_border,climb_tiebreak,native,1km2,1km,0.4692423999949824,20,height_tiebreak,51,40.0,60,18600,idrija_whole,60,15000,process,article_2_HAG_applications,True,6f060dbaf1c69bc25c1517ab2245b48bb8526299,930,750,4.577030799991917,7.940471679623702,506,153070,607724,1,coarse,240,306,60,205426,8,2.5.3,173.68535720825173,173.68686857910185,True,115.51197433471657,1511.370849898476,14.237969967434651,7679148,Windows-11-10.0.26300-SP0,3.14.7,True,835.0056787109374,20261002T093029Z,1.18.1,0,306,300,475,305,0.1489587491359419,99.85104125086406,0.00531460001366213,0.004942900006426498,0.004757999995490536,0.14302290001069196,267,101,1094.1663493271944,250,153,31.8454632120827,2026-10-02T09:35:41+00:00,parallel,3,"block mean, streamed in bands, NaN-aware, any void -> void",p02,inf,0.0,1.0,0.9987410304925536,0.05788153579008296,1.0,1.0,-0.1412179000035394,0.7325093727648176
X6,dem_whole_c20_d1,dem_whole_c20_d1__1km3__full_grid__climb_tiebreak__native,idrija_whole_c20,dem,full_grid,,climb_tiebreak,native,1km3,1km,0.0,20,height_tiebreak,0,nan,60,18600,idrija_whole,60,15000,process,article_2_HAG_applications,True,6f060dbaf1c69bc25c1517ab2245b48bb8526299,930,750,4.577030799991917,7.940471679623702,506,153070,607724,1,coarse,153070,205426,45,205426,8,2.5.3,243.73439659118668,243.73540085525553,True,52.90026550292964,1004.2640687119283,14.419647058075794,7718716,Windows-11-10.0.26300-SP0,3.14.7,True,835.0056787109374,20261002T093029Z,1.18.1,0,205426,19269,37649,20734,100.0,0.0,0.013994199980515987,0.013015999982599169,0.012750400026561692,0.0,695,854,802.2468448052632,735,851,31.8454632120827,2026-10-02T09:35:41+00:00,parallel,3,"block mean, streamed in bands, NaN-aware, any void -> void",p02,,,,,,,,,
X6,dem_whole_c20_d1,dem_whole_c20_d1__1km3__hag_cta__shared_border__climb_tiebreak__native,idrija_whole_c20,dem,hag_cta,shared_border,climb_tiebreak,native,1km3,1km,0.4692423999949824,20,height_tiebreak,51,40.0,60,18600,idrija_whole,60,15000,process,article_2_HAG_applications,True,6f060dbaf1c69bc25c1517ab2245b48bb8526299,930,750,4.577030799991917,7.940471679623702,506,153070,607724,1,coarse,52,73,55,205426,8,2.5.3,243.73439659118668,243.73576654068052,True,52.90026550292964,1369.9494936611663,14.20089231976456,7678780,Windows-11-10.0.26300-SP0,3.14.7,True,835.0056787109374,20261002T093029Z,1.18.1,0,73,73,80,73,0.03553591074158091,99.96446408925841,0.005085400014650077,0.005077000008895993,0.004969999979948625,0.10283719998551533,695,854,802.2468448052632,735,851,31.8454632120827,2026-10-02T09:35:41+00:00,parallel,3,"block mean, streamed in bands, NaN-aware, any void -> void",p02,inf,140.0,1.364132737934423,0.9948260824727844,0.0037884685245731485,1.0,1.0000015003377585,-0.09489820001181215,0.3900583908791744
X6,dem_whole_c20_d1,dem_whole_c20_d1__1km3__hag_cta_ring1__shared_border__climb_tiebreak__native,idrija_whole_c20,dem,hag_cta_ring1,shared_border,climb_tiebreak,native,1km3,1km,0.4692423999949824,20,height_tiebreak,51,40.0,60,18600,idrija_whole,60,15000,process,article_2_HAG_applications,True,6f060dbaf1c69bc25c1517ab2245b48bb8526299,930,750,4.577030799991917,7.940471679623702,506,153070,607724,1,coarse,231,273,45,205426,8,2.5.3,243.73439659118668,243.73543399234052,True,49.38255538940439,1037.401153701776,14.274646354532601,7678892,Windows-11-10.0.26300-SP0,3.14.7,True,835.0056787109374,20261002T093029Z,1.18.1,0,273,262,390,268,0.132894570307556,99.86710542969244,0.0047765999916009605,0.0047153999912552536,0.0046824000019114465,0.09940929998992942,695,854,802.2468448052632,735,851,31.8454632120827,2026-10-02T09:35:41+00:00,parallel,3,"block mean, streamed in bands, NaN-aware, any void -> void",p02,inf,40.0,1.032996386132135,0.9948405926581572,0.013596969225180342,1.0,1.0000001359551582,-0.09110869999858551,0.3622771971081114
X6,dem_whole_c20_d1,dem_whole_c20_d1__20km1__full_grid__climb_tiebreak__native,idrija_whole_c20,dem,full_grid,,climb_tiebreak,native,20km1,20km,0.0,20,height_tiebreak,0,nan,60,18600,idrija_whole,60,15000,process,article_2_HAG_applications,True,6f060dbaf1c69bc25c1517ab2245b48bb8526299,930,750,4.577030799991917,7.940471679623702,506,153070,607724,1,coarse,153070,205426,1036,205426,8,2.5.3,2074.452238998413,2074.477420789135,True,157.02887129289635,25181.79074487689,14.143145171280652,7791548,Windows-11-10.0.26300-SP0,3.14.7,True,835.0056787109374,20261002T093029Z,1.18.1,0,205426,202558,378944,203108,100.0,0.0,0.07195620000129566,0.06912189998547547,0.06873860000632703,0.0,156,15,20305.270251833637,622,917,31.8454632120827,2026-10-02T09:35:41+00:00,parallel,3,"block mean, streamed in bands, NaN-aware, any void -> void",p02,,,,,,,,,
X6,dem_whole_c20_d1,dem_whole_c20_d1__20km1__hag_cta__shared_border__climb_tiebreak__native,idrija_whole_c20,dem,hag_cta,shared_border,climb_tiebreak,native,20km1,20km,0.4692423999949824,20,height_tiebreak,696,40.0,60,18600,idrija_whole,60,15000,process,article_2_HAG_applications,True,6f060dbaf1c69bc25c1517ab2245b48bb8526299,930,750,4.577030799991917,7.940471679623702,506,153070,607724,1,coarse,697,2007,1162,205426,8,2.5.3,2103.7140808868407,2103.7427436530293,True,174.20071552130884,28662.76620958247,14.143509387887752,7746620,Windows-11-10.0.26300-SP0,3.14.7,True,835.0056787109374,20261002T093029Z,1.18.1,0,2007,2007,2272,2007,0.97699414874456,99.02300585125545,0.007306799991056323,0.006700700003420934,0.006387600005837157,0.06691709998995066,156,15,20305.270251833637,622,917,31.8454632120827,2026-10-02T09:35:41+00:00,parallel,3,"block mean, streamed in bands, NaN-aware, any void -> void",p02,inf,701.1419257183242,1.1382338333271143,0.99423375175254,0.009908273185951678,1.014105816146703,1.0141073229193123,-0.004495900007896125,0.09694033301788503
X6,dem_whole_c20_d1,dem_whole_c20_d1__20km1__hag_cta_ring1__shared_border__climb_tiebreak__native,idrija_whole_c20,dem,hag_cta_ring1,shared_border,climb_tiebreak,native,20km1,20km,0.4692423999949824,20,height_tiebreak,696,40.0,60,18600,idrija_whole,60,15000,process,article_2_HAG_applications,True,6f060dbaf1c69bc25c1517ab2245b48bb8526299,930,750,4.577030799991917,7.940471679623702,506,153070,607724,1,coarse,3714,6615,1090,205426,8,2.5.3,2085.6056224060058,2085.632182430491,True,174.20071552130884,26560.024509785515,14.142410774889882,7744588,Windows-11-10.0.26300-SP0,3.14.7,True,835.0056787109374,20261002T093029Z,1.18.1,0,6615,6596,10714,6605,3.2201376651446263,96.77986233485537,0.006766899983631447,0.006721300014760345,0.006545799988089129,0.06851419998565689,156,15,20305.270251833637,622,917,31.8454632120827,2026-10-02T09:35:41+00:00,parallel,3,"block mean, streamed in bands, NaN-aware, any void -> void",p02,inf,625.1399843235114,1.0547313643764202,0.9939729563367895,0.032563512672913436,1.0053765438403044,1.0053771429515548,-0.006113600014941767,0.09723835739718797
X6,dem_whole_c20_d1,dem_whole_c20_d1__20km2__full_grid__climb_tiebreak__native,idrija_whole_c20,dem,full_grid,,climb_tiebreak,native,20km2,20km,0.0,20,height_tiebreak,0,nan,60,18600,idrija_whole,60,15000,process,article_2_HAG_applications,True,6f060dbaf1c69bc25c1517ab2245b48bb8526299,930,750,4.577030799991917,7.940471679623702,506,153070,607724,1,coarse,153070,205426,914,205426,8,2.5.3,1373.6268949508667,1373.6493385078388,True,78.34630330349852,22443.556979968263,14.146833741532893,7773020,Windows-11-10.0.26300-SP0,3.14.7,True,835.0056787109374,20261002T093029Z,1.18.1,0,205426,152502,284174,153827,100.0,0.0,0.0551125000056345,0.05209209999884479,0.048690700001316145,0.0,629,870,18646.179233290663,89,110,31.8454632120827,2026-10-02T09:35:41+00:00,parallel,3,"block mean, streamed in bands, NaN-aware, any void -> void",p02,,,,,,,,,
X6,dem_whole_c20_d1,dem_whole_c20_d1__20km2__hag_cta__shared_border__climb_tiebreak__native,idrija_whole_c20,dem,hag_cta,shared_border,climb_tiebreak,native,20km2,20km,0.4692423999949824,20,height_tiebreak,540,40.0,60,18600,idrija_whole,60,15000,process,article_2_HAG_applications,True,6f060dbaf1c69bc25c1517ab2245b48bb8526299,930,750,4.577030799991917,7.940471679623702,506,153070,607724,1,coarse,541,1724,965,205426,8,2.5.3,1391.9750165176392,1391.9987700241045,True,58.91341835465969,23753.50647362943,14.144431472298441,7733700,Windows-11-10.0.26300-SP0,3.14.7,True,835.0056787109374,20261002T093029Z,1.18.1,0,1724,1724,1982,1724,0.8392316454587053,99.16076835454129,0.005222299980232492,0.005170699994778261,0.005093000014312565,0.06772580000688322,629,870,18646.179233290663,89,110,31.8454632120827,2026-10-02T09:35:41+00:00,parallel,3,"block mean, streamed in bands, NaN-aware, any void -> void",p02,inf,197.9898987322333,1.058366394187443,0.9949414770578231,0.011304769773511168,1.013357427431143,1.013358162816282,-0.020804400002816692,0.09926073233547751
X6,dem_whole_c20_d1,dem_whole_c20_d1__20km2__hag_cta_ring1__shared_border__climb_tiebreak__native,idrija_whole_c20,dem,hag_cta_ring1,shared_border,climb_tiebreak,native,20km2,20km,0.4692423999949824,20,height_tiebreak,540,40.0,60,18600,idrija_whole,60,15000,process,article_2_HAG_applications,True,6f060dbaf1c69bc25c1517ab2245b48bb8526299,930,750,4.577030799991917,7.940471679623702,506,153070,607724,1,coarse,2990,5590,918,205426,8,2.5.3,1376.1425101852417,1376.1650503107558,True,81.31204040998607,22540.125522463186,14.144231138410074,7734332,Windows-11-10.0.26300-SP0,3.14.7,True,835.0056787109374,20261002T093029Z,1.18.1,0,5590,5584,9097,5589,2.7211745348690037,97.27882546513099,0.006313899997621775,0.006152800022391602,0.005889799998840317,0.06791290000546724,629,870,18646.179233290663,89,110,31.8454632120827,2026-10-02T09:35:41+00:00,parallel,3,"block mean, streamed in bands, NaN-aware, any void -> void",p02,inf,156.20499351813308,1.0043027289560702,0.99502278393726,0.0366159132339248,1.0018313671955767,1.0018314075742574,-0.02197360002901405,0.11811387950434037
X6,dem_whole_c20_d1,dem_whole_c20_d1__20km3__full_grid__climb_tiebreak__native,idrija_whole_c20,dem,full_grid,,climb_tiebreak,native,20km3,20km,0.0,20,height_tiebreak,0,nan,60,18600,idrija_whole,60,15000,process,article_2_HAG_applications,True,6f060dbaf1c69bc25c1517ab2245b48bb8526299,930,750,4.577030799991917,7.940471679623702,506,153070,607724,1,coarse,153070,205426,861,205426,8,2.5.3,1767.5147599029542,1767.5358120890662,True,78.34630330349852,21052.186130069786,14.14379949290997,7780596,Windows-11-10.0.26300-SP0,3.14.7,True,835.0056787109374,20261002T093029Z,1.18.1,0,205426,194851,367139,195957,100.0,0.0,0.07249340001726523,0.07111489999806508,0.06729850001283921,0.0,240,125,17071.39127312124,674,860,31.8454632120827,2026-10-02T09:35:41+00:00,parallel,3,"block mean, streamed in bands, NaN-aware, any void -> void",p02,,,,,,,,,
X6,dem_whole_c20_d1,dem_whole_c20_d1__20km3__hag_cta__shared_border__climb_tiebreak__native,idrija_whole_c20,dem,hag_cta,shared_border,climb_tiebreak,native,20km3,20km,0.4692423999949824,20,height_tiebreak,601,40.0,60,18600,idrija_whole,60,15000,process,article_2_HAG_applications,True,6f060dbaf1c69bc25c1517ab2245b48bb8526299,930,750,4.577030799991917,7.940471679623702,506,153070,607724,1,coarse,602,1556,929,205426,8,2.5.3,1793.9068391418455,1793.9296986786062,True,93.50015907287599,22859.53677743273,14.144946566662115,7731364,Windows-11-10.0.26300-SP0,3.14.7,True,835.0056787109374,20261002T093029Z,1.18.1,0,1556,1555,1759,1556,0.7574503714232862,99.24254962857671,0.005334599991329014,0.005070599989267066,0.004935400007525459,0.07043329998850822,240,125,17071.39127312124,674,860,31.8454632120827,2026-10-02T09:35:41+00:00,parallel,3,"block mean, streamed in bands, NaN-aware, any void -> void",p02,inf,394.4616584663204,1.0858509722551535,0.9936724641659842,0.00798045686190987,1.0149317447512236,1.0149325894327113,-0.004388999979710206,0.07130151331725178
X6,dem_whole_c20_d1,dem_whole_c20_d1__20km3__hag_cta_ring1__shared_border__climb_tiebreak__native,idrija_whole_c20,dem,hag_cta_ring1,shared_border,climb_tiebreak,native,20km3,20km,0.4692423999949824,20,height_tiebreak,601,40.0,60,18600,idrija_whole,60,15000,process,article_2_HAG_applications,True,6f060dbaf1c69bc25c1517ab2245b48bb8526299,930,750,4.577030799991917,7.940471679623702,506,153070,607724,1,coarse,3099,5023,877,205426,8,2.5.3,1773.5755757141114,1773.5969479002226,True,102.88032379150395,21372.186130069786,14.143753981124197,7731028,Windows-11-10.0.26300-SP0,3.14.7,True,835.0056787109374,20261002T093029Z,1.18.1,0,5023,5018,8064,5023,2.4451627349994647,97.55483726500054,0.006232300016563386,0.006075699988286942,0.005949699989287183,0.07002730001113378,240,125,17071.39127312124,674,860,31.8454632120827,2026-10-02T09:35:41+00:00,parallel,3,"block mean, streamed in bands, NaN-aware, any void -> void",p02,inf,384.1874542459709,1.0152003216208947,0.9936292798135259,0.02575301127528214,1.003429004356088,1.0034291445580346,-0.004988100001355633,0.08543497900513468
X6,dem_whole_c20_d1,dem_whole_c20_d1__2km1__full_grid__climb_tiebreak__native,idrija_whole_c20,dem,full_grid,,climb_tiebreak,native,2km1,2km,0.0,20,height_tiebreak,0,nan,60,18600,idrija_whole,60,15000,process,article_2_HAG_applications,True,6f060dbaf1c69bc25c1517ab2245b48bb8526299,930,750,4.577030799991917,7.940471679623702,506,153070,607724,1,coarse,153070,205426,95,205426,8,2.5.3,356.1492829895019,356.1516020558782,True,74.6041023254395,2319.0663761154806,14.354623280748307,7695516,Windows-11-10.0.26300-SP0,3.14.7,True,835.0056787109374,20261002T093029Z,1.18.1,0,205426,15510,29725,16068,100.0,0.0,0.010756100004073232,0.010438299999805167,0.01027800000156276,0.0,276,139,2008.4820138602188,197,201,31.8454632120827,2026-10-02T09:35:41+00:00,parallel,3,"block mean, streamed in bands, NaN-aware, any void -> void",p02,,,,,,,,,
X6,dem_whole_c20_d1,dem_whole_c20_d1__2km1__hag_cta__shared_border__climb_tiebreak__native,idrija_whole_c20,dem,hag_cta,shared_border,climb_tiebreak,native,2km1,2km,0.4692423999949824,20,height_tiebreak,91,40.0,60,18600,idrija_whole,60,15000,process,article_2_HAG_applications,True,6f060dbaf1c69bc25c1517ab2245b48bb8526299,930,750,4.577030799991917,7.940471679623702,506,153070,607724,1,coarse,92,227,103,205426,8,2.5.3,359.03296325683584,359.0355085973821,True,93.50015907287599,2545.3405460951763,14.160142357668601,7679212,Windows-11-10.0.26300-SP0,3.14.7,True,835.0056787109374,20261002T093029Z,1.18.1,0,227,224,289,227,0.11050207860738173,99.88949792139262,0.005472499993629754,0.005168200004845858,0.0050477999902796,0.09633989998837933,276,139,2008.4820138602188,197,201,31.8454632120827,2026-10-02T09:35:41+00:00,parallel,3,"block mean, streamed in bands, NaN-aware, any void -> void",p02,inf,234.0939982143925,1.0975712348340425,0.9978813636408527,0.014442295293359123,1.0080968301919029,1.0080974128007754,-0.09106979999342002,0.4951189374651354
X6,dem_whole_c20_d1,dem_whole_c20_d1__2km1__hag_cta_ring1__shared_border__climb_tiebreak__native,idrija_whole_c20,dem,hag_cta_ring1,shared_border,climb_tiebreak,native,2km1,2km,0.4692423999949824,20,height_tiebreak,91,40.0,60,18600,idrija_whole,60,15000,process,article_2_HAG_applications,True,6f060dbaf1c69bc25c1517ab2245b48bb8526299,930,750,4.577030799991917,7.940471679623702,506,153070,607724,1,coarse,418,741,98,205426,8,2.5.3,357.0789146423339,357.0813185615238,True,101.23257369995116,2403.9191898578665,14.348935167856531,7679612,Windows-11-10.0.26300-SP0,3.14.7,True,835.0056787109374,20261002T093029Z,1.18.1,0,741,653,1094,695,0.3607138336919377,99.63928616630807,0.005465499998535961,0.0050783999904524535,0.005025499995099381,0.11202800000319257,276,139,2008.4820138602188,197,201,31.8454632120827,2026-10-02T09:35:41+00:00,parallel,3,"block mean, streamed in bands, NaN-aware, any void -> void",p02,inf,228.0350850198276,1.036589213062766,0.9979333419617346,0.04210186976144423,1.0026102303085627,1.0026104515612981,-0.10666809999383986,0.4865160026582147
X6,dem_whole_c20_d1,dem_whole_c20_d1__2km2__full_grid__climb_tiebreak__native,idrija_whole_c20,dem,full_grid,,climb_tiebreak,native,2km2,2km,0.0,20,height_tiebreak,0,nan,60,18600,idrija_whole,60,15000,process,article_2_HAG_applications,True,6f060dbaf1c69bc25c1517ab2245b48bb8526299,930,750,4.577030799991917,7.940471679623702,506,153070,607724,1,coarse,153070,205426,93,205426,8,2.5.3,214.55584686279224,214.55805137072758,True,96.22844467163077,2204.5079348883237,14.184290615874252,7693756,Windows-11-10.0.26300-SP0,3.14.7,True,835.0056787109374,20261002T093029Z,1.18.1,0,205426,7563,14366,8093,100.0,0.0,0.007999800000106916,0.007653299981029704,0.0074683999991975725,0.0,285,271,1519.2103211866354,356,298,31.8454632120827,2026-10-02T09:35:41+00:00,parallel,3,"block mean, streamed in bands, NaN-aware, any void -> void",p02,,,,,,,,,
X6,dem_whole_c20_d1,dem_whole_c20_d1__2km2__hag_cta__shared_border__climb_tiebreak__native,idrija_whole_c20,dem,hag_cta,shared_border,climb_tiebreak,native,2km2,2km,0.4692423999949824,20,height_tiebreak,69,40.0,60,18600,idrija_whole,60,15000,process,article_2_HAG_applications,True,6f060dbaf1c69bc25c1517ab2245b48bb8526299,930,750,4.577030799991917,7.940471679623702,506,153070,607724,1,coarse,70,119,92,205426,8,2.5.3,216.41588012695217,216.41813919332876,True,86.20012993862339,2259.066376115481,14.18919677912057,7678764,Windows-11-10.0.26300-SP0,3.14.7,True,835.0056787109374,20261002T093029Z,1.18.1,0,119,119,124,119,0.057928402441755185,99.94207159755824,0.035993500001495704,0.005583699996350333,0.004776499990839511,0.10234230000060052,285,271,1519.2103211866354,356,298,31.8454632120827,2026-10-02T09:35:41+00:00,parallel,3,"block mean, streamed in bands, NaN-aware, any void -> void",p02,inf,56.568542494923804,1.02474858010884,0.9980514068811124,0.01573449689276742,1.0086692266435853,1.0086693918532434,-0.10027270001592115,0.7295807050802523
X6,dem_whole_c20_d1,dem_whole_c20_d1__2km2__hag_cta_ring1__shared_border__climb_tiebreak__native,idrija_whole_c20,dem,hag_cta_ring1,shared_border,climb_tiebreak,native,2km2,2km,0.4692423999949824,20,height_tiebreak,69,40.0,60,18600,idrija_whole,60,15000,process,article_2_HAG_applications,True,6f060dbaf1c69bc25c1517ab2245b48bb8526299,930,750,4.577030799991917,7.940471679623702,506,153070,607724,1,coarse,326,462,92,205426,8,2.5.3,216.037479248046,216.03967204025258,True,96.22844467163077,2192.792206135786,14.16696823763177,7679084,Windows-11-10.0.26300-SP0,3.14.7,True,835.0056787109374,20261002T093029Z,1.18.1,0,462,456,718,462,0.22489850359740246,99.7751014964026,0.005620899988571182,0.005340000003343448,0.004615499987266958,0.13934409999637865,285,271,1519.2103211866354,356,298,31.8454632120827,2026-10-02T09:35:41+00:00,parallel,3,"block mean, streamed in bands, NaN-aware, any void -> void",p02,inf,56.568542494923804,0.994685558365599,0.9980929990501388,0.06029353431178104,1.0069055791623394,1.0069054536059565,-0.1370308000186924,0.6977382327335592
X6,dem_whole_c20_d1,dem_whole_c20_d1__2km3__full_grid__climb_tiebreak__native,idrija_whole_c20,dem,full_grid,,climb_tiebreak,native,2km3,2km,0.0,20,height_tiebreak,0,nan,60,18600,idrija_whole,60,15000,process,article_2_HAG_applications,True,6f060dbaf1c69bc25c1517ab2245b48bb8526299,930,750,4.577030799991917,7.940471679623702,506,153070,607724,1,coarse,153070,205426,107,205426,8,2.5.3,287.85390884399413,287.8565010474557,True,102.31128616332967,2592.203461105328,14.181630824128522,7699948,Windows-11-10.0.26300-SP0,3.14.7,True,835.0056787109374,20261002T093029Z,1.18.1,0,205426,15011,28257,15704,100.0,0.0,0.021716400020522997,0.02001350000500679,0.010805700003402308,0.0,703,766,2069.2993983471797,647,679,31.8454632120827,2026-10-02T09:35:41+00:00,parallel,3,"block mean, streamed in bands, NaN-aware, any void -> void",p02,,,,,,,,,
X6,dem_whole_c20_d1,dem_whole_c20_d1__2km3__hag_cta__shared_border__climb_tiebreak__native,idrija_whole_c20,dem,hag_cta,shared_border,climb_tiebreak,native,2km3,2km,0.4692423999949824,20,height_tiebreak,104,40.0,60,18600,idrija_whole,60,15000,process,article_2_HAG_applications,True,6f060dbaf1c69bc25c1517ab2245b48bb8526299,930,750,4.577030799991917,7.940471679623702,506,153070,607724,1,coarse,105,195,123,205426,8,2.5.3,295.73353607177734,295.7365642550364,True,72.75509414672854,3028.1832585697953,14.163285257309791,7679540,Windows-11-10.0.26300-SP0,3.14.7,True,835.0056787109374,20261002T093029Z,1.18.1,0,195,195,203,195,0.09492469307682572,99.90507530692318,0.005509899987373501,0.005168900010176003,0.005115000007208437,0.11133069999050349,703,766,2069.2993983471797,647,679,31.8454632120827,2026-10-02T09:35:41+00:00,parallel,3,"block mean, streamed in bands, NaN-aware, any void -> void",p02,inf,226.27416997969522,1.16818888023495,0.9973495924907545,0.012990473652654719,1.0273737023736358,1.0273749704415451,-0.0964860999956727,0.258270667743418
X6,dem_whole_c20_d1,dem_whole_c20_d1__2km3__hag_cta_ring1__shared_border__climb_tiebreak__native,idrija_whole_c20,dem,hag_cta_ring1,shared_border,climb_tiebreak,native,2km3,2km,0.4692423999949824,20,height_tiebreak,104,40.0,60,18600,idrija_whole,60,15000,process,article_2_HAG_applications,True,6f060dbaf1c69bc25c1517ab2245b48bb8526299,930,750,4.577030799991917,7.940471679623702,506,153070,607724,1,coarse,457,702,107,205426,8,2.5.3,293.1859387207033,293.18856406124985,True,89.80836639404288,2625.3405460951763,14.153154765603345,7679324,Windows-11-10.0.26300-SP0,3.14.7,True,835.0056787109374,20261002T093029Z,1.18.1,0,702,684,1055,697,0.34172889507657256,99.65827110492343,0.007077399990521371,0.0067152999981772155,0.005332000000635162,0.10244909999892116,703,766,2069.2993983471797,647,679,31.8454632120827,2026-10-02T09:35:41+00:00,parallel,3,"block mean, streamed in bands, NaN-aware, any void -> void",p02,inf,189.73665961010275,1.0127833657685643,0.9973215403532595,0.045566584504696556,1.018523388819427,1.0185233371294091,-0.08915089999209158,0.3355385113297147
X6,dem_whole_c20_d1,dem_whole_c20_d1__5km1__full_grid__climb_tiebreak__native,idrija_whole_c20,dem,full_grid,,climb_tiebreak,native,5km1,5km,0.0,20,height_tiebreak,0,nan,60,18600,idrija_whole,60,15000,process,article_2_HAG_applications,True,6f060dbaf1c69bc25c1517ab2245b48bb8526299,930,750,4.577030799991917,7.940471679623702,506,153070,607724,1,coarse,153070,205426,242,205426,8,2.5.3,470.84279335021955,470.84857432568526,True,42.010544586181595,5780.9754647055815,14.14851366187356,7748140,Windows-11-10.0.26300-SP0,3.14.7,True,835.0056787109374,20261002T093029Z,1.18.1,0,205426,85289,154621,86572,100.0,0.0,0.07473799999570474,0.07319690001895651,0.04579680002643727,0.0,649,771,4230.791888051219,567,576,31.8454632120827,2026-10-02T09:35:41+00:00,parallel,3,"block mean, streamed in bands, NaN-aware, any void -> void",p02,,,,,,,,,
X6,dem_whole_c20_d1,dem_whole_c20_d1__5km1__hag_cta__shared_border__climb_tiebreak__native,idrija_whole_c20,dem,hag_cta,shared_border,climb_tiebreak,native,5km1,5km,0.4692423999949824,20,height_tiebreak,218,40.0,60,18600,idrija_whole,60,15000,process,article_2_HAG_applications,True,6f060dbaf1c69bc25c1517ab2245b48bb8526299,930,750,4.577030799991917,7.940471679623702,506,153070,607724,1,coarse,219,505,296,205426,8,2.5.3,485.1011544036866,485.1084295927149,True,37.09032291225779,7275.189027078676,14.142616405209054,7690716,Windows-11-10.0.26300-SP0,3.14.7,True,835.0056787109374,20261002T093029Z,1.18.1,0,505,505,547,505,0.24583061540408713,99.75416938459591,0.00576050000381656,0.004478299990296364,0.004411600006278604,0.10564519997569732,649,771,4230.791888051219,567,576,31.8454632120827,2026-10-02T09:35:41+00:00,parallel,3,"block mean, streamed in bands, NaN-aware, any void -> void",p02,inf,722.4956747275377,1.2584708361929007,0.9925886728943979,0.0059210449178674854,1.0302826362744422,1.0302854379190838,-0.036926599947037175,0.06118155262226371
X6,dem_whole_c20_d1,dem_whole_c20_d1__5km1__hag_cta_ring1__shared_border__climb_tiebreak__native,idrija_whole_c20,dem,hag_cta_ring1,shared_border,climb_tiebreak,native,5km1,5km,0.4692423999949824,20,height_tiebreak,218,40.0,60,18600,idrija_whole,60,15000,process,article_2_HAG_applications,True,6f060dbaf1c69bc25c1517ab2245b48bb8526299,930,750,4.577030799991917,7.940471679623702,506,153070,607724,1,coarse,1045,1770,249,205426,8,2.5.3,477.08165473937987,477.0876668418293,True,50.28530461513076,6012.102448427663,14.152144270562118,7688820,Windows-11-10.0.26300-SP0,3.14.7,True,835.0056787109374,20261002T093029Z,1.18.1,0,1770,1747,2630,1758,0.8616241371588796,99.13837586284112,0.006057199992937967,0.005860799981746823,0.005764000001363456,0.08967560000019148,649,771,4230.791888051219,567,576,31.8454632120827,2026-10-02T09:35:41+00:00,parallel,3,"block mean, streamed in bands, NaN-aware, any void -> void",p02,inf,652.9931086925803,1.0399806200758288,0.9923439690041739,0.020483297963395045,1.0132504128283848,1.0132507410160032,-0.02233949996298179,0.08006896439916164
X6,dem_whole_c20_d1,dem_whole_c20_d1__5km2__full_grid__climb_tiebreak__native,idrija_whole_c20,dem,full_grid,,climb_tiebreak,native,5km2,5km,0.0,20,height_tiebreak,0,nan,60,18600,idrija_whole,60,15000,process,article_2_HAG_applications,True,6f060dbaf1c69bc25c1517ab2245b48bb8526299,930,750,4.577030799991917,7.940471679623702,506,153070,607724,1,coarse,153070,205426,250,205426,8,2.5.3,544.6196857452389,544.6258503960277,True,173.93640251159667,6164.650788387053,14.162948852974669,7726140,Windows-11-10.0.26300-SP0,3.14.7,True,835.0056787109374,20261002T093029Z,1.18.1,0,205426,43147,84449,44569,100.0,0.0,0.024206800007959828,0.0238878000236582,0.023108299996238202,0.0,152,268,5014.618629566959,367,397,31.8454632120827,2026-10-02T09:35:41+00:00,parallel,3,"block mean, streamed in bands, NaN-aware, any void -> void",p02,,,,,,,,,
X6,dem_whole_c20_d1,dem_whole_c20_d1__5km2__hag_cta__shared_border__climb_tiebreak__native,idrija_whole_c20,dem,hag_cta,shared_border,climb_tiebreak,native,5km2,5km,0.4692423999949824,20,height_tiebreak,177,40.0,60,18600,idrija_whole,60,15000,process,article_2_HAG_applications,True,6f060dbaf1c69bc25c1517ab2245b48bb8526299,930,750,4.577030799991917,7.940471679623702,506,153070,607724,1,coarse,178,524,279,205426,8,2.5.3,555.2818365478513,555.2888048739637,True,115.00725440979011,6968.326112068524,14.150159560150712,7689636,Windows-11-10.0.26300-SP0,3.14.7,True,835.0056787109374,20261002T093029Z,1.18.1,0,524,524,588,524,0.25507968806285475,99.74492031193715,0.0054054999782238156,0.004854200000409037,0.004749800020363182,0.07495029998244718,152,268,5014.618629566959,367,397,31.8454632120827,2026-10-02T09:35:41+00:00,parallel,3,"block mean, streamed in bands, NaN-aware, any void -> void",p02,inf,169.7056274847714,1.1303683454698572,0.995275260349929,0.012144529167728927,1.0195772409291866,1.0195784949799618,-0.05591669995919801,0.20320833210264208
X6,dem_whole_c20_d1,dem_whole_c20_d1__5km2__hag_cta_ring1__shared_border__climb_tiebreak__native,idrija_whole_c20,dem,hag_cta_ring1,shared_border,climb_tiebreak,native,5km2,5km,0.4692423999949824,20,height_tiebreak,177,40.0,60,18600,idrija_whole,60,15000,process,article_2_HAG_applications,True,6f060dbaf1c69bc25c1517ab2245b48bb8526299,930,750,4.577030799991917,7.940471679623702,506,153070,607724,1,coarse,977,1691,253,205426,8,2.5.3,545.4459449005124,545.4521446984872,True,114.98965835571312,6199.797974644666,14.163460777101792,7689636,Windows-11-10.0.26300-SP0,3.14.7,True,835.0056787109374,20261002T093029Z,1.18.1,0,1691,1684,2690,1690,0.8231674666303195,99.17683253336969,0.004702800011727959,0.004601200023898855,0.004213200008962303,0.06794610002543777,152,268,5014.618629566959,367,397,31.8454632120827,2026-10-02T09:35:41+00:00,parallel,3,"block mean, streamed in bands, NaN-aware, any void -> void",p02,inf,100.0,1.0057014075028912,0.995275260349929,0.039029364729876934,1.0015171305351234,1.0015171778971907,-0.048659500025678426,0.19261715266126975
X6,dem_whole_c20_d1,dem_whole_c20_d1__5km3__full_grid__climb_tiebreak__native,idrija_whole_c20,dem,full_grid,,climb_tiebreak,native,5km3,5km,0.0,20,height_tiebreak,0,nan,60,18600,idrija_whole,60,15000,process,article_2_HAG_applications,True,6f060dbaf1c69bc25c1517ab2245b48bb8526299,930,750,4.577030799991917,7.940471679623702,506,153070,607724,1,coarse,153070,205426,329,205426,8,2.5.3,531.7165624999997,531.7244976890282,True,90.10395447078724,7935.189027078677,14.155629024100646,7741068,Windows-11-10.0.26300-SP0,3.14.7,True,835.0056787109374,20261002T093029Z,1.18.1,0,205426,72948,133254,74049,100.0,0.0,0.03542390000075102,0.027020399982575327,0.026550999988103285,0.0,604,826,5259.3535724459525,488,590,31.8454632120827,2026-10-02T09:35:41+00:00,parallel,3,"block mean, streamed in bands, NaN-aware, any void -> void",p02,,,,,,,,,
X6,dem_whole_c20_d1,dem_whole_c20_d1__5km3__hag_cta__shared_border__climb_tiebreak__native,idrija_whole_c20,dem,hag_cta,shared_border,climb_tiebreak,native,5km3,5km,0.4692423999949824,20,height_tiebreak,210,40.0,60,18600,idrija_whole,60,15000,process,article_2_HAG_applications,True,6f060dbaf1c69bc25c1517ab2245b48bb8526299,930,750,4.577030799991917,7.940471679623702,506,153070,607724,1,coarse,211,589,348,205426,8,2.5.3,537.601777954101,537.6102505442833,True,61.98930435180614,8472.590180780453,14.146669880277674,7693996,Windows-11-10.0.26300-SP0,3.14.7,True,835.0056787109374,20261002T093029Z,1.18.1,0,589,589,671,589,0.28672125242179664,99.7132787475782,0.005895999987842515,0.005756900005508214,0.005503499996848404,0.07476029999088496,604,826,5259.3535724459525,488,590,31.8454632120827,2026-10-02T09:35:41+00:00,parallel,3,"block mean, streamed in bands, NaN-aware, any void -> void",p02,inf,208.806130178211,1.0677237998827633,0.9939191853113808,0.008074244667434336,1.011068332019658,1.0110691775173715,-0.05349680001381785,0.21305754205047564
X6,dem_whole_c20_d1,dem_whole_c20_d1__5km3__hag_cta_ring1__shared_border__climb_tiebreak__native,idrija_whole_c20,dem,hag_cta_ring1,shared_border,climb_tiebreak,native,5km3,5km,0.4692423999949824,20,height_tiebreak,210,40.0,60,18600,idrija_whole,60,15000,process,article_2_HAG_applications,True,6f060dbaf1c69bc25c1517ab2245b48bb8526299,930,750,4.577030799991917,7.940471679623702,506,153070,607724,1,coarse,1095,1825,331,205426,8,2.5.3,532.0938340759274,532.1018092649559,True,58.12672213909514,7975.189027078676,14.144511724089789,7694388,Windows-11-10.0.26300-SP0,3.14.7,True,835.0056787109374,20261002T093029Z,1.18.1,0,1825,1817,2925,1824,0.8883977685395228,99.11160223146047,0.005634900007862598,0.00491300001158379,0.0044834000000264496,0.06981239997548983,604,826,5259.3535724459525,488,590,31.8454632120827,2026-10-02T09:35:41+00:00,parallel,3,"block mean, streamed in bands, NaN-aware, any void -> void",p02,inf,180.0,1.0050408376994548,0.993969824318815,0.02490815375335856,1.0007095351217834,1.000709599759965,-0.04770500000449829,0.18182558417906625
X6,dem_whole_c20_d2,dem_whole_c20_d2__10km1__full_grid__climb_tiebreak__native,idrija_whole_c20,dem,full_grid,,climb_tiebreak,native,10km1,10km,0.0,20,height_tiebreak,0,nan,60,18600,idrija_whole,60,15000,process,article_2_HAG_applications,True,6f060dbaf1c69bc25c1517ab2245b48bb8526299,930,750,3.9922576999815647,7.913340404066534,351,115971,458859,2,coarse,115971,205426,561,205426,8,2.5.3,1241.798973083496,1241.8128240502913,True,78.34630330349852,13850.966799187809,14.144168818587515,7750020,Windows-11-10.0.26300-SP0,3.14.7,True,835.0056787109374,20261002T093029Z,1.18.1,0,205426,147208,270295,148239,100.0,0.0,0.12408400001004338,0.1114127000037115,0.0882485999900382,0.0,651,568,9873.317578200349,266,259,31.8454632120827,2026-10-02T11:19:02+00:00,parallel,3,"block mean, streamed in bands, NaN-aware, any void -> void",p08,,,,,,,,,
X6,dem_whole_c20_d2,dem_whole_c20_d2__10km1__hag_cta__shared_border__climb_tiebreak__native,idrija_whole_c20,dem,hag_cta,shared_border,climb_tiebreak,native,10km1,10km,0.51541079999879,20,height_tiebreak,350,40.0,60,18600,idrija_whole,60,15000,process,article_2_HAG_applications,True,6f060dbaf1c69bc25c1517ab2245b48bb8526299,930,750,3.9922576999815647,7.913340404066534,351,115971,458859,2,coarse,351,1133,629,205426,8,2.5.3,1289.3033543396004,1289.3187972659878,True,67.9523320992629,15442.926394116741,14.14483863256485,7712324,Windows-11-10.0.26300-SP0,3.14.7,True,835.0056787109374,20261002T093029Z,1.18.1,0,1133,1133,1317,1133,0.5515368064412489,99.44846319355875,0.007961399998748675,0.007285200001206249,0.006865399976959452,0.09819409999181516,651,568,9873.317578200349,266,259,31.8454632120827,2026-10-02T11:19:02+00:00,parallel,3,"block mean, streamed in bands, NaN-aware, any void -> void",p08,759.7108726630557,233.23807579381202,1.1149349080110627,0.9951360125522257,0.007696592576490408,1.0382544858594518,1.0382553411396986,0.005933400010690093,0.0653893137942403
X6,dem_whole_c20_d2,dem_whole_c20_d2__10km1__hag_cta_ring1__shared_border__climb_tiebreak__native,idrija_whole_c20,dem,hag_cta_ring1,shared_border,climb_tiebreak,native,10km1,10km,0.51541079999879,20,height_tiebreak,350,40.0,60,18600,idrija_whole,60,15000,process,article_2_HAG_applications,True,6f060dbaf1c69bc25c1517ab2245b48bb8526299,930,750,3.9922576999815647,7.913340404066534,351,115971,458859,2,coarse,1896,3491,570,205426,8,2.5.3,1244.550035247803,1244.564091067412,True,69.08961888312322,14055.819612930194,14.151326331267601,7709404,Windows-11-10.0.26300-SP0,3.14.7,True,835.0056787109374,20261002T093029Z,1.18.1,0,3491,3470,5573,3483,1.6993954027240954,98.3006045972759,0.007350100000621751,0.0061261999944690615,0.005805599997984245,0.0873151000123471,651,568,9873.317578200349,266,259,31.8454632120827,2026-10-02T11:19:02+00:00,parallel,3,"block mean, streamed in bands, NaN-aware, any void -> void",p08,250.824560176674,228.0350850198276,1.0147897844758675,0.9947592393309953,0.02357208847345253,1.0022153844736041,1.0022155247263007,0.017971399996895343,0.054986549955839674
X6,dem_whole_c20_d2,dem_whole_c20_d2__10km2__full_grid__climb_tiebreak__native,idrija_whole_c20,dem,full_grid,,climb_tiebreak,native,10km2,10km,0.0,20,height_tiebreak,0,nan,60,18600,idrija_whole,60,15000,process,article_2_HAG_applications,True,6f060dbaf1c69bc25c1517ab2245b48bb8526299,930,750,3.9922576999815647,7.913340404066534,351,115971,458859,2,coarse,115971,205426,600,205426,8,2.5.3,1276.5384969329834,1276.5530119199796,True,70.82123184204079,14514.98700172334,14.14703439895182,7771340,Windows-11-10.0.26300-SP0,3.14.7,True,835.0056787109374,20261002T093029Z,1.18.1,0,205426,162361,305016,164138,100.0,0.0,0.10448839998571202,0.0747241000062786,0.07421930000418797,0.0,268,238,9605.7690998691,579,604,31.8454632120827,2026-10-02T11:19:02+00:00,parallel,3,"block mean, streamed in bands, NaN-aware, any void -> void",p08,,,,,,,,,
X6,dem_whole_c20_d2,dem_whole_c20_d2__10km2__hag_cta__shared_border__climb_tiebreak__native,idrija_whole_c20,dem,hag_cta,shared_border,climb_tiebreak,native,10km2,10km,0.51541079999879,20,height_tiebreak,360,40.0,60,18600,idrija_whole,60,15000,process,article_2_HAG_applications,True,6f060dbaf1c69bc25c1517ab2245b48bb8526299,930,750,3.9922576999815647,7.913340404066534,351,115971,458859,2,coarse,361,1120,669,205426,8,2.5.3,1345.5481162261976,1345.5644502795683,True,70.82123184204079,16334.053377838824,14.146201216936802,7714324,Windows-11-10.0.26300-SP0,3.14.7,True,835.0056787109374,20261002T093029Z,1.18.1,0,1120,1116,1208,1119,0.5452084935694606,99.45479150643054,0.006319899985101074,0.005863600003067404,0.005851299996720627,0.0924345999956131,268,238,9605.7690998691,579,604,31.8454632120827,2026-10-02T11:19:02+00:00,parallel,3,"block mean, streamed in bands, NaN-aware, any void -> void",p08,inf,600.0,1.1253233210542668,0.9926632987361254,0.006873571855310081,1.0540599593815752,1.0540607696783333,-0.023574099992401898,0.07846999833487084
X6,dem_whole_c20_d2,dem_whole_c20_d2__10km2__hag_cta_ring1__shared_border__climb_tiebreak__native,idrija_whole_c20,dem,hag_cta_ring1,shared_border,climb_tiebreak,native,10km2,10km,0.51541079999879,20,height_tiebreak,360,40.0,60,18600,idrija_whole,60,15000,process,article_2_HAG_applications,True,6f060dbaf1c69bc25c1517ab2245b48bb8526299,930,750,3.9922576999815647,7.913340404066534,351,115971,458859,2,coarse,1884,4150,628,205426,8,2.5.3,1306.4722588348395,1306.487532644345,True,70.82123184204079,15273.80951166243,14.148907096003539,7712828,Windows-11-10.0.26300-SP0,3.14.7,True,835.0056787109374,20261002T093029Z,1.18.1,0,4150,4115,6531,4134,2.020192185993983,97.97980781400601,0.008733700000448152,0.008433000009972602,0.008093300013570115,0.142247599986149,268,238,9605.7690998691,579,604,31.8454632120827,2026-10-02T11:19:02+00:00,parallel,3,"block mean, streamed in bands, NaN-aware, any void -> void",p08,inf,632.4555320336759,1.052278552495362,0.9924707965421665,0.0253447564378145,1.0234491650457664,1.0234494928489832,-0.075956499989843,0.11285515662636324
X6,dem_whole_c20_d2,dem_whole_c20_d2__10km3__full_grid__climb_tiebreak__native,idrija_whole_c20,dem,full_grid,,climb_tiebreak,native,10km3,10km,0.0,20,height_tiebreak,0,nan,60,18600,idrija_whole,60,15000,process,article_2_HAG_applications,True,6f060dbaf1c69bc25c1517ab2245b48bb8526299,930,750,3.9922576999815647,7.913340404066534,351,115971,458859,2,coarse,115971,205426,695,205426,8,2.5.3,1509.912589111328,1509.9293106163561,True,78.34630330349852,16721.505037879437,14.144774408892353,7780788,Windows-11-10.0.26300-SP0,3.14.7,True,835.0056787109374,20261002T093029Z,1.18.1,0,205426,190524,358897,191497,100.0,0.0,0.15339500000118278,0.129116600000998,0.10784949999651872,0.0,434,638,11336.966084451342,88,189,31.8454632120827,2026-10-02T11:19:02+00:00,parallel,3,"block mean, streamed in bands, NaN-aware, any void -> void",p08,,,,,,,,,
X6,dem_whole_c20_d2,dem_whole_c20_d2__10km3__hag_cta__shared_border__climb_tiebreak__native,idrija_whole_c20,dem,hag_cta,shared_border,climb_tiebreak,native,10km3,10km,0.51541079999879,20,height_tiebreak,395,40.0,60,18600,idrija_whole,60,15000,process,article_2_HAG_applications,True,6f060dbaf1c69bc25c1517ab2245b48bb8526299,930,750,3.9922576999815647,7.913340404066534,351,115971,458859,2,coarse,396,2069,796,205426,8,2.5.3,1559.2029186248774,1559.2223477244177,True,67.9523320992629,19429.09955141877,14.145146474004171,7723596,Windows-11-10.0.26300-SP0,3.14.7,True,835.0056787109374,20261002T093029Z,1.18.1,0,2069,2068,2648,2069,1.0071753332100124,98.99282466678999,0.006135500007076189,0.005647099984344095,0.005311099987011403,0.05804789997637272,434,638,11336.966084451342,88,189,31.8454632120827,2026-10-02T11:19:02+00:00,parallel,3,"block mean, streamed in bands, NaN-aware, any void -> void",p08,68.90183818807407,605.3098380168623,1.161922895541148,0.9926495876767237,0.010854275576830216,1.032644492051397,1.0326459237273433,0.06542160004028119,0.04373643655657325
X6,dem_whole_c20_d2,dem_whole_c20_d2__10km3__hag_cta_ring1__shared_border__climb_tiebreak__native,idrija_whole_c20,dem,hag_cta_ring1,shared_border,climb_tiebreak,native,10km3,10km,0.51541079999879,20,height_tiebreak,395,40.0,60,18600,idrija_whole,60,15000,process,article_2_HAG_applications,True,6f060dbaf1c69bc25c1517ab2245b48bb8526299,930,750,3.9922576999815647,7.913340404066534,351,115971,458859,2,coarse,2159,5868,735,205426,8,2.5.3,1518.2267353057855,1518.2445219074934,True,70.05119781494159,17786.601717798214,14.148681512414667,7722484,Windows-11-10.0.26300-SP0,3.14.7,True,835.0056787109374,20261002T093029Z,1.18.1,0,5868,5847,9568,5862,2.8565030716657094,97.1434969283343,0.0076942000014241785,0.007418499997584149,0.0066651999950408936,0.06647240000893362,434,638,11336.966084451342,88,189,31.8454632120827,2026-10-02T11:19:02+00:00,parallel,3,"block mean, streamed in bands, NaN-aware, any void -> void",p08,81.62265938559207,608.276253029822,1.0636962209744876,0.9925066715607725,0.030689047049190652,1.005506375835538,1.0055070202509964,0.05522569999448024,0.057455818984753375
X6,dem_whole_c20_d2,dem_whole_c20_d2__1km1__full_grid__climb_tiebreak__native,idrija_whole_c20,dem,full_grid,,climb_tiebreak,native,1km1,1km,0.0,20,height_tiebreak,0,nan,60,18600,idrija_whole,60,15000,process,article_2_HAG_applications,True,6f060dbaf1c69bc25c1517ab2245b48bb8526299,930,750,3.9922576999815647,7.913340404066534,351,115971,458859,2,coarse,115971,205426,67,205426,8,2.5.3,127.45246917724637,127.45408741101143,True,73.18286686253515,1618.2337649086285,14.229064824481474,7694228,Windows-11-10.0.26300-SP0,3.14.7,True,835.0056787109374,20261002T093029Z,1.18.1,0,205426,7928,14457,8346,100.0,0.0,0.012906600022688508,0.00938159998622723,0.008728999993763864,0.0,119,259,973.2420048477151,111,211,31.8454632120827,2026-10-02T11:19:02+00:00,parallel,3,"block mean, streamed in bands, NaN-aware, any void -> void",p08,,,,,,,,,
X6,dem_whole_c20_d2,dem_whole_c20_d2__1km1__hag_cta__shared_border__climb_tiebreak__native,idrija_whole_c20,dem,hag_cta,shared_border,climb_tiebreak,native,1km1,1km,0.51541079999879,20,height_tiebreak,39,40.0,60,18600,idrija_whole,60,15000,process,article_2_HAG_applications,True,6f060dbaf1c69bc25c1517ab2245b48bb8526299,930,750,3.9922576999815647,7.913340404066534,351,115971,458859,2,coarse,40,590,112,205426,8,2.5.3,152.51139434814388,152.51405341452025,True,81.33004913330069,2659.0663761154815,14.16396181564531,7679468,Windows-11-10.0.26300-SP0,3.14.7,True,835.0056787109374,20261002T093029Z,1.18.1,0,590,590,756,590,0.28720804571962655,99.71279195428038,0.010081300017191097,0.005861499987076968,0.005680300004314631,0.09067489998415112,119,259,973.2420048477151,111,211,31.8454632120827,2026-10-02T11:19:02+00:00,parallel,3,"block mean, streamed in bands, NaN-aware, any void -> void",p08,inf,841.1896337925236,1.6431905165849894,0.998081678889682,0.07441977800201817,1.196613885416754,1.1966195554223062,-0.08715479998500086,0.6247868162874151
X6,dem_whole_c20_d2,dem_whole_c20_d2__1km1__hag_cta_ring1__shared_border__climb_tiebreak__native,idrija_whole_c20,dem,hag_cta_ring1,shared_border,climb_tiebreak,native,1km1,1km,0.51541079999879,20,height_tiebreak,39,40.0,60,18600,idrija_whole,60,15000,process,article_2_HAG_applications,True,6f060dbaf1c69bc25c1517ab2245b48bb8526299,930,750,3.9922576999815647,7.913340404066534,351,115971,458859,2,coarse,199,1740,69,205426,8,2.5.3,136.84815704345726,136.84983184576487,True,75.78777785312009,1674.8023074035523,14.30913248309237,7680956,Windows-11-10.0.26300-SP0,3.14.7,True,835.0056787109374,20261002T093029Z,1.18.1,0,1740,1732,2673,1739,0.8470203382239834,99.15297966177602,0.007829100009985268,0.00724360000458546,0.007197899976745248,0.09636510000564158,119,259,973.2420048477151,111,211,31.8454632120827,2026-10-02T11:19:02+00:00,parallel,3,"block mean, streamed in bands, NaN-aware, any void -> void",p08,inf,700.0,1.0349569658732944,0.9982750706113726,0.21846619576185672,1.0737191513578637,1.0737186592098396,-0.09422710002399981,0.7721071048882402
X6,dem_whole_c20_d2,dem_whole_c20_d2__1km2__full_grid__climb_tiebreak__native,idrija_whole_c20,dem,full_grid,,climb_tiebreak,native,1km2,1km,0.0,20,height_tiebreak,0,nan,60,18600,idrija_whole,60,15000,process,article_2_HAG_applications,True,6f060dbaf1c69bc25c1517ab2245b48bb8526299,930,750,3.9922576999815647,7.913340404066534,351,115971,458859,2,coarse,115971,205426,60,205426,8,2.5.3,173.68535720825173,173.68686857910185,True,115.51197433471657,1511.370849898476,14.237969967434651,7688828,Windows-11-10.0.26300-SP0,3.14.7,True,835.0056787109374,20261002T093029Z,1.18.1,0,205426,5183,9950,5531,100.0,0.0,0.008205999998608604,0.007989799982169643,0.007645800011232495,0.0,267,101,1094.1663493271944,250,153,31.8454632120827,2026-10-02T11:19:02+00:00,parallel,3,"block mean, streamed in bands, NaN-aware, any void -> void",p08,,,,,,,,,
X6,dem_whole_c20_d2,dem_whole_c20_d2__1km2__hag_cta__shared_border__climb_tiebreak__native,idrija_whole_c20,dem,hag_cta,shared_border,climb_tiebreak,native,1km2,1km,0.51541079999879,20,height_tiebreak,37,40.0,60,18600,idrija_whole,60,15000,process,article_2_HAG_applications,True,6f060dbaf1c69bc25c1517ab2245b48bb8526299,930,750,3.9922576999815647,7.913340404066534,351,115971,458859,2,coarse,38,73,62,205426,8,2.5.3,182.15242202758793,182.15395682989558,True,115.51197433471657,1534.802307403552,26.271544427646933,7678732,Windows-11-10.0.26300-SP0,3.14.7,True,835.0056787109374,20261002T093029Z,1.18.1,0,73,72,75,73,0.03553591074158091,99.96446408925841,0.006119300000136718,0.0061138000164646655,0.005956500011961907,0.09163359997910447,267,101,1094.1663493271944,250,153,31.8454632120827,2026-10-02T11:19:02+00:00,parallel,3,"block mean, streamed in bands, NaN-aware, any void -> void",p08,inf,56.568542494923804,1.0155034467593773,0.9986869260178535,0.013891568589619912,1.0487494452925243,1.0487491559958522,-0.0897576000133995,0.7652006345726383
X6,dem_whole_c20_d2,dem_whole_c20_d2__1km2__hag_cta_ring1__shared_border__climb_tiebreak__native,idrija_whole_c20,dem,hag_cta_ring1,shared_border,climb_tiebreak,native,1km2,1km,0.51541079999879,20,height_tiebreak,37,40.0,60,18600,idrija_whole,60,15000,process,article_2_HAG_applications,True,6f060dbaf1c69bc25c1517ab2245b48bb8526299,930,750,3.9922576999815647,7.913340404066534,351,115971,458859,2,coarse,204,345,62,205426,8,2.5.3,176.0996424865724,176.10121042596504,True,115.51197433471657,1567.9393923933994,14.189413248992699,7679388,Windows-11-10.0.26300-SP0,3.14.7,True,835.0056787109374,20261002T093029Z,1.18.1,0,345,336,536,342,0.16794368775130705,99.8320563122487,0.005643000011332333,0.005579899996519089,0.005287699983455241,0.10608870000578463,267,101,1094.1663493271944,250,153,31.8454632120827,2026-10-02T11:19:02+00:00,parallel,3,"block mean, streamed in bands, NaN-aware, any void -> void",p08,inf,28.284271247461902,1.037428631430018,0.998772244612573,0.06482732008489292,1.0139003386187928,1.0139005433549146,-0.10367880002013408,0.6983779329859842
X6,dem_whole_c20_d2,dem_whole_c20_d2__1km3__full_grid__climb_tiebreak__native,idrija_whole_c20,dem,full_grid,,climb_tiebreak,native,1km3,1km,0.0,20,height_tiebreak,0,nan,60,18600,idrija_whole,60,15000,process,article_2_HAG_applications,True,6f060dbaf1c69bc25c1517ab2245b48bb8526299,930,750,3.9922576999815647,7.913340404066534,351,115971,458859,2,coarse,115971,205426,45,205426,8,2.5.3,243.73439659118668,243.73540085525553,True,52.90026550292964,1004.2640687119283,14.419647058075794,7718460,Windows-11-10.0.26300-SP0,3.14.7,True,835.0056787109374,20261002T093029Z,1.18.1,0,205426,19269,37649,20734,100.0,0.0,0.023392800008878112,0.017467500001657754,0.015169999998761341,0.0,695,854,802.2468448052632,735,851,31.8454632120827,2026-10-02T11:19:02+00:00,parallel,3,"block mean, streamed in bands, NaN-aware, any void -> void",p08,,,,,,,,,
X6,dem_whole_c20_d2,dem_whole_c20_d2__1km3__hag_cta__shared_border__climb_tiebreak__native,idrija_whole_c20,dem,hag_cta,shared_border,climb_tiebreak,native,1km3,1km,0.51541079999879,20,height_tiebreak,55,40.0,60,18600,idrija_whole,60,15000,process,article_2_HAG_applications,True,6f060dbaf1c69bc25c1517ab2245b48bb8526299,930,750,3.9922576999815647,7.913340404066534,351,115971,458859,2,coarse,56,98,58,205426,8,2.5.3,243.73439659118668,243.7358182564093,True,52.90026550292964,1421.6652224137047,14.158724850025886,7678796,Windows-11-10.0.26300-SP0,3.14.7,True,835.0056787109374,20261002T093029Z,1.18.1,0,98,98,104,98,0.047705743187327794,99.95229425681266,0.007211699994513765,0.005211099982261658,0.005014700000174344,0.1062722000060603,695,854,802.2468448052632,735,851,31.8454632120827,2026-10-02T11:19:02+00:00,parallel,3,"block mean, streamed in bands, NaN-aware, any void -> void",p08,inf,140.0,1.4156288835835142,0.9948611510586308,0.005085889252166693,1.0,1.000001712517559,-0.0940157999866642,0.29833118544537557
X6,dem_whole_c20_d2,dem_whole_c20_d2__1km3__hag_cta_ring1__shared_border__climb_tiebreak__native,idrija_whole_c20,dem,hag_cta_ring1,shared_border,climb_tiebreak,native,1km3,1km,0.51541079999879,20,height_tiebreak,55,40.0,60,18600,idrija_whole,60,15000,process,article_2_HAG_applications,True,6f060dbaf1c69bc25c1517ab2245b48bb8526299,930,750,3.9922576999815647,7.913340404066534,351,115971,458859,2,coarse,216,320,45,205426,8,2.5.3,243.73439659118668,243.73541742379803,True,56.670273590087845,1020.8326112068522,14.312500569963241,7679196,Windows-11-10.0.26300-SP0,3.14.7,True,835.0056787109374,20261002T093029Z,1.18.1,0,320,310,460,316,0.15577385530556015,99.84422614469443,0.005007400002796203,0.004826899996260181,0.0045387000136543065,0.06976850001956336,695,854,802.2468448052632,735,851,31.8454632120827,2026-10-02T11:19:02+00:00,parallel,3,"block mean, streamed in bands, NaN-aware, any void -> void",p08,inf,60.0,1.0164981930660675,0.9949129748680436,0.016088017022159947,1.0,1.0000000679775791,-0.05712790001416579,0.2763360524289156
X6,dem_whole_c20_d2,dem_whole_c20_d2__20km1__full_grid__climb_tiebreak__native,idrija_whole_c20,dem,full_grid,,climb_tiebreak,native,20km1,20km,0.0,20,height_tiebreak,0,nan,60,18600,idrija_whole,60,15000,process,article_2_HAG_applications,True,6f060dbaf1c69bc25c1517ab2245b48bb8526299,930,750,3.9922576999815647,7.913340404066534,351,115971,458859,2,coarse,115971,205426,1036,205426,8,2.5.3,2074.452238998413,2074.477420789135,True,157.02887129289635,25181.79074487689,14.143145171280652,7791292,Windows-11-10.0.26300-SP0,3.14.7,True,835.0056787109374,20261002T093029Z,1.18.1,0,205426,202558,378944,203108,100.0,0.0,0.12389550000079907,0.12284809999982826,0.09207189999870025,0.0,156,15,20305.270251833637,622,917,31.8454632120827,2026-10-02T11:19:02+00:00,parallel,3,"block mean, streamed in bands, NaN-aware, any void -> void",p08,,,,,,,,,
X6,dem_whole_c20_d2,dem_whole_c20_d2__20km1__hag_cta__shared_border__climb_tiebreak__native,idrija_whole_c20,dem,hag_cta,shared_border,climb_tiebreak,native,20km1,20km,0.51541079999879,20,height_tiebreak,519,40.0,60,18600,idrija_whole,60,15000,process,article_2_HAG_applications,True,6f060dbaf1c69bc25c1517ab2245b48bb8526299,930,750,3.9922576999815647,7.913340404066534,351,115971,458859,2,coarse,520,2713,1145,205426,8,2.5.3,2152.0538591003415,2152.081991328288,True,143.96042157735818,28132.22797089085,14.143263259591384,7746164,Windows-11-10.0.26300-SP0,3.14.7,True,835.0056787109374,20261002T093029Z,1.18.1,0,2713,2710,3471,2710,1.3206702170124522,98.67932978298755,0.009505800000624731,0.00941400000010617,0.00749099999666214,0.11539520000224002,156,15,20305.270251833637,622,917,31.8454632120827,2026-10-02T11:19:02+00:00,parallel,3,"block mean, streamed in bands, NaN-aware, any void -> void",p08,inf,300.0,1.1171655048644311,0.9942078926062584,0.013378884072710038,1.0374082462073921,1.0374092143695794,-0.0019611000025179237,0.07663122181066968
X6,dem_whole_c20_d2,dem_whole_c20_d2__20km1__hag_cta_ring1__shared_border__climb_tiebreak__native,idrija_whole_c20,dem,hag_cta_ring1,shared_border,climb_tiebreak,native,20km1,20km,0.51541079999879,20,height_tiebreak,519,40.0,60,18600,idrija_whole,60,15000,process,article_2_HAG_applications,True,6f060dbaf1c69bc25c1517ab2245b48bb8526299,930,750,3.9922576999815647,7.913340404066534,351,115971,458859,2,coarse,3092,7699,1069,205426,8,2.5.3,2086.787299194336,2086.8133977974644,True,143.96042157735818,26098.60315354821,14.145052267916855,7743828,Windows-11-10.0.26300-SP0,3.14.7,True,835.0056787109374,20261002T093029Z,1.18.1,0,7699,7689,12717,7697,3.747821599992211,96.2521784000078,0.009962699987227097,0.009283499995945022,0.009190199984004721,0.0891268000123091,156,15,20305.270251833637,622,917,31.8454632120827,2026-10-02T11:19:02+00:00,parallel,3,"block mean, streamed in bands, NaN-aware, any void -> void",p08,184.4547586744529,286.35642126552705,1.0364077526479265,0.9939080707025227,0.03795949802032011,1.00594617700231,1.0059465467711077,0.02443779999157414,0.07556893428517006
X6,dem_whole_c20_d2,dem_whole_c20_d2__20km2__full_grid__climb_tiebreak__native,idrija_whole_c20,dem,full_grid,,climb_tiebreak,native,20km2,20km,0.0,20,height_tiebreak,0,nan,60,18600,idrija_whole,60,15000,process,article_2_HAG_applications,True,6f060dbaf1c69bc25c1517ab2245b48bb8526299,930,750,3.9922576999815647,7.913340404066534,351,115971,458859,2,coarse,115971,205426,914,205426,8,2.5.3,1373.6268949508667,1373.6493385078388,True,78.34630330349852,22443.556979968263,14.146833741532893,7773020,Windows-11-10.0.26300-SP0,3.14.7,True,835.0056787109374,20261002T093029Z,1.18.1,0,205426,152502,284174,153827,100.0,0.0,0.11505650001345202,0.09717989998171106,0.09374559999560006,0.0,629,870,18646.179233290663,89,110,31.8454632120827,2026-10-02T11:19:02+00:00,parallel,3,"block mean, streamed in bands, NaN-aware, any void -> void",p08,,,,,,,,,
X6,dem_whole_c20_d2,dem_whole_c20_d2__20km2__hag_cta__shared_border__climb_tiebreak__native,idrija_whole_c20,dem,hag_cta,shared_border,climb_tiebreak,native,20km2,20km,0.51541079999879,20,height_tiebreak,387,40.0,60,18600,idrija_whole,60,15000,process,article_2_HAG_applications,True,6f060dbaf1c69bc25c1517ab2245b48bb8526299,930,750,3.9922576999815647,7.913340404066534,351,115971,458859,2,coarse,388,2467,983,205426,8,2.5.3,1424.4618147659303,1424.4859448409354,True,67.9523320992629,24130.075016124356,14.142222660781465,7736036,Windows-11-10.0.26300-SP0,3.14.7,True,835.0056787109374,20261002T093029Z,1.18.1,0,2467,2467,3197,2467,1.2009190657463027,98.79908093425371,0.009121799987042323,0.008968999987700954,0.008196100010536611,0.08661249998840503,629,870,18646.179233290663,89,110,31.8454632120827,2026-10-02T11:19:02+00:00,parallel,3,"block mean, streamed in bands, NaN-aware, any void -> void",p08,2820.112915523911,240.0,1.0751448639652519,0.9952420037514377,0.016176837025088195,1.0370078075800067,1.0370084306874994,0.0015984000056050718,0.09229274767095758
X6,dem_whole_c20_d2,dem_whole_c20_d2__20km2__hag_cta_ring1__shared_border__climb_tiebreak__native,idrija_whole_c20,dem,hag_cta_ring1,shared_border,climb_tiebreak,native,20km2,20km,0.51541079999879,20,height_tiebreak,387,40.0,60,18600,idrija_whole,60,15000,process,article_2_HAG_applications,True,6f060dbaf1c69bc25c1517ab2245b48bb8526299,930,750,3.9922576999815647,7.913340404066534,351,115971,458859,2,coarse,2550,6618,921,205426,8,2.5.3,1374.2065583419799,1374.2292330259356,True,72.13004748814738,22674.683963690346,14.145131781143208,7735332,Windows-11-10.0.26300-SP0,3.14.7,True,835.0056787109374,20261002T093029Z,1.18.1,0,6618,6612,11139,6617,3.221598045038116,96.77840195496188,0.011393199994927272,0.008221099997172132,0.00782719999551773,0.08907919999910519,629,870,18646.179233290663,89,110,31.8454632120827,2026-10-02T11:19:02+00:00,parallel,3,"block mean, streamed in bands, NaN-aware, any void -> void",p08,inf,134.16407864998737,1.0102981440922387,0.995151434062951,0.04335680843529921,1.000421994788573,1.0004221561513849,-0.0001204000145662576,0.08459671185830935
X6,dem_whole_c20_d2,dem_whole_c20_d2__20km3__full_grid__climb_tiebreak__native,idrija_whole_c20,dem,full_grid,,climb_tiebreak,native,20km3,20km,0.0,20,height_tiebreak,0,nan,60,18600,idrija_whole,60,15000,process,article_2_HAG_applications,True,6f060dbaf1c69bc25c1517ab2245b48bb8526299,930,750,3.9922576999815647,7.913340404066534,351,115971,458859,2,coarse,115971,205426,861,205426,8,2.5.3,1767.5147599029542,1767.5358120890662,True,78.34630330349852,21052.186130069786,14.14379949290997,7780468,Windows-11-10.0.26300-SP0,3.14.7,True,835.0056787109374,20261002T093029Z,1.18.1,0,205426,194851,367139,195957,100.0,0.0,0.129478700022446,0.10986899997806177,0.08321750001050532,0.0,240,125,17071.39127312124,674,860,31.8454632120827,2026-10-02T11:19:02+00:00,parallel,3,"block mean, streamed in bands, NaN-aware, any void -> void",p08,,,,,,,,,
X6,dem_whole_c20_d2,dem_whole_c20_d2__20km3__hag_cta__shared_border__climb_tiebreak__native,idrija_whole_c20,dem,hag_cta,shared_border,climb_tiebreak,native,20km3,20km,0.51541079999879,20,height_tiebreak,480,40.0,60,18600,idrija_whole,60,15000,process,article_2_HAG_applications,True,6f060dbaf1c69bc25c1517ab2245b48bb8526299,930,750,3.9922576999815647,7.913340404066534,351,115971,458859,2,coarse,481,2582,1010,205426,8,2.5.3,1844.753927230835,1844.7786138743722,True,76.0023828622418,24686.643558619282,14.143078413242762,7737564,Windows-11-10.0.26300-SP0,3.14.7,True,835.0056787109374,20261002T093029Z,1.18.1,0,2582,2581,3364,2581,1.2569002949967385,98.74309970500326,0.0074554000166244805,0.007078599999658763,0.006343799992464483,0.07534239999949932,240,125,17071.39127312124,674,860,31.8454632120827,2026-10-02T11:19:02+00:00,parallel,3,"block mean, streamed in bands, NaN-aware, any void -> void",p08,164.22575427881497,605.3098380168623,1.1726403807231325,0.9944856787535146,0.013246018752790594,1.0436993054202963,1.043700841169386,0.02744799997890368,0.06442763655873988
X6,dem_whole_c20_d2,dem_whole_c20_d2__20km3__hag_cta_ring1__shared_border__climb_tiebreak__native,idrija_whole_c20,dem,hag_cta_ring1,shared_border,climb_tiebreak,native,20km3,20km,0.51541079999879,20,height_tiebreak,480,40.0,60,18600,idrija_whole,60,15000,process,article_2_HAG_applications,True,6f060dbaf1c69bc25c1517ab2245b48bb8526299,930,750,3.9922576999815647,7.913340404066534,351,115971,458859,2,coarse,2882,7087,909,205426,8,2.5.3,1787.9913347625734,1788.0136286139054,True,75.39762912946702,22293.85135248349,14.149461875738403,7734340,Windows-11-10.0.26300-SP0,3.14.7,True,835.0056787109374,20261002T093029Z,1.18.1,0,7087,7072,11758,7081,3.4499041017203274,96.55009589827968,0.009694600012153387,0.009370700019644573,0.009006199979921803,0.12144919999991544,240,125,17071.39127312124,674,860,31.8454632120827,2026-10-02T11:19:02+00:00,parallel,3,"block mean, streamed in bands, NaN-aware, any void -> void",p08,inf,582.4087911424415,1.0589803460192753,0.9940713077927961,0.036294399310242184,1.011584952682796,1.011585517184309,-0.020950900041498244,0.08528975435760479
X6,dem_whole_c20_d2,dem_whole_c20_d2__2km1__full_grid__climb_tiebreak__native,idrija_whole_c20,dem,full_grid,,climb_tiebreak,native,2km1,2km,0.0,20,height_tiebreak,0,nan,60,18600,idrija_whole,60,15000,process,article_2_HAG_applications,True,6f060dbaf1c69bc25c1517ab2245b48bb8526299,930,750,3.9922576999815647,7.913340404066534,351,115971,458859,2,coarse,115971,205426,95,205426,8,2.5.3,356.1492829895019,356.1516020558782,True,74.6041023254395,2319.0663761154806,14.354623280748307,7695516,Windows-11-10.0.26300-SP0,3.14.7,True,835.0056787109374,20261002T093029Z,1.18.1,0,205426,15510,29725,16068,100.0,0.0,0.011545199988177046,0.011445100011769682,0.010358600004110485,0.0,276,139,2008.4820138602188,197,201,31.8454632120827,2026-10-02T11:19:02+00:00,parallel,3,"block mean, streamed in bands, NaN-aware, any void -> void",p08,,,,,,,,,
X6,dem_whole_c20_d2,dem_whole_c20_d2__2km1__hag_cta__shared_border__climb_tiebreak__native,idrija_whole_c20,dem,hag_cta,shared_border,climb_tiebreak,native,2km1,2km,0.51541079999879,20,height_tiebreak,91,40.0,60,18600,idrija_whole,60,15000,process,article_2_HAG_applications,True,6f060dbaf1c69bc25c1517ab2245b48bb8526299,930,750,3.9922576999815647,7.913340404066534,351,115971,458859,2,coarse,92,514,122,205426,8,2.5.3,370.63064140319796,370.6336578707278,True,65.1125362498819,3016.4675298172574,14.151522759074215,7679692,Windows-11-10.0.26300-SP0,3.14.7,True,835.0056787109374,20261002T093029Z,1.18.1,0,514,228,278,244,0.250211755084556,99.74978824491545,0.008993499999633059,0.007516899990150705,0.00709540001116693,0.06701160001102835,276,139,2008.4820138602188,197,201,31.8454632120827,2026-10-02T11:19:02+00:00,parallel,3,"block mean, streamed in bands, NaN-aware, any void -> void",p08,inf,297.3213749463701,1.3007249645307475,0.9979437376259109,0.014700193423597678,1.0406609225551156,1.0406626159513315,-0.06308339998940937,0.6567788820037069
X6,dem_whole_c20_d2,dem_whole_c20_d2__2km1__hag_cta_ring1__shared_border__climb_tiebreak__native,idrija_whole_c20,dem,hag_cta_ring1,shared_border,climb_tiebreak,native,2km1,2km,0.51541079999879,20,height_tiebreak,91,40.0,60,18600,idrija_whole,60,15000,process,article_2_HAG_applications,True,6f060dbaf1c69bc25c1517ab2245b48bb8526299,930,750,3.9922576999815647,7.913340404066534,351,115971,458859,2,coarse,475,1811,97,205426,8,2.5.3,360.47244018554653,360.4747992519227,True,60.90846242424358,2359.066376115481,14.198833259641955,7680124,Windows-11-10.0.26300-SP0,3.14.7,True,835.0056787109374,20261002T093029Z,1.18.1,0,1811,683,1137,743,0.8815826623699045,99.11841733763009,0.01897360000293702,0.012239800009410828,0.007238999998662621,0.10635409998940304,276,139,2008.4820138602188,197,201,31.8454632120827,2026-10-02T11:19:02+00:00,parallel,3,"block mean, streamed in bands, NaN-aware, any void -> void",p08,inf,141.4213562373095,1.0172483204499743,0.9979998742124635,0.0440361057382334,1.0121386098541494,1.0121386431258177,-0.10714879998704419,1.069435828155622
X6,dem_whole_c20_d2,dem_whole_c20_d2__2km2__full_grid__climb_tiebreak__native,idrija_whole_c20,dem,full_grid,,climb_tiebreak,native,2km2,2km,0.0,20,height_tiebreak,0,nan,60,18600,idrija_whole,60,15000,process,article_2_HAG_applications,True,6f060dbaf1c69bc25c1517ab2245b48bb8526299,930,750,3.9922576999815647,7.913340404066534,351,115971,458859,2,coarse,115971,205426,93,205426,8,2.5.3,214.55584686279224,214.55805137072758,True,96.22844467163077,2204.5079348883237,14.184290615874252,7693692,Windows-11-10.0.26300-SP0,3.14.7,True,835.0056787109374,20261002T093029Z,1.18.1,0,205426,7563,14366,8093,100.0,0.0,0.012747500004479662,0.009497199993347749,0.008569800003897399,0.0,285,271,1519.2103211866354,356,298,31.8454632120827,2026-10-02T11:19:02+00:00,parallel,3,"block mean, streamed in bands, NaN-aware, any void -> void",p08,,,,,,,,,
X6,dem_whole_c20_d2,dem_whole_c20_d2__2km2__hag_cta__shared_border__climb_tiebreak__native,idrija_whole_c20,dem,hag_cta,shared_border,climb_tiebreak,native,2km2,2km,0.51541079999879,20,height_tiebreak,75,40.0,60,18600,idrija_whole,60,15000,process,article_2_HAG_applications,True,6f060dbaf1c69bc25c1517ab2245b48bb8526299,930,750,3.9922576999815647,7.913340404066534,351,115971,458859,2,coarse,76,215,147,205426,8,2.5.3,234.4547897338865,234.45830620141697,True,54.00338211059591,3516.4675298172574,14.153299775566843,7681092,Windows-11-10.0.26300-SP0,3.14.7,True,835.0056787109374,20261002T093029Z,1.18.1,0,215,215,232,215,0.10466055903342322,99.89533944096658,0.007811300019966438,0.0075010999862570316,0.0040550000267103314,0.08297869999660179,285,271,1519.2103211866354,356,298,31.8454632120827,2026-10-02T11:19:02+00:00,parallel,3,"block mean, streamed in bands, NaN-aware, any void -> void",p08,inf,429.4182110716778,1.595125821125881,0.9983622947214419,0.0284278725373529,1.0927448175477577,1.092749979334518,-0.08098259998951107,0.7898222625101217
X6,dem_whole_c20_d2,dem_whole_c20_d2__2km2__hag_cta_ring1__shared_border__climb_tiebreak__native,idrija_whole_c20,dem,hag_cta_ring1,shared_border,climb_tiebreak,native,2km2,2km,0.51541079999879,20,height_tiebreak,75,40.0,60,18600,idrija_whole,60,15000,process,article_2_HAG_applications,True,6f060dbaf1c69bc25c1517ab2245b48bb8526299,930,750,3.9922576999815647,7.913340404066534,351,115971,458859,2,coarse,385,829,131,205426,8,2.5.3,224.4881744384769,224.4912880632948,True,54.00338211059591,3113.6248173426384,14.16777478744295,7681108,Windows-11-10.0.26300-SP0,3.14.7,True,835.0056787109374,20261002T093029Z,1.18.1,0,829,823,1351,829,0.40355164390096676,99.59644835609903,0.006266800017328933,0.006090000009862706,0.0055884000030346215,0.11643439999897964,285,271,1519.2103211866354,356,298,31.8454632120827,2026-10-02T11:19:02+00:00,parallel,3,"block mean, streamed in bands, NaN-aware, any void -> void",p08,inf,412.31056256176606,1.4123899343099298,0.9983643743471925,0.10881925161972762,1.0462925048229348,1.046296266344272,-0.1130272000154946,0.6412416305993773
X6,dem_whole_c20_d2,dem_whole_c20_d2__2km3__full_grid__climb_tiebreak__native,idrija_whole_c20,dem,full_grid,,climb_tiebreak,native,2km3,2km,0.0,20,height_tiebreak,0,nan,60,18600,idrija_whole,60,15000,process,article_2_HAG_applications,True,6f060dbaf1c69bc25c1517ab2245b48bb8526299,930,750,3.9922576999815647,7.913340404066534,351,115971,458859,2,coarse,115971,205426,107,205426,8,2.5.3,287.85390884399413,287.8565010474557,True,102.31128616332967,2592.203461105328,14.181630824128522,7699948,Windows-11-10.0.26300-SP0,3.14.7,True,835.0056787109374,20261002T093029Z,1.18.1,0,205426,15011,28257,15704,100.0,0.0,0.009427699988009408,0.009133699990343302,0.008507199992891401,0.0,703,766,2069.2993983471797,647,679,31.8454632120827,2026-10-02T11:19:02+00:00,parallel,3,"block mean, streamed in bands, NaN-aware, any void -> void",p08,,,,,,,,,
X6,dem_whole_c20_d2,dem_whole_c20_d2__2km3__hag_cta__shared_border__climb_tiebreak__native,idrija_whole_c20,dem,hag_cta,shared_border,climb_tiebreak,native,2km3,2km,0.51541079999879,20,height_tiebreak,86,40.0,60,18600,idrija_whole,60,15000,process,article_2_HAG_applications,True,6f060dbaf1c69bc25c1517ab2245b48bb8526299,930,750,3.9922576999815647,7.913340404066534,351,115971,458859,2,coarse,87,360,164,205426,8,2.5.3,324.27694641113345,324.28108454388627,True,53.41010756938628,4138.132752230962,14.153052928240852,7682460,Windows-11-10.0.26300-SP0,3.14.7,True,835.0056787109374,20261002T093029Z,1.18.1,0,360,358,400,360,0.17524558721875516,99.82475441278125,0.00434120002319105,0.004009099997347221,0.003987300005974248,0.07246959998155944,703,766,2069.2993983471797,647,679,31.8454632120827,2026-10-02T11:19:02+00:00,parallel,3,"block mean, streamed in bands, NaN-aware, any void -> void",p08,inf,538.5164807134504,1.5963765245751358,0.9977288158309641,0.023849177270002,1.1265330657256394,1.1265372967568505,-0.06734499998856336,0.43893493344273216
X6,dem_whole_c20_d2,dem_whole_c20_d2__2km3__hag_cta_ring1__shared_border__climb_tiebreak__native,idrija_whole_c20,dem,hag_cta_ring1,shared_border,climb_tiebreak,native,2km3,2km,0.51541079999879,20,height_tiebreak,86,40.0,60,18600,idrija_whole,60,15000,process,article_2_HAG_applications,True,6f060dbaf1c69bc25c1517ab2245b48bb8526299,930,750,3.9922576999815647,7.913340404066534,351,115971,458859,2,coarse,473,1474,141,205426,8,2.5.3,302.83776062011754,302.8412150775466,True,82.8119728088376,3454.45742854949,14.163729078986972,7681540,Windows-11-10.0.26300-SP0,3.14.7,True,835.0056787109374,20261002T093029Z,1.18.1,0,1474,1387,2239,1407,0.7175333210012365,99.28246667899876,0.010406399989733472,0.009821899991948158,0.008449699991615489,0.09695560002001002,703,766,2069.2993983471797,647,679,31.8454632120827,2026-10-02T11:19:02+00:00,parallel,3,"block mean, streamed in bands, NaN-aware, any void -> void",p08,inf,444.07206622349037,1.3326335993226752,0.9976093345045967,0.09239890746785691,1.052053667905007,1.0520561945815514,-0.09764380002161488,1.075347340325658
X6,dem_whole_c20_d2,dem_whole_c20_d2__5km1__full_grid__climb_tiebreak__native,idrija_whole_c20,dem,full_grid,,climb_tiebreak,native,5km1,5km,0.0,20,height_tiebreak,0,nan,60,18600,idrija_whole,60,15000,process,article_2_HAG_applications,True,6f060dbaf1c69bc25c1517ab2245b48bb8526299,930,750,3.9922576999815647,7.913340404066534,351,115971,458859,2,coarse,115971,205426,242,205426,8,2.5.3,470.84279335021955,470.84857432568526,True,42.010544586181595,5780.9754647055815,14.14851366187356,7747884,Windows-11-10.0.26300-SP0,3.14.7,True,835.0056787109374,20261002T093029Z,1.18.1,0,205426,85289,154621,86572,100.0,0.0,0.06596300000092015,0.045026800013147295,0.04296469999826513,0.0,649,771,4230.791888051219,567,576,31.8454632120827,2026-10-02T11:19:02+00:00,parallel,3,"block mean, streamed in bands, NaN-aware, any void -> void",p08,,,,,,,,,
X6,dem_whole_c20_d2,dem_whole_c20_d2__5km1__hag_cta__shared_border__climb_tiebreak__native,idrija_whole_c20,dem,hag_cta,shared_border,climb_tiebreak,native,5km1,5km,0.51541079999879,20,height_tiebreak,160,40.0,60,18600,idrija_whole,60,15000,process,article_2_HAG_applications,True,6f060dbaf1c69bc25c1517ab2245b48bb8526299,930,750,3.9922576999815647,7.913340404066534,351,115971,458859,2,coarse,161,854,304,205426,8,2.5.3,510.78190742492626,510.78942545666706,True,57.726738431482715,7518.031739553295,14.148689794282229,7691628,Windows-11-10.0.26300-SP0,3.14.7,True,835.0056787109374,20261002T093029Z,1.18.1,0,854,850,1028,851,0.41572147634671364,99.5842785236533,0.006966799992369488,0.00629089999711141,0.005814799980726093,0.06851369998184964,649,771,4230.791888051219,567,576,31.8454632120827,2026-10-02T11:19:02+00:00,parallel,3,"block mean, streamed in bands, NaN-aware, any void -> void",p08,inf,676.7569726275452,1.3004780569391639,0.9927391788519291,0.009966115208291808,1.0848247326682547,1.084827380412444,-0.029777799965813756,0.13971456988448083
X6,dem_whole_c20_d2,dem_whole_c20_d2__5km1__hag_cta_ring1__shared_border__climb_tiebreak__native,idrija_whole_c20,dem,hag_cta_ring1,shared_border,climb_tiebreak,native,5km1,5km,0.51541079999879,20,height_tiebreak,160,40.0,60,18600,idrija_whole,60,15000,process,article_2_HAG_applications,True,6f060dbaf1c69bc25c1517ab2245b48bb8526299,930,750,3.9922576999815647,7.913340404066534,351,115971,458859,2,coarse,906,2691,253,205426,8,2.5.3,477.3324207305906,477.3384796959551,True,57.726738431482715,6058.965363437815,14.15855467127377,7689604,Windows-11-10.0.26300-SP0,3.14.7,True,835.0056787109374,20261002T093029Z,1.18.1,0,2691,2637,4098,2656,1.309960764460195,98.6900392355398,0.011979599978076294,0.008754399983445182,0.007515700010117143,0.09894440000061877,649,771,4230.791888051219,567,576,31.8454632120827,2026-10-02T11:19:02+00:00,parallel,3,"block mean, streamed in bands, NaN-aware, any void -> void",p08,inf,636.5532185135819,1.048087022757567,0.9924779462366757,0.030918406828547643,1.013783002462871,1.0137834236401038,-0.06267199997091666,0.19442643005696608
X6,dem_whole_c20_d2,dem_whole_c20_d2__5km2__full_grid__climb_tiebreak__native,idrija_whole_c20,dem,full_grid,,climb_tiebreak,native,5km2,5km,0.0,20,height_tiebreak,0,nan,60,18600,idrija_whole,60,15000,process,article_2_HAG_applications,True,6f060dbaf1c69bc25c1517ab2245b48bb8526299,930,750,3.9922576999815647,7.913340404066534,351,115971,458859,2,coarse,115971,205426,250,205426,8,2.5.3,544.6196857452389,544.6258503960277,True,173.93640251159667,6164.650788387053,14.162948852974669,7725948,Windows-11-10.0.26300-SP0,3.14.7,True,835.0056787109374,20261002T093029Z,1.18.1,0,205426,43147,84449,44569,100.0,0.0,0.04754470000625588,0.04311599998618476,0.034255499980645254,0.0,152,268,5014.618629566959,367,397,31.8454632120827,2026-10-02T11:19:02+00:00,parallel,3,"block mean, streamed in bands, NaN-aware, any void -> void",p08,,,,,,,,,
X6,dem_whole_c20_d2,dem_whole_c20_d2__5km2__hag_cta__shared_border__climb_tiebreak__native,idrija_whole_c20,dem,hag_cta,shared_border,climb_tiebreak,native,5km2,5km,0.51541079999879,20,height_tiebreak,145,40.0,60,18600,idrija_whole,60,15000,process,article_2_HAG_applications,True,6f060dbaf1c69bc25c1517ab2245b48bb8526299,930,750,3.9922576999815647,7.913340404066534,351,115971,458859,2,coarse,146,1021,295,205426,8,2.5.3,565.6948777770995,565.7022489459235,True,114.80545740086284,7371.168824543143,14.144534091417073,7691252,Windows-11-10.0.26300-SP0,3.14.7,True,835.0056787109374,20261002T093029Z,1.18.1,0,1021,1021,1334,1021,0.49701595708430285,99.5029840429157,0.008404699998209253,0.006274899991694838,0.006134099996415898,0.11053639999590814,152,268,5014.618629566959,367,397,31.8454632120827,2026-10-02T11:19:02+00:00,parallel,3,"block mean, streamed in bands, NaN-aware, any void -> void",p08,inf,377.35924528226417,1.1957155526844967,0.9955091595232067,0.02366329061116648,1.0386970808868614,1.0386988581878185,-0.07369530000141822,0.14553529997461367
X6,dem_whole_c20_d2,dem_whole_c20_d2__5km2__hag_cta_ring1__shared_border__climb_tiebreak__native,idrija_whole_c20,dem,hag_cta_ring1,shared_border,climb_tiebreak,native,5km2,5km,0.51541079999879,20,height_tiebreak,145,40.0,60,18600,idrija_whole,60,15000,process,article_2_HAG_applications,True,6f060dbaf1c69bc25c1517ab2245b48bb8526299,930,750,3.9922576999815647,7.913340404066534,351,115971,458859,2,coarse,927,2676,264,205426,8,2.5.3,549.0272869873045,549.0338310493479,True,114.80545740086284,6544.062043356596,14.15950800707546,7691276,Windows-11-10.0.26300-SP0,3.14.7,True,835.0056787109374,20261002T093029Z,1.18.1,0,2676,2669,4418,2674,1.3026588649927469,98.69734113500725,0.005557399999815971,0.005403800023486838,0.004938800004310906,0.11084440001286566,152,268,5014.618629566959,367,397,31.8454632120827,2026-10-02T11:19:02+00:00,parallel,3,"block mean, streamed in bands, NaN-aware, any void -> void",p08,inf,286.35642126552705,1.0615462688793786,0.9955122659381088,0.06185829837532158,1.0080929892132604,1.0080935942539542,-0.07313220005016774,0.12533166400450702
X6,dem_whole_c20_d2,dem_whole_c20_d2__5km3__full_grid__climb_tiebreak__native,idrija_whole_c20,dem,full_grid,,climb_tiebreak,native,5km3,5km,0.0,20,height_tiebreak,0,nan,60,18600,idrija_whole,60,15000,process,article_2_HAG_applications,True,6f060dbaf1c69bc25c1517ab2245b48bb8526299,930,750,3.9922576999815647,7.913340404066534,351,115971,458859,2,coarse,115971,205426,329,205426,8,2.5.3,531.7165624999997,531.7244976890282,True,90.10395447078724,7935.189027078677,14.155629024100646,7740948,Windows-11-10.0.26300-SP0,3.14.7,True,835.0056787109374,20261002T093029Z,1.18.1,0,205426,72948,133254,74049,100.0,0.0,0.05608750000828877,0.03475839999737218,0.033966499991947785,0.0,604,826,5259.3535724459525,488,590,31.8454632120827,2026-10-02T11:19:02+00:00,parallel,3,"block mean, streamed in bands, NaN-aware, any void -> void",p08,,,,,,,,,
X6,dem_whole_c20_d2,dem_whole_c20_d2__5km3__hag_cta__shared_border__climb_tiebreak__native,idrija_whole_c20,dem,hag_cta,shared_border,climb_tiebreak,native,5km3,5km,0.51541079999879,20,height_tiebreak,151,40.0,60,18600,idrija_whole,60,15000,process,article_2_HAG_applications,True,6f060dbaf1c69bc25c1517ab2245b48bb8526299,930,750,3.9922576999815647,7.913340404066534,351,115971,458859,2,coarse,152,958,395,205426,8,2.5.3,560.7839207458495,560.7935073057282,True,51.809016094544845,9586.559876977153,14.147053662660964,7697380,Windows-11-10.0.26300-SP0,3.14.7,True,835.0056787109374,20261002T093029Z,1.18.1,0,958,958,1206,958,0.46634797932102073,99.53365202067897,0.006508499995106831,0.005457599996589124,0.005011299974285066,0.06286770000588149,604,826,5259.3535724459525,488,590,31.8454632120827,2026-10-02T11:19:02+00:00,parallel,3,"block mean, streamed in bands, NaN-aware, any void -> void",p08,inf,667.5327707311454,1.2081073108987328,0.994371748783224,0.01313264243022427,1.054667016782743,1.0546693066485355,-0.03356690000509843,0.1570152825504549
X6,dem_whole_c20_d2,dem_whole_c20_d2__5km3__hag_cta_ring1__shared_border__climb_tiebreak__native,idrija_whole_c20,dem,hag_cta_ring1,shared_border,climb_tiebreak,native,5km3,5km,0.51541079999879,20,height_tiebreak,151,40.0,60,18600,idrija_whole,60,15000,process,article_2_HAG_applications,True,6f060dbaf1c69bc25c1517ab2245b48bb8526299,930,750,3.9922576999815647,7.913340404066534,351,115971,458859,2,coarse,1058,2462,374,205426,8,2.5.3,537.8232580566403,537.8321346670253,True,49.0935775756833,8876.610383315985,14.148434574274328,7697628,Windows-11-10.0.26300-SP0,3.14.7,True,835.0056787109374,20261002T093029Z,1.18.1,0,2462,2451,4097,2458,1.1984850992571534,98.80151490074284,0.0069629999925382435,0.006805099983466789,0.006541599985212088,0.1406379999825731,604,826,5259.3535724459525,488,590,31.8454632120827,2026-10-02T11:19:02+00:00,parallel,3,"block mean, streamed in bands, NaN-aware, any void -> void",p08,inf,557.8530272392542,1.1186388065898274,0.9944037862029301,0.03359927619674288,1.0114848699237964,1.0114864690352654,-0.1126846999686677,0.19578288943050517
X6,dem_whole_c20_d3,dem_whole_c20_d3__10km1__full_grid__climb_tiebreak__native,idrija_whole_c20,dem,full_grid,,climb_tiebreak,native,10km1,10km,0.0,20,height_tiebreak,0,nan,60,18600,idrija_whole,60,15000,process,article_2_HAG_applications,True,6f060dbaf1c69bc25c1517ab2245b48bb8526299,930,750,2.335403800010681,7.8573391602090465,289,88784,348803,3,coarse,88784,205426,561,205426,8,2.5.3,1241.798973083496,1241.8128240502913,True,78.34630330349852,13850.966799187809,14.144168818587515,7750276,Windows-11-10.0.26300-SP0,3.14.7,True,835.0056787109374,20261002T093029Z,1.18.1,0,205426,147208,270295,148239,100.0,0.0,0.1092752999975346,0.10481089999666438,0.08517080001183785,0.0,651,568,9873.317578200349,266,259,31.8454632120827,2026-10-02T09:36:35+00:00,parallel,3,"block mean, streamed in bands, NaN-aware, any void -> void",p08,,,,,,,,,
X6,dem_whole_c20_d3,dem_whole_c20_d3__10km1__hag_cta__shared_border__climb_tiebreak__native,idrija_whole_c20,dem,hag_cta,shared_border,climb_tiebreak,native,10km1,10km,0.33093759999610484,20,height_tiebreak,303,40.0,60,18600,idrija_whole,60,15000,process,article_2_HAG_applications,True,6f060dbaf1c69bc25c1517ab2245b48bb8526299,930,750,2.335403800010681,7.8573391602090465,289,88784,348803,3,coarse,304,1462,657,205426,8,2.5.3,1326.5068533325202,1326.5230053757905,True,56.383138440889084,16152.043276571058,14.143926100647935,7714148,Windows-11-10.0.26300-SP0,3.14.7,True,835.0056787109374,20261002T093029Z,1.18.1,0,1462,1461,1744,1461,0.711691801427278,99.28830819857272,0.011857499979669228,0.0058834000083152205,0.005558800010476261,0.05462660000193864,651,568,9873.317578200349,266,259,31.8454632120827,2026-10-02T09:36:35+00:00,parallel,3,"block mean, streamed in bands, NaN-aware, any void -> void",p08,60.1870707101819,360.5551275463989,1.1661311091669195,0.9953384885905999,0.009924732351502636,1.0682138430495614,1.0682149352019161,0.044300899986410514,0.05613347474835595
X6,dem_whole_c20_d3,dem_whole_c20_d3__10km1__hag_cta_ring1__shared_border__climb_tiebreak__native,idrija_whole_c20,dem,hag_cta_ring1,shared_border,climb_tiebreak,native,10km1,10km,0.33093759999610484,20,height_tiebreak,303,40.0,60,18600,idrija_whole,60,15000,process,article_2_HAG_applications,True,6f060dbaf1c69bc25c1517ab2245b48bb8526299,930,750,2.335403800010681,7.8573391602090465,289,88784,348803,3,coarse,1700,4290,578,205426,8,2.5.3,1254.7251901245122,1254.7394887868334,True,69.08961888312322,14298.662325404814,14.146121925961696,7710252,Windows-11-10.0.26300-SP0,3.14.7,True,835.0056787109374,20261002T093029Z,1.18.1,0,4290,4264,6962,4277,2.0883432476901658,97.91165675230984,0.007013299997197464,0.006738600000971928,0.006460400007199496,0.053886700014118105,651,568,9873.317578200349,266,259,31.8454632120827,2026-10-02T09:36:35+00:00,parallel,3,"block mean, streamed in bands, NaN-aware, any void -> void",p08,60.34412571332439,316.22776601683796,1.0323223304703364,0.9948357968154941,0.02896581707515896,1.010409266975732,1.0104095113902758,0.04418559998157434,0.0642929313762823
X6,dem_whole_c20_d3,dem_whole_c20_d3__10km2__full_grid__climb_tiebreak__native,idrija_whole_c20,dem,full_grid,,climb_tiebreak,native,10km2,10km,0.0,20,height_tiebreak,0,nan,60,18600,idrija_whole,60,15000,process,article_2_HAG_applications,True,6f060dbaf1c69bc25c1517ab2245b48bb8526299,930,750,2.335403800010681,7.8573391602090465,289,88784,348803,3,coarse,88784,205426,600,205426,8,2.5.3,1276.5384969329834,1276.5530119199796,True,70.82123184204079,14514.98700172334,14.14703439895182,7771596,Windows-11-10.0.26300-SP0,3.14.7,True,835.0056787109374,20261002T093029Z,1.18.1,0,205426,162361,305016,164138,100.0,0.0,0.0973392000014428,0.09088589999009855,0.08587159999297,0.0,268,238,9605.7690998691,579,604,31.8454632120827,2026-10-02T09:36:35+00:00,parallel,3,"block mean, streamed in bands, NaN-aware, any void -> void",p08,,,,,,,,,
X6,dem_whole_c20_d3,dem_whole_c20_d3__10km2__hag_cta__shared_border__climb_tiebreak__native,idrija_whole_c20,dem,hag_cta,shared_border,climb_tiebreak,native,10km2,10km,0.33093759999610484,20,height_tiebreak,294,40.0,60,18600,idrija_whole,60,15000,process,article_2_HAG_applications,True,6f060dbaf1c69bc25c1517ab2245b48bb8526299,930,750,2.335403800010681,7.8573391602090465,289,88784,348803,3,coarse,295,1624,719,205426,8,2.5.3,1411.150459365846,1411.167892830471,True,66.8451332092286,17433.464632808365,14.145108451962809,7718308,Windows-11-10.0.26300-SP0,3.14.7,True,835.0056787109374,20261002T093029Z,1.18.1,0,1624,1613,1871,1617,0.7905523156757178,99.20944768432427,0.006606999988434836,0.006094699987443164,0.00580189999891445,0.059152200003154576,268,238,9605.7690998691,579,604,31.8454632120827,2026-10-02T09:36:35+00:00,parallel,3,"block mean, streamed in bands, NaN-aware, any void -> void",p08,103.99553024917896,655.133574166368,1.2010664998004146,0.9931432359582253,0.009934651794458028,1.105450766080523,1.1054518532748012,0.02563899999950081,0.06705880657073478
X6,dem_whole_c20_d3,dem_whole_c20_d3__10km2__hag_cta_ring1__shared_border__climb_tiebreak__native,idrija_whole_c20,dem,hag_cta_ring1,shared_border,climb_tiebreak,native,10km2,10km,0.33093759999610484,20,height_tiebreak,294,40.0,60,18600,idrija_whole,60,15000,process,article_2_HAG_applications,True,6f060dbaf1c69bc25c1517ab2245b48bb8526299,930,750,2.335403800010681,7.8573391602090465,289,88784,348803,3,coarse,1622,6052,655,205426,8,2.5.3,1314.0066341400143,1314.022539076504,True,70.82123184204079,15904.936495384509,14.146640422965039,7715844,Windows-11-10.0.26300-SP0,3.14.7,True,835.0056787109374,20261002T093029Z,1.18.1,0,6052,5964,9608,6000,2.9460730384664062,97.0539269615336,0.009497499995632097,0.008347199996933341,0.007805300003383309,0.05440850000013597,268,238,9605.7690998691,579,604,31.8454632120827,2026-10-02T09:36:35+00:00,parallel,3,"block mean, streamed in bands, NaN-aware, any void -> void",p08,94.78572497413865,638.1222453417527,1.0957596099463363,0.9928261839653013,0.03673295926977538,1.0293513570464596,1.029352112138429,0.028130199993029237,0.09184262903093567
X6,dem_whole_c20_d3,dem_whole_c20_d3__10km3__full_grid__climb_tiebreak__native,idrija_whole_c20,dem,full_grid,,climb_tiebreak,native,10km3,10km,0.0,20,height_tiebreak,0,nan,60,18600,idrija_whole,60,15000,process,article_2_HAG_applications,True,6f060dbaf1c69bc25c1517ab2245b48bb8526299,930,750,2.335403800010681,7.8573391602090465,289,88784,348803,3,coarse,88784,205426,695,205426,8,2.5.3,1509.912589111328,1509.9293106163561,True,78.34630330349852,16721.505037879437,14.144774408892353,7781044,Windows-11-10.0.26300-SP0,3.14.7,True,835.0056787109374,20261002T093029Z,1.18.1,0,205426,190524,358897,191497,100.0,0.0,0.13432099999045022,0.08423279999988154,0.08332240002346225,0.0,434,638,11336.966084451342,88,189,31.8454632120827,2026-10-02T09:36:35+00:00,parallel,3,"block mean, streamed in bands, NaN-aware, any void -> void",p08,,,,,,,,,
X6,dem_whole_c20_d3,dem_whole_c20_d3__10km3__hag_cta__shared_border__climb_tiebreak__native,idrija_whole_c20,dem,hag_cta,shared_border,climb_tiebreak,native,10km3,10km,0.33093759999610484,20,height_tiebreak,332,40.0,60,18600,idrija_whole,60,15000,process,article_2_HAG_applications,True,6f060dbaf1c69bc25c1517ab2245b48bb8526299,930,750,2.335403800010681,7.8573391602090465,289,88784,348803,3,coarse,333,2852,864,205426,8,2.5.3,1622.0609457397468,1622.0820330730517,True,86.89672927856407,21087.3333163274,14.143724980637325,7730012,Windows-11-10.0.26300-SP0,3.14.7,True,835.0056787109374,20261002T093029Z,1.18.1,0,2852,2851,3975,2851,1.3883344854108048,98.61166551458919,0.007421199989039451,0.007409300014842302,0.007247400004416704,0.09021389999543317,434,638,11336.966084451342,88,189,31.8454632120827,2026-10-02T09:36:35+00:00,parallel,3,"block mean, streamed in bands, NaN-aware, any void -> void",p08,inf,740.0,1.261090629614858,0.9934414970536087,0.014963994037496589,1.074274734469513,1.0742768033365182,-0.013390400010393932,0.0879621716819662
X6,dem_whole_c20_d3,dem_whole_c20_d3__10km3__hag_cta_ring1__shared_border__climb_tiebreak__native,idrija_whole_c20,dem,hag_cta_ring1,shared_border,climb_tiebreak,native,10km3,10km,0.33093759999610484,20,height_tiebreak,332,40.0,60,18600,idrija_whole,60,15000,process,article_2_HAG_applications,True,6f060dbaf1c69bc25c1517ab2245b48bb8526299,930,750,2.335403800010681,7.8573391602090465,289,88784,348803,3,coarse,1941,7591,736,205426,8,2.5.3,1526.9749614715574,1526.992892337334,True,87.81932176530867,17930.865786510145,14.143583915309334,7724668,Windows-11-10.0.26300-SP0,3.14.7,True,835.0056787109374,20261002T093029Z,1.18.1,0,7591,7484,12537,7525,3.6952479238265847,96.30475207617341,0.009739300003275275,0.008344200003193691,0.007836700009647757,0.05933359998743981,434,638,11336.966084451342,88,189,31.8454632120827,2026-10-02T09:36:35+00:00,parallel,3,"block mean, streamed in bands, NaN-aware, any void -> void",p08,161.0595831179282,724.4308110509934,1.0723236781552334,0.9927546997549429,0.03928114043375113,1.0113002384927936,1.0113009142885057,0.016555000009248033,0.09906117335771132
X6,dem_whole_c20_d3,dem_whole_c20_d3__1km1__full_grid__climb_tiebreak__native,idrija_whole_c20,dem,full_grid,,climb_tiebreak,native,1km1,1km,0.0,20,height_tiebreak,0,nan,60,18600,idrija_whole,60,15000,process,article_2_HAG_applications,True,6f060dbaf1c69bc25c1517ab2245b48bb8526299,930,750,2.335403800010681,7.8573391602090465,289,88784,348803,3,coarse,88784,205426,67,205426,8,2.5.3,127.45246917724637,127.45408741101143,True,73.18286686253515,1618.2337649086285,14.229064824481474,7693972,Windows-11-10.0.26300-SP0,3.14.7,True,835.0056787109374,20261002T093029Z,1.18.1,0,205426,7928,14457,8346,100.0,0.0,0.006763999990653247,0.006301099987467751,0.006106299988459796,0.0,119,259,973.2420048477151,111,211,31.8454632120827,2026-10-02T09:36:35+00:00,parallel,3,"block mean, streamed in bands, NaN-aware, any void -> void",p08,,,,,,,,,
X6,dem_whole_c20_d3,dem_whole_c20_d3__1km1__hag_cta__shared_border__climb_tiebreak__native,idrija_whole_c20,dem,hag_cta,shared_border,climb_tiebreak,native,1km1,1km,0.33093759999610484,20,height_tiebreak,30,40.0,60,18600,idrija_whole,60,15000,process,article_2_HAG_applications,True,6f060dbaf1c69bc25c1517ab2245b48bb8526299,930,750,2.335403800010681,7.8573391602090465,289,88784,348803,3,coarse,31,679,134,205426,8,2.5.3,180.29946380615286,180.30257944107203,True,75.99692009119524,3115.6349186104044,14.312216451318239,7681076,Windows-11-10.0.26300-SP0,3.14.7,True,835.0056787109374,20261002T093029Z,1.18.1,0,679,679,930,679,0.33053264922648545,99.66946735077352,0.004461900010937825,0.004383299994515255,0.004343600012362003,0.03875300000072457,119,259,973.2420048477151,111,211,31.8454632120827,2026-10-02T09:36:35+00:00,parallel,3,"block mean, streamed in bands, NaN-aware, any void -> void",p08,inf,905.5385138137417,1.925330558645416,0.998323882644751,0.08564581231079718,1.4146408066477936,1.4146472906720977,-0.03683520000777207,0.6956404442451627
X6,dem_whole_c20_d3,dem_whole_c20_d3__1km1__hag_cta_ring1__shared_border__climb_tiebreak__native,idrija_whole_c20,dem,hag_cta_ring1,shared_border,climb_tiebreak,native,1km1,1km,0.33093759999610484,20,height_tiebreak,30,40.0,60,18600,idrija_whole,60,15000,process,article_2_HAG_applications,True,6f060dbaf1c69bc25c1517ab2245b48bb8526299,930,750,2.335403800010681,7.8573391602090465,289,88784,348803,3,coarse,179,2147,82,205426,8,2.5.3,136.3029180908203,136.3048280403142,True,75.99692009119524,1909.9494936611666,24.142358777225052,7682740,Windows-11-10.0.26300-SP0,3.14.7,True,835.0056787109374,20261002T093029Z,1.18.1,0,2147,2118,3508,2129,1.0451452104407426,98.95485478955925,0.004525500000454485,0.004365100001450628,0.004293100006179884,0.043298999982653186,119,259,973.2420048477151,111,211,31.8454632120827,2026-10-02T09:36:35+00:00,parallel,3,"block mean, streamed in bands, NaN-aware, any void -> void",p08,inf,501.5974481593781,1.180267978013059,0.9985401558518799,0.2671543895055499,1.0694411726246411,1.069442579748432,-0.04136299999663606,0.6927520607723048
X6,dem_whole_c20_d3,dem_whole_c20_d3__1km2__full_grid__climb_tiebreak__native,idrija_whole_c20,dem,full_grid,,climb_tiebreak,native,1km2,1km,0.0,20,height_tiebreak,0,nan,60,18600,idrija_whole,60,15000,process,article_2_HAG_applications,True,6f060dbaf1c69bc25c1517ab2245b48bb8526299,930,750,2.335403800010681,7.8573391602090465,289,88784,348803,3,coarse,88784,205426,60,205426,8,2.5.3,173.68535720825173,173.68686857910185,True,115.51197433471657,1511.370849898476,14.237969967434651,7688788,Windows-11-10.0.26300-SP0,3.14.7,True,835.0056787109374,20261002T093029Z,1.18.1,0,205426,5183,9950,5531,100.0,0.0,0.005908299994189292,0.005646999983582646,0.005559799988986924,0.0,267,101,1094.1663493271944,250,153,31.8454632120827,2026-10-02T09:36:35+00:00,parallel,3,"block mean, streamed in bands, NaN-aware, any void -> void",p08,,,,,,,,,
X6,dem_whole_c20_d3,dem_whole_c20_d3__1km2__hag_cta__shared_border__climb_tiebreak__native,idrija_whole_c20,dem,hag_cta,shared_border,climb_tiebreak,native,1km2,1km,0.33093759999610484,20,height_tiebreak,32,40.0,60,18600,idrija_whole,60,15000,process,article_2_HAG_applications,True,6f060dbaf1c69bc25c1517ab2245b48bb8526299,930,750,2.335403800010681,7.8573391602090465,289,88784,348803,3,coarse,33,102,62,205426,8,2.5.3,192.80157211303742,192.80314005243005,True,115.51197433471657,1567.9393923933994,14.1835754606202,7678740,Windows-11-10.0.26300-SP0,3.14.7,True,835.0056787109374,20261002T093029Z,1.18.1,0,102,102,110,102,0.0496529163786473,99.95034708362135,0.021151699998881668,0.005020699987653643,0.005003500002203509,0.09779099997831509,267,101,1094.1663493271944,250,153,31.8454632120827,2026-10-02T09:36:35+00:00,parallel,3,"block mean, streamed in bands, NaN-aware, any void -> void",p08,inf,72.11102550927978,1.037428631430018,0.9986931620432244,0.01967972216862821,1.1100623288690077,1.1100616968324357,-0.09716469998238608,0.8890915534354833
X6,dem_whole_c20_d3,dem_whole_c20_d3__1km2__hag_cta_ring1__shared_border__climb_tiebreak__native,idrija_whole_c20,dem,hag_cta_ring1,shared_border,climb_tiebreak,native,1km2,1km,0.33093759999610484,20,height_tiebreak,32,40.0,60,18600,idrija_whole,60,15000,process,article_2_HAG_applications,True,6f060dbaf1c69bc25c1517ab2245b48bb8526299,930,750,2.335403800010681,7.8573391602090465,289,88784,348803,3,coarse,180,434,63,205426,8,2.5.3,176.65469924926754,176.65629547293142,True,115.51197433471657,1596.2236636408613,14.15756918411944,7679532,Windows-11-10.0.26300-SP0,3.14.7,True,835.0056787109374,20261002T093029Z,1.18.1,0,434,422,675,432,0.21126829125816596,99.78873170874184,0.005163300025742501,0.004843400005484,0.004533600003924221,0.07971570000518113,267,101,1094.1663493271944,250,153,31.8454632120827,2026-10-02T09:36:35+00:00,parallel,3,"block mean, streamed in bands, NaN-aware, any void -> void",p08,inf,72.11102550927978,1.0561429471450274,0.9987961691751678,0.08142002701138337,1.01709609888101,1.0170964386549304,-0.07891210002708249,0.857694354447507
X6,dem_whole_c20_d3,dem_whole_c20_d3__1km3__full_grid__climb_tiebreak__native,idrija_whole_c20,dem,full_grid,,climb_tiebreak,native,1km3,1km,0.0,20,height_tiebreak,0,nan,60,18600,idrija_whole,60,15000,process,article_2_HAG_applications,True,6f060dbaf1c69bc25c1517ab2245b48bb8526299,930,750,2.335403800010681,7.8573391602090465,289,88784,348803,3,coarse,88784,205426,45,205426,8,2.5.3,243.73439659118668,243.73540085525553,True,52.90026550292964,1004.2640687119283,14.419647058075794,7718716,Windows-11-10.0.26300-SP0,3.14.7,True,835.0056787109374,20261002T093029Z,1.18.1,0,205426,19269,37649,20734,100.0,0.0,0.015066099993418902,0.014362900023115799,0.01338489999761805,0.0,695,854,802.2468448052632,735,851,31.8454632120827,2026-10-02T09:36:35+00:00,parallel,3,"block mean, streamed in bands, NaN-aware, any void -> void",p08,,,,,,,,,
X6,dem_whole_c20_d3,dem_whole_c20_d3__1km3__hag_cta__shared_border__climb_tiebreak__native,idrija_whole_c20,dem,hag_cta,shared_border,climb_tiebreak,native,1km3,1km,0.33093759999610484,20,height_tiebreak,47,40.0,60,18600,idrija_whole,60,15000,process,article_2_HAG_applications,True,6f060dbaf1c69bc25c1517ab2245b48bb8526299,930,750,2.335403800010681,7.8573391602090465,289,88784,348803,3,coarse,48,111,63,205426,8,2.5.3,245.01443748474122,245.01598400277757,True,44.622176361083916,1546.5180361560901,14.157932888012159,7678780,Windows-11-10.0.26300-SP0,3.14.7,True,835.0056787109374,20261002T093029Z,1.18.1,0,111,111,120,111,0.05403405605911618,99.94596594394089,0.005393900006311014,0.005209099996136501,0.00509959997725673,0.07119000001694076,695,854,802.2468448052632,735,851,31.8454632120827,2026-10-02T09:36:35+00:00,parallel,3,"block mean, streamed in bands, NaN-aware, any void -> void",p08,inf,160.0,1.5399515768194896,0.9948260824727844,0.005760548030515336,1.005251786007461,1.005253989133415,-0.06203619998996146,0.3626774528648756
X6,dem_whole_c20_d3,dem_whole_c20_d3__1km3__hag_cta_ring1__shared_border__climb_tiebreak__native,idrija_whole_c20,dem,hag_cta_ring1,shared_border,climb_tiebreak,native,1km3,1km,0.33093759999610484,20,height_tiebreak,47,40.0,60,18600,idrija_whole,60,15000,process,article_2_HAG_applications,True,6f060dbaf1c69bc25c1517ab2245b48bb8526299,930,750,2.335403800010681,7.8573391602090465,289,88784,348803,3,coarse,211,377,45,205426,8,2.5.3,243.73439659118668,243.73541742379803,True,49.67022781372066,1020.8326112068521,14.315258089789536,7679372,Windows-11-10.0.26300-SP0,3.14.7,True,835.0056787109374,20261002T093029Z,1.18.1,0,377,356,544,362,0.18352107328186307,99.81647892671813,0.004296900006011128,0.004286099981982261,0.0042400000093039125,0.05873680001241155,695,854,802.2468448052632,735,851,31.8454632120827,2026-10-02T09:36:35+00:00,parallel,3,"block mean, streamed in bands, NaN-aware, any void -> void",p08,inf,134.16407864998737,1.0164981930660675,0.9949027791668977,0.018475271160932068,1.0,1.0000000679775791,-0.04865999997127801,0.2984146638272332
X6,dem_whole_c20_d3,dem_whole_c20_d3__20km1__full_grid__climb_tiebreak__native,idrija_whole_c20,dem,full_grid,,climb_tiebreak,native,20km1,20km,0.0,20,height_tiebreak,0,nan,60,18600,idrija_whole,60,15000,process,article_2_HAG_applications,True,6f060dbaf1c69bc25c1517ab2245b48bb8526299,930,750,2.335403800010681,7.8573391602090465,289,88784,348803,3,coarse,88784,205426,1036,205426,8,2.5.3,2074.452238998413,2074.477420789135,True,157.02887129289635,25181.79074487689,14.143145171280652,7791548,Windows-11-10.0.26300-SP0,3.14.7,True,835.0056787109374,20261002T093029Z,1.18.1,0,205426,202558,378944,203108,100.0,0.0,0.13313709999783896,0.0974265000259038,0.08453870000084862,0.0,156,15,20305.270251833637,622,917,31.8454632120827,2026-10-02T09:36:35+00:00,parallel,3,"block mean, streamed in bands, NaN-aware, any void -> void",p08,,,,,,,,,
X6,dem_whole_c20_d3,dem_whole_c20_d3__20km1__hag_cta__shared_border__climb_tiebreak__native,idrija_whole_c20,dem,hag_cta,shared_border,climb_tiebreak,native,20km1,20km,0.33093759999610484,20,height_tiebreak,438,40.0,60,18600,idrija_whole,60,15000,process,article_2_HAG_applications,True,6f060dbaf1c69bc25c1517ab2245b48bb8526299,930,750,2.335403800010681,7.8573391602090465,289,88784,348803,3,coarse,439,4008,1193,205426,8,2.5.3,2184.3829959106442,2184.4123035296416,True,145.71900604701605,29307.61902332486,14.143402063885697,7750228,Windows-11-10.0.26300-SP0,3.14.7,True,835.0056787109374,20261002T093029Z,1.18.1,0,4008,4006,5754,4006,1.951067537702141,98.04893246229786,0.007445199997164309,0.006923899985849857,0.006916900019859895,0.05118229999789037,156,15,20305.270251833637,622,917,31.8454632120827,2026-10-02T09:36:35+00:00,parallel,3,"block mean, streamed in bands, NaN-aware, any void -> void",p08,67.81081011964912,724.9827584156743,1.1638417346982104,0.994696817628538,0.01977705151117211,1.0529926670981387,1.0529940126794377,0.03932030004216358,0.07106793309837597
X6,dem_whole_c20_d3,dem_whole_c20_d3__20km1__hag_cta_ring1__shared_border__climb_tiebreak__native,idrija_whole_c20,dem,hag_cta_ring1,shared_border,climb_tiebreak,native,20km1,20km,0.33093759999610484,20,height_tiebreak,438,40.0,60,18600,idrija_whole,60,15000,process,article_2_HAG_applications,True,6f060dbaf1c69bc25c1517ab2245b48bb8526299,930,750,2.335403800010681,7.8573391602090465,289,88784,348803,3,coarse,2795,9697,1089,205426,8,2.5.3,2084.903873825073,2084.9305546821674,True,174.20071552130884,26680.85712099237,14.143404403437705,7747076,Windows-11-10.0.26300-SP0,3.14.7,True,835.0056787109374,20261002T093029Z,1.18.1,0,9697,9687,16443,9695,4.720434609056302,95.2795653909437,0.010310300014680251,0.010222400014754385,0.009527700021862984,0.07368079997831956,156,15,20305.270251833637,622,917,31.8454632120827,2026-10-02T09:36:35+00:00,parallel,3,"block mean, streamed in bands, NaN-aware, any void -> void",p08,197.16647516019293,693.1089380465382,1.0595297765477802,0.9942922767080431,0.04782333948794913,1.0050382624531795,1.0050389239180324,0.013523300032829866,0.10492422505207975
X6,dem_whole_c20_d3,dem_whole_c20_d3__20km2__full_grid__climb_tiebreak__native,idrija_whole_c20,dem,full_grid,,climb_tiebreak,native,20km2,20km,0.0,20,height_tiebreak,0,nan,60,18600,idrija_whole,60,15000,process,article_2_HAG_applications,True,6f060dbaf1c69bc25c1517ab2245b48bb8526299,930,750,2.335403800010681,7.8573391602090465,289,88784,348803,3,coarse,88784,205426,914,205426,8,2.5.3,1373.6268949508667,1373.6493385078388,True,78.34630330349852,22443.556979968263,14.146833741532893,7773276,Windows-11-10.0.26300-SP0,3.14.7,True,835.0056787109374,20261002T093029Z,1.18.1,0,205426,152502,284174,153827,100.0,0.0,0.07803630002308637,0.06917020000400953,0.06898469998850487,0.0,629,870,18646.179233290663,89,110,31.8454632120827,2026-10-02T09:36:35+00:00,parallel,3,"block mean, streamed in bands, NaN-aware, any void -> void",p08,,,,,,,,,
X6,dem_whole_c20_d3,dem_whole_c20_d3__20km2__hag_cta__shared_border__climb_tiebreak__native,idrija_whole_c20,dem,hag_cta,shared_border,climb_tiebreak,native,20km2,20km,0.33093759999610484,20,height_tiebreak,337,40.0,60,18600,idrija_whole,60,15000,process,article_2_HAG_applications,True,6f060dbaf1c69bc25c1517ab2245b48bb8526299,930,750,2.335403800010681,7.8573391602090465,289,88784,348803,3,coarse,338,3409,1034,205426,8,2.5.3,1458.4471075057982,1458.4724149819572,True,56.383138440889084,25307.47616982613,14.143608282458118,7740508,Windows-11-10.0.26300-SP0,3.14.7,True,835.0056787109374,20261002T093029Z,1.18.1,0,3409,3408,4800,3409,1.6594783523020455,98.34052164769795,0.006468499981565401,0.006232200015801936,0.006229699996765703,0.05257739999797195,629,870,18646.179233290663,89,110,31.8454632120827,2026-10-02T09:36:35+00:00,parallel,3,"block mean, streamed in bands, NaN-aware, any void -> void",p08,257.3539565777737,720.0,1.1276054055252482,0.9957845315154126,0.022347247904945508,1.0617490913047136,1.0617501673070797,0.010360599990235642,0.09009949393583769
X6,dem_whole_c20_d3,dem_whole_c20_d3__20km2__hag_cta_ring1__shared_border__climb_tiebreak__native,idrija_whole_c20,dem,hag_cta_ring1,shared_border,climb_tiebreak,native,20km2,20km,0.33093759999610484,20,height_tiebreak,337,40.0,60,18600,idrija_whole,60,15000,process,article_2_HAG_applications,True,6f060dbaf1c69bc25c1517ab2245b48bb8526299,930,750,2.335403800010681,7.8573391602090465,289,88784,348803,3,coarse,2337,7998,952,205426,8,2.5.3,1380.980305595398,1381.0037079748797,True,69.08961888312322,23402.379489907355,14.144022209451402,7738524,Windows-11-10.0.26300-SP0,3.14.7,True,835.0056787109374,20261002T093029Z,1.18.1,0,7998,7988,13612,7995,3.893372796043344,96.10662720395665,0.008089799986919388,0.007845399988582358,0.007606799976201728,0.06830710000940599,629,870,18646.179233290663,89,110,31.8454632120827,2026-10-02T09:36:35+00:00,parallel,3,"block mean, streamed in bands, NaN-aware, any void -> void",p08,inf,440.0,1.0427215040287454,0.9955292980720097,0.052379640922742,1.005353280917519,1.0053538914633262,-0.006982299993978813,0.11342167563672781
X6,dem_whole_c20_d3,dem_whole_c20_d3__20km3__full_grid__climb_tiebreak__native,idrija_whole_c20,dem,full_grid,,climb_tiebreak,native,20km3,20km,0.0,20,height_tiebreak,0,nan,60,18600,idrija_whole,60,15000,process,article_2_HAG_applications,True,6f060dbaf1c69bc25c1517ab2245b48bb8526299,930,750,2.335403800010681,7.8573391602090465,289,88784,348803,3,coarse,88784,205426,861,205426,8,2.5.3,1767.5147599029542,1767.5358120890662,True,78.34630330349852,21052.186130069786,14.14379949290997,7780724,Windows-11-10.0.26300-SP0,3.14.7,True,835.0056787109374,20261002T093029Z,1.18.1,0,205426,194851,367139,195957,100.0,0.0,0.12817730000824668,0.12175510000088252,0.08319060000940226,0.0,240,125,17071.39127312124,674,860,31.8454632120827,2026-10-02T09:36:35+00:00,parallel,3,"block mean, streamed in bands, NaN-aware, any void -> void",p08,,,,,,,,,
X6,dem_whole_c20_d3,dem_whole_c20_d3__20km3__hag_cta__shared_border__climb_tiebreak__native,idrija_whole_c20,dem,hag_cta,shared_border,climb_tiebreak,native,20km3,20km,0.33093759999610484,20,height_tiebreak,411,40.0,60,18600,idrija_whole,60,15000,process,article_2_HAG_applications,True,6f060dbaf1c69bc25c1517ab2245b48bb8526299,930,750,2.335403800010681,7.8573391602090465,289,88784,348803,3,coarse,412,3157,1047,205426,8,2.5.3,1901.0238848876959,1901.049618049271,True,84.80597827614159,25733.161594775367,14.143884001973227,7740164,Windows-11-10.0.26300-SP0,3.14.7,True,835.0056787109374,20261002T093029Z,1.18.1,0,3157,3156,4309,3156,1.5368064412489169,98.46319355875109,0.007983399991644546,0.007812399999238551,0.007768500014208257,0.07758799998555332,240,125,17071.39127312124,674,860,31.8454632120827,2026-10-02T09:36:35+00:00,parallel,3,"block mean, streamed in bands, NaN-aware, any void -> void",p08,73.34241236557196,748.8658090739622,1.2223510392595063,0.994787117497035,0.01619699154738749,1.0755349420629856,1.0755366907120278,0.036354700016090646,0.06416486865176016
X6,dem_whole_c20_d3,dem_whole_c20_d3__20km3__hag_cta_ring1__shared_border__climb_tiebreak__native,idrija_whole_c20,dem,hag_cta_ring1,shared_border,climb_tiebreak,native,20km3,20km,0.33093759999610484,20,height_tiebreak,411,40.0,60,18600,idrija_whole,60,15000,process,article_2_HAG_applications,True,6f060dbaf1c69bc25c1517ab2245b48bb8526299,930,750,2.335403800010681,7.8573391602090465,289,88784,348803,3,coarse,2591,8055,944,205426,8,2.5.3,1804.5894297790524,1804.6125147573678,True,72.46618971216346,23084.97833620557,14.14614090963479,7736556,Windows-11-10.0.26300-SP0,3.14.7,True,835.0056787109374,20261002T093029Z,1.18.1,0,8055,8041,13530,8051,3.921120014019647,96.07887998598035,0.010700299986638129,0.00877850002143532,0.008605000009993091,0.056972899998072535,240,125,17071.39127312124,674,860,31.8454632120827,2026-10-02T09:36:35+00:00,parallel,3,"block mean, streamed in bands, NaN-aware, any void -> void",p08,47.610093634769484,668.4309986827361,1.0965596728803504,0.9943234074361204,0.04126742998496287,1.0209755928024804,1.0209764930445626,0.056003699981374666,0.07209964938940291
X6,dem_whole_c20_d3,dem_whole_c20_d3__2km1__full_grid__climb_tiebreak__native,idrija_whole_c20,dem,full_grid,,climb_tiebreak,native,2km1,2km,0.0,20,height_tiebreak,0,nan,60,18600,idrija_whole,60,15000,process,article_2_HAG_applications,True,6f060dbaf1c69bc25c1517ab2245b48bb8526299,930,750,2.335403800010681,7.8573391602090465,289,88784,348803,3,coarse,88784,205426,95,205426,8,2.5.3,356.1492829895019,356.1516020558782,True,74.6041023254395,2319.0663761154806,14.354623280748307,7695516,Windows-11-10.0.26300-SP0,3.14.7,True,835.0056787109374,20261002T093029Z,1.18.1,0,205426,15510,29725,16068,100.0,0.0,0.016207899985602126,0.011132300016470253,0.010435200005304068,0.0,276,139,2008.4820138602188,197,201,31.8454632120827,2026-10-02T09:36:35+00:00,parallel,3,"block mean, streamed in bands, NaN-aware, any void -> void",p08,,,,,,,,,
X6,dem_whole_c20_d3,dem_whole_c20_d3__2km1__hag_cta__shared_border__climb_tiebreak__native,idrija_whole_c20,dem,hag_cta,shared_border,climb_tiebreak,native,2km1,2km,0.33093759999610484,20,height_tiebreak,65,40.0,60,18600,idrija_whole,60,15000,process,article_2_HAG_applications,True,6f060dbaf1c69bc25c1517ab2245b48bb8526299,930,750,2.335403800010681,7.8573391602090465,289,88784,348803,3,coarse,66,468,118,205426,8,2.5.3,371.31750167846656,371.3203718718267,True,84.80597827614159,2870.1933598375626,14.14659751685467,7680172,Windows-11-10.0.26300-SP0,3.14.7,True,835.0056787109374,20261002T093029Z,1.18.1,0,468,292,418,332,0.22781926338438171,99.77218073661562,0.004956200020387769,0.004276799998478964,0.003989799995906651,0.056903399992734194,276,139,2008.4820138602188,197,201,31.8454632120827,2026-10-02T09:36:35+00:00,parallel,3,"block mean, streamed in bands, NaN-aware, any void -> void",p08,inf,169.7056274847714,1.2376503705966535,0.9980061116109693,0.01882656350741457,1.042589496633668,1.0425907667644538,-0.050047899974742904,0.3841793692364949
X6,dem_whole_c20_d3,dem_whole_c20_d3__2km1__hag_cta_ring1__shared_border__climb_tiebreak__native,idrija_whole_c20,dem,hag_cta_ring1,shared_border,climb_tiebreak,native,2km1,2km,0.33093759999610484,20,height_tiebreak,65,40.0,60,18600,idrija_whole,60,15000,process,article_2_HAG_applications,True,6f060dbaf1c69bc25c1517ab2245b48bb8526299,930,750,2.335403800010681,7.8573391602090465,289,88784,348803,3,coarse,346,1598,100,205426,8,2.5.3,358.07130477905275,358.07369899261516,True,69.02906341552722,2394.2135623730956,14.354922144260973,7680764,Windows-11-10.0.26300-SP0,3.14.7,True,835.0056787109374,20261002T093029Z,1.18.1,0,1598,866,1491,932,0.777895689932141,99.22210431006786,0.005500400002347305,0.005482900014612824,0.005203600012464449,0.0846198000072036,276,139,2008.4820138602188,197,201,31.8454632120827,2026-10-02T09:36:35+00:00,parallel,3,"block mean, streamed in bands, NaN-aware, any void -> void",p08,inf,100.0,1.0324040687371308,0.9980830395258745,0.05583494519664733,1.0053966746006548,1.0053968504581805,-0.07897040000534616,0.4925217615857339
X6,dem_whole_c20_d3,dem_whole_c20_d3__2km2__full_grid__climb_tiebreak__native,idrija_whole_c20,dem,full_grid,,climb_tiebreak,native,2km2,2km,0.0,20,height_tiebreak,0,nan,60,18600,idrija_whole,60,15000,process,article_2_HAG_applications,True,6f060dbaf1c69bc25c1517ab2245b48bb8526299,930,750,2.335403800010681,7.8573391602090465,289,88784,348803,3,coarse,88784,205426,93,205426,8,2.5.3,214.55584686279224,214.55805137072758,True,96.22844467163077,2204.5079348883237,14.184290615874252,7693692,Windows-11-10.0.26300-SP0,3.14.7,True,835.0056787109374,20261002T093029Z,1.18.1,0,205426,7563,14366,8093,100.0,0.0,0.01436859997920692,0.008937499980675057,0.00875179999275133,0.0,285,271,1519.2103211866354,356,298,31.8454632120827,2026-10-02T09:36:35+00:00,parallel,3,"block mean, streamed in bands, NaN-aware, any void -> void",p08,,,,,,,,,
X6,dem_whole_c20_d3,dem_whole_c20_d3__2km2__hag_cta__shared_border__climb_tiebreak__native,idrija_whole_c20,dem,hag_cta,shared_border,climb_tiebreak,native,2km2,2km,0.33093759999610484,20,height_tiebreak,52,40.0,60,18600,idrija_whole,60,15000,process,article_2_HAG_applications,True,6f060dbaf1c69bc25c1517ab2245b48bb8526299,930,750,2.335403800010681,7.8573391602090465,289,88784,348803,3,coarse,53,261,135,205426,8,2.5.3,245.536899414063,245.54005990179596,True,66.91708068847674,3160.48773235279,14.148531066288605,7680596,Windows-11-10.0.26300-SP0,3.14.7,True,835.0056787109374,20261002T093029Z,1.18.1,0,261,261,280,261,0.1270530507335975,99.8729469492664,0.00607309999759309,0.00521079997997731,0.005118299974128604,0.05811170002561994,285,271,1519.2103211866354,356,298,31.8454632120827,2026-10-02T09:36:35+00:00,parallel,3,"block mean, streamed in bands, NaN-aware, any void -> void",p08,inf,412.31056256176606,1.4336477008475337,0.9982978263231749,0.03451011503371678,1.1443962166693273,1.144399188625812,-0.05438500002492219,0.5830265724469108
X6,dem_whole_c20_d3,dem_whole_c20_d3__2km2__hag_cta_ring1__shared_border__climb_tiebreak__native,idrija_whole_c20,dem,hag_cta_ring1,shared_border,climb_tiebreak,native,2km2,2km,0.33093759999610484,20,height_tiebreak,52,40.0,60,18600,idrija_whole,60,15000,process,article_2_HAG_applications,True,6f060dbaf1c69bc25c1517ab2245b48bb8526299,930,750,2.335403800010681,7.8573391602090465,289,88784,348803,3,coarse,295,1039,131,205426,8,2.5.3,225.27797637939477,225.28109000421267,True,54.00338211059591,3113.6248173426384,14.16777478744295,7681364,Windows-11-10.0.26300-SP0,3.14.7,True,835.0056787109374,20261002T093029Z,1.18.1,0,1039,1032,1673,1039,0.5057782364452407,99.49422176355476,0.004969800007529557,0.004907399998046458,0.00454710001940839,0.05912920000264421,285,271,1519.2103211866354,356,298,31.8454632120827,2026-10-02T09:36:35+00:00,parallel,3,"block mean, streamed in bands, NaN-aware, any void -> void",p08,inf,412.31056256176606,1.4123899343099298,0.9983976483592013,0.13645378817929393,1.0499736067479872,1.0499773304473068,-0.05509910002001561,0.5490797212483796
X6,dem_whole_c20_d3,dem_whole_c20_d3__2km3__full_grid__climb_tiebreak__native,idrija_whole_c20,dem,full_grid,,climb_tiebreak,native,2km3,2km,0.0,20,height_tiebreak,0,nan,60,18600,idrija_whole,60,15000,process,article_2_HAG_applications,True,6f060dbaf1c69bc25c1517ab2245b48bb8526299,930,750,2.335403800010681,7.8573391602090465,289,88784,348803,3,coarse,88784,205426,107,205426,8,2.5.3,287.85390884399413,287.8565010474557,True,102.31128616332967,2592.203461105328,14.181630824128522,7699948,Windows-11-10.0.26300-SP0,3.14.7,True,835.0056787109374,20261002T093029Z,1.18.1,0,205426,15011,28257,15704,100.0,0.0,0.009842900006333366,0.0097947999893222,0.009748699987540022,0.0,703,766,2069.2993983471797,647,679,31.8454632120827,2026-10-02T09:36:35+00:00,parallel,3,"block mean, streamed in bands, NaN-aware, any void -> void",p08,,,,,,,,,
X6,dem_whole_c20_d3,dem_whole_c20_d3__2km3__hag_cta__shared_border__climb_tiebreak__native,idrija_whole_c20,dem,hag_cta,shared_border,climb_tiebreak,native,2km3,2km,0.33093759999610484,20,height_tiebreak,59,40.0,60,18600,idrija_whole,60,15000,process,article_2_HAG_applications,True,6f060dbaf1c69bc25c1517ab2245b48bb8526299,930,750,2.335403800010681,7.8573391602090465,289,88784,348803,3,coarse,60,578,162,205426,8,2.5.3,341.8544505310061,341.858449252504,True,88.94975128173826,3998.7214972614183,14.15641659852982,7682748,Windows-11-10.0.26300-SP0,3.14.7,True,835.0056787109374,20261002T093029Z,1.18.1,0,578,577,759,578,0.28136652614566804,99.71863347385434,0.005235499993432313,0.00514860000112094,0.004796599998371676,0.06805359999998473,703,766,2069.2993983471797,647,679,31.8454632120827,2026-10-02T09:36:35+00:00,parallel,3,"block mean, streamed in bands, NaN-aware, any void -> void",p08,inf,572.7128425310541,1.542595539763821,0.9977662186809573,0.0384384784491373,1.1875970415127424,1.1876002383428734,-0.06340740001178347,0.5256462619689718
X6,dem_whole_c20_d3,dem_whole_c20_d3__2km3__hag_cta_ring1__shared_border__climb_tiebreak__native,idrija_whole_c20,dem,hag_cta_ring1,shared_border,climb_tiebreak,native,2km3,2km,0.33093759999610484,20,height_tiebreak,59,40.0,60,18600,idrija_whole,60,15000,process,article_2_HAG_applications,True,6f060dbaf1c69bc25c1517ab2245b48bb8526299,930,750,2.335403800010681,7.8573391602090465,289,88784,348803,3,coarse,363,1947,142,205426,8,2.5.3,303.08854034423877,303.0919899488541,True,67.1630690394713,3449.604614807104,14.162217216677648,7682860,Windows-11-10.0.26300-SP0,3.14.7,True,835.0056787109374,20261002T093029Z,1.18.1,0,1947,1907,3141,1933,0.9477865508747676,99.05221344912523,0.005537199991522357,0.005328700004611164,0.0051565000030677766,0.06708269999944605,703,766,2069.2993983471797,647,679,31.8454632120827,2026-10-02T09:36:35+00:00,parallel,3,"block mean, streamed in bands, NaN-aware, any void -> void",p08,inf,461.7358552246078,1.330761518749063,0.9977807642337325,0.12704017054160283,1.052924872764195,1.0529273747369239,-0.06261660001473501,0.5440335698962966
X6,dem_whole_c20_d3,dem_whole_c20_d3__5km1__full_grid__climb_tiebreak__native,idrija_whole_c20,dem,full_grid,,climb_tiebreak,native,5km1,5km,0.0,20,height_tiebreak,0,nan,60,18600,idrija_whole,60,15000,process,article_2_HAG_applications,True,6f060dbaf1c69bc25c1517ab2245b48bb8526299,930,750,2.335403800010681,7.8573391602090465,289,88784,348803,3,coarse,88784,205426,242,205426,8,2.5.3,470.84279335021955,470.84857432568526,True,42.010544586181595,5780.9754647055815,14.14851366187356,7748140,Windows-11-10.0.26300-SP0,3.14.7,True,835.0056787109374,20261002T093029Z,1.18.1,0,205426,85289,154621,86572,100.0,0.0,0.07271219999529421,0.05936490002204664,0.04223200000706129,0.0,649,771,4230.791888051219,567,576,31.8454632120827,2026-10-02T09:36:35+00:00,parallel,3,"block mean, streamed in bands, NaN-aware, any void -> void",p08,,,,,,,,,
X6,dem_whole_c20_d3,dem_whole_c20_d3__5km1__hag_cta__shared_border__climb_tiebreak__native,idrija_whole_c20,dem,hag_cta,shared_border,climb_tiebreak,native,5km1,5km,0.33093759999610484,20,height_tiebreak,115,40.0,60,18600,idrija_whole,60,15000,process,article_2_HAG_applications,True,6f060dbaf1c69bc25c1517ab2245b48bb8526299,930,750,2.335403800010681,7.8573391602090465,289,88784,348803,3,coarse,116,1260,342,205426,8,2.5.3,548.1657720184314,548.1741660299692,True,48.93177185058562,8394.011537017763,14.148927966361637,7694412,Windows-11-10.0.26300-SP0,3.14.7,True,835.0056787109374,20261002T093029Z,1.18.1,0,1260,1257,1623,1260,0.6133595552656431,99.38664044473435,0.005760300002293661,0.005565100000239909,0.0054579999996349216,0.05837799998698756,649,771,4230.791888051219,567,576,31.8454632120827,2026-10-02T09:36:35+00:00,parallel,3,"block mean, streamed in bands, NaN-aware, any void -> void",p08,inf,520.0,1.4520060824103949,0.9930656906044547,0.014738125666850356,1.1642224958314227,1.1642260291751418,-0.004578199965180829,0.09374394630788849
X6,dem_whole_c20_d3,dem_whole_c20_d3__5km1__hag_cta_ring1__shared_border__climb_tiebreak__native,idrija_whole_c20,dem,hag_cta_ring1,shared_border,climb_tiebreak,native,5km1,5km,0.33093759999610484,20,height_tiebreak,115,40.0,60,18600,idrija_whole,60,15000,process,article_2_HAG_applications,True,6f060dbaf1c69bc25c1517ab2245b48bb8526299,930,750,2.335403800010681,7.8573391602090465,289,88784,348803,3,coarse,749,3747,281,205426,8,2.5.3,484.997129898071,485.00386484323315,True,68.64835586547883,6734.945160902281,14.152530008825467,7692388,Windows-11-10.0.26300-SP0,3.14.7,True,835.0056787109374,20261002T093029Z,1.18.1,0,3747,3597,5822,3647,1.8240144869685435,98.17598551303146,0.006518700014567003,0.00584789999993518,0.005629600025713444,0.07866730002569966,649,771,4230.791888051219,567,576,31.8454632120827,2026-10-02T09:36:35+00:00,parallel,3,"block mean, streamed in bands, NaN-aware, any void -> void",p08,inf,520.0,1.165018810756237,0.992804466620376,0.042174254593206624,1.0300617037103577,1.0300633606841012,-0.0251503000035882,0.09850770400966591
X6,dem_whole_c20_d3,dem_whole_c20_d3__5km2__full_grid__climb_tiebreak__native,idrija_whole_c20,dem,full_grid,,climb_tiebreak,native,5km2,5km,0.0,20,height_tiebreak,0,nan,60,18600,idrija_whole,60,15000,process,article_2_HAG_applications,True,6f060dbaf1c69bc25c1517ab2245b48bb8526299,930,750,2.335403800010681,7.8573391602090465,289,88784,348803,3,coarse,88784,205426,250,205426,8,2.5.3,544.6196857452389,544.6258503960277,True,173.93640251159667,6164.650788387053,14.162948852974669,7726140,Windows-11-10.0.26300-SP0,3.14.7,True,835.0056787109374,20261002T093029Z,1.18.1,0,205426,43147,84449,44569,100.0,0.0,0.055897100013680756,0.03226209999411367,0.026518200000282377,0.0,152,268,5014.618629566959,367,397,31.8454632120827,2026-10-02T09:36:35+00:00,parallel,3,"block mean, streamed in bands, NaN-aware, any void -> void",p08,,,,,,,,,
X6,dem_whole_c20_d3,dem_whole_c20_d3__5km2__hag_cta__shared_border__climb_tiebreak__native,idrija_whole_c20,dem,hag_cta,shared_border,climb_tiebreak,native,5km2,5km,0.33093759999610484,20,height_tiebreak,111,40.0,60,18600,idrija_whole,60,15000,process,article_2_HAG_applications,True,6f060dbaf1c69bc25c1517ab2245b48bb8526299,930,750,2.335403800010681,7.8573391602090465,289,88784,348803,3,coarse,112,1075,274,205426,8,2.5.3,568.8865437316895,568.8933374993601,True,140.3638355674165,6793.767670841366,14.150091987007624,7690620,Windows-11-10.0.26300-SP0,3.14.7,True,835.0056787109374,20261002T093029Z,1.18.1,0,1075,1074,1456,1074,0.5233027951671161,99.47669720483289,0.006070300005376339,0.005429500015452504,0.005044199991971254,0.051569700008258224,152,268,5014.618629566959,367,397,31.8454632120827,2026-10-02T09:36:35+00:00,parallel,3,"block mean, streamed in bands, NaN-aware, any void -> void",p08,inf,188.67962264113208,1.1020523147295613,0.9954026201958546,0.024891649477368067,1.0445574381933047,1.0445580889810613,-0.02473710002959706,0.16829344699951754
X6,dem_whole_c20_d3,dem_whole_c20_d3__5km2__hag_cta_ring1__shared_border__climb_tiebreak__native,idrija_whole_c20,dem,hag_cta_ring1,shared_border,climb_tiebreak,native,5km2,5km,0.33093759999610484,20,height_tiebreak,111,40.0,60,18600,idrija_whole,60,15000,process,article_2_HAG_applications,True,6f060dbaf1c69bc25c1517ab2245b48bb8526299,930,750,2.335403800010681,7.8573391602090465,289,88784,348803,3,coarse,727,2636,253,205426,8,2.5.3,545.4509947967526,545.4573271430673,True,169.7172145843507,6332.346314604058,14.147760313487943,7690388,Windows-11-10.0.26300-SP0,3.14.7,True,835.0056787109374,20261002T093029Z,1.18.1,0,2636,2621,4261,2628,1.2831871330795517,98.71681286692045,0.005400999973062426,0.005131699988851324,0.005067199992481619,0.05370409999159165,152,268,5014.618629566959,367,397,31.8454632120827,2026-10-02T09:36:35+00:00,parallel,3,"block mean, streamed in bands, NaN-aware, any void -> void",p08,inf,188.67962264113208,1.02720276167677,0.9953725922647014,0.060745822421025795,1.0015264028702455,1.0015266935024019,-0.026573699986329302,0.15906280092702024
X6,dem_whole_c20_d3,dem_whole_c20_d3__5km3__full_grid__climb_tiebreak__native,idrija_whole_c20,dem,full_grid,,climb_tiebreak,native,5km3,5km,0.0,20,height_tiebreak,0,nan,60,18600,idrija_whole,60,15000,process,article_2_HAG_applications,True,6f060dbaf1c69bc25c1517ab2245b48bb8526299,930,750,2.335403800010681,7.8573391602090465,289,88784,348803,3,coarse,88784,205426,329,205426,8,2.5.3,531.7165624999997,531.7244976890282,True,90.10395447078724,7935.189027078677,14.155629024100646,7741204,Windows-11-10.0.26300-SP0,3.14.7,True,835.0056787109374,20261002T093029Z,1.18.1,0,205426,72948,133254,74049,100.0,0.0,0.08575839997502044,0.04083859999082051,0.03513070000917651,0.0,604,826,5259.3535724459525,488,590,31.8454632120827,2026-10-02T09:36:35+00:00,parallel,3,"block mean, streamed in bands, NaN-aware, any void -> void",p08,,,,,,,,,
X6,dem_whole_c20_d3,dem_whole_c20_d3__5km3__hag_cta__shared_border__climb_tiebreak__native,idrija_whole_c20,dem,hag_cta,shared_border,climb_tiebreak,native,5km3,5km,0.33093759999610484,20,height_tiebreak,124,40.0,60,18600,idrija_whole,60,15000,process,article_2_HAG_applications,True,6f060dbaf1c69bc25c1517ab2245b48bb8526299,930,750,2.335403800010681,7.8573391602090465,289,88784,348803,3,coarse,125,1176,394,205426,8,2.5.3,569.7397471618648,569.7492723003871,True,64.3845551124347,9525.138520739843,14.143098439103541,7697708,Windows-11-10.0.26300-SP0,3.14.7,True,835.0056787109374,20261002T093029Z,1.18.1,0,1176,1176,1582,1176,0.5724689182479336,99.42753108175206,0.005050399980973452,0.004955199983669445,0.004754099994897842,0.05449890001909807,604,826,5259.3535724459525,488,590,31.8454632120827,2026-10-02T09:36:35+00:00,parallel,3,"block mean, streamed in bands, NaN-aware, any void -> void",p08,inf,596.657355607052,1.2003669336969156,0.9943812357870946,0.01612107254482645,1.0715102506551413,1.0715121736474837,-0.018615500011947006,0.1213361864702328
X6,dem_whole_c20_d3,dem_whole_c20_d3__5km3__hag_cta_ring1__shared_border__climb_tiebreak__native,idrija_whole_c20,dem,hag_cta_ring1,shared_border,climb_tiebreak,native,5km3,5km,0.33093759999610484,20,height_tiebreak,124,40.0,60,18600,idrija_whole,60,15000,process,article_2_HAG_applications,True,6f060dbaf1c69bc25c1517ab2245b48bb8526299,930,750,2.335403800010681,7.8573391602090465,289,88784,348803,3,coarse,912,2860,375,205426,8,2.5.3,537.0969020080563,537.1058234712551,True,53.597907992074184,8921.463197058372,14.14448863060948,7698420,Windows-11-10.0.26300-SP0,3.14.7,True,835.0056787109374,20261002T093029Z,1.18.1,0,2860,2854,4826,2859,1.392228831793444,98.60777116820655,0.01137130000279285,0.006346199981635436,0.006067400012398139,0.08309789997292683,604,826,5259.3535724459525,488,590,31.8454632120827,2026-10-02T09:36:35+00:00,parallel,3,"block mean, streamed in bands, NaN-aware, any void -> void",p08,inf,544.0588203494177,1.124291200450809,0.9944732111438995,0.03912375939025059,1.0101188112003876,1.010120515051714,-0.04860549996374175,0.15539709938788063
X6,dem_whole_c20_d5,dem_whole_c20_d5__10km1__full_grid__climb_tiebreak__native,idrija_whole_c20,dem,full_grid,,climb_tiebreak,native,10km1,10km,0.0,20,height_tiebreak,0,nan,60,18600,idrija_whole,60,15000,process,article_2_HAG_applications,True,6f060dbaf1c69bc25c1517ab2245b48bb8526299,930,750,3.2900740999903064,7.7505483700173965,192,52884,204940,5,coarse,52884,205426,561,205426,8,2.5.3,1241.798973083496,1241.8128240502913,True,78.34630330349852,13850.966799187809,14.144168818587515,7750212,Windows-11-10.0.26300-SP0,3.14.7,True,835.0056787109374,20261002T093029Z,1.18.1,0,205426,147208,270295,148239,100.0,0.0,0.10034560001804493,0.07442059999448247,0.07006030000047758,0.0,651,568,9873.317578200349,266,259,31.8454632120827,2026-10-02T09:37:04+00:00,parallel,3,"block mean, streamed in bands, NaN-aware, any void -> void",p05,,,,,,,,,
X6,dem_whole_c20_d5,dem_whole_c20_d5__10km1__hag_cta__shared_border__climb_tiebreak__native,idrija_whole_c20,dem,hag_cta,shared_border,climb_tiebreak,native,10km1,10km,0.2772485999739729,20,height_tiebreak,204,40.0,60,18600,idrija_whole,60,15000,process,article_2_HAG_applications,True,6f060dbaf1c69bc25c1517ab2245b48bb8526299,930,750,3.2900740999903064,7.7505483700173965,192,52884,204940,5,coarse,205,2100,619,205426,8,2.5.3,1341.0861265563967,1341.1013694827845,True,63.184824371338095,15242.926394116745,14.144985082088521,7712180,Windows-11-10.0.26300-SP0,3.14.7,True,835.0056787109374,20261002T093029Z,1.18.1,0,2100,2097,2776,2097,1.0222659254427384,98.97773407455726,0.008057400002144277,0.007875699986470863,0.0077914999856147915,0.042011699988506734,651,568,9873.317578200349,266,259,31.8454632120827,2026-10-02T09:37:04+00:00,parallel,3,"block mean, streamed in bands, NaN-aware, any void -> void",p05,145.40796541536022,316.22776601683796,1.1004954827420825,0.9950927793975184,0.014245149720123907,1.0799542885966171,1.0799545177095644,0.024533200019504875,0.10582688109279911
X6,dem_whole_c20_d5,dem_whole_c20_d5__10km1__hag_cta_ring1__shared_border__climb_tiebreak__native,idrija_whole_c20,dem,hag_cta_ring1,shared_border,climb_tiebreak,native,10km1,10km,0.2772485999739729,20,height_tiebreak,204,40.0,60,18600,idrija_whole,60,15000,process,article_2_HAG_applications,True,6f060dbaf1c69bc25c1517ab2245b48bb8526299,930,750,3.2900740999903064,7.7505483700173965,192,52884,204940,5,coarse,1290,5772,570,205426,8,2.5.3,1249.9378302001958,1249.9518528827182,True,67.00219080978248,14022.682527940346,14.145593905174525,7710412,Windows-11-10.0.26300-SP0,3.14.7,True,835.0056787109374,20261002T093029Z,1.18.1,0,5772,5739,9770,5752,2.8097709150740413,97.19022908492596,0.008831099985400215,0.008825700002489612,0.008241599978646263,0.03973910000058822,651,568,9873.317578200349,266,259,31.8454632120827,2026-10-02T09:37:04+00:00,parallel,3,"block mean, streamed in bands, NaN-aware, any void -> void",p05,137.96992168682388,311.1269837220809,1.0123973821641539,0.9948646566055225,0.038985652953643826,1.0065540858811393,1.0065541510562603,0.025855799991404638,0.11859216403984847
X6,dem_whole_c20_d5,dem_whole_c20_d5__10km2__full_grid__climb_tiebreak__native,idrija_whole_c20,dem,full_grid,,climb_tiebreak,native,10km2,10km,0.0,20,height_tiebreak,0,nan,60,18600,idrija_whole,60,15000,process,article_2_HAG_applications,True,6f060dbaf1c69bc25c1517ab2245b48bb8526299,930,750,3.2900740999903064,7.7505483700173965,192,52884,204940,5,coarse,52884,205426,600,205426,8,2.5.3,1276.5384969329834,1276.5530119199796,True,70.82123184204079,14514.98700172334,14.14703439895182,7771532,Windows-11-10.0.26300-SP0,3.14.7,True,835.0056787109374,20261002T093029Z,1.18.1,0,205426,162361,305016,164138,100.0,0.0,0.10660870000720024,0.0978002000192646,0.08186000000569038,0.0,268,238,9605.7690998691,579,604,31.8454632120827,2026-10-02T09:37:04+00:00,parallel,3,"block mean, streamed in bands, NaN-aware, any void -> void",p05,,,,,,,,,
X6,dem_whole_c20_d5,dem_whole_c20_d5__10km2__hag_cta__shared_border__climb_tiebreak__native,idrija_whole_c20,dem,hag_cta,shared_border,climb_tiebreak,native,10km2,10km,0.2772485999739729,20,height_tiebreak,175,40.0,60,18600,idrija_whole,60,15000,process,article_2_HAG_applications,True,6f060dbaf1c69bc25c1517ab2245b48bb8526299,930,750,3.2900740999903064,7.7505483700173965,192,52884,204940,5,coarse,176,2926,759,205426,8,2.5.3,1571.385595474244,1571.4041603097166,True,63.37203001340236,18564.835482706843,14.145820451839041,7720676,Windows-11-10.0.26300-SP0,3.14.7,True,835.0056787109374,20261002T093029Z,1.18.1,0,2926,2881,3733,2888,1.4243571894502156,98.57564281054978,0.017821599991293624,0.010145499982172623,0.008704899984877557,0.03718710000975989,268,238,9605.7690998691,579,604,31.8454632120827,2026-10-02T09:37:04+00:00,parallel,3,"block mean, streamed in bands, NaN-aware, any void -> void",p05,70.68540406185949,724.7068372797376,1.279011512755931,0.9934561165031554,0.017744409063752995,1.230973918334356,1.2309744645436,0.05046760002733208,0.10373700647007032
X6,dem_whole_c20_d5,dem_whole_c20_d5__10km2__hag_cta_ring1__shared_border__climb_tiebreak__native,idrija_whole_c20,dem,hag_cta_ring1,shared_border,climb_tiebreak,native,10km2,10km,0.2772485999739729,20,height_tiebreak,175,40.0,60,18600,idrija_whole,60,15000,process,article_2_HAG_applications,True,6f060dbaf1c69bc25c1517ab2245b48bb8526299,930,750,3.2900740999903064,7.7505483700173965,192,52884,204940,5,coarse,1118,10540,629,205426,8,2.5.3,1317.6046094512926,1317.6198121338145,True,70.82123184204079,15202.682527940346,14.146500350248603,7715476,Windows-11-10.0.26300-SP0,3.14.7,True,835.0056787109374,20261002T093029Z,1.18.1,0,10540,10474,17311,10508,5.130801359126887,94.86919864087311,0.02054530000896193,0.010520100011490285,0.010021299996878952,0.03612750000320375,268,238,9605.7690998691,579,604,31.8454632120827,2026-10-02T09:37:04+00:00,parallel,3,"block mean, streamed in bands, NaN-aware, any void -> void",p05,69.73883438272021,638.1222453417527,1.0473783080987504,0.9927870077611467,0.06451056596103744,1.0321698974351143,1.0321700703616445,0.05115260000457056,0.10756726478491911
X6,dem_whole_c20_d5,dem_whole_c20_d5__10km3__full_grid__climb_tiebreak__native,idrija_whole_c20,dem,full_grid,,climb_tiebreak,native,10km3,10km,0.0,20,height_tiebreak,0,nan,60,18600,idrija_whole,60,15000,process,article_2_HAG_applications,True,6f060dbaf1c69bc25c1517ab2245b48bb8526299,930,750,3.2900740999903064,7.7505483700173965,192,52884,204940,5,coarse,52884,205426,695,205426,8,2.5.3,1509.912589111328,1509.9293106163561,True,78.34630330349852,16721.505037879437,14.144774408892353,7780916,Windows-11-10.0.26300-SP0,3.14.7,True,835.0056787109374,20261002T093029Z,1.18.1,0,205426,190524,358897,191497,100.0,0.0,0.14968520001275465,0.12473159999353811,0.10586799998418428,0.0,434,638,11336.966084451342,88,189,31.8454632120827,2026-10-02T09:37:04+00:00,parallel,3,"block mean, streamed in bands, NaN-aware, any void -> void",p05,,,,,,,,,
X6,dem_whole_c20_d5,dem_whole_c20_d5__10km3__hag_cta__shared_border__climb_tiebreak__native,idrija_whole_c20,dem,hag_cta,shared_border,climb_tiebreak,native,10km3,10km,0.2772485999739729,20,height_tiebreak,232,40.0,60,18600,idrija_whole,60,15000,process,article_2_HAG_applications,True,6f060dbaf1c69bc25c1517ab2245b48bb8526299,930,750,3.2900740999903064,7.7505483700173965,192,52884,204940,5,coarse,233,4162,814,205426,8,2.5.3,1688.4997743225085,1688.5196462647618,True,74.02118372893672,19871.94226389339,14.143732225415572,7725692,Windows-11-10.0.26300-SP0,3.14.7,True,835.0056787109374,20261002T093029Z,1.18.1,0,4162,3971,5668,3983,2.026033705567942,97.97396629443206,0.07200119999470189,0.01217430000542663,0.008944800007157028,0.03470249997917563,434,638,11336.966084451342,88,189,31.8454632120827,2026-10-02T09:37:04+00:00,parallel,3,"block mean, streamed in bands, NaN-aware, any void -> void",p05,45.82020247376959,487.03182647543684,1.1884063198185348,0.9929026351139121,0.02084251852784951,1.1182765058713031,1.1182772825143084,0.07785480000893585,0.09760397530423194
X6,dem_whole_c20_d5,dem_whole_c20_d5__10km3__hag_cta_ring1__shared_border__climb_tiebreak__native,idrija_whole_c20,dem,hag_cta_ring1,shared_border,climb_tiebreak,native,10km3,10km,0.2772485999739729,20,height_tiebreak,232,40.0,60,18600,idrija_whole,60,15000,process,article_2_HAG_applications,True,6f060dbaf1c69bc25c1517ab2245b48bb8526299,930,750,3.2900740999903064,7.7505483700173965,192,52884,204940,5,coarse,1620,10727,699,205426,8,2.5.3,1536.638825454712,1536.6557098024534,True,76.5668629547588,16884.347750354053,14.14578757559026,7726500,Windows-11-10.0.26300-SP0,3.14.7,True,835.0056787109374,20261002T093029Z,1.18.1,0,10727,10136,17423,10166,5.221831705821074,94.77816829417893,0.012040300003718585,0.011735000007320195,0.011090000014519319,0.06572409998625517,434,638,11336.966084451342,88,189,31.8454632120827,2026-10-02T09:37:04+00:00,parallel,3,"block mean, streamed in bands, NaN-aware, any void -> void",p05,75.46295837891142,449.44410108488466,1.009738520073745,0.993006478928702,0.05320064663769394,1.0177005189148822,1.0177004307408188,0.04727249999996275,0.09408201296165641
X6,dem_whole_c20_d5,dem_whole_c20_d5__1km1__full_grid__climb_tiebreak__native,idrija_whole_c20,dem,full_grid,,climb_tiebreak,native,1km1,1km,0.0,20,height_tiebreak,0,nan,60,18600,idrija_whole,60,15000,process,article_2_HAG_applications,True,6f060dbaf1c69bc25c1517ab2245b48bb8526299,930,750,3.2900740999903064,7.7505483700173965,192,52884,204940,5,coarse,52884,205426,67,205426,8,2.5.3,127.45246917724637,127.45408741101143,True,73.18286686253515,1618.2337649086285,14.229064824481474,7693844,Windows-11-10.0.26300-SP0,3.14.7,True,835.0056787109374,20261002T093029Z,1.18.1,0,205426,7928,14457,8346,100.0,0.0,0.008875899977283552,0.008608699979959056,0.008239599992521107,0.0,119,259,973.2420048477151,111,211,31.8454632120827,2026-10-02T09:37:04+00:00,parallel,3,"block mean, streamed in bands, NaN-aware, any void -> void",p05,,,,,,,,,
X6,dem_whole_c20_d5,dem_whole_c20_d5__1km1__hag_cta__shared_border__climb_tiebreak__native,idrija_whole_c20,dem,hag_cta,shared_border,climb_tiebreak,native,1km1,1km,0.2772485999739729,20,height_tiebreak,23,40.0,60,18600,idrija_whole,60,15000,process,article_2_HAG_applications,True,6f060dbaf1c69bc25c1517ab2245b48bb8526299,930,750,3.2900740999903064,7.7505483700173965,192,52884,204940,5,coarse,24,2231,61,205426,8,2.5.3,141.8400793457032,141.8416272850958,True,89.52237489606726,1547.9393923933999,14.19572996084996,7681524,Windows-11-10.0.26300-SP0,3.14.7,True,835.0056787109374,20261002T093029Z,1.18.1,0,2231,2228,3524,2231,1.0860358474584522,98.91396415254154,0.012176899996120483,0.009906699997372925,0.006121199985500425,0.028467099997214973,119,259,973.2420048477151,111,211,31.8454632120827,2026-10-02T09:37:04+00:00,parallel,3,"block mean, streamed in bands, NaN-aware, any void -> void",p05,inf,672.0119046564577,0.9565610519076039,0.99839871980768,0.281029263370333,1.1128860842111123,1.1128840994144638,-0.029765100014628842,1.1507777040012541
X6,dem_whole_c20_d5,dem_whole_c20_d5__1km1__hag_cta_ring1__shared_border__climb_tiebreak__native,idrija_whole_c20,dem,hag_cta_ring1,shared_border,climb_tiebreak,native,1km1,1km,0.2772485999739729,20,height_tiebreak,23,40.0,60,18600,idrija_whole,60,15000,process,article_2_HAG_applications,True,6f060dbaf1c69bc25c1517ab2245b48bb8526299,930,750,3.2900740999903064,7.7505483700173965,192,52884,204940,5,coarse,125,3988,52,205426,8,2.5.3,133.3699661254883,133.37116009518465,True,101.12300888960092,1193.9696961967,14.288383451122664,7683572,Windows-11-10.0.26300-SP0,3.14.7,True,835.0056787109374,20261002T093029Z,1.18.1,0,3988,3816,6381,3883,1.9413316717455433,98.05866832825446,0.006818500027293339,0.006791099993279204,0.006582500005606562,0.030201699992176145,119,259,973.2420048477151,111,211,31.8454632120827,2026-10-02T09:37:04+00:00,parallel,3,"block mean, streamed in bands, NaN-aware, any void -> void",p05,inf,449.44410108488466,0.7378227559502912,0.9986649066448449,0.48133198789101916,1.0464290490913326,1.04642513084019,-0.028384100005496293,0.7888647541543785
X6,dem_whole_c20_d5,dem_whole_c20_d5__1km2__full_grid__climb_tiebreak__native,idrija_whole_c20,dem,full_grid,,climb_tiebreak,native,1km2,1km,0.0,20,height_tiebreak,0,nan,60,18600,idrija_whole,60,15000,process,article_2_HAG_applications,True,6f060dbaf1c69bc25c1517ab2245b48bb8526299,930,750,3.2900740999903064,7.7505483700173965,192,52884,204940,5,coarse,52884,205426,60,205426,8,2.5.3,173.68535720825173,173.68686857910185,True,115.51197433471657,1511.370849898476,14.237969967434651,7688532,Windows-11-10.0.26300-SP0,3.14.7,True,835.0056787109374,20261002T093029Z,1.18.1,0,205426,5183,9950,5531,100.0,0.0,0.008223899989388883,0.008052199991652742,0.007075500005157664,0.0,267,101,1094.1663493271944,250,153,31.8454632120827,2026-10-02T09:37:04+00:00,parallel,3,"block mean, streamed in bands, NaN-aware, any void -> void",p05,,,,,,,,,
X6,dem_whole_c20_d5,dem_whole_c20_d5__1km2__hag_cta__shared_border__climb_tiebreak__native,idrija_whole_c20,dem,hag_cta,shared_border,climb_tiebreak,native,1km2,1km,0.2772485999739729,20,height_tiebreak,23,40.0,60,18600,idrija_whole,60,15000,process,article_2_HAG_applications,True,6f060dbaf1c69bc25c1517ab2245b48bb8526299,930,750,3.2900740999903064,7.7505483700173965,192,52884,204940,5,coarse,24,113,65,205426,8,2.5.3,199.40956192016586,199.41109873257483,True,136.83255615234373,1536.812408671319,14.160024645378737,7678756,Windows-11-10.0.26300-SP0,3.14.7,True,835.0056787109374,20261002T093029Z,1.18.1,0,113,111,122,113,0.05500764265477593,99.94499235734521,0.008371300005819649,0.005421000008936971,0.005331100022885948,0.046787699975539,267,101,1094.1663493271944,250,153,31.8454632120827,2026-10-02T09:37:04+00:00,parallel,3,"block mean, streamed in bands, NaN-aware, any void -> void",p05,inf,172.04650534085255,1.016833432227803,0.9987284958949251,0.021416168242330696,1.1481080796066785,1.1481069372942114,-0.04415649999282323,0.6732321619627697
X6,dem_whole_c20_d5,dem_whole_c20_d5__1km2__hag_cta_ring1__shared_border__climb_tiebreak__native,idrija_whole_c20,dem,hag_cta_ring1,shared_border,climb_tiebreak,native,1km2,1km,0.2772485999739729,20,height_tiebreak,23,40.0,60,18600,idrija_whole,60,15000,process,article_2_HAG_applications,True,6f060dbaf1c69bc25c1517ab2245b48bb8526299,930,750,3.2900740999903064,7.7505483700173965,192,52884,204940,5,coarse,131,559,57,205426,8,2.5.3,179.36656997680655,179.36794678921547,True,136.83255615234373,1376.812408671319,14.264435005744666,7679708,Windows-11-10.0.26300-SP0,3.14.7,True,835.0056787109374,20261002T093029Z,1.18.1,0,559,527,847,551,0.2721174534869004,99.7278825465131,0.008650700008729473,0.006187100021634251,0.005910000007133931,0.028825600020354614,267,101,1094.1663493271944,250,153,31.8454632120827,2026-10-02T09:37:04+00:00,parallel,3,"block mean, streamed in bands, NaN-aware, any void -> void",p05,inf,145.60219778561037,0.9109692758490109,0.9988523166711148,0.10167856453791241,1.032709796956245,1.0327087376068749,-0.026960500050336123,0.7683738640431268
X6,dem_whole_c20_d5,dem_whole_c20_d5__1km3__full_grid__climb_tiebreak__native,idrija_whole_c20,dem,full_grid,,climb_tiebreak,native,1km3,1km,0.0,20,height_tiebreak,0,nan,60,18600,idrija_whole,60,15000,process,article_2_HAG_applications,True,6f060dbaf1c69bc25c1517ab2245b48bb8526299,930,750,3.2900740999903064,7.7505483700173965,192,52884,204940,5,coarse,52884,205426,45,205426,8,2.5.3,243.73439659118668,243.73540085525553,True,52.90026550292964,1004.2640687119283,14.419647058075794,7718716,Windows-11-10.0.26300-SP0,3.14.7,True,835.0056787109374,20261002T093029Z,1.18.1,0,205426,19269,37649,20734,100.0,0.0,0.01901779999025166,0.013226499984739348,0.012421199993696064,0.0,695,854,802.2468448052632,735,851,31.8454632120827,2026-10-02T09:37:04+00:00,parallel,3,"block mean, streamed in bands, NaN-aware, any void -> void",p05,,,,,,,,,
X6,dem_whole_c20_d5,dem_whole_c20_d5__1km3__hag_cta__shared_border__climb_tiebreak__native,idrija_whole_c20,dem,hag_cta,shared_border,climb_tiebreak,native,1km3,1km,0.2772485999739729,20,height_tiebreak,38,40.0,60,18600,idrija_whole,60,15000,process,article_2_HAG_applications,True,6f060dbaf1c69bc25c1517ab2245b48bb8526299,930,750,3.2900740999903064,7.7505483700173965,192,52884,204940,5,coarse,39,170,77,205426,8,2.5.3,259.7389501190185,259.74082634268245,True,44.27973745630281,1876.223663640862,14.152277646385405,7678876,Windows-11-10.0.26300-SP0,3.14.7,True,835.0056787109374,20261002T093029Z,1.18.1,0,170,169,183,169,0.08275486063107883,99.91724513936893,0.012547399994218722,0.006524600001284853,0.005897499999264255,0.030545899993740022,695,854,802.2468448052632,735,851,31.8454632120827,2026-10-02T09:37:04+00:00,parallel,3,"block mean, streamed in bands, NaN-aware, any void -> void",p05,inf,164.92422502470643,1.8682572862009406,0.9948385197745324,0.008770564118532357,1.0656639101894023,1.0656672171185009,-0.023844000010285527,0.4932975472583748
X6,dem_whole_c20_d5,dem_whole_c20_d5__1km3__hag_cta_ring1__shared_border__climb_tiebreak__native,idrija_whole_c20,dem,hag_cta_ring1,shared_border,climb_tiebreak,native,1km3,1km,0.2772485999739729,20,height_tiebreak,38,40.0,60,18600,idrija_whole,60,15000,process,article_2_HAG_applications,True,6f060dbaf1c69bc25c1517ab2245b48bb8526299,930,750,3.2900740999903064,7.7505483700173965,192,52884,204940,5,coarse,199,637,46,205426,8,2.5.3,243.73439659118668,243.73546227661177,True,57.127364659626515,1065.6854249492378,14.152692296889816,7679420,Windows-11-10.0.26300-SP0,3.14.7,True,835.0056787109374,20261002T093029Z,1.18.1,0,637,611,947,633,0.31008733071763067,99.68991266928236,0.007034600013867021,0.006618499988690019,0.006511400017188862,0.040867900010198355,695,854,802.2468448052632,735,851,31.8454632120827,2026-10-02T09:37:04+00:00,parallel,3,"block mean, streamed in bands, NaN-aware, any void -> void",p05,inf,121.6552506059644,1.0611605633925434,0.9949089978177718,0.031708962582386216,1.0,1.0000002520001445,-0.034259900014149025,0.5003969301271237
X6,dem_whole_c20_d5,dem_whole_c20_d5__20km1__full_grid__climb_tiebreak__native,idrija_whole_c20,dem,full_grid,,climb_tiebreak,native,20km1,20km,0.0,20,height_tiebreak,0,nan,60,18600,idrija_whole,60,15000,process,article_2_HAG_applications,True,6f060dbaf1c69bc25c1517ab2245b48bb8526299,930,750,3.2900740999903064,7.7505483700173965,192,52884,204940,5,coarse,52884,205426,1036,205426,8,2.5.3,2074.452238998413,2074.477420789135,True,157.02887129289635,25181.79074487689,14.143145171280652,7791356,Windows-11-10.0.26300-SP0,3.14.7,True,835.0056787109374,20261002T093029Z,1.18.1,0,205426,202558,378944,203108,100.0,0.0,0.21493780001765117,0.20786920000682585,0.11090820000390522,0.0,156,15,20305.270251833637,622,917,31.8454632120827,2026-10-02T09:37:04+00:00,parallel,3,"block mean, streamed in bands, NaN-aware, any void -> void",p05,,,,,,,,,
X6,dem_whole_c20_d5,dem_whole_c20_d5__20km1__hag_cta__shared_border__climb_tiebreak__native,idrija_whole_c20,dem,hag_cta,shared_border,climb_tiebreak,native,20km1,20km,0.2772485999739729,20,height_tiebreak,310,40.0,60,18600,idrija_whole,60,15000,process,article_2_HAG_applications,True,6f060dbaf1c69bc25c1517ab2245b48bb8526299,930,750,3.2900740999903064,7.7505483700173965,192,52884,204940,5,coarse,311,4916,1269,205426,8,2.5.3,2393.1309507751457,2393.161993785193,True,152.09871664691616,31043.010075758866,14.14350730576426,7755412,Windows-11-10.0.26300-SP0,3.14.7,True,835.0056787109374,20261002T093029Z,1.18.1,0,4916,4912,6949,4912,2.393075852131668,97.60692414786834,0.019467599980998784,0.011008900008164346,0.00993699999526143,0.0796795999922324,156,15,20305.270251833637,622,917,31.8454632120827,2026-10-02T09:37:04+00:00,parallel,3,"block mean, streamed in bands, NaN-aware, any void -> void",p05,30.442920205874845,829.6987405076616,1.232756255909815,0.9953866823695388,0.024249844488985872,1.1536206550267925,1.1536216156427626,0.1171807000064291,0.05296070802121163
X6,dem_whole_c20_d5,dem_whole_c20_d5__20km1__hag_cta_ring1__shared_border__climb_tiebreak__native,idrija_whole_c20,dem,hag_cta_ring1,shared_border,climb_tiebreak,native,20km1,20km,0.2772485999739729,20,height_tiebreak,310,40.0,60,18600,idrija_whole,60,15000,process,article_2_HAG_applications,True,6f060dbaf1c69bc25c1517ab2245b48bb8526299,930,750,3.2900740999903064,7.7505483700173965,192,52884,204940,5,coarse,2270,13033,1164,205426,8,2.5.3,2171.665208435059,2171.693447282054,True,143.96042157735818,28238.847019724606,14.144578377239228,7752252,Windows-11-10.0.26300-SP0,3.14.7,True,835.0056787109374,20261002T093029Z,1.18.1,0,13033,12956,22299,12980,6.344377050616767,93.65562294938323,0.03427730000112206,0.01647109998157248,0.014401799999177456,0.04419639997649938,156,15,20305.270251833637,622,917,31.8454632120827,2026-10-02T09:37:04+00:00,parallel,3,"block mean, streamed in bands, NaN-aware, any void -> void",p05,24.234249324449127,791.2016177940993,1.1213994789258448,0.9949811047011585,0.06396192695425508,1.0468619945106965,1.0468628993107756,0.147201700048754,0.07923780906950915
X6,dem_whole_c20_d5,dem_whole_c20_d5__20km2__full_grid__climb_tiebreak__native,idrija_whole_c20,dem,full_grid,,climb_tiebreak,native,20km2,20km,0.0,20,height_tiebreak,0,nan,60,18600,idrija_whole,60,15000,process,article_2_HAG_applications,True,6f060dbaf1c69bc25c1517ab2245b48bb8526299,930,750,3.2900740999903064,7.7505483700173965,192,52884,204940,5,coarse,52884,205426,914,205426,8,2.5.3,1373.6268949508667,1373.6493385078388,True,78.34630330349852,22443.556979968263,14.146833741532893,7773148,Windows-11-10.0.26300-SP0,3.14.7,True,835.0056787109374,20261002T093029Z,1.18.1,0,205426,152502,284174,153827,100.0,0.0,0.08561929999268614,0.0838715999852866,0.08315170000423677,0.0,629,870,18646.179233290663,89,110,31.8454632120827,2026-10-02T09:37:04+00:00,parallel,3,"block mean, streamed in bands, NaN-aware, any void -> void",p05,,,,,,,,,
X6,dem_whole_c20_d5,dem_whole_c20_d5__20km2__hag_cta__shared_border__climb_tiebreak__native,idrija_whole_c20,dem,hag_cta,shared_border,climb_tiebreak,native,20km2,20km,0.2772485999739729,20,height_tiebreak,223,40.0,60,18600,idrija_whole,60,15000,process,article_2_HAG_applications,True,6f060dbaf1c69bc25c1517ab2245b48bb8526299,930,750,3.2900740999903064,7.7505483700173965,192,52884,204940,5,coarse,224,4582,1047,205426,8,2.5.3,1565.417646293639,1565.4432551911516,True,63.184824371338095,25608.89752606344,14.144630814748812,7742404,Windows-11-10.0.26300-SP0,3.14.7,True,835.0056787109374,20261002T093029Z,1.18.1,0,4582,4580,6851,4580,2.2304868906564894,97.7695131093435,0.009687600017059594,0.00938010000390932,0.008931999997003004,0.03622639999957755,629,870,18646.179233290663,89,110,31.8454632120827,2026-10-02T09:37:04+00:00,parallel,3,"block mean, streamed in bands, NaN-aware, any void -> void",p05,93.22653545034584,720.0,1.1410356009486537,0.9960448456661317,0.030032393017796487,1.1396236139869935,1.1396236370569317,0.03826509998179972,0.11183881081981087
X6,dem_whole_c20_d5,dem_whole_c20_d5__20km2__hag_cta_ring1__shared_border__climb_tiebreak__native,idrija_whole_c20,dem,hag_cta_ring1,shared_border,climb_tiebreak,native,20km2,20km,0.2772485999739729,20,height_tiebreak,223,40.0,60,18600,idrija_whole,60,15000,process,article_2_HAG_applications,True,6f060dbaf1c69bc25c1517ab2245b48bb8526299,930,750,3.2900740999903064,7.7505483700173965,192,52884,204940,5,coarse,1874,10806,963,205426,8,2.5.3,1403.7261600875854,1403.7497576142528,True,77.70165585901657,23597.526676164962,14.144656068682457,7743604,Windows-11-10.0.26300-SP0,3.14.7,True,835.0056787109374,20261002T093029Z,1.18.1,0,10806,10686,18908,10706,5.260288376349634,94.73971162365036,0.02214549999916926,0.012972700002137572,0.012371099990559742,0.03681769999093376,629,870,18646.179233290663,89,110,31.8454632120827,2026-10-02T09:37:04+00:00,parallel,3,"block mean, streamed in bands, NaN-aware, any void -> void",p05,104.6712762690022,580.3447251418763,1.0514165244496076,0.9961992232747916,0.07007121218082386,1.0219122567032988,1.021912738762799,0.03408119999221526,0.15467333405364084
X6,dem_whole_c20_d5,dem_whole_c20_d5__20km3__full_grid__climb_tiebreak__native,idrija_whole_c20,dem,full_grid,,climb_tiebreak,native,20km3,20km,0.0,20,height_tiebreak,0,nan,60,18600,idrija_whole,60,15000,process,article_2_HAG_applications,True,6f060dbaf1c69bc25c1517ab2245b48bb8526299,930,750,3.2900740999903064,7.7505483700173965,192,52884,204940,5,coarse,52884,205426,861,205426,8,2.5.3,1767.5147599029542,1767.5358120890662,True,78.34630330349852,21052.186130069786,14.14379949290997,7780532,Windows-11-10.0.26300-SP0,3.14.7,True,835.0056787109374,20261002T093029Z,1.18.1,0,205426,194851,367139,195957,100.0,0.0,0.19597250001970679,0.14061750000109896,0.10561519998009317,0.0,240,125,17071.39127312124,674,860,31.8454632120827,2026-10-02T09:37:04+00:00,parallel,3,"block mean, streamed in bands, NaN-aware, any void -> void",p05,,,,,,,,,
X6,dem_whole_c20_d5,dem_whole_c20_d5__20km3__hag_cta__shared_border__climb_tiebreak__native,idrija_whole_c20,dem,hag_cta,shared_border,climb_tiebreak,native,20km3,20km,0.2772485999739729,20,height_tiebreak,272,40.0,60,18600,idrija_whole,60,15000,process,article_2_HAG_applications,True,6f060dbaf1c69bc25c1517ab2245b48bb8526299,930,750,3.2900740999903064,7.7505483700173965,192,52884,204940,5,coarse,273,4619,1264,205426,8,2.5.3,2319.2949385070797,2319.325831811499,True,74.17277336120605,30893.304448274095,14.143653482956442,7754364,Windows-11-10.0.26300-SP0,3.14.7,True,835.0056787109374,20261002T093029Z,1.18.1,0,4619,4618,6158,4618,2.248498242676195,97.7515017573238,0.023417299991706386,0.016899500013096258,0.009515500016277656,0.063849800004391,240,125,17071.39127312124,674,860,31.8454632120827,2026-10-02T09:37:04+00:00,parallel,3,"block mean, streamed in bands, NaN-aware, any void -> void",p05,59.58626952106121,2121.3203435596424,1.4674630110812006,0.9966367338377375,0.02370016063556256,1.3121785408085764,1.3121803903199378,0.0598681999836117,0.12018063194811587
X6,dem_whole_c20_d5,dem_whole_c20_d5__20km3__hag_cta_ring1__shared_border__climb_tiebreak__native,idrija_whole_c20,dem,hag_cta_ring1,shared_border,climb_tiebreak,native,20km3,20km,0.2772485999739729,20,height_tiebreak,272,40.0,60,18600,idrija_whole,60,15000,process,article_2_HAG_applications,True,6f060dbaf1c69bc25c1517ab2245b48bb8526299,930,750,3.2900740999903064,7.7505483700173965,192,52884,204940,5,coarse,1925,14851,1046,205426,8,2.5.3,1955.7770240783677,1955.8024969960732,True,90.98256149292013,25472.91772859897,14.143773847084637,7742204,Windows-11-10.0.26300-SP0,3.14.7,True,835.0056787109374,20261002T093029Z,1.18.1,0,14851,14826,25029,14839,7.229367266071481,92.77063273392852,0.04787800001213327,0.019785799988312647,0.018428600014885888,0.04655780000030063,240,125,17071.39127312124,674,860,31.8454632120827,2026-10-02T09:37:04+00:00,parallel,3,"block mean, streamed in bands, NaN-aware, any void -> void",p05,48.02929022664221,2117.829077144801,1.2099891940540493,0.9950738587027211,0.07608890896120625,1.1065124141796419,1.1065136466369487,0.07427390001248568,0.1407065264860918
X6,dem_whole_c20_d5,dem_whole_c20_d5__2km1__full_grid__climb_tiebreak__native,idrija_whole_c20,dem,full_grid,,climb_tiebreak,native,2km1,2km,0.0,20,height_tiebreak,0,nan,60,18600,idrija_whole,60,15000,process,article_2_HAG_applications,True,6f060dbaf1c69bc25c1517ab2245b48bb8526299,930,750,3.2900740999903064,7.7505483700173965,192,52884,204940,5,coarse,52884,205426,95,205426,8,2.5.3,356.1492829895019,356.1516020558782,True,74.6041023254395,2319.0663761154806,14.354623280748307,7695516,Windows-11-10.0.26300-SP0,3.14.7,True,835.0056787109374,20261002T093029Z,1.18.1,0,205426,15510,29725,16068,100.0,0.0,0.046717199991689995,0.016472999996040016,0.013969099993119016,0.0,276,139,2008.4820138602188,197,201,31.8454632120827,2026-10-02T09:37:04+00:00,parallel,3,"block mean, streamed in bands, NaN-aware, any void -> void",p05,,,,,,,,,
X6,dem_whole_c20_d5,dem_whole_c20_d5__2km1__hag_cta__shared_border__climb_tiebreak__native,idrija_whole_c20,dem,hag_cta,shared_border,climb_tiebreak,native,2km1,2km,0.2772485999739729,20,height_tiebreak,55,40.0,60,18600,idrija_whole,60,15000,process,article_2_HAG_applications,True,6f060dbaf1c69bc25c1517ab2245b48bb8526299,930,750,3.2900740999903064,7.7505483700173965,192,52884,204940,5,coarse,56,1900,265,205426,8,2.5.3,465.2139041137695,465.2204847443548,True,53.986841537791285,6580.630585851519,14.145309430638182,7690228,Windows-11-10.0.26300-SP0,3.14.7,True,835.0056787109374,20261002T093029Z,1.18.1,0,1900,1358,2037,1391,0.9249072658767634,99.07509273412323,0.02533270002459176,0.007414399995468557,0.006208300008438528,0.03583120001712814,276,139,2008.4820138602188,197,201,31.8454632120827,2026-10-02T09:37:04+00:00,parallel,3,"block mean, streamed in bands, NaN-aware, any void -> void",p05,inf,1345.362404707371,2.837620627691697,0.999312846597941,0.08755641521598968,1.306232881360265,1.3062428529280188,-0.02677260001655668,0.4500940931980163
X6,dem_whole_c20_d5,dem_whole_c20_d5__2km1__hag_cta_ring1__shared_border__climb_tiebreak__native,idrija_whole_c20,dem,hag_cta_ring1,shared_border,climb_tiebreak,native,2km1,2km,0.2772485999739729,20,height_tiebreak,55,40.0,60,18600,idrija_whole,60,15000,process,article_2_HAG_applications,True,6f060dbaf1c69bc25c1517ab2245b48bb8526299,930,750,3.2900740999903064,7.7505483700173965,192,52884,204940,5,coarse,534,4097,212,205426,8,2.5.3,391.40765136718755,391.4128323426515,True,133.6768985835867,5180.9754647055815,14.148386322718363,7691196,Windows-11-10.0.26300-SP0,3.14.7,True,835.0056787109374,20261002T093029Z,1.18.1,0,4097,2726,4931,2914,1.9943921412089998,98.005607858791,0.007141799986129627,0.0068928999826312065,0.00649830000475049,0.03286540001863614,276,139,2008.4820138602188,197,201,31.8454632120827,2026-10-02T09:37:04+00:00,parallel,3,"block mean, streamed in bands, NaN-aware, any void -> void",p05,inf,1300.0,2.2340781264673852,0.9994386341344752,0.17575757575757575,1.0989988470051895,1.099006238026808,-0.023285300005227327,0.4184362280269658
X6,dem_whole_c20_d5,dem_whole_c20_d5__2km2__full_grid__climb_tiebreak__native,idrija_whole_c20,dem,full_grid,,climb_tiebreak,native,2km2,2km,0.0,20,height_tiebreak,0,nan,60,18600,idrija_whole,60,15000,process,article_2_HAG_applications,True,6f060dbaf1c69bc25c1517ab2245b48bb8526299,930,750,3.2900740999903064,7.7505483700173965,192,52884,204940,5,coarse,52884,205426,93,205426,8,2.5.3,214.55584686279224,214.55805137072758,True,96.22844467163077,2204.5079348883237,14.184290615874252,7693756,Windows-11-10.0.26300-SP0,3.14.7,True,835.0056787109374,20261002T093029Z,1.18.1,0,205426,7563,14366,8093,100.0,0.0,0.010195400012889877,0.008446799998637289,0.007560500002000481,0.0,285,271,1519.2103211866354,356,298,31.8454632120827,2026-10-02T09:37:04+00:00,parallel,3,"block mean, streamed in bands, NaN-aware, any void -> void",p05,,,,,,,,,
X6,dem_whole_c20_d5,dem_whole_c20_d5__2km2__hag_cta__shared_border__climb_tiebreak__native,idrija_whole_c20,dem,hag_cta,shared_border,climb_tiebreak,native,2km2,2km,0.2772485999739729,20,height_tiebreak,29,40.0,60,18600,idrija_whole,60,15000,process,article_2_HAG_applications,True,6f060dbaf1c69bc25c1517ab2245b48bb8526299,930,750,3.2900740999903064,7.7505483700173965,192,52884,204940,5,coarse,30,728,152,205426,8,2.5.3,290.530028076172,290.5337025336013,True,77.61022592503981,3674.45742854949,14.159752662547483,7682572,Windows-11-10.0.26300-SP0,3.14.7,True,835.0056787109374,20261002T093029Z,1.18.1,0,728,728,998,728,0.35438552082014935,99.64561447917986,0.006984399980865419,0.006372799980454147,0.00589529998251237,0.042021899978863075,285,271,1519.2103211866354,356,298,31.8454632120827,2026-10-02T09:37:04+00:00,parallel,3,"block mean, streamed in bands, NaN-aware, any void -> void",p05,inf,412.31056256176606,1.6667925619127477,0.9985463536925268,0.09625809863810657,1.3540997941760358,1.3541030069834012,-0.03994789996067993,0.7544632264860376
X6,dem_whole_c20_d5,dem_whole_c20_d5__2km2__hag_cta_ring1__shared_border__climb_tiebreak__native,idrija_whole_c20,dem,hag_cta_ring1,shared_border,climb_tiebreak,native,2km2,2km,0.2772485999739729,20,height_tiebreak,29,40.0,60,18600,idrija_whole,60,15000,process,article_2_HAG_applications,True,6f060dbaf1c69bc25c1517ab2245b48bb8526299,930,750,3.2900740999903064,7.7505483700173965,192,52884,204940,5,coarse,237,2400,102,205426,8,2.5.3,225.334700012207,225.3372087842111,True,69.92638474549958,2508.7720036002524,14.164308602106335,7681724,Windows-11-10.0.26300-SP0,3.14.7,True,835.0056787109374,20261002T093029Z,1.18.1,0,2400,2298,3809,2324,1.1683039147917011,98.83169608520829,0.019192300009308383,0.0068011999828740954,0.006580399989616126,0.03631520000635646,285,271,1519.2103211866354,356,298,31.8454632120827,2026-10-02T09:37:04+00:00,parallel,3,"block mean, streamed in bands, NaN-aware, any void -> void",p05,inf,200.0,1.1380190399393333,0.9984361344446068,0.303847679492265,1.0502379837558462,1.0502388856750875,-0.03466959999059327,0.8051806582340442
X6,dem_whole_c20_d5,dem_whole_c20_d5__2km3__full_grid__climb_tiebreak__native,idrija_whole_c20,dem,full_grid,,climb_tiebreak,native,2km3,2km,0.0,20,height_tiebreak,0,nan,60,18600,idrija_whole,60,15000,process,article_2_HAG_applications,True,6f060dbaf1c69bc25c1517ab2245b48bb8526299,930,750,3.2900740999903064,7.7505483700173965,192,52884,204940,5,coarse,52884,205426,107,205426,8,2.5.3,287.85390884399413,287.8565010474557,True,102.31128616332967,2592.203461105328,14.181630824128522,7699692,Windows-11-10.0.26300-SP0,3.14.7,True,835.0056787109374,20261002T093029Z,1.18.1,0,205426,15011,28257,15704,100.0,0.0,0.03541340000811033,0.011506400012876838,0.011391000007279217,0.0,703,766,2069.2993983471797,647,679,31.8454632120827,2026-10-02T09:37:04+00:00,parallel,3,"block mean, streamed in bands, NaN-aware, any void -> void",p05,,,,,,,,,
X6,dem_whole_c20_d5,dem_whole_c20_d5__2km3__hag_cta__shared_border__climb_tiebreak__native,idrija_whole_c20,dem,hag_cta,shared_border,climb_tiebreak,native,2km3,2km,0.2772485999739729,20,height_tiebreak,38,40.0,60,18600,idrija_whole,60,15000,process,article_2_HAG_applications,True,6f060dbaf1c69bc25c1517ab2245b48bb8526299,930,750,3.2900740999903064,7.7505483700173965,192,52884,204940,5,coarse,39,982,213,205426,8,2.5.3,422.4021426391594,422.40725248764136,True,87.94042847543379,5109.8484809835,14.155610037087,7686516,Windows-11-10.0.26300-SP0,3.14.7,True,835.0056787109374,20261002T093029Z,1.18.1,0,982,961,1299,967,0.4780310184689377,99.52196898153106,0.006519600021420047,0.005933500011451542,0.005849100009072572,0.04587630002060905,703,766,2069.2993983471797,647,679,31.8454632120827,2026-10-02T09:37:04+00:00,parallel,3,"block mean, streamed in bands, NaN-aware, any void -> void",p05,inf,733.7574531137657,1.9712374270207307,0.99828876271934,0.06401971887282659,1.4674184704856146,1.467423007472754,-0.040303400019183755,0.5156695408478194
X6,dem_whole_c20_d5,dem_whole_c20_d5__2km3__hag_cta_ring1__shared_border__climb_tiebreak__native,idrija_whole_c20,dem,hag_cta_ring1,shared_border,climb_tiebreak,native,2km3,2km,0.2772485999739729,20,height_tiebreak,38,40.0,60,18600,idrija_whole,60,15000,process,article_2_HAG_applications,True,6f060dbaf1c69bc25c1517ab2245b48bb8526299,930,750,3.2900740999903064,7.7505483700173965,192,52884,204940,5,coarse,278,3299,143,205426,8,2.5.3,302.4320924377444,302.435603463716,True,56.07240085358651,3511.0259710444143,14.14892545396603,7683828,Windows-11-10.0.26300-SP0,3.14.7,True,835.0056787109374,20261002T093029Z,1.18.1,0,3299,3142,5339,3174,1.6059310895407592,98.39406891045924,0.008600100001785904,0.00830139999743551,0.007505399989895523,0.030932199995731935,703,766,2069.2993983471797,647,679,31.8454632120827,2026-10-02T09:37:04+00:00,parallel,3,"block mean, streamed in bands, NaN-aware, any void -> void",p05,inf,503.5871324805669,1.3544561697125794,0.9979396578460541,0.20931317034174937,1.0506443829520866,1.0506471188359814,-0.027727199980290607,0.7214593607162444
X6,dem_whole_c20_d5,dem_whole_c20_d5__5km1__full_grid__climb_tiebreak__native,idrija_whole_c20,dem,full_grid,,climb_tiebreak,native,5km1,5km,0.0,20,height_tiebreak,0,nan,60,18600,idrija_whole,60,15000,process,article_2_HAG_applications,True,6f060dbaf1c69bc25c1517ab2245b48bb8526299,930,750,3.2900740999903064,7.7505483700173965,192,52884,204940,5,coarse,52884,205426,242,205426,8,2.5.3,470.84279335021955,470.84857432568526,True,42.010544586181595,5780.9754647055815,14.14851366187356,7747884,Windows-11-10.0.26300-SP0,3.14.7,True,835.0056787109374,20261002T093029Z,1.18.1,0,205426,85289,154621,86572,100.0,0.0,0.05368159999488853,0.047829799994360656,0.04595629998948425,0.0,649,771,4230.791888051219,567,576,31.8454632120827,2026-10-02T09:37:04+00:00,parallel,3,"block mean, streamed in bands, NaN-aware, any void -> void",p05,,,,,,,,,
X6,dem_whole_c20_d5,dem_whole_c20_d5__5km1__hag_cta__shared_border__climb_tiebreak__native,idrija_whole_c20,dem,hag_cta,shared_border,climb_tiebreak,native,5km1,5km,0.2772485999739729,20,height_tiebreak,73,40.0,60,18600,idrija_whole,60,15000,process,article_2_HAG_applications,True,6f060dbaf1c69bc25c1517ab2245b48bb8526299,930,750,3.2900740999903064,7.7505483700173965,192,52884,204940,5,coarse,74,2540,366,205426,8,2.5.3,620.963087539672,620.9719946882933,True,57.726738431482715,8907.14862200761,14.1479995509476,7697020,Windows-11-10.0.26300-SP0,3.14.7,True,835.0056787109374,20261002T093029Z,1.18.1,0,2540,2365,3421,2418,1.2364549764878836,98.76354502351211,0.017662899976130575,0.012985499983187765,0.010206000006292015,0.029332500009331852,649,771,4230.791888051219,567,576,31.8454632120827,2026-10-02T09:37:04+00:00,parallel,3,"block mean, streamed in bands, NaN-aware, any void -> void",p05,647.2155554941635,652.9931086925803,1.5407691446518257,0.993435110799284,0.027729249961894267,1.3188331568617444,1.3188358817430927,0.0055118000018410385,0.27149392187964017
X6,dem_whole_c20_d5,dem_whole_c20_d5__5km1__hag_cta_ring1__shared_border__climb_tiebreak__native,idrija_whole_c20,dem,hag_cta_ring1,shared_border,climb_tiebreak,native,5km1,5km,0.2772485999739729,20,height_tiebreak,73,40.0,60,18600,idrija_whole,60,15000,process,article_2_HAG_applications,True,6f060dbaf1c69bc25c1517ab2245b48bb8526299,930,750,3.2900740999903064,7.7505483700173965,192,52884,204940,5,coarse,576,7635,249,205426,8,2.5.3,482.61911231994617,482.62507471676815,True,65.08664245605473,5962.39682094289,14.151170451722416,7691060,Windows-11-10.0.26300-SP0,3.14.7,True,835.0056787109374,20261002T093029Z,1.18.1,0,7635,7036,11714,7135,3.7166668289310993,96.2833331710689,0.009164000017335638,0.009115099994232878,0.008302600006572902,0.04581000001053326,649,771,4230.791888051219,567,576,31.8454632120827,2026-10-02T09:37:04+00:00,parallel,3,"block mean, streamed in bands, NaN-aware, any void -> void",p05,inf,297.3213749463701,1.0313824816148995,0.9926658685132612,0.08249598424181313,1.0250111483833781,1.0250112266092095,-0.007095300010405481,0.19057365900145073
X6,dem_whole_c20_d5,dem_whole_c20_d5__5km2__full_grid__climb_tiebreak__native,idrija_whole_c20,dem,full_grid,,climb_tiebreak,native,5km2,5km,0.0,20,height_tiebreak,0,nan,60,18600,idrija_whole,60,15000,process,article_2_HAG_applications,True,6f060dbaf1c69bc25c1517ab2245b48bb8526299,930,750,3.2900740999903064,7.7505483700173965,192,52884,204940,5,coarse,52884,205426,250,205426,8,2.5.3,544.6196857452389,544.6258503960277,True,173.93640251159667,6164.650788387053,14.162948852974669,7726204,Windows-11-10.0.26300-SP0,3.14.7,True,835.0056787109374,20261002T093029Z,1.18.1,0,205426,43147,84449,44569,100.0,0.0,0.03228539999690838,0.03055660001700744,0.02471019999939017,0.0,152,268,5014.618629566959,367,397,31.8454632120827,2026-10-02T09:37:04+00:00,parallel,3,"block mean, streamed in bands, NaN-aware, any void -> void",p05,,,,,,,,,
X6,dem_whole_c20_d5,dem_whole_c20_d5__5km2__hag_cta__shared_border__climb_tiebreak__native,idrija_whole_c20,dem,hag_cta,shared_border,climb_tiebreak,native,5km2,5km,0.2772485999739729,20,height_tiebreak,77,40.0,60,18600,idrija_whole,60,15000,process,article_2_HAG_applications,True,6f060dbaf1c69bc25c1517ab2245b48bb8526299,930,750,3.2900740999903064,7.7505483700173965,192,52884,204940,5,coarse,78,1750,296,205426,8,2.5.3,602.562246932983,602.5695469748237,True,151.80005378723138,7300.041840821061,14.142997078432487,7692348,Windows-11-10.0.26300-SP0,3.14.7,True,835.0056787109374,20261002T093029Z,1.18.1,0,1750,1747,2527,1747,0.851888271202282,99.14811172879772,0.009798199986107647,0.006606599985389039,0.006364600005326793,0.043679900001734495,152,268,5014.618629566959,367,397,31.8454632120827,2026-10-02T09:37:04+00:00,parallel,3,"block mean, streamed in bands, NaN-aware, any void -> void",p05,inf,440.0,1.1841776754934528,0.9956180292417854,0.04048948941989014,1.106390868167862,1.1063917486411303,-0.019729899970116094,0.21620860899811772
X6,dem_whole_c20_d5,dem_whole_c20_d5__5km2__hag_cta_ring1__shared_border__climb_tiebreak__native,idrija_whole_c20,dem,hag_cta_ring1,shared_border,climb_tiebreak,native,5km2,5km,0.2772485999739729,20,height_tiebreak,77,40.0,60,18600,idrija_whole,60,15000,process,article_2_HAG_applications,True,6f060dbaf1c69bc25c1517ab2245b48bb8526299,930,750,3.2900740999903064,7.7505483700173965,192,52884,204940,5,coarse,662,4326,257,205426,8,2.5.3,560.5503741455076,560.5568030603645,True,233.83740196228018,6428.914857098982,14.152600975260462,7696356,Windows-11-10.0.26300-SP0,3.14.7,True,835.0056787109374,20261002T093029Z,1.18.1,0,4326,4312,7337,4323,2.1058678064120415,97.89413219358795,0.012284299999009818,0.00870139998733066,0.008653800003230572,0.03140680000069551,152,268,5014.618629566959,367,397,31.8454632120827,2026-10-02T09:37:04+00:00,parallel,3,"block mean, streamed in bands, NaN-aware, any void -> void",p05,inf,368.7817782917155,1.0428676461624962,0.9961367833414702,0.09993742322757086,1.029251033000156,1.0292511871273693,-0.009551599971018732,0.2847633566066763
X6,dem_whole_c20_d5,dem_whole_c20_d5__5km3__full_grid__climb_tiebreak__native,idrija_whole_c20,dem,full_grid,,climb_tiebreak,native,5km3,5km,0.0,20,height_tiebreak,0,nan,60,18600,idrija_whole,60,15000,process,article_2_HAG_applications,True,6f060dbaf1c69bc25c1517ab2245b48bb8526299,930,750,3.2900740999903064,7.7505483700173965,192,52884,204940,5,coarse,52884,205426,329,205426,8,2.5.3,531.7165624999997,531.7244976890282,True,90.10395447078724,7935.189027078677,14.155629024100646,7740948,Windows-11-10.0.26300-SP0,3.14.7,True,835.0056787109374,20261002T093029Z,1.18.1,0,205426,72948,133254,74049,100.0,0.0,0.042218899994622916,0.04196370000136085,0.04138609999790788,0.0,604,826,5259.3535724459525,488,590,31.8454632120827,2026-10-02T09:37:04+00:00,parallel,3,"block mean, streamed in bands, NaN-aware, any void -> void",p05,,,,,,,,,
X6,dem_whole_c20_d5,dem_whole_c20_d5__5km3__hag_cta__shared_border__climb_tiebreak__native,idrija_whole_c20,dem,hag_cta,shared_border,climb_tiebreak,native,5km3,5km,0.2772485999739729,20,height_tiebreak,82,40.0,60,18600,idrija_whole,60,15000,process,article_2_HAG_applications,True,6f060dbaf1c69bc25c1517ab2245b48bb8526299,930,750,3.2900740999903064,7.7505483700173965,192,52884,204940,5,coarse,83,1448,390,205426,8,2.5.3,579.3870753478996,579.3964376437092,True,73.66830414843999,9362.295808265224,14.14763583064049,7697356,Windows-11-10.0.26300-SP0,3.14.7,True,835.0056787109374,20261002T093029Z,1.18.1,0,1448,1445,2004,1445,0.7048766952576597,99.29512330474233,0.007873399998061359,0.007858599972678348,0.007444800023222342,0.042841099988436326,604,826,5259.3535724459525,488,590,31.8454632120827,2026-10-02T09:37:04+00:00,parallel,3,"block mean, streamed in bands, NaN-aware, any void -> void",p05,inf,349.28498393145964,1.1798453415938264,0.9943686483877685,0.01980863080550529,1.0896539927659294,1.0896553387362664,-0.008735999959753826,0.18727137913061767
X6,dem_whole_c20_d5,dem_whole_c20_d5__5km3__hag_cta_ring1__shared_border__climb_tiebreak__native,idrija_whole_c20,dem,hag_cta_ring1,shared_border,climb_tiebreak,native,5km3,5km,0.2772485999739729,20,height_tiebreak,82,40.0,60,18600,idrija_whole,60,15000,process,article_2_HAG_applications,True,6f060dbaf1c69bc25c1517ab2245b48bb8526299,930,750,3.2900740999903064,7.7505483700173965,192,52884,204940,5,coarse,693,3719,343,205426,8,2.5.3,534.7034941101072,534.7117424362208,True,69.52779235839841,8248.326112068524,14.16790669953106,7696852,Windows-11-10.0.26300-SP0,3.14.7,True,835.0056787109374,20261002T093029Z,1.18.1,0,3719,3690,6383,3701,1.8103842746293068,98.1896157253707,0.01138919999357313,0.008302300004288554,0.007675100001506507,0.03348320000804961,604,826,5259.3535724459525,488,590,31.8454632120827,2026-10-02T09:37:04+00:00,parallel,3,"block mean, streamed in bands, NaN-aware, any void -> void",p05,20018.64713644912,260.0,1.0394618305778567,0.9943035400832043,0.050583977627899325,1.0056175259917872,1.0056180310671705,0.00017819998902268708,0.19784480405729993
X6,dem_whole_c3_d1,dem_whole_c3_d1__10km1__full_grid__climb_tiebreak__native,idrija_whole_c3,dem,full_grid,,climb_tiebreak,native,10km1,10km,0.0,3,height_tiebreak,0,nan,60,18600,idrija_whole,60,15000,process,article_2_HAG_applications,True,ef9e16284540ad240c1f7b7a2233fd1b85afef67,6200,5000,88.04905170001439,7.763527549598992,850,1811932,7033492,1,main,1811932,9171798,4256,9171798,2,2.5.3,1298.297105577256,1298.312532313597,True,128.90926440332467,15426.73635180951,11.10154668976189,341638992,Windows-11-10.0.26300-SP0,3.14.7,True,838.2341868082682,20261002T153852Z,1.18.1,0,9171798,6379241,11830046,6386025,100.0,0.0,3.5081377000024077,3.5081377000024077,3.5081377000024077,0.0,4343,3790,9873.317578200349,1776,1730,35.92397330727294,2026-10-02T15:39:27+00:00,parallel,1,"block mean, streamed in bands, NaN-aware, any void -> void",p01,,,,,,,,,
X6,dem_whole_c3_d1,dem_whole_c3_d1__10km1__hag_cta__shared_border__climb_tiebreak__native,idrija_whole_c3,dem,hag_cta,shared_border,climb_tiebreak,native,10km1,10km,10.988084200012963,3,height_tiebreak,1069,6.0,60,18600,idrija_whole,60,15000,process,article_2_HAG_applications,True,ef9e16284540ad240c1f7b7a2233fd1b85afef67,6200,5000,88.04905170001439,7.763527549598992,850,1811932,7033492,1,main,1070,22561,5198,9171798,2,2.5.3,1613.8115302191832,1613.83010852741,True,199.96270073784595,18578.308211834767,8.2040498127948,341334992,Windows-11-10.0.26300-SP0,3.14.7,True,838.2341868082682,20261002T153852Z,1.18.1,0,22561,22557,32825,22557,0.24598230357886208,99.75401769642114,0.1428340999991633,0.1428340999991633,0.1428340999991633,0.7958307999942917,4343,3790,9873.317578200349,1776,1730,35.92397330727294,2026-10-02T15:39:27+00:00,parallel,1,"block mean, streamed in bands, NaN-aware, any void -> void",p01,38.5437572640124,278.7418160233588,1.2042928451069035,0.9991101718272252,0.003536000599444354,1.2430217423165566,1.2430212821342481,2.5694728000089526,0.04071507797401033
X6,dem_whole_c3_d1,dem_whole_c3_d1__10km1__hag_cta_ring1__shared_border__climb_tiebreak__native,idrija_whole_c3,dem,hag_cta_ring1,shared_border,climb_tiebreak,native,10km1,10km,10.988084200012963,3,height_tiebreak,1069,6.0,60,18600,idrija_whole,60,15000,process,article_2_HAG_applications,True,ef9e16284540ad240c1f7b7a2233fd1b85afef67,6200,5000,88.04905170001439,7.763527549598992,850,1811932,7033492,1,main,7492,52757,4609,9171798,2,2.5.3,1370.468519422745,1370.4850859307264,True,114.4584025522961,16566.507996472264,9.870221985875967,341299416,Windows-11-10.0.26300-SP0,3.14.7,True,838.2341868082682,20261002T153852Z,1.18.1,0,52757,52728,90809,52741,0.5752089175971822,99.42479108240282,0.2198598000104539,0.2198598000104539,0.2198598000104539,0.9344619000039529,4343,3790,9873.317578200349,1776,1730,35.92397330727294,2026-10-02T15:39:27+00:00,parallel,1,"block mean, streamed in bands, NaN-aware, any void -> void",p01,42.07513922096384,259.1138745802702,1.0738828757210894,0.9990060385144797,0.0082655601191427,1.0555892896436827,1.0555895070107022,2.353815999988001,0.06267137119797293
X6,dem_whole_c3_d1,dem_whole_c3_d1__10km2__full_grid__climb_tiebreak__native,idrija_whole_c3,dem,full_grid,,climb_tiebreak,native,10km2,10km,0.0,3,height_tiebreak,0,nan,60,18600,idrija_whole,60,15000,process,article_2_HAG_applications,True,ef9e16284540ad240c1f7b7a2233fd1b85afef67,6200,5000,88.04905170001439,7.763527549598992,850,1811932,7033492,1,main,1811932,9171798,3633,9171798,2,2.5.3,1363.5602010091147,1363.5732455348584,True,121.99300130208333,13044.525748029244,11.094262718589158,341637000,Windows-11-10.0.26300-SP0,3.14.7,True,838.2341868082682,20261002T153852Z,1.18.1,0,9171798,7311955,13768545,7324206,100.0,0.0,3.484904600016307,3.484904600016307,3.484904600016307,0.0,1790,1590,9605.7690998691,3863,4030,35.92397330727294,2026-10-02T15:39:27+00:00,parallel,1,"block mean, streamed in bands, NaN-aware, any void -> void",p01,,,,,,,,,
X6,dem_whole_c3_d1,dem_whole_c3_d1__10km2__hag_cta__shared_border__climb_tiebreak__native,idrija_whole_c3,dem,hag_cta,shared_border,climb_tiebreak,native,10km2,10km,10.988084200012963,3,height_tiebreak,1185,6.0,60,18600,idrija_whole,60,15000,process,article_2_HAG_applications,True,ef9e16284540ad240c1f7b7a2233fd1b85afef67,6200,5000,88.04905170001439,7.763527549598992,850,1811932,7033492,1,main,1186,23284,5031,9171798,2,2.5.3,1692.6565890841978,1692.6745408857546,True,130.35986526940715,17951.801502435716,7.9496219169219335,341325352,Windows-11-10.0.26300-SP0,3.14.7,True,838.2341868082682,20261002T153852Z,1.18.1,0,23284,23168,34463,23195,0.25386516362440603,99.7461348363756,0.14246169998659752,0.14246169998659752,0.14246169998659752,0.9015308999805711,1790,1590,9605.7690998691,3863,4030,35.92397330727294,2026-10-02T15:39:27+00:00,parallel,1,"block mean, streamed in bands, NaN-aware, any void -> void",p01,40.57382482368624,588.0688735173798,1.3761942633405326,0.9990877803048265,0.0031685096530271314,1.2413508313248893,1.2413521212949634,2.4409120000491384,0.04087965563990788
X6,dem_whole_c3_d1,dem_whole_c3_d1__10km2__hag_cta_ring1__shared_border__climb_tiebreak__native,idrija_whole_c3,dem,hag_cta_ring1,shared_border,climb_tiebreak,native,10km2,10km,10.988084200012963,3,height_tiebreak,1185,6.0,60,18600,idrija_whole,60,15000,process,article_2_HAG_applications,True,ef9e16284540ad240c1f7b7a2233fd1b85afef67,6200,5000,88.04905170001439,7.763527549598992,850,1811932,7033492,1,main,8007,52974,4310,9171798,2,2.5.3,1444.5914510091147,1444.606893113876,True,114.4584025522961,15442.104750729435,10.061370328494625,341283840,Windows-11-10.0.26300-SP0,3.14.7,True,838.2341868082682,20261002T153852Z,1.18.1,0,52974,52568,91199,52665,0.5775748659096068,99.4224251340904,0.1523843000177294,0.1523843000177294,0.1523843000177294,0.8641392000135966,1790,1590,9605.7690998691,3863,4030,35.92397330727294,2026-10-02T15:39:27+00:00,parallel,1,"block mean, streamed in bands, NaN-aware, any void -> void",p01,40.122303602401566,559.296880019905,1.1837996297460194,0.998966271217696,0.007189322144351271,1.0594262357760458,1.0594274255852183,2.468381099984981,0.04372696458233501
X6,dem_whole_c3_d1,dem_whole_c3_d1__10km3__full_grid__climb_tiebreak__native,idrija_whole_c3,dem,full_grid,,climb_tiebreak,native,10km3,10km,0.0,3,height_tiebreak,0,nan,60,18600,idrija_whole,60,15000,process,article_2_HAG_applications,True,ef9e16284540ad240c1f7b7a2233fd1b85afef67,6200,5000,88.04905170001439,7.763527549598992,850,1811932,7033492,1,main,1811932,9171798,4795,9171798,2,2.5.3,1532.93509250217,1532.9521847015255,True,214.80125144676094,17092.199338607163,10.4683082481386,341809592,Windows-11-10.0.26300-SP0,3.14.7,True,838.2341868082682,20261002T153852Z,1.18.1,0,9171798,8361523,15961634,8367543,100.0,0.0,4.363478700019186,4.363478700019186,4.363478700019186,0.0,2896,4256,11336.966084451342,590,1263,35.92397330727294,2026-10-02T15:39:27+00:00,parallel,1,"block mean, streamed in bands, NaN-aware, any void -> void",p01,,,,,,,,,
X6,dem_whole_c3_d1,dem_whole_c3_d1__10km3__hag_cta__shared_border__climb_tiebreak__native,idrija_whole_c3,dem,hag_cta,shared_border,climb_tiebreak,native,10km3,10km,10.988084200012963,3,height_tiebreak,1242,6.0,60,18600,idrija_whole,60,15000,process,article_2_HAG_applications,True,ef9e16284540ad240c1f7b7a2233fd1b85afef67,6200,5000,88.04905170001439,7.763527549598992,850,1811932,7033492,1,main,1243,55401,8009,9171798,2,2.5.3,2107.966166178385,2107.994580427946,True,214.80125144676094,28414.249547592437,6.978732647485252,341521704,Windows-11-10.0.26300-SP0,3.14.7,True,838.2341868082682,20261002T153852Z,1.18.1,0,55401,55277,86625,55291,0.6040364168508726,99.39596358314913,0.20285400000284426,0.20285400000284426,0.20285400000284426,1.2574702000129037,2896,4256,11336.966084451342,590,1263,35.92397330727294,2026-10-02T15:39:27+00:00,parallel,1,"block mean, streamed in bands, NaN-aware, any void -> void",p01,34.11362912304876,1065.2703882113685,1.6624103770783605,0.9991577533026048,0.00661087698975414,1.3751176918636565,1.3751208951363245,2.9031545000034384,0.046489054708105326
X6,dem_whole_c3_d1,dem_whole_c3_d1__10km3__hag_cta_ring1__shared_border__climb_tiebreak__native,idrija_whole_c3,dem,hag_cta_ring1,shared_border,climb_tiebreak,native,10km3,10km,10.988084200012963,3,height_tiebreak,1242,6.0,60,18600,idrija_whole,60,15000,process,article_2_HAG_applications,True,ef9e16284540ad240c1f7b7a2233fd1b85afef67,6200,5000,88.04905170001439,7.763527549598992,850,1811932,7033492,1,main,9036,141855,6096,9171798,2,2.5.3,1640.7382710774718,1640.7602666025598,True,214.80125144676094,21995.52509173819,9.80127907014868,341411024,Windows-11-10.0.26300-SP0,3.14.7,True,838.2341868082682,20261002T153852Z,1.18.1,0,141855,138312,246551,138390,1.5466433081060005,98.453356691894,0.20682099999976344,0.20682099999976344,0.20682099999976344,1.095648299989989,2896,4256,11336.966084451342,590,1263,35.92397330727294,2026-10-02T15:39:27+00:00,parallel,1,"block mean, streamed in bands, NaN-aware, any void -> void",p01,32.35440436709376,1056.0,1.2868750624769274,0.9988339472930883,0.016541484129147285,1.070324685697773,1.0703271002037322,3.061009400029434,0.04739819172231872
X6,dem_whole_c3_d1,dem_whole_c3_d1__1km1__full_grid__climb_tiebreak__native,idrija_whole_c3,dem,full_grid,,climb_tiebreak,native,1km1,1km,0.0,3,height_tiebreak,0,nan,60,18600,idrija_whole,60,15000,process,article_2_HAG_applications,True,ef9e16284540ad240c1f7b7a2233fd1b85afef67,6200,5000,88.04905170001439,7.763527549598992,850,1811932,7033492,1,main,1811932,9171798,438,9171798,2,2.5.3,145.73576524522502,145.73728003829814,True,463.5110142379924,1514.793072687563,13.32405327992593,341114432,Windows-11-10.0.26300-SP0,3.14.7,True,838.2341868082682,20261002T153852Z,1.18.1,0,9171798,252637,456432,255235,100.0,0.0,0.2763128999795299,0.2763128999795299,0.2763128999795299,0.0,796,1730,973.2420048477151,743,1410,35.92397330727294,2026-10-02T15:39:27+00:00,parallel,1,"block mean, streamed in bands, NaN-aware, any void -> void",p01,,,,,,,,,
X6,dem_whole_c3_d1,dem_whole_c3_d1__1km1__hag_cta__shared_border__climb_tiebreak__native,idrija_whole_c3,dem,hag_cta,shared_border,climb_tiebreak,native,1km1,1km,10.988084200012963,3,height_tiebreak,110,6.0,60,18600,idrija_whole,60,15000,process,article_2_HAG_applications,True,ef9e16284540ad240c1f7b7a2233fd1b85afef67,6200,5000,88.04905170001439,7.763527549598992,850,1811932,7033492,1,main,111,13465,880,9171798,2,2.5.3,200.15538872612967,200.15843579755762,True,463.5110142379924,3047.0714267493645,10.092890438805076,341060904,Windows-11-10.0.26300-SP0,3.14.7,True,838.2341868082682,20261002T153852Z,1.18.1,0,13465,13460,22295,13461,0.14680872823409324,99.85319127176591,0.14215349999722093,0.14215349999722093,0.14215349999722093,1.070889500027988,796,1730,973.2420048477151,743,1410,35.92397330727294,2026-10-02T15:39:27+00:00,parallel,1,"block mean, streamed in bands, NaN-aware, any void -> void",p01,inf,384.4801685392889,2.0115430164617902,0.9998430790521347,0.05327802340908101,1.3734129600193503,1.3734195927422153,-0.9367301000456791,0.514465665583301
X6,dem_whole_c3_d1,dem_whole_c3_d1__1km1__hag_cta_ring1__shared_border__climb_tiebreak__native,idrija_whole_c3,dem,hag_cta_ring1,shared_border,climb_tiebreak,native,1km1,1km,10.988084200012963,3,height_tiebreak,110,6.0,60,18600,idrija_whole,60,15000,process,article_2_HAG_applications,True,ef9e16284540ad240c1f7b7a2233fd1b85afef67,6200,5000,88.04905170001439,7.763527549598992,850,1811932,7033492,1,main,600,30770,722,9171798,2,2.5.3,177.72739664713492,177.72992746877947,True,463.5110142379924,2530.8216433873085,10.394985648654453,341053992,Windows-11-10.0.26300-SP0,3.14.7,True,838.2341868082682,20261002T153852Z,1.18.1,0,30770,30705,53421,30716,0.33548492890924986,99.66451507109075,0.15146520000416785,0.15146520000416785,0.15146520000416785,1.0267111000139266,796,1730,973.2420048477151,743,1410,35.92397330727294,2026-10-02T15:39:27+00:00,parallel,1,"block mean, streamed in bands, NaN-aware, any void -> void",p01,inf,306.71974178392884,1.670737534399399,0.9998228160572227,0.12153801699671861,1.219518052744833,1.2195227427194608,-0.9018634000385646,0.5481655037292463
X6,dem_whole_c3_d1,dem_whole_c3_d1__1km2__full_grid__climb_tiebreak__native,idrija_whole_c3,dem,full_grid,,climb_tiebreak,native,1km2,1km,0.0,3,height_tiebreak,0,nan,60,18600,idrija_whole,60,15000,process,article_2_HAG_applications,True,ef9e16284540ad240c1f7b7a2233fd1b85afef67,6200,5000,88.04905170001439,7.763527549598992,850,1811932,7033492,1,main,1811932,9171798,400,9171798,2,2.5.3,236.1506517198343,236.15211340230164,True,300.11144567419024,1461.682466356408,9.827753306893102,341090304,Windows-11-10.0.26300-SP0,3.14.7,True,838.2341868082682,20261002T153852Z,1.18.1,0,9171798,231747,420451,233979,100.0,0.0,0.238098900008481,0.238098900008481,0.238098900008481,0.0,1783,676,1094.1663493271944,1670,1023,35.92397330727294,2026-10-02T15:39:27+00:00,parallel,1,"block mean, streamed in bands, NaN-aware, any void -> void",p01,,,,,,,,,
X6,dem_whole_c3_d1,dem_whole_c3_d1__1km2__hag_cta__shared_border__climb_tiebreak__native,idrija_whole_c3,dem,hag_cta,shared_border,climb_tiebreak,native,1km2,1km,10.988084200012963,3,height_tiebreak,117,6.0,60,18600,idrija_whole,60,15000,process,article_2_HAG_applications,True,ef9e16284540ad240c1f7b7a2233fd1b85afef67,6200,5000,88.04905170001439,7.763527549598992,850,1811932,7033492,1,main,118,1252,496,9171798,2,2.5.3,279.7975090874562,279.79932338723825,True,300.11144567419024,1814.2997820866108,10.301678401812667,341031888,Windows-11-10.0.26300-SP0,3.14.7,True,838.2341868082682,20261002T153852Z,1.18.1,0,1252,1246,1619,1246,0.01365054049380503,99.9863494595062,0.14865330001339316,0.14865330001339316,0.14865330001339316,0.9432213999971282,1783,676,1094.1663493271944,1670,1023,35.92397330727294,2026-10-02T15:39:27+00:00,parallel,1,"block mean, streamed in bands, NaN-aware, any void -> void",p01,inf,155.68236894394946,1.2412407098302174,0.9998287374360545,0.005376552878785917,1.1848263261174647,1.184826675298817,-0.8537758000020403,0.6243342577731278
X6,dem_whole_c3_d1,dem_whole_c3_d1__1km2__hag_cta_ring1__shared_border__climb_tiebreak__native,idrija_whole_c3,dem,hag_cta_ring1,shared_border,climb_tiebreak,native,1km2,1km,10.988084200012963,3,height_tiebreak,117,6.0,60,18600,idrija_whole,60,15000,process,article_2_HAG_applications,True,ef9e16284540ad240c1f7b7a2233fd1b85afef67,6200,5000,88.04905170001439,7.763527549598992,850,1811932,7033492,1,main,651,4963,465,9171798,2,2.5.3,251.10665215386257,251.10837469628657,True,300.11144567419024,1722.54242277373,9.692661893722484,341031480,Windows-11-10.0.26300-SP0,3.14.7,True,838.2341868082682,20261002T153852Z,1.18.1,0,4963,4905,8082,4920,0.05411152753255141,99.94588847246744,0.15267939999466762,0.15267939999466762,0.15267939999466762,0.9892514999955893,1783,676,1094.1663493271944,1670,1023,35.92397330727294,2026-10-02T15:39:27+00:00,parallel,1,"block mean, streamed in bands, NaN-aware, any void -> void",p01,inf,158.09174551506476,1.178465543934161,0.9998275412718856,0.02116532252844697,1.0633324546221108,1.0633331672476116,-0.9038319999817759,0.6412436176279237
X6,dem_whole_c3_d1,dem_whole_c3_d1__1km3__full_grid__climb_tiebreak__native,idrija_whole_c3,dem,full_grid,,climb_tiebreak,native,1km3,1km,0.0,3,height_tiebreak,0,nan,60,18600,idrija_whole,60,15000,process,article_2_HAG_applications,True,ef9e16284540ad240c1f7b7a2233fd1b85afef67,6200,5000,88.04905170001439,7.763527549598992,850,1811932,7033492,1,main,1811932,9171798,427,9171798,2,2.5.3,244.57160101996527,244.57314121715027,True,82.96350002373806,1540.1971849821696,13.082277455969345,341351416,Windows-11-10.0.26300-SP0,3.14.7,True,838.2341868082682,20261002T153852Z,1.18.1,0,9171798,776125,1484513,787584,100.0,0.0,0.5196903999894857,0.5196903999894857,0.5196903999894857,0.0,4636,5696,802.2468448052632,4903,5676,35.92397330727294,2026-10-02T15:39:27+00:00,parallel,1,"block mean, streamed in bands, NaN-aware, any void -> void",p01,,,,,,,,,
X6,dem_whole_c3_d1,dem_whole_c3_d1__1km3__hag_cta__shared_border__climb_tiebreak__native,idrija_whole_c3,dem,hag_cta,shared_border,climb_tiebreak,native,1km3,1km,10.988084200012963,3,height_tiebreak,197,6.0,60,18600,idrija_whole,60,15000,process,article_2_HAG_applications,True,ef9e16284540ad240c1f7b7a2233fd1b85afef67,6200,5000,88.04905170001439,7.763527549598992,850,1811932,7033492,1,main,198,3047,671,9171798,2,2.5.3,312.9716186523463,312.97398529022297,True,74.61107610579027,2366.637877203235,7.657020433445781,341044072,Windows-11-10.0.26300-SP0,3.14.7,True,838.2341868082682,20261002T153852Z,1.18.1,0,3047,3046,4109,3046,0.03322140326247918,99.96677859673751,0.1639677000057418,0.1639677000057418,0.1639677000057418,0.9385267999896314,4636,5696,802.2468448052632,4903,5676,35.92397330727294,2026-10-02T15:39:27+00:00,parallel,1,"block mean, streamed in bands, NaN-aware, any void -> void",p01,inf,360.0,1.5365810951216825,0.9990996258237288,0.0039246255435657915,1.2796727720926082,1.2796743899704888,-0.5828041000058874,0.31551035002582145
X6,dem_whole_c3_d1,dem_whole_c3_d1__1km3__hag_cta_ring1__shared_border__climb_tiebreak__native,idrija_whole_c3,dem,hag_cta_ring1,shared_border,climb_tiebreak,native,1km3,1km,10.988084200012963,3,height_tiebreak,197,6.0,60,18600,idrija_whole,60,15000,process,article_2_HAG_applications,True,ef9e16284540ad240c1f7b7a2233fd1b85afef67,6200,5000,88.04905170001439,7.763527549598992,850,1811932,7033492,1,main,1060,7978,356,9171798,2,2.5.3,253.83974202473956,253.8410083325317,True,69.74600856198171,1266.3077913133243,10.598078879271764,341025704,Windows-11-10.0.26300-SP0,3.14.7,True,838.2341868082682,20261002T153852Z,1.18.1,0,7978,7939,13078,7948,0.08698403519135506,99.91301596480865,0.14070479999645613,0.14070479999645613,0.14070479999645613,1.0135290000180248,4636,5696,802.2468448052632,4903,5676,35.92397330727294,2026-10-02T15:39:27+00:00,parallel,1,"block mean, streamed in bands, NaN-aware, any void -> void",p01,inf,404.21034128285237,0.8221725137927609,0.999045816174379,0.010229022386857788,1.037895409631054,1.0378940511180363,-0.6345434000249952,0.270747352653239
X6,dem_whole_c3_d1,dem_whole_c3_d1__20km1__full_grid__climb_tiebreak__native,idrija_whole_c3,dem,full_grid,,climb_tiebreak,native,20km1,20km,0.0,3,height_tiebreak,0,nan,60,18600,idrija_whole,60,15000,process,article_2_HAG_applications,True,ef9e16284540ad240c1f7b7a2233fd1b85afef67,6200,5000,88.04905170001439,7.763527549598992,850,1811932,7033492,1,main,1811932,9171798,7638,9171798,2,2.5.3,2176.295752631292,2176.3234241878704,True,699.4242711231193,27671.556472353986,10.939465731321048,341859392,Windows-11-10.0.26300-SP0,3.14.7,True,838.2341868082682,20261002T153852Z,1.18.1,0,9171798,9094317,17329955,9096479,100.0,0.0,4.310190499993041,4.310190499993041,4.310190499993041,0.0,1043,103,20305.270251833637,4150,6116,35.92397330727294,2026-10-02T15:39:27+00:00,parallel,1,"block mean, streamed in bands, NaN-aware, any void -> void",p01,,,,,,,,,
X6,dem_whole_c3_d1,dem_whole_c3_d1__20km1__hag_cta__shared_border__climb_tiebreak__native,idrija_whole_c3,dem,hag_cta,shared_border,climb_tiebreak,native,20km1,20km,10.988084200012963,3,height_tiebreak,1749,6.0,60,18600,idrija_whole,60,15000,process,article_2_HAG_applications,True,ef9e16284540ad240c1f7b7a2233fd1b85afef67,6200,5000,88.04905170001439,7.763527549598992,850,1811932,7033492,1,main,1750,83180,11252,9171798,2,2.5.3,2852.1219041612385,2852.162550089285,True,660.875692008505,40645.92789145067,8.114467709683035,341733584,Windows-11-10.0.26300-SP0,3.14.7,True,838.2341868082682,20261002T153852Z,1.18.1,0,83180,83180,133010,83180,0.9069105098040755,99.09308949019592,0.17791589998523705,0.17791589998523705,0.17791589998523705,0.9001769000024069,1043,103,20305.270251833637,4150,6116,35.92397330727294,2026-10-02T15:39:27+00:00,parallel,1,"block mean, streamed in bands, NaN-aware, any void -> void",p01,30.64175191853327,1999.1303109102219,1.468870315699772,0.9996319890488777,0.009146371299790847,1.3105396638820004,1.3105416770274458,3.232097700005397,0.04127796671296183
X6,dem_whole_c3_d1,dem_whole_c3_d1__20km1__hag_cta_ring1__shared_border__climb_tiebreak__native,idrija_whole_c3,dem,hag_cta_ring1,shared_border,climb_tiebreak,native,20km1,20km,10.988084200012963,3,height_tiebreak,1749,6.0,60,18600,idrija_whole,60,15000,process,article_2_HAG_applications,True,ef9e16284540ad240c1f7b7a2233fd1b85afef67,6200,5000,88.04905170001439,7.763527549598992,850,1811932,7033492,1,main,13548,202318,9667,9171798,2,2.5.3,2331.4441799587685,2331.4791973103697,True,660.875692008505,35017.351488405824,9.607275630667345,341649144,Windows-11-10.0.26300-SP0,3.14.7,True,838.2341868082682,20261002T153852Z,1.18.1,0,202318,202309,361590,202315,2.205870648263296,97.7941293517367,0.2233715999755077,0.2233715999755077,0.2233715999755077,1.0469745000009425,1043,103,20305.270251833637,4150,6116,35.92397330727294,2026-10-02T15:39:27+00:00,parallel,1,"block mean, streamed in bands, NaN-aware, any void -> void",p01,32.579672794925564,1990.481348819928,1.2654637451778634,0.999384986912982,0.022245650772894764,1.071290139283639,1.071292608165718,3.039844400016591,0.0518240667032857
X6,dem_whole_c3_d1,dem_whole_c3_d1__20km2__full_grid__climb_tiebreak__native,idrija_whole_c3,dem,full_grid,,climb_tiebreak,native,20km2,20km,0.0,3,height_tiebreak,0,nan,60,18600,idrija_whole,60,15000,process,article_2_HAG_applications,True,ef9e16284540ad240c1f7b7a2233fd1b85afef67,6200,5000,88.04905170001439,7.763527549598992,850,1811932,7033492,1,main,1811932,9171798,6751,9171798,2,2.5.3,1369.5379553900825,1369.5624589491163,True,102.64595589636605,24503.559072009317,10.988599597716245,341751800,Windows-11-10.0.26300-SP0,3.14.7,True,838.2341868082682,20261002T153852Z,1.18.1,0,9171798,6700743,12522245,6710808,100.0,0.0,3.2856691000051796,3.2856691000051796,3.2856691000051796,0.0,4196,5803,18646.179233290663,596,736,35.92397330727294,2026-10-02T15:39:27+00:00,parallel,1,"block mean, streamed in bands, NaN-aware, any void -> void",p01,,,,,,,,,
X6,dem_whole_c3_d1,dem_whole_c3_d1__20km2__hag_cta__shared_border__climb_tiebreak__native,idrija_whole_c3,dem,hag_cta,shared_border,climb_tiebreak,native,20km2,20km,10.988084200012963,3,height_tiebreak,1141,6.0,60,18600,idrija_whole,60,15000,process,article_2_HAG_applications,True,ef9e16284540ad240c1f7b7a2233fd1b85afef67,6200,5000,88.04905170001439,7.763527549598992,850,1811932,7033492,1,main,1142,68198,7846,9171798,2,2.5.3,1656.9802229139518,1657.0085818450864,True,134.1322157118043,28358.931147397067,7.7390414264905205,341512744,Windows-11-10.0.26300-SP0,3.14.7,True,838.2341868082682,20261002T153852Z,1.18.1,0,68198,68165,109973,68169,0.7435619493582393,99.25643805064176,0.12575470001320355,0.12575470001320355,0.12575470001320355,0.6217645999859087,4196,5803,18646.179233290663,596,736,35.92397330727294,2026-10-02T15:39:27+00:00,parallel,1,"block mean, streamed in bands, NaN-aware, any void -> void",p01,39.0194211152512,278.7418160233588,1.1573392691264912,0.9993004981978149,0.010172752484314053,1.2098826588869511,1.2098817188056772,2.5381498000060674,0.038273695915698056
X6,dem_whole_c3_d1,dem_whole_c3_d1__20km2__hag_cta_ring1__shared_border__climb_tiebreak__native,idrija_whole_c3,dem,hag_cta_ring1,shared_border,climb_tiebreak,native,20km2,20km,10.988084200012963,3,height_tiebreak,1141,6.0,60,18600,idrija_whole,60,15000,process,article_2_HAG_applications,True,ef9e16284540ad240c1f7b7a2233fd1b85afef67,6200,5000,88.04905170001439,7.763527549598992,850,1811932,7033492,1,main,9668,155969,7049,9171798,2,2.5.3,1396.4184790717236,1396.4440232623563,True,136.143087234678,25544.190673089393,9.888722418211843,341480584,Windows-11-10.0.26300-SP0,3.14.7,True,838.2341868082682,20261002T153852Z,1.18.1,0,155969,155888,278336,155944,1.7005280753021381,98.29947192469785,0.13675759997568093,0.13675759997568093,0.13675759997568093,0.751498099998571,4196,5803,18646.179233290663,596,736,35.92397330727294,2026-10-02T15:39:27+00:00,parallel,1,"block mean, streamed in bands, NaN-aware, any void -> void",p01,41.30999513840614,259.1138745802702,1.0424685898902255,0.999206394816355,0.02326428576651873,1.0196274397331213,1.0196278483960977,2.3974134000309277,0.041622450652582556
X6,dem_whole_c3_d1,dem_whole_c3_d1__20km3__full_grid__climb_tiebreak__native,idrija_whole_c3,dem,full_grid,,climb_tiebreak,native,20km3,20km,0.0,3,height_tiebreak,0,nan,60,18600,idrija_whole,60,15000,process,article_2_HAG_applications,True,ef9e16284540ad240c1f7b7a2233fd1b85afef67,6200,5000,88.04905170001439,7.763527549598992,850,1811932,7033492,1,main,1811932,9171798,6364,9171798,2,2.5.3,1800.0681389702681,1800.0911646560355,True,190.7183611834474,23025.685696793902,11.16895959735208,341773936,Windows-11-10.0.26300-SP0,3.14.7,True,838.2341868082682,20261002T153852Z,1.18.1,0,9171798,8469027,16154461,8480042,100.0,0.0,2.6477381000004243,2.6477381000004243,2.6477381000004243,0.0,1603,836,17071.39127312124,4496,5736,35.92397330727294,2026-10-02T15:39:27+00:00,parallel,1,"block mean, streamed in bands, NaN-aware, any void -> void",p01,,,,,,,,,
X6,dem_whole_c3_d1,dem_whole_c3_d1__20km3__hag_cta__shared_border__climb_tiebreak__native,idrija_whole_c3,dem,hag_cta,shared_border,climb_tiebreak,native,20km3,20km,10.988084200012963,3,height_tiebreak,1460,6.0,60,18600,idrija_whole,60,15000,process,article_2_HAG_applications,True,ef9e16284540ad240c1f7b7a2233fd1b85afef67,6200,5000,88.04905170001439,7.763527549598992,850,1811932,7033492,1,main,1461,59677,8192,9171798,2,2.5.3,2241.001597086585,2241.0310089295613,True,262.02950723266196,29411.842835642503,8.115585277204255,341533584,Windows-11-10.0.26300-SP0,3.14.7,True,838.2341868082682,20261002T153852Z,1.18.1,0,59677,59677,94401,59677,0.6506575918920151,99.34934240810799,0.1290308999887202,0.1290308999887202,0.1290308999887202,0.837827000010293,1603,836,17071.39127312124,4496,5736,35.92397330727294,2026-10-02T15:39:27+00:00,parallel,1,"block mean, streamed in bands, NaN-aware, any void -> void",p01,58.91980636094363,584.992307641733,1.2773492708509353,0.9992967515229131,0.007046500146947223,1.2449537595663205,1.244954173950285,1.6808802000014111,0.04873250114454278
X6,dem_whole_c3_d1,dem_whole_c3_d1__20km3__hag_cta_ring1__shared_border__climb_tiebreak__native,idrija_whole_c3,dem,hag_cta_ring1,shared_border,climb_tiebreak,native,20km3,20km,10.988084200012963,3,height_tiebreak,1460,6.0,60,18600,idrija_whole,60,15000,process,article_2_HAG_applications,True,ef9e16284540ad240c1f7b7a2233fd1b85afef67,6200,5000,88.04905170001439,7.763527549598992,850,1811932,7033492,1,main,11123,137487,7024,9171798,2,2.5.3,1871.9966328938797,1872.0219293575776,True,262.02950723266196,25296.46361757981,9.836042476101321,341471216,Windows-11-10.0.26300-SP0,3.14.7,True,838.2341868082682,20261002T153852Z,1.18.1,0,137487,137471,242387,137477,1.499019058204291,98.50098094179572,0.16099179998855107,0.16099179998855107,0.16099179998855107,0.7035370000230614,1603,836,17071.39127312124,4496,5736,35.92397330727294,2026-10-02T15:39:27+00:00,parallel,1,"block mean, streamed in bands, NaN-aware, any void -> void",p01,55.538705355926936,564.8690113645818,1.0986193397533475,0.9991142683273543,0.016232207076444554,1.0399587617637398,1.0399595121146472,1.7832092999888118,0.060803521310708666
X6,dem_whole_c3_d1,dem_whole_c3_d1__2km1__full_grid__climb_tiebreak__native,idrija_whole_c3,dem,full_grid,,climb_tiebreak,native,2km1,2km,0.0,3,height_tiebreak,0,nan,60,18600,idrija_whole,60,15000,process,article_2_HAG_applications,True,ef9e16284540ad240c1f7b7a2233fd1b85afef67,6200,5000,88.04905170001439,7.763527549598992,850,1811932,7033492,1,main,1811932,9171798,750,9171798,2,2.5.3,414.5581003824861,414.56081585802485,True,169.59178528787675,2715.475539043971,10.180715910018211,341154824,Windows-11-10.0.26300-SP0,3.14.7,True,838.2341868082682,20261002T153852Z,1.18.1,0,9171798,604862,1121293,608029,100.0,0.0,0.46121329997549765,0.46121329997549765,0.46121329997549765,0.0,1843,930,2008.4820138602188,1316,1343,35.92397330727294,2026-10-02T15:39:27+00:00,parallel,1,"block mean, streamed in bands, NaN-aware, any void -> void",p01,,,,,,,,,
X6,dem_whole_c3_d1,dem_whole_c3_d1__2km1__hag_cta__shared_border__climb_tiebreak__native,idrija_whole_c3,dem,hag_cta,shared_border,climb_tiebreak,native,2km1,2km,10.988084200012963,3,height_tiebreak,276,6.0,60,18600,idrija_whole,60,15000,process,article_2_HAG_applications,True,ef9e16284540ad240c1f7b7a2233fd1b85afef67,6200,5000,88.04905170001439,7.763527549598992,850,1811932,7033492,1,main,277,7344,1100,9171798,2,2.5.3,508.00202602810367,508.0059232235524,True,171.99954295683312,3897.195451878615,8.179136943611255,341078040,Windows-11-10.0.26300-SP0,3.14.7,True,838.2341868082682,20261002T153852Z,1.18.1,0,7344,6631,10395,6793,0.08007154104353367,99.91992845895646,0.1549492000194732,0.1549492000194732,0.1549492000194732,1.3947265000024345,1843,930,2008.4820138602188,1316,1343,35.92397330727294,2026-10-02T15:39:27+00:00,parallel,1,"block mean, streamed in bands, NaN-aware, any void -> void",p01,inf,189.38056922503955,1.4351797303431755,0.9997749291682301,0.010962831191246929,1.2254061024483731,1.225407476517341,-1.08846240004641,0.3359599561151099
X6,dem_whole_c3_d1,dem_whole_c3_d1__2km1__hag_cta_ring1__shared_border__climb_tiebreak__native,idrija_whole_c3,dem,hag_cta_ring1,shared_border,climb_tiebreak,native,2km1,2km,10.988084200012963,3,height_tiebreak,276,6.0,60,18600,idrija_whole,60,15000,process,article_2_HAG_applications,True,ef9e16284540ad240c1f7b7a2233fd1b85afef67,6200,5000,88.04905170001439,7.763527549598992,850,1811932,7033492,1,main,1465,22685,814,9171798,2,2.5.3,433.0307871500653,433.03370953729114,True,171.99954295683312,2922.3872272894023,10.586345505934966,341061504,Windows-11-10.0.26300-SP0,3.14.7,True,838.2341868082682,20261002T153852Z,1.18.1,0,22685,14135,23948,14460,0.24733427404310473,99.75266572595689,0.17252359999110922,0.17252359999110922,0.17252359999110922,1.0080544000084046,1843,930,2008.4820138602188,1316,1343,35.92397330727294,2026-10-02T15:39:27+00:00,parallel,1,"block mean, streamed in bands, NaN-aware, any void -> void",p01,inf,182.2361105818493,1.0761972204390684,0.9997264585067102,0.023368966805651537,1.044559946484065,1.0445601537160056,-0.7193647000240162,0.3740646681270351
X6,dem_whole_c3_d1,dem_whole_c3_d1__2km2__full_grid__climb_tiebreak__native,idrija_whole_c3,dem,full_grid,,climb_tiebreak,native,2km2,2km,0.0,3,height_tiebreak,0,nan,60,18600,idrija_whole,60,15000,process,article_2_HAG_applications,True,ef9e16284540ad240c1f7b7a2233fd1b85afef67,6200,5000,88.04905170001439,7.763527549598992,850,1811932,7033492,1,main,1811932,9171798,611,9171798,2,2.5.3,278.8975626627614,278.8997219625432,True,111.01006401909596,2159.299782086611,12.224146156679845,341167416,Windows-11-10.0.26300-SP0,3.14.7,True,838.2341868082682,20261002T153852Z,1.18.1,0,9171798,397578,750997,402113,100.0,0.0,0.33849570000893436,0.33849570000893436,0.33849570000893436,0.0,1903,1810,1519.2103211866354,2376,1990,35.92397330727294,2026-10-02T15:39:27+00:00,parallel,1,"block mean, streamed in bands, NaN-aware, any void -> void",p01,,,,,,,,,
X6,dem_whole_c3_d1,dem_whole_c3_d1__2km2__hag_cta__shared_border__climb_tiebreak__native,idrija_whole_c3,dem,hag_cta,shared_border,climb_tiebreak,native,2km2,2km,10.988084200012963,3,height_tiebreak,187,6.0,60,18600,idrija_whole,60,15000,process,article_2_HAG_applications,True,ef9e16284540ad240c1f7b7a2233fd1b85afef67,6200,5000,88.04905170001439,7.763527549598992,850,1811932,7033492,1,main,188,2754,703,9171798,2,2.5.3,321.09958902994845,321.10212871154675,True,108.52332705283432,2539.681599804631,9.186971804342301,341045928,Windows-11-10.0.26300-SP0,3.14.7,True,838.2341868082682,20261002T153852Z,1.18.1,0,2754,2748,3598,2753,0.030026827891325124,99.96997317210867,0.16797129999031313,0.16797129999031313,0.16797129999031313,1.1121870999922976,1903,1810,1519.2103211866354,2376,1990,35.92397330727294,2026-10-02T15:39:27+00:00,parallel,1,"block mean, streamed in bands, NaN-aware, any void -> void",p01,inf,134.73306943731373,1.1761597999840685,0.9996439050322438,0.0069118512593755186,1.1513173007475044,1.1513174930833077,-0.9416626999736764,0.49622875559683516
X6,dem_whole_c3_d1,dem_whole_c3_d1__2km2__hag_cta_ring1__shared_border__climb_tiebreak__native,idrija_whole_c3,dem,hag_cta_ring1,shared_border,climb_tiebreak,native,2km2,2km,10.988084200012963,3,height_tiebreak,187,6.0,60,18600,idrija_whole,60,15000,process,article_2_HAG_applications,True,ef9e16284540ad240c1f7b7a2233fd1b85afef67,6200,5000,88.04905170001439,7.763527549598992,850,1811932,7033492,1,main,1130,9529,607,9171798,2,2.5.3,291.06127251519274,291.06345212363226,True,116.49735062210691,2179.608439951712,11.967412994434014,341040952,Windows-11-10.0.26300-SP0,3.14.7,True,838.2341868082682,20261002T153852Z,1.18.1,0,9529,9441,15421,9483,0.1038945689820033,99.896105431018,0.14131830001133494,0.14131830001133494,0.14131830001133494,0.9787344000069425,1903,1810,1519.2103211866354,2376,1990,35.92397330727294,2026-10-02T15:39:27+00:00,parallel,1,"block mean, streamed in bands, NaN-aware, any void -> void",p01,inf,130.24976007655445,1.009405205351096,0.999629319817576,0.023746283748094715,1.043613539452618,1.0436132746045643,-0.781557000009343,0.41748920298723124
X6,dem_whole_c3_d1,dem_whole_c3_d1__2km3__full_grid__climb_tiebreak__native,idrija_whole_c3,dem,full_grid,,climb_tiebreak,native,2km3,2km,0.0,3,height_tiebreak,0,nan,60,18600,idrija_whole,60,15000,process,article_2_HAG_applications,True,ef9e16284540ad240c1f7b7a2233fd1b85afef67,6200,5000,88.04905170001439,7.763527549598992,850,1811932,7033492,1,main,1811932,9171798,793,9171798,2,2.5.3,372.3329772949236,372.33580810141154,True,314.4436306423624,2830.8064914856586,10.622736814128894,341243592,Windows-11-10.0.26300-SP0,3.14.7,True,838.2341868082682,20261002T153852Z,1.18.1,0,9171798,781932,1457275,787841,100.0,0.0,0.40719120000721887,0.40719120000721887,0.40719120000721887,0.0,4690,5110,2069.2993983471797,4316,4530,35.92397330727294,2026-10-02T15:39:27+00:00,parallel,1,"block mean, streamed in bands, NaN-aware, any void -> void",p01,,,,,,,,,
X6,dem_whole_c3_d1,dem_whole_c3_d1__2km3__hag_cta__shared_border__climb_tiebreak__native,idrija_whole_c3,dem,hag_cta,shared_border,climb_tiebreak,native,2km3,2km,10.988084200012963,3,height_tiebreak,222,6.0,60,18600,idrija_whole,60,15000,process,article_2_HAG_applications,True,ef9e16284540ad240c1f7b7a2233fd1b85afef67,6200,5000,88.04905170001439,7.763527549598992,850,1811932,7033492,1,main,223,5061,1130,9171798,2,2.5.3,465.2604878743507,465.2645968485843,True,305.71040400752355,4108.974239216304,9.033900799981302,341075120,Windows-11-10.0.26300-SP0,3.14.7,True,838.2341868082682,20261002T153852Z,1.18.1,0,5061,5057,7162,5061,0.05518002031880772,99.94481997968118,0.1570830999989994,0.1570830999989994,0.1570830999989994,0.9453184999874793,4690,5110,2069.2993983471797,4316,4530,35.92397330727294,2026-10-02T15:39:27+00:00,parallel,1,"block mean, streamed in bands, NaN-aware, any void -> void",p01,inf,424.20042432793485,1.4515207067579672,0.9995062998867976,0.006467314293314508,1.2495817352912568,1.2495832705992707,-0.6952103999792598,0.3857723349527557
X6,dem_whole_c3_d1,dem_whole_c3_d1__2km3__hag_cta_ring1__shared_border__climb_tiebreak__native,idrija_whole_c3,dem,hag_cta_ring1,shared_border,climb_tiebreak,native,2km3,2km,10.988084200012963,3,height_tiebreak,222,6.0,60,18600,idrija_whole,60,15000,process,article_2_HAG_applications,True,ef9e16284540ad240c1f7b7a2233fd1b85afef67,6200,5000,88.04905170001439,7.763527549598992,850,1811932,7033492,1,main,1213,15532,909,9171798,2,2.5.3,396.7618170844198,396.7650729346298,True,307.59910300925713,3255.850214087054,13.738896084000938,341062792,Windows-11-10.0.26300-SP0,3.14.7,True,838.2341868082682,20261002T153852Z,1.18.1,0,15532,15400,26491,15436,0.16934520363400937,99.83065479636599,0.13967849998152815,0.13967849998152815,0.13967849998152815,1.1619019999925513,4690,5110,2069.2993983471797,4316,4530,35.92397330727294,2026-10-02T15:39:27+00:00,parallel,1,"block mean, streamed in bands, NaN-aware, any void -> void",p01,inf,426.51729156037743,1.150149338670735,0.9994701732010839,0.019694807221088278,1.0656101964617177,1.0656108391985886,-0.8943892999668606,0.34302926973631026
X6,dem_whole_c3_d1,dem_whole_c3_d1__5km1__full_grid__climb_tiebreak__native,idrija_whole_c3,dem,full_grid,,climb_tiebreak,native,5km1,5km,0.0,3,height_tiebreak,0,nan,60,18600,idrija_whole,60,15000,process,article_2_HAG_applications,True,ef9e16284540ad240c1f7b7a2233fd1b85afef67,6200,5000,88.04905170001439,7.763527549598992,850,1811932,7033492,1,main,1811932,9171798,1571,9171798,2,2.5.3,504.8059726291237,504.81156366136725,True,105.4541273581095,5591.032247167574,13.030758144681014,341570656,Windows-11-10.0.26300-SP0,3.14.7,True,838.2341868082682,20261002T153852Z,1.18.1,0,9171798,3926925,7121995,3937224,100.0,0.0,2.341029300005175,2.341029300005175,2.341029300005175,0.0,4330,5143,4230.791888051219,3783,3843,35.92397330727294,2026-10-02T15:39:27+00:00,parallel,1,"block mean, streamed in bands, NaN-aware, any void -> void",p01,,,,,,,,,
X6,dem_whole_c3_d1,dem_whole_c3_d1__5km1__hag_cta__shared_border__climb_tiebreak__native,idrija_whole_c3,dem,hag_cta,shared_border,climb_tiebreak,native,5km1,5km,10.988084200012963,3,height_tiebreak,406,6.0,60,18600,idrija_whole,60,15000,process,article_2_HAG_applications,True,ef9e16284540ad240c1f7b7a2233fd1b85afef67,6200,5000,88.04905170001439,7.763527549598992,850,1811932,7033492,1,main,407,18393,2076,9171798,2,2.5.3,655.5581902398017,655.5655385869703,True,199.96270073784595,7348.347181155835,7.208096228749522,341138176,Windows-11-10.0.26300-SP0,3.14.7,True,838.2341868082682,20261002T153852Z,1.18.1,0,18393,18349,27312,18360,0.20053865120012457,99.79946134879988,0.16258420000667684,0.16258420000667684,0.16258420000667684,1.1793068000115454,4330,5143,4230.791888051219,3783,3843,35.92397330727294,2026-10-02T15:39:27+00:00,parallel,1,"block mean, streamed in bands, NaN-aware, any void -> void",p01,99.12254980248541,1157.5374723956024,1.3143095686630175,0.9987338490809936,0.004672612794998632,1.2986339817366508,1.298634155351343,0.9991382999869529,0.06944987831050103
X6,dem_whole_c3_d1,dem_whole_c3_d1__5km1__hag_cta_ring1__shared_border__climb_tiebreak__native,idrija_whole_c3,dem,hag_cta_ring1,shared_border,climb_tiebreak,native,5km1,5km,10.988084200012963,3,height_tiebreak,406,6.0,60,18600,idrija_whole,60,15000,process,article_2_HAG_applications,True,ef9e16284540ad240c1f7b7a2233fd1b85afef67,6200,5000,88.04905170001439,7.763527549598992,850,1811932,7033492,1,main,2599,52643,1701,9171798,2,2.5.3,546.1679924858947,546.1739884298203,True,126.67414022586888,5995.943935413005,9.820730288125015,341120408,Windows-11-10.0.26300-SP0,3.14.7,True,838.2341868082682,20261002T153852Z,1.18.1,0,52643,52401,87245,52410,0.573965977009088,99.42603402299092,0.15954160000546835,0.15954160000546835,0.15954160000546835,1.2166164999944158,4330,5143,4230.791888051219,3783,3843,35.92397330727294,2026-10-02T15:39:27+00:00,parallel,1,"block mean, streamed in bands, NaN-aware, any void -> void",p01,102.64285626877894,1180.5409776877718,1.0724216334918406,0.9986818305609952,0.013344028724765561,1.0819364708411627,1.081936365459725,0.964871200005291,0.0681501935943799
X6,dem_whole_c3_d1,dem_whole_c3_d1__5km2__full_grid__climb_tiebreak__native,idrija_whole_c3,dem,full_grid,,climb_tiebreak,native,5km2,5km,0.0,3,height_tiebreak,0,nan,60,18600,idrija_whole,60,15000,process,article_2_HAG_applications,True,ef9e16284540ad240c1f7b7a2233fd1b85afef67,6200,5000,88.04905170001439,7.763527549598992,850,1811932,7033492,1,main,1811932,9171798,1922,9171798,2,2.5.3,595.8903435601126,595.8973280758981,True,406.5775277389512,6984.515795438258,10.997297758337812,341413848,Windows-11-10.0.26300-SP0,3.14.7,True,838.2341868082682,20261002T153852Z,1.18.1,0,9171798,1870785,3649491,1881582,100.0,0.0,1.0885557999718003,1.0885557999718003,1.0885557999718003,0.0,1016,1790,5014.618629566959,2450,2650,35.92397330727294,2026-10-02T15:39:27+00:00,parallel,1,"block mean, streamed in bands, NaN-aware, any void -> void",p01,,,,,,,,,
X6,dem_whole_c3_d1,dem_whole_c3_d1__5km2__hag_cta__shared_border__climb_tiebreak__native,idrija_whole_c3,dem,hag_cta,shared_border,climb_tiebreak,native,5km2,5km,10.988084200012963,3,height_tiebreak,427,6.0,60,18600,idrija_whole,60,15000,process,article_2_HAG_applications,True,ef9e16284540ad240c1f7b7a2233fd1b85afef67,6200,5000,88.04905170001439,7.763527549598992,850,1811932,7033492,1,main,428,27598,2306,9171798,2,2.5.3,728.7486640082471,728.7569819495908,True,544.276154624128,8317.941335757674,7.743242148572291,341153136,Windows-11-10.0.26300-SP0,3.14.7,True,838.2341868082682,20261002T153852Z,1.18.1,0,27598,27598,43965,27598,0.30090065219491313,99.69909934780509,0.14553440001327544,0.14553440001327544,0.14553440001327544,1.0939799000043422,1016,1790,5014.618629566959,2450,2650,35.92397330727294,2026-10-02T15:39:27+00:00,parallel,1,"block mean, streamed in bands, NaN-aware, any void -> void",p01,inf,170.7629936490925,1.1909116650849736,0.9992363754384093,0.01475209604524304,1.222957666429666,1.2229572908183448,-0.15095850004581735,0.13369493784061928
X6,dem_whole_c3_d1,dem_whole_c3_d1__5km2__hag_cta_ring1__shared_border__climb_tiebreak__native,idrija_whole_c3,dem,hag_cta_ring1,shared_border,climb_tiebreak,native,5km2,5km,10.988084200012963,3,height_tiebreak,427,6.0,60,18600,idrija_whole,60,15000,process,article_2_HAG_applications,True,ef9e16284540ad240c1f7b7a2233fd1b85afef67,6200,5000,88.04905170001439,7.763527549598992,850,1811932,7033492,1,main,3030,56404,1986,9171798,2,2.5.3,616.625298394097,616.6325271007968,True,385.34448743641457,7228.706704297268,9.452672911591558,341140736,Windows-11-10.0.26300-SP0,3.14.7,True,838.2341868082682,20261002T153852Z,1.18.1,0,56404,56385,97626,56392,0.6149721134285775,99.38502788657142,0.17429039999842644,0.17429039999842644,0.17429039999842644,0.9945441000163555,1016,1790,5014.618629566959,2450,2650,35.92397330727294,2026-10-02T15:39:27+00:00,parallel,1,"block mean, streamed in bands, NaN-aware, any void -> void",p01,inf,157.8923684032892,1.034961751968332,0.9992000558805687,0.030139754167368246,1.0347965948065285,1.0347965967423463,-0.08027870004298165,0.16011159005623923
X6,dem_whole_c3_d1,dem_whole_c3_d1__5km3__full_grid__climb_tiebreak__native,idrija_whole_c3,dem,full_grid,,climb_tiebreak,native,5km3,5km,0.0,3,height_tiebreak,0,nan,60,18600,idrija_whole,60,15000,process,article_2_HAG_applications,True,ef9e16284540ad240c1f7b7a2233fd1b85afef67,6200,5000,88.04905170001439,7.763527549598992,850,1811932,7033492,1,main,1811932,9171798,2284,9171798,2,2.5.3,519.3302680121525,519.3384553361656,True,119.11455160222144,8187.3240200274695,11.805949764596225,341585744,Windows-11-10.0.26300-SP0,3.14.7,True,838.2341868082682,20261002T153852Z,1.18.1,0,9171798,2998910,5462614,3010471,100.0,0.0,1.4717368999845348,1.4717368999845348,1.4717368999845348,0.0,4030,5510,5259.3535724459525,3256,3936,35.92397330727294,2026-10-02T15:39:27+00:00,parallel,1,"block mean, streamed in bands, NaN-aware, any void -> void",p01,,,,,,,,,
X6,dem_whole_c3_d1,dem_whole_c3_d1__5km3__hag_cta__shared_border__climb_tiebreak__native,idrija_whole_c3,dem,hag_cta,shared_border,climb_tiebreak,native,5km3,5km,10.988084200012963,3,height_tiebreak,417,6.0,60,18600,idrija_whole,60,15000,process,article_2_HAG_applications,True,ef9e16284540ad240c1f7b7a2233fd1b85afef67,6200,5000,88.04905170001439,7.763527549598992,850,1811932,7033492,1,main,418,21827,3295,9171798,2,2.5.3,696.9515991210928,696.96339975829,True,102.03334677027614,11800.637220912176,7.716894463398628,341217224,Windows-11-10.0.26300-SP0,3.14.7,True,838.2341868082682,20261002T153852Z,1.18.1,0,21827,21826,33129,21826,0.23797951066955464,99.76202048933045,0.15645469998707995,0.15645469998707995,0.15645469998707995,0.873405799997272,4030,5510,5259.3535724459525,3256,3936,35.92397330727294,2026-10-02T15:39:27+00:00,parallel,1,"block mean, streamed in bands, NaN-aware, any void -> void",p01,224.12859319933438,688.1584119953777,1.4413301821261721,0.9989211493556944,0.007277977665218363,1.3420199862196054,1.3420215518358805,0.4418764000001829,0.10630616110034612
X6,dem_whole_c3_d1,dem_whole_c3_d1__5km3__hag_cta_ring1__shared_border__climb_tiebreak__native,idrija_whole_c3,dem,hag_cta_ring1,shared_border,climb_tiebreak,native,5km3,5km,10.988084200012963,3,height_tiebreak,417,6.0,60,18600,idrija_whole,60,15000,process,article_2_HAG_applications,True,ef9e16284540ad240c1f7b7a2233fd1b85afef67,6200,5000,88.04905170001439,7.763527549598992,850,1811932,7033492,1,main,3769,56083,2849,9171798,2,2.5.3,550.6656697591148,550.6758416184001,True,95.50283926504524,10171.859300126265,9.545985027477627,341189432,Windows-11-10.0.26300-SP0,3.14.7,True,838.2341868082682,20261002T153852Z,1.18.1,0,56083,56064,97048,56079,0.6114722544042074,99.3885277455958,0.16633479998563416,0.16633479998563416,0.16633479998563416,0.9317401000007521,4030,5510,5259.3535724459525,3256,3936,35.92397330727294,2026-10-02T15:39:27+00:00,parallel,1,"block mean, streamed in bands, NaN-aware, any void -> void",p01,265.0447085882912,667.3836977331706,1.2423911983017055,0.9988397876464071,0.018694792441253657,1.0603381001975973,1.060340970248294,0.37366199999814853,0.11301938545359706
X6,dem_whole_c3_d2,dem_whole_c3_d2__10km1__full_grid__climb_tiebreak__native,idrija_whole_c3,dem,full_grid,,climb_tiebreak,native,10km1,10km,0.0,3,height_tiebreak,0,nan,60,18600,idrija_whole,60,15000,process,article_2_HAG_applications,True,6f060dbaf1c69bc25c1517ab2245b48bb8526299,6200,5000,82.96508999998332,7.10481059591973,407,347379,1234031,2,fine,347379,9171798,4256,9171798,8,2.5.3,1298.297105577256,1298.312532313597,True,128.90926440332467,15426.73635180951,11.10154668976189,341638928,Windows-11-10.0.26300-SP0,3.14.7,True,838.2341868082682,20261002T123837Z,1.18.1,0,9171798,6379241,11830046,6386025,100.0,0.0,5.788998999982141,5.788998999982141,5.788998999982141,0.0,4343,3790,9873.317578200349,1776,1730,35.92397330727294,2026-10-02T12:39:47+00:00,parallel,1,"block mean, streamed in bands, NaN-aware, any void -> void",p03,,,,,,,,,
X6,dem_whole_c3_d2,dem_whole_c3_d2__10km1__hag_cta__shared_border__climb_tiebreak__native,idrija_whole_c3,dem,hag_cta,shared_border,climb_tiebreak,native,10km1,10km,10.603932500001974,3,height_tiebreak,382,6.0,60,18600,idrija_whole,60,15000,process,article_2_HAG_applications,True,6f060dbaf1c69bc25c1517ab2245b48bb8526299,6200,5000,82.96508999998332,7.10481059591973,407,347379,1234031,2,fine,383,35042,6491,9171798,8,2.5.3,3307.7967258029576,3307.8196366751663,True,129.92011176215405,22910.8720626333,7.761346783035315,341421720,Windows-11-10.0.26300-SP0,3.14.7,True,838.2341868082682,20261002T123837Z,1.18.1,0,35042,34942,52670,34944,0.38206249199993286,99.61793750800007,0.18450870001106523,0.18450870001106523,0.18450870001106523,0.17850139999063686,4343,3790,9873.317578200349,1776,1730,35.92397330727294,2026-10-02T12:39:47+00:00,parallel,1,"block mean, streamed in bands, NaN-aware, any void -> void",p03,17.24460263829928,581.9458737717796,1.485140572843583,0.9993642176514498,0.005477454136001446,2.54779642625193,2.5477837996222843,5.425988899980439,0.03187229778613443
X6,dem_whole_c3_d2,dem_whole_c3_d2__10km1__hag_cta_ring1__shared_border__climb_tiebreak__native,idrija_whole_c3,dem,hag_cta_ring1,shared_border,climb_tiebreak,native,10km1,10km,10.603932500001974,3,height_tiebreak,382,6.0,60,18600,idrija_whole,60,15000,process,article_2_HAG_applications,True,6f060dbaf1c69bc25c1517ab2245b48bb8526299,6200,5000,82.96508999998332,7.10481059591973,407,347379,1234031,2,fine,2652,107171,4949,9171798,8,2.5.3,2078.5516764322897,2078.5693275576577,True,128.90926440332467,17651.125312202465,10.975640947334632,341328904,Windows-11-10.0.26300-SP0,3.14.7,True,838.2341868082682,20261002T123837Z,1.18.1,0,107171,106698,193776,106719,1.1684840856721876,98.83151591432781,0.20232529999339022,0.20232529999339022,0.20232529999339022,0.19234410001081415,4343,3790,9873.317578200349,1776,1730,35.92397330727294,2026-10-02T12:39:47+00:00,parallel,1,"block mean, streamed in bands, NaN-aware, any void -> void",p03,17.345811145905508,589.8643911951289,1.144190508586221,0.999092539009489,0.016725814246553783,1.6009830627390274,1.600977635064217,5.394329599977937,0.03494996285092024
X6,dem_whole_c3_d2,dem_whole_c3_d2__10km2__full_grid__climb_tiebreak__native,idrija_whole_c3,dem,full_grid,,climb_tiebreak,native,10km2,10km,0.0,3,height_tiebreak,0,nan,60,18600,idrija_whole,60,15000,process,article_2_HAG_applications,True,6f060dbaf1c69bc25c1517ab2245b48bb8526299,6200,5000,82.96508999998332,7.10481059591973,407,347379,1234031,2,fine,347379,9171798,3633,9171798,8,2.5.3,1363.5602010091147,1363.5732455348584,True,121.99300130208333,13044.525748029244,11.094262718589158,341637000,Windows-11-10.0.26300-SP0,3.14.7,True,838.2341868082682,20261002T123837Z,1.18.1,0,9171798,7311955,13768545,7324206,100.0,0.0,5.997659599990584,5.997659599990584,5.997659599990584,0.0,1790,1590,9605.7690998691,3863,4030,35.92397330727294,2026-10-02T12:39:47+00:00,parallel,1,"block mean, streamed in bands, NaN-aware, any void -> void",p03,,,,,,,,,
X6,dem_whole_c3_d2,dem_whole_c3_d2__10km2__hag_cta__shared_border__climb_tiebreak__native,idrija_whole_c3,dem,hag_cta,shared_border,climb_tiebreak,native,10km2,10km,10.603932500001974,3,height_tiebreak,387,6.0,60,18600,idrija_whole,60,15000,process,article_2_HAG_applications,True,6f060dbaf1c69bc25c1517ab2245b48bb8526299,6200,5000,82.96508999998332,7.10481059591973,407,347379,1234031,2,fine,388,23224,5660,9171798,8,2.5.3,3149.4509006076432,3149.470864916041,True,132.73835358796,19964.308211834767,6.041300368543123,341367632,Windows-11-10.0.26300-SP0,3.14.7,True,838.2341868082682,20261002T123837Z,1.18.1,0,23224,22889,32689,22946,0.25321098436751444,99.74678901563249,0.25887130000046454,0.25887130000046454,0.25887130000046454,0.24692459998186678,1790,1590,9605.7690998691,3863,4030,35.92397330727294,2026-10-02T12:39:47+00:00,parallel,1,"block mean, streamed in bands, NaN-aware, any void -> void",p03,17.03775395952465,581.9458737717796,1.530474054593434,0.9992115373920272,0.003130352963058443,2.3097263313177256,2.3097188766568006,5.491863700008253,0.043162052744852505
X6,dem_whole_c3_d2,dem_whole_c3_d2__10km2__hag_cta_ring1__shared_border__climb_tiebreak__native,idrija_whole_c3,dem,hag_cta_ring1,shared_border,climb_tiebreak,native,10km2,10km,10.603932500001974,3,height_tiebreak,387,6.0,60,18600,idrija_whole,60,15000,process,article_2_HAG_applications,True,6f060dbaf1c69bc25c1517ab2245b48bb8526299,6200,5000,82.96508999998332,7.10481059591973,407,347379,1234031,2,fine,2493,75701,4514,9171798,8,2.5.3,2155.9380967881925,2155.9541658047247,True,94.15270780618607,16069.016438974866,11.127828331798826,341296624,Windows-11-10.0.26300-SP0,3.14.7,True,838.2341868082682,20261002T123837Z,1.18.1,0,75701,74897,135500,75003,0.8253670654325357,99.17463293456747,0.27342050001607276,0.27342050001607276,0.27342050001607276,0.24589859999832697,1790,1590,9605.7690998691,3863,4030,35.92397330727294,2026-10-02T12:39:47+00:00,parallel,1,"block mean, streamed in bands, NaN-aware, any void -> void",p03,17.07981139551148,589.9711857370663,1.2318589996575813,0.9990036910521987,0.010243088202813064,1.58110958004837,1.5811062389677912,5.478340499976184,0.04558786564287543
X6,dem_whole_c3_d2,dem_whole_c3_d2__10km3__full_grid__climb_tiebreak__native,idrija_whole_c3,dem,full_grid,,climb_tiebreak,native,10km3,10km,0.0,3,height_tiebreak,0,nan,60,18600,idrija_whole,60,15000,process,article_2_HAG_applications,True,6f060dbaf1c69bc25c1517ab2245b48bb8526299,6200,5000,82.96508999998332,7.10481059591973,407,347379,1234031,2,fine,347379,9171798,4795,9171798,8,2.5.3,1532.93509250217,1532.9521847015255,True,214.80125144676094,17092.199338607163,10.4683082481386,341809592,Windows-11-10.0.26300-SP0,3.14.7,True,838.2341868082682,20261002T123837Z,1.18.1,0,9171798,8361523,15961634,8367543,100.0,0.0,7.962189200014109,7.962189200014109,7.962189200014109,0.0,2896,4256,11336.966084451342,590,1263,35.92397330727294,2026-10-02T12:39:47+00:00,parallel,1,"block mean, streamed in bands, NaN-aware, any void -> void",p03,,,,,,,,,
X6,dem_whole_c3_d2,dem_whole_c3_d2__10km3__hag_cta__shared_border__climb_tiebreak__native,idrija_whole_c3,dem,hag_cta,shared_border,climb_tiebreak,native,10km3,10km,10.603932500001974,3,height_tiebreak,505,6.0,60,18600,idrija_whole,60,15000,process,article_2_HAG_applications,True,6f060dbaf1c69bc25c1517ab2245b48bb8526299,6200,5000,82.96508999998332,7.10481059591973,407,347379,1234031,2,fine,506,61462,8166,9171798,8,2.5.3,3719.3535698784776,3719.382118372525,True,268.06672421459496,28548.49392138311,6.551122569009842,341532984,Windows-11-10.0.26300-SP0,3.14.7,True,838.2341868082682,20261002T123837Z,1.18.1,0,61462,58421,89845,58462,0.6701194247845406,99.32988057521545,0.19769710002583452,0.19769710002583452,0.19769710002583452,0.12661819998174906,2896,4256,11336.966084451342,590,1263,35.92397330727294,2026-10-02T12:39:47+00:00,parallel,1,"block mean, streamed in bands, NaN-aware, any void -> void",p03,12.250663433957106,509.54980129522176,1.6702645081431349,0.9991907541319086,0.006986885044746035,2.426295534670991,2.4262871050323787,7.637873900006525,0.02482949036497201
X6,dem_whole_c3_d2,dem_whole_c3_d2__10km3__hag_cta_ring1__shared_border__climb_tiebreak__native,idrija_whole_c3,dem,hag_cta_ring1,shared_border,climb_tiebreak,native,10km3,10km,10.603932500001974,3,height_tiebreak,505,6.0,60,18600,idrija_whole,60,15000,process,article_2_HAG_applications,True,6f060dbaf1c69bc25c1517ab2245b48bb8526299,6200,5000,82.96508999998332,7.10481059591973,407,347379,1234031,2,fine,3290,198453,5115,9171798,8,2.5.3,2090.1508653428796,2090.1691213353215,True,358.37978786892296,18255.992411294726,10.040926752444811,341341144,Windows-11-10.0.26300-SP0,3.14.7,True,838.2341868082682,20261002T123837Z,1.18.1,0,198453,191162,346153,191250,2.163730601131861,97.83626939886814,0.29734479999751784,0.29734479999751784,0.29734479999751784,0.19588879999355413,2896,4256,11336.966084451342,590,1263,35.92397330727294,2026-10-02T12:39:47+00:00,parallel,1,"block mean, streamed in bands, NaN-aware, any void -> void",p03,12.527725094482648,400.38481489686893,1.0680891352617703,0.998629505985309,0.022862102992481155,1.3634959989931348,1.3634927052485262,7.468955600023037,0.03734460366716618
X6,dem_whole_c3_d2,dem_whole_c3_d2__1km1__full_grid__climb_tiebreak__native,idrija_whole_c3,dem,full_grid,,climb_tiebreak,native,1km1,1km,0.0,3,height_tiebreak,0,nan,60,18600,idrija_whole,60,15000,process,article_2_HAG_applications,True,6f060dbaf1c69bc25c1517ab2245b48bb8526299,6200,5000,82.96508999998332,7.10481059591973,407,347379,1234031,2,fine,347379,9171798,438,9171798,8,2.5.3,145.73576524522502,145.73728003829814,True,463.5110142379924,1514.793072687563,13.32405327992593,341114208,Windows-11-10.0.26300-SP0,3.14.7,True,838.2341868082682,20261002T123837Z,1.18.1,0,9171798,252637,456432,255235,100.0,0.0,0.3785042999952566,0.3785042999952566,0.3785042999952566,0.0,796,1730,973.2420048477151,743,1410,35.92397330727294,2026-10-02T12:39:47+00:00,parallel,1,"block mean, streamed in bands, NaN-aware, any void -> void",p03,,,,,,,,,
X6,dem_whole_c3_d2,dem_whole_c3_d2__1km1__hag_cta__shared_border__climb_tiebreak__native,idrija_whole_c3,dem,hag_cta,shared_border,climb_tiebreak,native,1km1,1km,10.603932500001974,3,height_tiebreak,52,6.0,60,18600,idrija_whole,60,15000,process,article_2_HAG_applications,True,6f060dbaf1c69bc25c1517ab2245b48bb8526299,6200,5000,82.96508999998332,7.10481059591973,407,347379,1234031,2,fine,53,45764,692,9171798,8,2.5.3,166.72465684678662,166.7270628744926,True,463.5110142379924,2406.0277041479685,9.940865002457334,341056144,Windows-11-10.0.26300-SP0,3.14.7,True,838.2341868082682,20261002T123837Z,1.18.1,0,45764,42372,75439,42467,0.49896432520646444,99.50103567479354,0.23583019999205135,0.23583019999205135,0.23583019999205135,0.17584040001383983,796,1730,973.2420048477151,743,1410,35.92397330727294,2026-10-02T12:39:47+00:00,parallel,1,"block mean, streamed in bands, NaN-aware, any void -> void",p03,inf,324.47187859658965,1.5883540448723912,0.999829781349946,0.16771890103191536,1.1440201831461498,1.144024801551659,-0.033166300010634586,0.6230581792465945
X6,dem_whole_c3_d2,dem_whole_c3_d2__1km1__hag_cta_ring1__shared_border__climb_tiebreak__native,idrija_whole_c3,dem,hag_cta_ring1,shared_border,climb_tiebreak,native,1km1,1km,10.603932500001974,3,height_tiebreak,52,6.0,60,18600,idrija_whole,60,15000,process,article_2_HAG_applications,True,6f060dbaf1c69bc25c1517ab2245b48bb8526299,6200,5000,82.96508999998332,7.10481059591973,407,347379,1234031,2,fine,455,81270,503,9171798,8,2.5.3,147.98941379123255,147.99114222391628,True,463.5110142379924,1728.432682994352,12.253510633456328,341054080,Windows-11-10.0.26300-SP0,3.14.7,True,838.2341868082682,20261002T123837Z,1.18.1,0,81270,69155,124588,69600,0.8860858034596925,99.1139141965403,0.1968975999916438,0.1968975999916438,0.1968975999916438,0.23856879997765645,796,1730,973.2420048477151,743,1410,35.92397330727294,2026-10-02T12:39:47+00:00,parallel,1,"block mean, streamed in bands, NaN-aware, any void -> void",p03,inf,103.0970416646375,1.1410355078583423,0.9998237305905475,0.27373266781983635,1.015463935995501,1.015465241186235,-0.05696209997404367,0.520199110007763
X6,dem_whole_c3_d2,dem_whole_c3_d2__1km2__full_grid__climb_tiebreak__native,idrija_whole_c3,dem,full_grid,,climb_tiebreak,native,1km2,1km,0.0,3,height_tiebreak,0,nan,60,18600,idrija_whole,60,15000,process,article_2_HAG_applications,True,6f060dbaf1c69bc25c1517ab2245b48bb8526299,6200,5000,82.96508999998332,7.10481059591973,407,347379,1234031,2,fine,347379,9171798,400,9171798,8,2.5.3,236.1506517198343,236.15211340230164,True,300.11144567419024,1461.682466356408,9.827753306893102,341090160,Windows-11-10.0.26300-SP0,3.14.7,True,838.2341868082682,20261002T123837Z,1.18.1,0,9171798,231747,420451,233979,100.0,0.0,0.2037797000084538,0.2037797000084538,0.2037797000084538,0.0,1783,676,1094.1663493271944,1670,1023,35.92397330727294,2026-10-02T12:39:47+00:00,parallel,1,"block mean, streamed in bands, NaN-aware, any void -> void",p03,,,,,,,,,
X6,dem_whole_c3_d2,dem_whole_c3_d2__1km2__hag_cta__shared_border__climb_tiebreak__native,idrija_whole_c3,dem,hag_cta,shared_border,climb_tiebreak,native,1km2,1km,10.603932500001974,3,height_tiebreak,65,6.0,60,18600,idrija_whole,60,15000,process,article_2_HAG_applications,True,6f060dbaf1c69bc25c1517ab2245b48bb8526299,6200,5000,82.96508999998332,7.10481059591973,407,347379,1234031,2,fine,66,3519,495,9171798,8,2.5.3,269.7963901095908,269.79820016673267,True,300.11144567419024,1810.0571413994915,7.397088049004763,341032824,Windows-11-10.0.26300-SP0,3.14.7,True,838.2341868082682,20261002T123837Z,1.18.1,0,3519,3477,5281,3477,0.038367613416693216,99.9616323865833,0.16666660000919364,0.16666660000919364,0.16666660000919364,0.1394739999959711,1783,676,1094.1663493271944,1670,1023,35.92397330727294,2026-10-02T12:39:47+00:00,parallel,1,"block mean, streamed in bands, NaN-aware, any void -> void",p03,inf,174.92855684535903,1.2383381364021493,0.9998319036820059,0.01500343046511929,1.142475738028762,1.1424763313767705,-0.10236089999671094,0.8178763635547578
X6,dem_whole_c3_d2,dem_whole_c3_d2__1km2__hag_cta_ring1__shared_border__climb_tiebreak__native,idrija_whole_c3,dem,hag_cta_ring1,shared_border,climb_tiebreak,native,1km2,1km,10.603932500001974,3,height_tiebreak,65,6.0,60,18600,idrija_whole,60,15000,process,article_2_HAG_applications,True,6f060dbaf1c69bc25c1517ab2245b48bb8526299,6200,5000,82.96508999998332,7.10481059591973,407,347379,1234031,2,fine,378,10590,477,9171798,8,2.5.3,247.9282124837232,247.92996357030293,True,300.11144567419024,1751.0865786510144,10.371948158159777,341033928,Windows-11-10.0.26300-SP0,3.14.7,True,838.2341868082682,20261002T123837Z,1.18.1,0,10590,10341,18174,10420,0.11546263884137004,99.88453736115864,0.19620210002176464,0.19620210002176464,0.19620210002176464,0.16825360001530498,1783,676,1094.1663493271944,1670,1023,35.92397330727294,2026-10-02T12:39:47+00:00,parallel,1,"block mean, streamed in bands, NaN-aware, any void -> void",p03,inf,158.09174551506476,1.1979938317355718,0.9998351403628882,0.0446219368535515,1.0498730817726543,1.0498739985779288,-0.16067600002861582,0.9628147455984339
X6,dem_whole_c3_d2,dem_whole_c3_d2__1km3__full_grid__climb_tiebreak__native,idrija_whole_c3,dem,full_grid,,climb_tiebreak,native,1km3,1km,0.0,3,height_tiebreak,0,nan,60,18600,idrija_whole,60,15000,process,article_2_HAG_applications,True,6f060dbaf1c69bc25c1517ab2245b48bb8526299,6200,5000,82.96508999998332,7.10481059591973,407,347379,1234031,2,fine,347379,9171798,427,9171798,8,2.5.3,244.57160101996527,244.57314121715027,True,82.96350002373806,1540.1971849821696,13.082277455969345,341351320,Windows-11-10.0.26300-SP0,3.14.7,True,838.2341868082682,20261002T123837Z,1.18.1,0,9171798,776125,1484513,787584,100.0,0.0,0.5884596999967471,0.5884596999967471,0.5884596999967471,0.0,4636,5696,802.2468448052632,4903,5676,35.92397330727294,2026-10-02T12:39:47+00:00,parallel,1,"block mean, streamed in bands, NaN-aware, any void -> void",p03,,,,,,,,,
X6,dem_whole_c3_d2,dem_whole_c3_d2__1km3__hag_cta__shared_border__climb_tiebreak__native,idrija_whole_c3,dem,hag_cta,shared_border,climb_tiebreak,native,1km3,1km,10.603932500001974,3,height_tiebreak,119,6.0,60,18600,idrija_whole,60,15000,process,article_2_HAG_applications,True,6f060dbaf1c69bc25c1517ab2245b48bb8526299,6200,5000,82.96508999998332,7.10481059591973,407,347379,1234031,2,fine,120,20866,1517,9171798,8,2.5.3,584.6869778103285,584.6922950049038,True,146.12155490451264,5317.194585326837,8.215613460488898,341102104,Windows-11-10.0.26300-SP0,3.14.7,True,838.2341868082682,20261002T123837Z,1.18.1,0,20866,20468,33797,20479,0.22750173957167394,99.77249826042832,0.2240901000041049,0.2240901000041049,0.2240901000041049,0.219742999994196,4636,5696,802.2468448052632,4903,5676,35.92397330727294,2026-10-02T12:39:47+00:00,parallel,1,"block mean, streamed in bands, NaN-aware, any void -> void",p03,646.9696618809443,960.1171803483156,3.4522817189724915,0.9992699134721378,0.026372040586245774,2.3906576862233417,2.3906643717912197,0.14462659999844618,0.38080789560498984
X6,dem_whole_c3_d2,dem_whole_c3_d2__1km3__hag_cta_ring1__shared_border__climb_tiebreak__native,idrija_whole_c3,dem,hag_cta_ring1,shared_border,climb_tiebreak,native,1km3,1km,10.603932500001974,3,height_tiebreak,119,6.0,60,18600,idrija_whole,60,15000,process,article_2_HAG_applications,True,6f060dbaf1c69bc25c1517ab2245b48bb8526299,6200,5000,82.96508999998332,7.10481059591973,407,347379,1234031,2,fine,705,51239,794,9171798,8,2.5.3,331.8647867838543,331.8675833111242,True,114.25442165798738,2796.5272708720804,10.610289615223708,341062864,Windows-11-10.0.26300-SP0,3.14.7,True,838.2341868082682,20261002T123837Z,1.18.1,0,51239,49158,87357,49344,0.5586581823978243,99.44134181760218,0.18272810001508333,0.18272810001508333,0.18272810001508333,0.33943610001006164,4636,5696,802.2468448052632,4903,5676,35.92397330727294,2026-10-02T12:39:47+00:00,parallel,1,"block mean, streamed in bands, NaN-aware, any void -> void",p03,1411.3932701324507,853.630482117409,1.815694313779995,0.999154958592221,0.06333773554517635,1.3569228209646589,1.3569257100740568,0.06629549997160211,0.3105193100157809
X6,dem_whole_c3_d2,dem_whole_c3_d2__20km1__full_grid__climb_tiebreak__native,idrija_whole_c3,dem,full_grid,,climb_tiebreak,native,20km1,20km,0.0,3,height_tiebreak,0,nan,60,18600,idrija_whole,60,15000,process,article_2_HAG_applications,True,6f060dbaf1c69bc25c1517ab2245b48bb8526299,6200,5000,82.96508999998332,7.10481059591973,407,347379,1234031,2,fine,347379,9171798,7638,9171798,8,2.5.3,2176.295752631292,2176.3234241878704,True,699.4242711231193,27671.556472353986,10.939465731321048,341859264,Windows-11-10.0.26300-SP0,3.14.7,True,838.2341868082682,20261002T123837Z,1.18.1,0,9171798,9094317,17329955,9096479,100.0,0.0,8.392027199995937,8.392027199995937,8.392027199995937,0.0,1043,103,20305.270251833637,4150,6116,35.92397330727294,2026-10-02T12:39:47+00:00,parallel,1,"block mean, streamed in bands, NaN-aware, any void -> void",p03,,,,,,,,,
X6,dem_whole_c3_d2,dem_whole_c3_d2__20km1__hag_cta__shared_border__climb_tiebreak__native,idrija_whole_c3,dem,hag_cta,shared_border,climb_tiebreak,native,20km1,20km,10.603932500001974,3,height_tiebreak,739,6.0,60,18600,idrija_whole,60,15000,process,article_2_HAG_applications,True,6f060dbaf1c69bc25c1517ab2245b48bb8526299,6200,5000,82.96508999998332,7.10481059591973,407,347379,1234031,2,fine,740,124689,14685,9171798,8,2.5.3,6291.353837754992,6291.406486343647,True,688.7969214171762,52648.58827349123,7.466094398608672,341958088,Windows-11-10.0.26300-SP0,3.14.7,True,838.2341868082682,20261002T123837Z,1.18.1,0,124689,124686,201456,124688,1.3594826227093095,98.64051737729069,0.3506327999930363,0.3506327999930363,0.3506327999930363,0.21674410000559874,1043,103,20305.270251833637,4150,6116,35.92397330727294,2026-10-02T12:39:47+00:00,parallel,1,"block mean, streamed in bands, NaN-aware, any void -> void",p03,11.958236970669164,1627.1066344895776,1.9026247521020807,1.0002890780224696,0.013710320412187083,2.890854255515736,2.8908416903573904,7.824650299997302,0.0417816567602648
X6,dem_whole_c3_d2,dem_whole_c3_d2__20km1__hag_cta_ring1__shared_border__climb_tiebreak__native,idrija_whole_c3,dem,hag_cta_ring1,shared_border,climb_tiebreak,native,20km1,20km,10.603932500001974,3,height_tiebreak,739,6.0,60,18600,idrija_whole,60,15000,process,article_2_HAG_applications,True,6f060dbaf1c69bc25c1517ab2245b48bb8526299,6200,5000,82.96508999998332,7.10481059591973,407,347379,1234031,2,fine,5188,348450,10788,9171798,8,2.5.3,3812.9427083333326,3812.9818081740436,True,699.4242711231193,39099.84044624789,9.476301713129667,341733360,Windows-11-10.0.26300-SP0,3.14.7,True,838.2341868082682,20261002T123837Z,1.18.1,0,348450,347697,638775,347759,3.7991460343980537,96.20085396560195,0.28329029999440536,0.28329029999440536,0.28329029999440536,0.17864389999886043,1043,103,20305.270251833637,4150,6116,35.92397330727294,2026-10-02T12:39:47+00:00,parallel,1,"block mean, streamed in bands, NaN-aware, any void -> void",p03,11.799233943404419,1634.4962526723639,1.412997511914866,0.9996317080937728,0.038232337843512605,1.7520333363345588,1.7520290255557573,7.930093000002671,0.033757076001200585
X6,dem_whole_c3_d2,dem_whole_c3_d2__20km2__full_grid__climb_tiebreak__native,idrija_whole_c3,dem,full_grid,,climb_tiebreak,native,20km2,20km,0.0,3,height_tiebreak,0,nan,60,18600,idrija_whole,60,15000,process,article_2_HAG_applications,True,6f060dbaf1c69bc25c1517ab2245b48bb8526299,6200,5000,82.96508999998332,7.10481059591973,407,347379,1234031,2,fine,347379,9171798,6751,9171798,8,2.5.3,1369.5379553900825,1369.5624589491163,True,102.64595589636605,24503.559072009317,10.988599597716245,341751672,Windows-11-10.0.26300-SP0,3.14.7,True,838.2341868082682,20261002T123837Z,1.18.1,0,9171798,6700743,12522245,6710808,100.0,0.0,3.408865400007926,3.408865400007926,3.408865400007926,0.0,4196,5803,18646.179233290663,596,736,35.92397330727294,2026-10-02T12:39:47+00:00,parallel,1,"block mean, streamed in bands, NaN-aware, any void -> void",p03,,,,,,,,,
X6,dem_whole_c3_d2,dem_whole_c3_d2__20km2__hag_cta__shared_border__climb_tiebreak__native,idrija_whole_c3,dem,hag_cta,shared_border,climb_tiebreak,native,20km2,20km,10.603932500001974,3,height_tiebreak,472,6.0,60,18600,idrija_whole,60,15000,process,article_2_HAG_applications,True,6f060dbaf1c69bc25c1517ab2245b48bb8526299,6200,5000,82.96508999998332,7.10481059591973,407,347379,1234031,2,fine,473,95588,10666,9171798,8,2.5.3,4274.221416897247,4274.259565454129,True,355.7040744357626,38148.5566826147,8.222853028170526,341704976,Windows-11-10.0.26300-SP0,3.14.7,True,838.2341868082682,20261002T123837Z,1.18.1,0,95588,93533,152514,93544,1.0421947801292615,98.95780521987075,0.2778049999906216,0.2778049999906216,0.2778049999906216,0.2201405999949202,4196,5803,18646.179233290663,596,736,35.92397330727294,2026-10-02T12:39:47+00:00,parallel,1,"block mean, streamed in bands, NaN-aware, any void -> void",p03,32.14414306408091,1556.1905410328131,1.5568577842307083,0.9998633627752961,0.013958601307347558,3.120922205971159,3.1208942224758602,2.910919800022384,0.08149485749421953
X6,dem_whole_c3_d2,dem_whole_c3_d2__20km2__hag_cta_ring1__shared_border__climb_tiebreak__native,idrija_whole_c3,dem,hag_cta_ring1,shared_border,climb_tiebreak,native,20km2,20km,10.603932500001974,3,height_tiebreak,472,6.0,60,18600,idrija_whole,60,15000,process,article_2_HAG_applications,True,6f060dbaf1c69bc25c1517ab2245b48bb8526299,6200,5000,82.96508999998332,7.10481059591973,407,347379,1234031,2,fine,3729,267506,8631,9171798,8,2.5.3,2736.880298190644,2736.911465685721,True,320.12442129629716,31167.4949981956,10.583233429840137,341590664,Windows-11-10.0.26300-SP0,3.14.7,True,838.2341868082682,20261002T123837Z,1.18.1,0,267506,262966,485710,263158,2.916614604900806,97.0833853950992,0.36955659999512136,0.36955659999512136,0.36955659999512136,0.21239949998562224,4196,5803,18646.179233290663,596,736,35.92397330727294,2026-10-02T12:39:47+00:00,parallel,1,"block mean, streamed in bands, NaN-aware, any void -> void",p03,33.099407363046836,1539.6548314476204,1.2719578778985854,0.9995288742874094,0.03924430469874759,1.9983968223875217,1.998383825288107,2.8269093000271823,0.10841044061002295
X6,dem_whole_c3_d2,dem_whole_c3_d2__20km3__full_grid__climb_tiebreak__native,idrija_whole_c3,dem,full_grid,,climb_tiebreak,native,20km3,20km,0.0,3,height_tiebreak,0,nan,60,18600,idrija_whole,60,15000,process,article_2_HAG_applications,True,6f060dbaf1c69bc25c1517ab2245b48bb8526299,6200,5000,82.96508999998332,7.10481059591973,407,347379,1234031,2,fine,347379,9171798,6364,9171798,8,2.5.3,1800.0681389702681,1800.0911646560355,True,190.7183611834474,23025.685696793902,11.16895959735208,341773808,Windows-11-10.0.26300-SP0,3.14.7,True,838.2341868082682,20261002T123837Z,1.18.1,0,9171798,8469027,16154461,8480042,100.0,0.0,7.061871999991126,7.061871999991126,7.061871999991126,0.0,1603,836,17071.39127312124,4496,5736,35.92397330727294,2026-10-02T12:39:47+00:00,parallel,1,"block mean, streamed in bands, NaN-aware, any void -> void",p03,,,,,,,,,
X6,dem_whole_c3_d2,dem_whole_c3_d2__20km3__hag_cta__shared_border__climb_tiebreak__native,idrija_whole_c3,dem,hag_cta,shared_border,climb_tiebreak,native,20km3,20km,10.603932500001974,3,height_tiebreak,636,6.0,60,18600,idrija_whole,60,15000,process,article_2_HAG_applications,True,6f060dbaf1c69bc25c1517ab2245b48bb8526299,6200,5000,82.96508999998332,7.10481059591973,407,347379,1234031,2,fine,637,53355,10622,9171798,8,2.5.3,5391.798468695752,5391.836296371304,True,375.91630111309956,37827.67529817257,7.773728049345563,341685664,Windows-11-10.0.26300-SP0,3.14.7,True,838.2341868082682,20261002T123837Z,1.18.1,0,53355,53355,81428,53355,0.5817289041908685,99.41827109580913,0.18242510000709444,0.18242510000709444,0.18242510000709444,0.13296550000086427,1603,836,17071.39127312124,4496,5736,35.92397330727294,2026-10-02T12:39:47+00:00,parallel,1,"block mean, streamed in bands, NaN-aware, any void -> void",p03,13.869307117665624,1111.2519966236282,1.6428468535657854,0.9997420984348806,0.006300015338243697,2.995330205544407,2.9953129053892034,6.746481399983168,0.025832399682028176
X6,dem_whole_c3_d2,dem_whole_c3_d2__20km3__hag_cta_ring1__shared_border__climb_tiebreak__native,idrija_whole_c3,dem,hag_cta_ring1,shared_border,climb_tiebreak,native,20km3,20km,10.603932500001974,3,height_tiebreak,636,6.0,60,18600,idrija_whole,60,15000,process,article_2_HAG_applications,True,6f060dbaf1c69bc25c1517ab2245b48bb8526299,6200,5000,82.96508999998332,7.10481059591973,407,347379,1234031,2,fine,4341,174606,8500,9171798,8,2.5.3,3529.8037651909717,3529.834294885946,True,576.910174334491,30529.694782833103,9.845373012572367,341562288,Windows-11-10.0.26300-SP0,3.14.7,True,838.2341868082682,20261002T123837Z,1.18.1,0,174606,173872,312235,173992,1.9037270554802885,98.09627294451971,0.16438810000545345,0.16438810000545345,0.16438810000545345,0.16962270002113655,1603,836,17071.39127312124,4496,5736,35.92397330727294,2026-10-02T12:39:47+00:00,parallel,1,"block mean, streamed in bands, NaN-aware, any void -> void",p03,13.907692165301881,1055.8721513516682,1.3258973124558917,0.9993811111470543,0.02053033955376456,1.9609278608809784,1.9609197379514012,6.727861199964536,0.023278261062457662
X6,dem_whole_c3_d2,dem_whole_c3_d2__2km1__full_grid__climb_tiebreak__native,idrija_whole_c3,dem,full_grid,,climb_tiebreak,native,2km1,2km,0.0,3,height_tiebreak,0,nan,60,18600,idrija_whole,60,15000,process,article_2_HAG_applications,True,6f060dbaf1c69bc25c1517ab2245b48bb8526299,6200,5000,82.96508999998332,7.10481059591973,407,347379,1234031,2,fine,347379,9171798,750,9171798,8,2.5.3,414.5581003824861,414.56081585802485,True,169.59178528787675,2715.475539043971,10.180715910018211,341154784,Windows-11-10.0.26300-SP0,3.14.7,True,838.2341868082682,20261002T123837Z,1.18.1,0,9171798,604862,1121293,608029,100.0,0.0,0.6833242999855429,0.6833242999855429,0.6833242999855429,0.0,1843,930,2008.4820138602188,1316,1343,35.92397330727294,2026-10-02T12:39:47+00:00,parallel,1,"block mean, streamed in bands, NaN-aware, any void -> void",p03,,,,,,,,,
X6,dem_whole_c3_d2,dem_whole_c3_d2__2km1__hag_cta__shared_border__climb_tiebreak__native,idrija_whole_c3,dem,hag_cta,shared_border,climb_tiebreak,native,2km1,2km,10.603932500001974,3,height_tiebreak,145,6.0,60,18600,idrija_whole,60,15000,process,article_2_HAG_applications,True,6f060dbaf1c69bc25c1517ab2245b48bb8526299,6200,5000,82.96508999998332,7.10481059591973,407,347379,1234031,2,fine,146,25820,1756,9171798,8,2.5.3,886.3860558403842,886.392331107267,True,171.99954295683312,6275.26687862798,8.972569394045694,341125488,Windows-11-10.0.26300-SP0,3.14.7,True,838.2341868082682,20261002T123837Z,1.18.1,0,25820,18280,30702,18700,0.28151514021569163,99.71848485978431,0.2358902000123635,0.2358902000123635,0.2358902000123635,0.28321590000996366,1843,930,2008.4820138602188,1316,1343,35.92397330727294,2026-10-02T12:39:47+00:00,parallel,1,"block mean, streamed in bands, NaN-aware, any void -> void",p03,569.7847286168305,340.8005281686048,2.3109274189364615,0.9999141269553471,0.030221769593725512,2.1381467519813815,2.1381478837373544,0.16421819996321574,0.3452097342613957
X6,dem_whole_c3_d2,dem_whole_c3_d2__2km1__hag_cta_ring1__shared_border__climb_tiebreak__native,idrija_whole_c3,dem,hag_cta_ring1,shared_border,climb_tiebreak,native,2km1,2km,10.603932500001974,3,height_tiebreak,145,6.0,60,18600,idrija_whole,60,15000,process,article_2_HAG_applications,True,6f060dbaf1c69bc25c1517ab2245b48bb8526299,6200,5000,82.96508999998332,7.10481059591973,407,347379,1234031,2,fine,953,74346,860,9171798,8,2.5.3,470.444897121852,470.44802709695546,True,169.59178528787675,3129.975105768083,10.947235621498393,341069728,Windows-11-10.0.26300-SP0,3.14.7,True,838.2341868082682,20261002T123837Z,1.18.1,0,74346,38006,68716,38494,0.8105935172144001,99.1894064827856,0.24613429998862557,0.24613429998862557,0.24613429998862557,0.2776822000159882,1843,930,2008.4820138602188,1316,1343,35.92397330727294,2026-10-02T12:39:47+00:00,parallel,1,"block mean, streamed in bands, NaN-aware, any void -> void",p03,586.6109526378802,253.7794317906792,1.152643454438939,0.999750682083356,0.06283416713233762,1.1348105288204544,1.1348106456305083,0.15950779998092912,0.3602012982617961
X6,dem_whole_c3_d2,dem_whole_c3_d2__2km2__full_grid__climb_tiebreak__native,idrija_whole_c3,dem,full_grid,,climb_tiebreak,native,2km2,2km,0.0,3,height_tiebreak,0,nan,60,18600,idrija_whole,60,15000,process,article_2_HAG_applications,True,6f060dbaf1c69bc25c1517ab2245b48bb8526299,6200,5000,82.96508999998332,7.10481059591973,407,347379,1234031,2,fine,347379,9171798,611,9171798,8,2.5.3,278.8975626627614,278.8997219625432,True,111.01006401909596,2159.299782086611,12.224146156679845,341167416,Windows-11-10.0.26300-SP0,3.14.7,True,838.2341868082682,20261002T123837Z,1.18.1,0,9171798,397578,750997,402113,100.0,0.0,0.5240911000000779,0.5240911000000779,0.5240911000000779,0.0,1903,1810,1519.2103211866354,2376,1990,35.92397330727294,2026-10-02T12:39:47+00:00,parallel,1,"block mean, streamed in bands, NaN-aware, any void -> void",p03,,,,,,,,,
X6,dem_whole_c3_d2,dem_whole_c3_d2__2km2__hag_cta__shared_border__climb_tiebreak__native,idrija_whole_c3,dem,hag_cta,shared_border,climb_tiebreak,native,2km2,2km,10.603932500001974,3,height_tiebreak,81,6.0,60,18600,idrija_whole,60,15000,process,article_2_HAG_applications,True,6f060dbaf1c69bc25c1517ab2245b48bb8526299,6200,5000,82.96508999998332,7.10481059591973,407,347379,1234031,2,fine,82,5013,639,9171798,8,2.5.3,378.22412787543453,378.22641591027855,True,102.17425086542166,2288.034846822905,11.198370805392807,341043328,Windows-11-10.0.26300-SP0,3.14.7,True,838.2341868082682,20261002T123837Z,1.18.1,0,5013,4986,7827,5005,0.05465667691329443,99.94534332308672,0.22975850000511855,0.22975850000511855,0.22975850000511855,0.39092790000722744,1903,1810,1519.2103211866354,2376,1990,35.92397330727294,2026-10-02T12:39:47+00:00,parallel,1,"block mean, streamed in bands, NaN-aware, any void -> void",p03,inf,305.9411708155671,1.0596188939601026,0.9996362841403353,0.01254093536362676,1.356139954269795,1.3561376585419298,-0.09659530001226813,0.4383942028496275
X6,dem_whole_c3_d2,dem_whole_c3_d2__2km2__hag_cta_ring1__shared_border__climb_tiebreak__native,idrija_whole_c3,dem,hag_cta_ring1,shared_border,climb_tiebreak,native,2km2,2km,10.603932500001974,3,height_tiebreak,81,6.0,60,18600,idrija_whole,60,15000,process,article_2_HAG_applications,True,6f060dbaf1c69bc25c1517ab2245b48bb8526299,6200,5000,82.96508999998332,7.10481059591973,407,347379,1234031,2,fine,571,12734,620,9171798,8,2.5.3,314.9052259657145,314.90742593454235,True,64.50706163241512,2199.9688296449226,10.941334743978002,341046128,Windows-11-10.0.26300-SP0,3.14.7,True,838.2341868082682,20261002T123837Z,1.18.1,0,12734,12393,22015,12513,0.1388386442876304,99.86116135571237,0.22700550002628006,0.22700550002628006,0.22700550002628006,0.2526193000085186,1903,1810,1519.2103211866354,2376,1990,35.92397330727294,2026-10-02T12:39:47+00:00,parallel,1,"block mean, streamed in bands, NaN-aware, any void -> void",p03,2104.268233989498,309.23292192132453,1.018834368389095,0.9996444912546982,0.031171241869519944,1.1291071279331797,1.1291062741784843,0.04446629996527918,0.433141299339459
X6,dem_whole_c3_d2,dem_whole_c3_d2__2km3__full_grid__climb_tiebreak__native,idrija_whole_c3,dem,full_grid,,climb_tiebreak,native,2km3,2km,0.0,3,height_tiebreak,0,nan,60,18600,idrija_whole,60,15000,process,article_2_HAG_applications,True,6f060dbaf1c69bc25c1517ab2245b48bb8526299,6200,5000,82.96508999998332,7.10481059591973,407,347379,1234031,2,fine,347379,9171798,793,9171798,8,2.5.3,372.3329772949236,372.33580810141154,True,314.4436306423624,2830.8064914856586,10.622736814128894,341243592,Windows-11-10.0.26300-SP0,3.14.7,True,838.2341868082682,20261002T123837Z,1.18.1,0,9171798,781932,1457275,787841,100.0,0.0,0.6851498000032734,0.6851498000032734,0.6851498000032734,0.0,4690,5110,2069.2993983471797,4316,4530,35.92397330727294,2026-10-02T12:39:47+00:00,parallel,1,"block mean, streamed in bands, NaN-aware, any void -> void",p03,,,,,,,,,
X6,dem_whole_c3_d2,dem_whole_c3_d2__2km3__hag_cta__shared_border__climb_tiebreak__native,idrija_whole_c3,dem,hag_cta,shared_border,climb_tiebreak,native,2km3,2km,10.603932500001974,3,height_tiebreak,124,6.0,60,18600,idrija_whole,60,15000,process,article_2_HAG_applications,True,6f060dbaf1c69bc25c1517ab2245b48bb8526299,6200,5000,82.96508999998332,7.10481059591973,407,347379,1234031,2,fine,125,12399,2413,9171798,8,2.5.3,1163.3044264051632,1163.3129398398085,True,216.02941442419024,8513.434626358627,8.811285699287906,341157416,Windows-11-10.0.26300-SP0,3.14.7,True,838.2341868082682,20261002T123837Z,1.18.1,0,12399,12137,17868,12157,0.13518614343665222,99.86481385656334,0.2978585999808274,0.2978585999808274,0.2978585999808274,0.29678509998484515,4690,5110,2069.2993983471797,4316,4530,35.92397330727294,2026-10-02T12:39:47+00:00,parallel,1,"block mean, streamed in bands, NaN-aware, any void -> void",p03,1033.842166009937,783.0517224296234,3.007423733118056,0.9997474648549591,0.015521810080671977,3.12436581593393,3.1243649268430334,0.09050610003760085,0.43473500244677055
X6,dem_whole_c3_d2,dem_whole_c3_d2__2km3__hag_cta_ring1__shared_border__climb_tiebreak__native,idrija_whole_c3,dem,hag_cta_ring1,shared_border,climb_tiebreak,native,2km3,2km,10.603932500001974,3,height_tiebreak,124,6.0,60,18600,idrija_whole,60,15000,process,article_2_HAG_applications,True,6f060dbaf1c69bc25c1517ab2245b48bb8526299,6200,5000,82.96508999998332,7.10481059591973,407,347379,1234031,2,fine,649,47946,1495,9171798,8,2.5.3,626.867360432944,626.8726700316421,True,96.98837274990777,5309.598697621444,8.198687887452001,341102904,Windows-11-10.0.26300-SP0,3.14.7,True,838.2341868082682,20261002T123837Z,1.18.1,0,47946,46169,80471,46421,0.5227546441820895,99.47724535581791,0.21839059999911115,0.21839059999911115,0.21839059999911115,0.29317200000514276,4690,5110,2069.2993983471797,4316,4530,35.92397330727294,2026-10-02T12:39:47+00:00,parallel,1,"block mean, streamed in bands, NaN-aware, any void -> void",p03,539.0318093760013,599.8349773062588,1.8756487642625372,0.9995877197307195,0.059044776272105505,1.6836203040280384,1.683621763988124,0.1735871999990195,0.31874868824024727
X6,dem_whole_c3_d2,dem_whole_c3_d2__5km1__full_grid__climb_tiebreak__native,idrija_whole_c3,dem,full_grid,,climb_tiebreak,native,5km1,5km,0.0,3,height_tiebreak,0,nan,60,18600,idrija_whole,60,15000,process,article_2_HAG_applications,True,6f060dbaf1c69bc25c1517ab2245b48bb8526299,6200,5000,82.96508999998332,7.10481059591973,407,347379,1234031,2,fine,347379,9171798,1571,9171798,8,2.5.3,504.8059726291237,504.81156366136725,True,105.4541273581095,5591.032247167574,13.030758144681014,341570600,Windows-11-10.0.26300-SP0,3.14.7,True,838.2341868082682,20261002T123837Z,1.18.1,0,9171798,3926925,7121995,3937224,100.0,0.0,4.716490499995416,4.716490499995416,4.716490499995416,0.0,4330,5143,4230.791888051219,3783,3843,35.92397330727294,2026-10-02T12:39:47+00:00,parallel,1,"block mean, streamed in bands, NaN-aware, any void -> void",p03,,,,,,,,,
X6,dem_whole_c3_d2,dem_whole_c3_d2__5km1__hag_cta__shared_border__climb_tiebreak__native,idrija_whole_c3,dem,hag_cta,shared_border,climb_tiebreak,native,5km1,5km,10.603932500001974,3,height_tiebreak,223,6.0,60,18600,idrija_whole,60,15000,process,article_2_HAG_applications,True,6f060dbaf1c69bc25c1517ab2245b48bb8526299,6200,5000,82.96508999998332,7.10481059591973,407,347379,1234031,2,fine,224,67095,3283,9171798,8,2.5.3,1037.4429355197478,1037.454597017772,True,145.29362135916284,11661.498043881278,8.09467839022013,341221256,Windows-11-10.0.26300-SP0,3.14.7,True,838.2341868082682,20261002T123837Z,1.18.1,0,67095,65059,110191,65131,0.7315359540190484,99.26846404598095,0.3134023000020534,0.3134023000020534,0.3134023000020534,0.31244280000100844,4330,5143,4230.791888051219,3783,3843,35.92397330727294,2026-10-02T12:39:47+00:00,parallel,1,"block mean, streamed in bands, NaN-aware, any void -> void",p03,22.873902123161344,1015.6229615364158,2.0857504532886595,0.9989772421865348,0.016567415980697366,2.0551320542357123,2.055132393349268,4.090645399992354,0.0664481991434856
X6,dem_whole_c3_d2,dem_whole_c3_d2__5km1__hag_cta_ring1__shared_border__climb_tiebreak__native,idrija_whole_c3,dem,hag_cta_ring1,shared_border,climb_tiebreak,native,5km1,5km,10.603932500001974,3,height_tiebreak,223,6.0,60,18600,idrija_whole,60,15000,process,article_2_HAG_applications,True,6f060dbaf1c69bc25c1517ab2245b48bb8526299,6200,5000,82.96508999998332,7.10481059591973,407,347379,1234031,2,fine,1689,154199,2499,9171798,8,2.5.3,685.9009704589841,685.9098872825576,True,105.17939814814856,8916.823586751583,9.549503126909427,341177400,Windows-11-10.0.26300-SP0,3.14.7,True,838.2341868082682,20261002T123837Z,1.18.1,0,154199,142801,251412,143100,1.6812297872238355,98.31877021277616,0.25178580000647344,0.25178580000647344,0.25178580000647344,0.2556674999941606,4330,5143,4230.791888051219,3783,3843,35.92397330727294,2026-10-02T12:39:47+00:00,parallel,1,"block mean, streamed in bands, NaN-aware, any void -> void",p03,22.23050499532323,978.0184047347984,1.594843884377319,0.9988488470611933,0.03636458552175048,1.3587417892198936,1.3587444041647845,4.209037199994782,0.053384142299601395
X6,dem_whole_c3_d2,dem_whole_c3_d2__5km2__full_grid__climb_tiebreak__native,idrija_whole_c3,dem,full_grid,,climb_tiebreak,native,5km2,5km,0.0,3,height_tiebreak,0,nan,60,18600,idrija_whole,60,15000,process,article_2_HAG_applications,True,6f060dbaf1c69bc25c1517ab2245b48bb8526299,6200,5000,82.96508999998332,7.10481059591973,407,347379,1234031,2,fine,347379,9171798,1922,9171798,8,2.5.3,595.8903435601126,595.8973280758981,True,406.5775277389512,6984.515795438258,10.997297758337812,341413728,Windows-11-10.0.26300-SP0,3.14.7,True,838.2341868082682,20261002T123837Z,1.18.1,0,9171798,1870785,3649491,1881582,100.0,0.0,1.4559124000079464,1.4559124000079464,1.4559124000079464,0.0,1016,1790,5014.618629566959,2450,2650,35.92397330727294,2026-10-02T12:39:47+00:00,parallel,1,"block mean, streamed in bands, NaN-aware, any void -> void",p03,,,,,,,,,
X6,dem_whole_c3_d2,dem_whole_c3_d2__5km2__hag_cta__shared_border__climb_tiebreak__native,idrija_whole_c3,dem,hag_cta,shared_border,climb_tiebreak,native,5km2,5km,10.603932500001974,3,height_tiebreak,182,6.0,60,18600,idrija_whole,60,15000,process,article_2_HAG_applications,True,6f060dbaf1c69bc25c1517ab2245b48bb8526299,6200,5000,82.96508999998332,7.10481059591973,407,347379,1234031,2,fine,183,27990,2476,9171798,8,2.5.3,1083.9510803222645,1083.9600101601507,True,619.1453817380426,8929.837872101454,7.857671258228791,341163744,Windows-11-10.0.26300-SP0,3.14.7,True,838.2341868082682,20261002T123837Z,1.18.1,0,27990,27903,45973,27918,0.3051746233399384,99.69482537666006,0.19193549998453818,0.19193549998453818,0.19193549998453818,0.1584939000022132,1016,1790,5014.618629566959,2450,2650,35.92397330727294,2026-10-02T12:39:47+00:00,parallel,1,"block mean, streamed in bands, NaN-aware, any void -> void",p03,84.6408515537474,316.80909077865806,1.2785192465215311,0.9992677974565803,0.014915129210465125,1.8190445474351222,1.8190382119352095,1.105483000021195,0.13183176404259664
X6,dem_whole_c3_d2,dem_whole_c3_d2__5km2__hag_cta_ring1__shared_border__climb_tiebreak__native,idrija_whole_c3,dem,hag_cta_ring1,shared_border,climb_tiebreak,native,5km2,5km,10.603932500001974,3,height_tiebreak,182,6.0,60,18600,idrija_whole,60,15000,process,article_2_HAG_applications,True,6f060dbaf1c69bc25c1517ab2245b48bb8526299,6200,5000,82.96508999998332,7.10481059591973,407,347379,1234031,2,fine,1386,66318,1884,9171798,8,2.5.3,764.7136535644523,764.7204768599074,True,935.8297732277616,6823.295449327725,10.636884392010444,341130448,Windows-11-10.0.26300-SP0,3.14.7,True,838.2341868082682,20261002T123837Z,1.18.1,0,66318,65842,118315,65946,0.723064332642302,99.2769356673577,0.20267110000713728,0.20267110000713728,0.20267110000713728,0.16710130000137724,1016,1790,5014.618629566959,2450,2650,35.92397330727294,2026-10-02T12:39:47+00:00,parallel,1,"block mean, streamed in bands, NaN-aware, any void -> void",p03,86.14821523931927,390.242232465939,0.9769174627372409,0.9991702735515076,0.03519485135918879,1.2833127132010809,1.283309121940729,1.086139999999432,0.1392055593496086
X6,dem_whole_c3_d2,dem_whole_c3_d2__5km3__full_grid__climb_tiebreak__native,idrija_whole_c3,dem,full_grid,,climb_tiebreak,native,5km3,5km,0.0,3,height_tiebreak,0,nan,60,18600,idrija_whole,60,15000,process,article_2_HAG_applications,True,6f060dbaf1c69bc25c1517ab2245b48bb8526299,6200,5000,82.96508999998332,7.10481059591973,407,347379,1234031,2,fine,347379,9171798,2284,9171798,8,2.5.3,519.3302680121525,519.3384553361656,True,119.11455160222144,8187.3240200274695,11.805949764596225,341585744,Windows-11-10.0.26300-SP0,3.14.7,True,838.2341868082682,20261002T123837Z,1.18.1,0,9171798,2998910,5462614,3010471,100.0,0.0,3.0419773000176065,3.0419773000176065,3.0419773000176065,0.0,4030,5510,5259.3535724459525,3256,3936,35.92397330727294,2026-10-02T12:39:47+00:00,parallel,1,"block mean, streamed in bands, NaN-aware, any void -> void",p03,,,,,,,,,
X6,dem_whole_c3_d2,dem_whole_c3_d2__5km3__hag_cta__shared_border__climb_tiebreak__native,idrija_whole_c3,dem,hag_cta,shared_border,climb_tiebreak,native,5km3,5km,10.603932500001974,3,height_tiebreak,171,6.0,60,18600,idrija_whole,60,15000,process,article_2_HAG_applications,True,6f060dbaf1c69bc25c1517ab2245b48bb8526299,6200,5000,82.96508999998332,7.10481059591973,407,347379,1234031,2,fine,172,7434,3142,9171798,8,2.5.3,1741.392469618057,1741.4035316611628,True,124.74879725815967,11062.043066310338,10.115360043447,341202768,Windows-11-10.0.26300-SP0,3.14.7,True,838.2341868082682,20261002T123837Z,1.18.1,0,7434,7352,9493,7354,0.0810528099288711,99.91894719007112,0.2576536000124179,0.2576536000124179,0.2576536000124179,0.23545360000571236,4030,5510,5259.3535724459525,3256,3936,35.92397330727294,2026-10-02T12:39:47+00:00,parallel,1,"block mean, streamed in bands, NaN-aware, any void -> void",p03,36.71000044294314,1069.2675062864298,1.35111827005391,0.9988788290883709,0.0024515573991883716,3.3531503493597796,3.353118787504306,2.5488700999994762,0.08469938286880925
X6,dem_whole_c3_d2,dem_whole_c3_d2__5km3__hag_cta_ring1__shared_border__climb_tiebreak__native,idrija_whole_c3,dem,hag_cta_ring1,shared_border,climb_tiebreak,native,5km3,5km,10.603932500001974,3,height_tiebreak,171,6.0,60,18600,idrija_whole,60,15000,process,article_2_HAG_applications,True,6f060dbaf1c69bc25c1517ab2245b48bb8526299,6200,5000,82.96508999998332,7.10481059591973,407,347379,1234031,2,fine,1160,30414,2949,9171798,8,2.5.3,1372.8580593532988,1372.868451683609,True,85.50361003617826,10392.33029615063,11.224530577329816,341195512,Windows-11-10.0.26300-SP0,3.14.7,True,838.2341868082682,20261002T123837Z,1.18.1,0,30414,30176,53118,30201,0.3316034653183596,99.66839653468163,0.27458389999810606,0.27458389999810606,0.27458389999810606,0.20792670000810176,4030,5510,5259.3535724459525,3256,3936,35.92397330727294,2026-10-02T12:39:47+00:00,parallel,1,"block mean, streamed in bands, NaN-aware, any void -> void",p03,36.558015191042955,1063.490479506046,1.269319532331855,0.9988575869840751,0.010062322643893949,2.643516359268267,2.643494695178999,2.5594667000113986,0.0902649405031776
X6,dem_whole_c3_d3,dem_whole_c3_d3__10km1__full_grid__climb_tiebreak__native,idrija_whole_c3,dem,full_grid,,climb_tiebreak,native,10km1,10km,0.0,3,height_tiebreak,0,nan,60,18600,idrija_whole,60,15000,process,article_2_HAG_applications,True,ef9e16284540ad240c1f7b7a2233fd1b85afef67,6200,5000,27.80799850000767,6.497784055434438,214,97701,317420,3,main,97701,9171798,4256,9171798,2,2.5.3,1298.297105577256,1298.312532313597,True,128.90926440332467,15426.73635180951,11.10154668976189,341638992,Windows-11-10.0.26300-SP0,3.14.7,True,838.2341868082682,20261002T153852Z,1.18.1,0,9171798,6379241,11830046,6386025,100.0,0.0,2.373509199998807,2.373509199998807,2.373509199998807,0.0,4343,3790,9873.317578200349,1776,1730,35.92397330727294,2026-10-02T15:39:27+00:00,parallel,1,"block mean, streamed in bands, NaN-aware, any void -> void",p02,,,,,,,,,
X6,dem_whole_c3_d3,dem_whole_c3_d3__10km1__hag_cta__shared_border__climb_tiebreak__native,idrija_whole_c3,dem,hag_cta,shared_border,climb_tiebreak,native,10km1,10km,3.335749499994563,3,height_tiebreak,219,6.0,60,18600,idrija_whole,60,15000,process,article_2_HAG_applications,True,ef9e16284540ad240c1f7b7a2233fd1b85afef67,6200,5000,27.80799850000767,6.497784055434438,214,97701,317420,3,main,220,177429,11058,9171798,2,2.5.3,5776.131666395404,5776.171060540245,True,229.74017095155043,39394.14456109339,7.916034122413619,341737056,Windows-11-10.0.26300-SP0,3.14.7,True,838.2341868082682,20261002T153852Z,1.18.1,0,177429,176143,303179,176152,1.934506189517039,98.06549381048296,0.19866220001131296,0.19866220001131296,0.19866220001131296,0.02893440000480041,4343,3790,9873.317578200349,1776,1730,35.92397330727294,2026-10-02T15:39:27+00:00,parallel,1,"block mean, streamed in bands, NaN-aware, any void -> void",p02,14.513055191648252,1553.9536672629592,2.553627913429179,1.0002870398353125,0.027611905554281457,4.449006041515581,4.448983520360147,2.145912599982694,0.08369978090306657
X6,dem_whole_c3_d3,dem_whole_c3_d3__10km1__hag_cta_ring1__shared_border__climb_tiebreak__native,idrija_whole_c3,dem,hag_cta_ring1,shared_border,climb_tiebreak,native,10km1,10km,3.335749499994563,3,height_tiebreak,219,6.0,60,18600,idrija_whole,60,15000,process,article_2_HAG_applications,True,ef9e16284540ad240c1f7b7a2233fd1b85afef67,6200,5000,27.80799850000767,6.497784055434438,214,97701,317420,3,main,1611,489243,5907,9171798,2,2.5.3,2558.518744574655,2558.5397791827418,True,461.6253130349961,21034.607993921374,10.113652094815434,341416584,Windows-11-10.0.26300-SP0,3.14.7,True,838.2341868082682,20261002T153852Z,1.18.1,0,489243,481794,902531,481835,5.334210369657073,94.66578963034293,0.34536939999088645,0.34536939999088645,0.34536939999088645,0.03904800000600517,4343,3790,9873.317578200349,1776,1730,35.92397330727294,2026-10-02T15:39:27+00:00,parallel,1,"block mean, streamed in bands, NaN-aware, any void -> void",p02,15.657270318027676,1062.2711518251826,1.3635163986875343,0.9993489970254917,0.07552528584513424,1.970672763255582,1.9706655489363687,1.9890918000019155,0.14551003214609828
X6,dem_whole_c3_d3,dem_whole_c3_d3__10km2__full_grid__climb_tiebreak__native,idrija_whole_c3,dem,full_grid,,climb_tiebreak,native,10km2,10km,0.0,3,height_tiebreak,0,nan,60,18600,idrija_whole,60,15000,process,article_2_HAG_applications,True,ef9e16284540ad240c1f7b7a2233fd1b85afef67,6200,5000,27.80799850000767,6.497784055434438,214,97701,317420,3,main,97701,9171798,3633,9171798,2,2.5.3,1363.5602010091147,1363.5732455348584,True,121.99300130208333,13044.525748029244,11.094262718589158,341637000,Windows-11-10.0.26300-SP0,3.14.7,True,838.2341868082682,20261002T153852Z,1.18.1,0,9171798,7311955,13768545,7324206,100.0,0.0,2.5162538000149652,2.5162538000149652,2.5162538000149652,0.0,1790,1590,9605.7690998691,3863,4030,35.92397330727294,2026-10-02T15:39:27+00:00,parallel,1,"block mean, streamed in bands, NaN-aware, any void -> void",p02,,,,,,,,,
X6,dem_whole_c3_d3,dem_whole_c3_d3__10km2__hag_cta__shared_border__climb_tiebreak__native,idrija_whole_c3,dem,hag_cta,shared_border,climb_tiebreak,native,10km2,10km,3.335749499994563,3,height_tiebreak,237,6.0,60,18600,idrija_whole,60,15000,process,article_2_HAG_applications,True,ef9e16284540ad240c1f7b7a2233fd1b85afef67,6200,5000,27.80799850000767,6.497784055434438,214,97701,317420,3,main,238,158204,11150,9171798,2,2.5.3,6119.59903293186,6119.63858378336,True,234.52291789524557,39550.85105512993,8.03319007603548,341734800,Windows-11-10.0.26300-SP0,3.14.7,True,838.2341868082682,20261002T153852Z,1.18.1,0,158204,157497,266699,157584,1.7248962526213507,98.27510374737865,0.15300640001078136,0.15300640001078136,0.15300640001078136,0.02439900001627393,1790,1590,9605.7690998691,3863,4030,35.92397330727294,2026-10-02T15:39:27+00:00,parallel,1,"block mean, streamed in bands, NaN-aware, any void -> void",p02,13.315847234973939,1552.5340575974492,3.031988423274433,1.000286268758946,0.02153965663081898,4.487956621499364,4.487942693084262,2.33884839998791,0.060807220642795
X6,dem_whole_c3_d3,dem_whole_c3_d3__10km2__hag_cta_ring1__shared_border__climb_tiebreak__native,idrija_whole_c3,dem,hag_cta_ring1,shared_border,climb_tiebreak,native,10km2,10km,3.335749499994563,3,height_tiebreak,237,6.0,60,18600,idrija_whole,60,15000,process,article_2_HAG_applications,True,ef9e16284540ad240c1f7b7a2233fd1b85afef67,6200,5000,27.80799850000767,6.497784055434438,214,97701,317420,3,main,1573,485735,6969,9171798,2,2.5.3,3064.6768934461843,3064.7016384487474,True,185.14238641809786,24745.00236388571,10.290259336635344,341484040,Windows-11-10.0.26300-SP0,3.14.7,True,838.2341868082682,20261002T153852Z,1.18.1,0,485735,479471,890471,479873,5.295962689104143,94.70403731089586,0.23628569999709725,0.23628569999709725,0.23628569999709725,0.023980500001925975,1790,1590,9605.7690998691,3863,4030,35.92397330727294,2026-10-02T15:39:27+00:00,parallel,1,"block mean, streamed in bands, NaN-aware, any void -> void",p02,13.804928714937155,1038.212406013336,1.8969645077073165,0.9995522733193418,0.06557357095332234,2.2475552536500722,2.2475518997489754,2.255987600015942,0.09390376280631627
X6,dem_whole_c3_d3,dem_whole_c3_d3__10km3__full_grid__climb_tiebreak__native,idrija_whole_c3,dem,full_grid,,climb_tiebreak,native,10km3,10km,0.0,3,height_tiebreak,0,nan,60,18600,idrija_whole,60,15000,process,article_2_HAG_applications,True,ef9e16284540ad240c1f7b7a2233fd1b85afef67,6200,5000,27.80799850000767,6.497784055434438,214,97701,317420,3,main,97701,9171798,4795,9171798,2,2.5.3,1532.93509250217,1532.9521847015255,True,214.80125144676094,17092.199338607163,10.4683082481386,341809592,Windows-11-10.0.26300-SP0,3.14.7,True,838.2341868082682,20261002T153852Z,1.18.1,0,9171798,8361523,15961634,8367543,100.0,0.0,4.503463800007012,4.503463800007012,4.503463800007012,0.0,2896,4256,11336.966084451342,590,1263,35.92397330727294,2026-10-02T15:39:27+00:00,parallel,1,"block mean, streamed in bands, NaN-aware, any void -> void",p02,,,,,,,,,
X6,dem_whole_c3_d3,dem_whole_c3_d3__10km3__hag_cta__shared_border__climb_tiebreak__native,idrija_whole_c3,dem,hag_cta,shared_border,climb_tiebreak,native,10km3,10km,3.335749499994563,3,height_tiebreak,339,6.0,60,18600,idrija_whole,60,15000,process,article_2_HAG_applications,True,ef9e16284540ad240c1f7b7a2233fd1b85afef67,6200,5000,27.80799850000767,6.497784055434438,214,97701,317420,3,main,340,240471,12118,9171798,2,2.5.3,5813.004686143659,5813.047528698786,True,271.28154345631674,42842.55494951115,8.328758302636881,341808448,Windows-11-10.0.26300-SP0,3.14.7,True,838.2341868082682,20261002T153852Z,1.18.1,0,240471,239747,419870,239765,2.6218523347330587,97.37814766526695,0.17460549998213537,0.17460549998213537,0.17460549998213537,0.022140399989439175,2896,4256,11336.966084451342,590,1263,35.92397330727294,2026-10-02T15:39:27+00:00,parallel,1,"block mean, streamed in bands, NaN-aware, any void -> void",p02,7.231434406174125,1553.9536672629592,2.5065560084324625,0.9999966531073826,0.028672647315566794,3.792074899045623,3.792060565692477,4.306717900035437,0.03877137859570749
X6,dem_whole_c3_d3,dem_whole_c3_d3__10km3__hag_cta_ring1__shared_border__climb_tiebreak__native,idrija_whole_c3,dem,hag_cta_ring1,shared_border,climb_tiebreak,native,10km3,10km,3.335749499994563,3,height_tiebreak,339,6.0,60,18600,idrija_whole,60,15000,process,article_2_HAG_applications,True,ef9e16284540ad240c1f7b7a2233fd1b85afef67,6200,5000,27.80799850000767,6.497784055434438,214,97701,317420,3,main,2549,614760,5373,9171798,2,2.5.3,2263.5840488009985,2263.603091219847,True,934.66705469334,19042.41881816592,10.188853242517473,341377032,Windows-11-10.0.26300-SP0,3.14.7,True,838.2341868082682,20261002T153852Z,1.18.1,0,614760,595046,1101052,595149,6.702720666111486,93.29727933388851,0.23316679999697953,0.23316679999697953,0.23316679999697953,0.025340799998957664,2896,4256,11336.966084451342,590,1263,35.92397330727294,2026-10-02T15:39:27+00:00,parallel,1,"block mean, streamed in bands, NaN-aware, any void -> void",p02,7.336647666687582,1062.2711518251826,1.1140999727959924,0.9987345001131507,0.07116478660645914,1.4766339813554723,1.4766299391527227,4.2449562000110745,0.05177499150689665
X6,dem_whole_c3_d3,dem_whole_c3_d3__1km1__full_grid__climb_tiebreak__native,idrija_whole_c3,dem,full_grid,,climb_tiebreak,native,1km1,1km,0.0,3,height_tiebreak,0,nan,60,18600,idrija_whole,60,15000,process,article_2_HAG_applications,True,ef9e16284540ad240c1f7b7a2233fd1b85afef67,6200,5000,27.80799850000767,6.497784055434438,214,97701,317420,3,main,97701,9171798,438,9171798,2,2.5.3,145.73576524522502,145.73728003829814,True,463.5110142379924,1514.793072687563,13.32405327992593,341114432,Windows-11-10.0.26300-SP0,3.14.7,True,838.2341868082682,20261002T153852Z,1.18.1,0,9171798,252637,456432,255235,100.0,0.0,0.16049790001125075,0.16049790001125075,0.16049790001125075,0.0,796,1730,973.2420048477151,743,1410,35.92397330727294,2026-10-02T15:39:27+00:00,parallel,1,"block mean, streamed in bands, NaN-aware, any void -> void",p02,,,,,,,,,
X6,dem_whole_c3_d3,dem_whole_c3_d3__1km1__hag_cta__shared_border__climb_tiebreak__native,idrija_whole_c3,dem,hag_cta,shared_border,climb_tiebreak,native,1km1,1km,3.335749499994563,3,height_tiebreak,38,6.0,60,18600,idrija_whole,60,15000,process,article_2_HAG_applications,True,ef9e16284540ad240c1f7b7a2233fd1b85afef67,6200,5000,27.80799850000767,6.497784055434438,214,97701,317420,3,main,39,77712,693,9171798,2,2.5.3,183.59767659505235,183.6000843801167,True,366.48555725657417,2407.7850634608494,9.547669041623093,341061216,Windows-11-10.0.26300-SP0,3.14.7,True,838.2341868082682,20261002T153852Z,1.18.1,0,77712,72097,131254,72204,0.8472929735260196,99.15270702647399,0.12133919997722842,0.12133919997722842,0.12133919997722842,0.022926999983610585,796,1730,973.2420048477151,743,1410,35.92397330727294,2026-10-02T15:39:27+00:00,parallel,1,"block mean, streamed in bands, NaN-aware, any void -> void",p02,1918.699082861146,520.5583540776192,1.589514176473576,0.9998439937012105,0.28537783460063254,1.2597983500214807,1.2598017770872947,0.016231700050411746,0.7560173682566729
X6,dem_whole_c3_d3,dem_whole_c3_d3__1km1__hag_cta_ring1__shared_border__climb_tiebreak__native,idrija_whole_c3,dem,hag_cta_ring1,shared_border,climb_tiebreak,native,1km1,1km,3.335749499994563,3,height_tiebreak,38,6.0,60,18600,idrija_whole,60,15000,process,article_2_HAG_applications,True,ef9e16284540ad240c1f7b7a2233fd1b85afef67,6200,5000,27.80799850000767,6.497784055434438,214,97701,317420,3,main,447,127662,531,9171798,2,2.5.3,160.93001980251768,160.93184466160795,True,484.94617958682636,1824.8590898655452,11.00172184282051,341059584,Windows-11-10.0.26300-SP0,3.14.7,True,838.2341868082682,20261002T153852Z,1.18.1,0,127662,111989,197860,112419,1.3918972048882892,98.6081027951117,0.14291039999807253,0.14291039999807253,0.14291039999807253,0.024669699982041493,796,1730,973.2420048477151,743,1410,35.92397330727294,2026-10-02T15:39:27+00:00,parallel,1,"block mean, streamed in bands, NaN-aware, any void -> void",p02,inf,250.06399181009647,1.2046919957376487,0.9998392093829674,0.4432802796106667,1.1042589273245709,1.1042599712257348,-0.007082199968863279,0.8904191269048047
X6,dem_whole_c3_d3,dem_whole_c3_d3__1km2__full_grid__climb_tiebreak__native,idrija_whole_c3,dem,full_grid,,climb_tiebreak,native,1km2,1km,0.0,3,height_tiebreak,0,nan,60,18600,idrija_whole,60,15000,process,article_2_HAG_applications,True,ef9e16284540ad240c1f7b7a2233fd1b85afef67,6200,5000,27.80799850000767,6.497784055434438,214,97701,317420,3,main,97701,9171798,400,9171798,2,2.5.3,236.1506517198343,236.15211340230164,True,300.11144567419024,1461.682466356408,9.827753306893102,341090304,Windows-11-10.0.26300-SP0,3.14.7,True,838.2341868082682,20261002T153852Z,1.18.1,0,9171798,231747,420451,233979,100.0,0.0,0.18170640000607818,0.18170640000607818,0.18170640000607818,0.0,1783,676,1094.1663493271944,1670,1023,35.92397330727294,2026-10-02T15:39:27+00:00,parallel,1,"block mean, streamed in bands, NaN-aware, any void -> void",p02,,,,,,,,,
X6,dem_whole_c3_d3,dem_whole_c3_d3__1km2__hag_cta__shared_border__climb_tiebreak__native,idrija_whole_c3,dem,hag_cta,shared_border,climb_tiebreak,native,1km2,1km,3.335749499994563,3,height_tiebreak,44,6.0,60,18600,idrija_whole,60,15000,process,article_2_HAG_applications,True,ef9e16284540ad240c1f7b7a2233fd1b85afef67,6200,5000,27.80799850000767,6.497784055434438,214,97701,317420,3,main,45,7853,464,9171798,2,2.5.3,260.83084106445244,260.8325519083912,True,300.11144567419024,1710.8439379638955,13.430304725885517,341034688,Windows-11-10.0.26300-SP0,3.14.7,True,838.2341868082682,20261002T153852Z,1.18.1,0,7853,7735,12598,7746,0.08562116173949753,99.9143788382605,0.12643680002656765,0.12643680002656765,0.12643680002656765,0.026831399998627603,1783,676,1094.1663493271944,1670,1023,35.92397330727294,2026-10-02T15:39:27+00:00,parallel,1,"block mean, streamed in bands, NaN-aware, any void -> void",p02,1095.1378083330894,147.61097520171052,1.1704621060609572,0.999836946405841,0.033376915343024935,1.10451035881069,1.1045107670243235,0.028438199980882928,0.6958301965276857
X6,dem_whole_c3_d3,dem_whole_c3_d3__1km2__hag_cta_ring1__shared_border__climb_tiebreak__native,idrija_whole_c3,dem,hag_cta_ring1,shared_border,climb_tiebreak,native,1km2,1km,3.335749499994563,3,height_tiebreak,44,6.0,60,18600,idrija_whole,60,15000,process,article_2_HAG_applications,True,ef9e16284540ad240c1f7b7a2233fd1b85afef67,6200,5000,27.80799850000767,6.497784055434438,214,97701,317420,3,main,311,18970,461,9171798,2,2.5.3,244.10205417209136,244.1037721703593,True,300.11144567419024,1717.998266896446,10.340755895279232,341035896,Windows-11-10.0.26300-SP0,3.14.7,True,838.2341868082682,20261002T153852Z,1.18.1,0,18970,18436,32176,18506,0.20682967505389893,99.7931703249461,0.12193379999371246,0.12193379999371246,0.12193379999371246,0.02296319999732077,1783,676,1094.1663493271944,1670,1023,35.92397330727294,2026-10-02T15:39:27+00:00,parallel,1,"block mean, streamed in bands, NaN-aware, any void -> void",p02,846.0813810405216,158.09174551506476,1.1753566909637811,0.9998404879899488,0.0795522703638019,1.0336708893003204,1.0336717662759658,0.03680940001504496,0.6710484605365232
X6,dem_whole_c3_d3,dem_whole_c3_d3__1km3__full_grid__climb_tiebreak__native,idrija_whole_c3,dem,full_grid,,climb_tiebreak,native,1km3,1km,0.0,3,height_tiebreak,0,nan,60,18600,idrija_whole,60,15000,process,article_2_HAG_applications,True,ef9e16284540ad240c1f7b7a2233fd1b85afef67,6200,5000,27.80799850000767,6.497784055434438,214,97701,317420,3,main,97701,9171798,427,9171798,2,2.5.3,244.57160101996527,244.57314121715027,True,82.96350002373806,1540.1971849821696,13.082277455969345,341351416,Windows-11-10.0.26300-SP0,3.14.7,True,838.2341868082682,20261002T153852Z,1.18.1,0,9171798,776125,1484513,787584,100.0,0.0,0.35989989998051897,0.35989989998051897,0.35989989998051897,0.0,4636,5696,802.2468448052632,4903,5676,35.92397330727294,2026-10-02T15:39:27+00:00,parallel,1,"block mean, streamed in bands, NaN-aware, any void -> void",p02,,,,,,,,,
X6,dem_whole_c3_d3,dem_whole_c3_d3__1km3__hag_cta__shared_border__climb_tiebreak__native,idrija_whole_c3,dem,hag_cta,shared_border,climb_tiebreak,native,1km3,1km,3.335749499994563,3,height_tiebreak,80,6.0,60,18600,idrija_whole,60,15000,process,article_2_HAG_applications,True,ef9e16284540ad240c1f7b7a2233fd1b85afef67,6200,5000,27.80799850000767,6.497784055434438,214,97701,317420,3,main,81,72891,3124,9171798,2,2.5.3,1482.526943630641,1482.5381939886618,True,165.4094192646249,11250.358000298598,7.732787722694707,341213640,Windows-11-10.0.26300-SP0,3.14.7,True,838.2341868082682,20261002T153852Z,1.18.1,0,72891,68056,113781,68173,0.7947296702347784,99.20527032976523,0.15056290000211447,0.15056290000211447,0.15056290000211447,0.028605700004845858,4636,5696,802.2468448052632,4903,5676,35.92397330727294,2026-10-02T15:39:27+00:00,parallel,1,"block mean, streamed in bands, NaN-aware, any void -> void",p02,172.32072144979108,2109.2474961464336,7.304491989724576,0.99959638075736,0.08768690610404252,6.061729724333844,6.061737550618258,0.18073129997355863,0.4183466014029576
X6,dem_whole_c3_d3,dem_whole_c3_d3__1km3__hag_cta_ring1__shared_border__climb_tiebreak__native,idrija_whole_c3,dem,hag_cta_ring1,shared_border,climb_tiebreak,native,1km3,1km,3.335749499994563,3,height_tiebreak,80,6.0,60,18600,idrija_whole,60,15000,process,article_2_HAG_applications,True,ef9e16284540ad240c1f7b7a2233fd1b85afef67,6200,5000,27.80799850000767,6.497784055434438,214,97701,317420,3,main,648,187046,2441,9171798,2,2.5.3,914.2261488172742,914.2349065525301,True,175.11941377823092,8757.735274997012,9.76677696132466,341180304,Windows-11-10.0.26300-SP0,3.14.7,True,838.2341868082682,20261002T153852Z,1.18.1,0,187046,180242,324488,180614,2.03936022140915,97.96063977859085,0.19804950000252575,0.19804950000252575,0.19804950000252575,0.03737910001655109,4636,5696,802.2468448052632,4903,5676,35.92397330727294,2026-10-02T15:39:27+00:00,parallel,1,"block mean, streamed in bands, NaN-aware, any void -> void",p02,250.20826495465005,2069.819557352766,5.686113025260722,0.9994987218684923,0.23223320985665968,3.7380715708797383,3.73808383865342,0.12447129996144213,0.5502905113706504
X6,dem_whole_c3_d3,dem_whole_c3_d3__20km1__full_grid__climb_tiebreak__native,idrija_whole_c3,dem,full_grid,,climb_tiebreak,native,20km1,20km,0.0,3,height_tiebreak,0,nan,60,18600,idrija_whole,60,15000,process,article_2_HAG_applications,True,ef9e16284540ad240c1f7b7a2233fd1b85afef67,6200,5000,27.80799850000767,6.497784055434438,214,97701,317420,3,main,97701,9171798,7638,9171798,2,2.5.3,2176.295752631292,2176.3234241878704,True,699.4242711231193,27671.556472353986,10.939465731321048,341859392,Windows-11-10.0.26300-SP0,3.14.7,True,838.2341868082682,20261002T153852Z,1.18.1,0,9171798,9094317,17329955,9096479,100.0,0.0,3.253428099997109,3.253428099997109,3.253428099997109,0.0,1043,103,20305.270251833637,4150,6116,35.92397330727294,2026-10-02T15:39:27+00:00,parallel,1,"block mean, streamed in bands, NaN-aware, any void -> void",p02,,,,,,,,,
X6,dem_whole_c3_d3,dem_whole_c3_d3__20km1__hag_cta__shared_border__climb_tiebreak__native,idrija_whole_c3,dem,hag_cta,shared_border,climb_tiebreak,native,20km1,20km,3.335749499994563,3,height_tiebreak,395,6.0,60,18600,idrija_whole,60,15000,process,article_2_HAG_applications,True,ef9e16284540ad240c1f7b7a2233fd1b85afef67,6200,5000,27.80799850000767,6.497784055434438,214,97701,317420,3,main,396,234139,14646,9171798,2,2.5.3,7415.085564507378,7415.1378065607605,True,688.7969214171762,52242.052993392426,7.481919795322102,341957584,Windows-11-10.0.26300-SP0,3.14.7,True,838.2341868082682,20261002T153852Z,1.18.1,0,234139,234132,402893,234136,2.552814617155764,97.44718538284424,0.20157609999296255,0.20157609999296255,0.20157609999296255,0.03643170002033003,1043,103,20305.270251833637,4150,6116,35.92397330727294,2026-10-02T15:39:27+00:00,parallel,1,"block mean, streamed in bands, NaN-aware, any void -> void",p02,10.328161550205582,1553.9536672629592,1.8879333023997495,1.000287229200946,0.025744869020950117,3.4072049056485207,3.407185588386449,3.015420299983816,0.06195806201868782
X6,dem_whole_c3_d3,dem_whole_c3_d3__20km1__hag_cta_ring1__shared_border__climb_tiebreak__native,idrija_whole_c3,dem,hag_cta_ring1,shared_border,climb_tiebreak,native,20km1,20km,3.335749499994563,3,height_tiebreak,395,6.0,60,18600,idrija_whole,60,15000,process,article_2_HAG_applications,True,ef9e16284540ad240c1f7b7a2233fd1b85afef67,6200,5000,27.80799850000767,6.497784055434438,214,97701,317420,3,main,2684,622285,9490,9171798,2,2.5.3,4153.250420464411,4153.284378693904,True,699.4242711231193,33958.229196380125,10.117885863690928,341649040,Windows-11-10.0.26300-SP0,3.14.7,True,838.2341868082682,20261002T153852Z,1.18.1,0,622285,621874,1144372,621903,6.78476564791331,93.2152343520867,0.2373274000128731,0.2373274000128731,0.2373274000128731,0.02812959998846054,1043,103,20305.270251833637,4150,6116,35.92397330727294,2026-10-02T15:39:27+00:00,parallel,1,"block mean, streamed in bands, NaN-aware, any void -> void",p02,10.423041909624317,1540.3123059951185,1.2271889812308536,0.99938468269434,0.06838050619964094,1.9084034949950364,1.908394833476448,2.987971099995775,0.07294687102907976
X6,dem_whole_c3_d3,dem_whole_c3_d3__20km2__full_grid__climb_tiebreak__native,idrija_whole_c3,dem,full_grid,,climb_tiebreak,native,20km2,20km,0.0,3,height_tiebreak,0,nan,60,18600,idrija_whole,60,15000,process,article_2_HAG_applications,True,ef9e16284540ad240c1f7b7a2233fd1b85afef67,6200,5000,27.80799850000767,6.497784055434438,214,97701,317420,3,main,97701,9171798,6751,9171798,2,2.5.3,1369.5379553900825,1369.5624589491163,True,102.64595589636605,24503.559072009317,10.988599597716245,341751736,Windows-11-10.0.26300-SP0,3.14.7,True,838.2341868082682,20261002T153852Z,1.18.1,0,9171798,6700743,12522245,6710808,100.0,0.0,2.273249699996086,2.273249699996086,2.273249699996086,0.0,4196,5803,18646.179233290663,596,736,35.92397330727294,2026-10-02T15:39:27+00:00,parallel,1,"block mean, streamed in bands, NaN-aware, any void -> void",p02,,,,,,,,,
X6,dem_whole_c3_d3,dem_whole_c3_d3__20km2__hag_cta__shared_border__climb_tiebreak__native,idrija_whole_c3,dem,hag_cta,shared_border,climb_tiebreak,native,20km2,20km,3.335749499994563,3,height_tiebreak,262,6.0,60,18600,idrija_whole,60,15000,process,article_2_HAG_applications,True,ef9e16284540ad240c1f7b7a2233fd1b85afef67,6200,5000,27.80799850000767,6.497784055434438,214,97701,317420,3,main,263,265220,13537,9171798,2,2.5.3,6172.276436699759,6172.325197665525,True,229.74017095155043,48760.96554818963,8.219786868711283,341901512,Windows-11-10.0.26300-SP0,3.14.7,True,838.2341868082682,20261002T153852Z,1.18.1,0,265220,260107,463222,260205,2.8916903752132352,97.10830962478676,0.18753349999315105,0.18753349999315105,0.18753349999315105,0.02570729999570176,4196,5803,18646.179233290663,596,736,35.92397330727294,2026-10-02T15:39:27+00:00,parallel,1,"block mean, streamed in bands, NaN-aware, any void -> void",p02,15.118258955042807,1553.9536672629592,1.9899544145768528,1.0004382596611008,0.03881763559653011,4.506831236335997,4.506786205575198,2.060008900007233,0.08249577685789378
X6,dem_whole_c3_d3,dem_whole_c3_d3__20km2__hag_cta_ring1__shared_border__climb_tiebreak__native,idrija_whole_c3,dem,hag_cta_ring1,shared_border,climb_tiebreak,native,20km2,20km,3.335749499994563,3,height_tiebreak,262,6.0,60,18600,idrija_whole,60,15000,process,article_2_HAG_applications,True,ef9e16284540ad240c1f7b7a2233fd1b85afef67,6200,5000,27.80799850000767,6.497784055434438,214,97701,317420,3,main,2019,661385,8633,9171798,2,2.5.3,2902.798534817168,2902.8297754148493,True,461.6253130349961,31240.59759530005,10.443744379174,341623368,Windows-11-10.0.26300-SP0,3.14.7,True,838.2341868082682,20261002T153852Z,1.18.1,0,661385,618887,1175047,619432,7.211072463654346,92.78892753634565,0.29067240000586025,0.29067240000586025,0.29067240000586025,0.028487900010077283,4196,5803,18646.179233290663,596,736,35.92397330727294,2026-10-02T15:39:27+00:00,parallel,1,"block mean, streamed in bands, NaN-aware, any void -> void",p02,15.937729358911943,1539.6548314476204,1.274941223986785,0.9996243823030646,0.09236095161387327,2.119545882896228,2.119530771632153,1.9540893999801483,0.12786646359454518
X6,dem_whole_c3_d3,dem_whole_c3_d3__20km3__full_grid__climb_tiebreak__native,idrija_whole_c3,dem,full_grid,,climb_tiebreak,native,20km3,20km,0.0,3,height_tiebreak,0,nan,60,18600,idrija_whole,60,15000,process,article_2_HAG_applications,True,ef9e16284540ad240c1f7b7a2233fd1b85afef67,6200,5000,27.80799850000767,6.497784055434438,214,97701,317420,3,main,97701,9171798,6364,9171798,2,2.5.3,1800.0681389702681,1800.0911646560355,True,190.7183611834474,23025.685696793902,11.16895959735208,341774000,Windows-11-10.0.26300-SP0,3.14.7,True,838.2341868082682,20261002T153852Z,1.18.1,0,9171798,8469027,16154461,8480042,100.0,0.0,4.107818099990254,4.107818099990254,4.107818099990254,0.0,1603,836,17071.39127312124,4496,5736,35.92397330727294,2026-10-02T15:39:27+00:00,parallel,1,"block mean, streamed in bands, NaN-aware, any void -> void",p02,,,,,,,,,
X6,dem_whole_c3_d3,dem_whole_c3_d3__20km3__hag_cta__shared_border__climb_tiebreak__native,idrija_whole_c3,dem,hag_cta,shared_border,climb_tiebreak,native,20km3,20km,3.335749499994563,3,height_tiebreak,336,6.0,60,18600,idrija_whole,60,15000,process,article_2_HAG_applications,True,ef9e16284540ad240c1f7b7a2233fd1b85afef67,6200,5000,27.80799850000767,6.497784055434438,214,97701,317420,3,main,337,211213,13243,9171798,2,2.5.3,6723.426947699652,6723.474364403236,True,375.91630111309956,47416.70321258126,7.51960079514319,341865592,Windows-11-10.0.26300-SP0,3.14.7,True,838.2341868082682,20261002T153852Z,1.18.1,0,211213,206228,354118,206320,2.3028527230974776,97.69714727690251,0.16418700001668185,0.16418700001668185,0.16418700001668185,0.023537899978691712,1603,836,17071.39127312124,4496,5736,35.92397330727294,2026-10-02T15:39:27+00:00,parallel,1,"block mean, streamed in bands, NaN-aware, any void -> void",p02,7.944644785497167,2335.8443869401917,2.0592960330029855,1.0002679899582765,0.024350849277018482,3.735095801176615,3.7350743653519176,3.9200931999948807,0.03996939397513034
X6,dem_whole_c3_d3,dem_whole_c3_d3__20km3__hag_cta_ring1__shared_border__climb_tiebreak__native,idrija_whole_c3,dem,hag_cta_ring1,shared_border,climb_tiebreak,native,20km3,20km,3.335749499994563,3,height_tiebreak,336,6.0,60,18600,idrija_whole,60,15000,process,article_2_HAG_applications,True,ef9e16284540ad240c1f7b7a2233fd1b85afef67,6200,5000,27.80799850000767,6.497784055434438,214,97701,317420,3,main,2376,584028,8727,9171798,2,2.5.3,3763.091403537328,3763.122777018347,True,461.6253130349961,31373.480712845736,10.117710659043233,341596904,Windows-11-10.0.26300-SP0,3.14.7,True,838.2341868082682,20261002T153852Z,1.18.1,0,584028,565980,1040975,566413,6.367650050731601,93.6323499492684,0.24864390000584535,0.24864390000584535,0.24864390000584535,0.023717999982181937,1603,836,17071.39127312124,4496,5736,35.92397330727294,2026-10-02T15:39:27+00:00,parallel,1,"block mean, streamed in bands, NaN-aware, any void -> void",p02,8.119959237178657,2230.2775612017444,1.3625427327540645,0.9994818330241622,0.06682940082727332,2.0905271984259497,2.090517886485716,3.835456200002227,0.06052943288955157
X6,dem_whole_c3_d3,dem_whole_c3_d3__2km1__full_grid__climb_tiebreak__native,idrija_whole_c3,dem,full_grid,,climb_tiebreak,native,2km1,2km,0.0,3,height_tiebreak,0,nan,60,18600,idrija_whole,60,15000,process,article_2_HAG_applications,True,ef9e16284540ad240c1f7b7a2233fd1b85afef67,6200,5000,27.80799850000767,6.497784055434438,214,97701,317420,3,main,97701,9171798,750,9171798,2,2.5.3,414.5581003824861,414.56081585802485,True,169.59178528787675,2715.475539043971,10.180715910018211,341154688,Windows-11-10.0.26300-SP0,3.14.7,True,838.2341868082682,20261002T153852Z,1.18.1,0,9171798,604862,1121293,608029,100.0,0.0,0.38657890001195483,0.38657890001195483,0.38657890001195483,0.0,1843,930,2008.4820138602188,1316,1343,35.92397330727294,2026-10-02T15:39:27+00:00,parallel,1,"block mean, streamed in bands, NaN-aware, any void -> void",p02,,,,,,,,,
X6,dem_whole_c3_d3,dem_whole_c3_d3__2km1__hag_cta__shared_border__climb_tiebreak__native,idrija_whole_c3,dem,hag_cta,shared_border,climb_tiebreak,native,2km1,2km,3.335749499994563,3,height_tiebreak,100,6.0,60,18600,idrija_whole,60,15000,process,article_2_HAG_applications,True,ef9e16284540ad240c1f7b7a2233fd1b85afef67,6200,5000,27.80799850000767,6.497784055434438,214,97701,317420,3,main,101,71838,2475,9171798,2,2.5.3,1001.9354468451601,1001.9444221460227,True,169.59178528787675,8975.300858899107,7.509419843639814,341175728,Windows-11-10.0.26300-SP0,3.14.7,True,838.2341868082682,20261002T153852Z,1.18.1,0,71838,66712,116183,67096,0.7832488242763306,99.21675117572367,0.17937960001290776,0.17937960001290776,0.17937960001290776,0.03922500001499429,1843,930,2008.4820138602188,1316,1343,35.92397330727294,2026-10-02T15:39:27+00:00,parallel,1,"block mean, streamed in bands, NaN-aware, any void -> void",p02,185.40781537984662,1731.6264031251083,3.305240916314427,1.0000616729030556,0.11029292632038382,2.4168758152855743,2.4168816342959913,0.16797429998405278,0.4640180827441966
X6,dem_whole_c3_d3,dem_whole_c3_d3__2km1__hag_cta_ring1__shared_border__climb_tiebreak__native,idrija_whole_c3,dem,hag_cta_ring1,shared_border,climb_tiebreak,native,2km1,2km,3.335749499994563,3,height_tiebreak,100,6.0,60,18600,idrija_whole,60,15000,process,article_2_HAG_applications,True,ef9e16284540ad240c1f7b7a2233fd1b85afef67,6200,5000,27.80799850000767,6.497784055434438,214,97701,317420,3,main,767,190251,2016,9171798,2,2.5.3,715.0823143853074,715.0896604301062,True,185.072773561107,7346.044799413892,11.053857792987605,341191488,Windows-11-10.0.26300-SP0,3.14.7,True,838.2341868082682,20261002T153852Z,1.18.1,0,190251,136504,250517,137634,2.0743042967147773,97.92569570328521,0.19482130001415499,0.19482130001415499,0.19482130001415499,0.03503890000865795,1843,930,2008.4820138602188,1316,1343,35.92397330727294,2026-10-02T15:39:27+00:00,parallel,1,"block mean, streamed in bands, NaN-aware, any void -> void",p02,198.72387916796143,1506.528791626632,2.7052516930423876,1.0001078689559149,0.22567792322876953,1.7249266477377887,1.7249330691084992,0.1567186999891419,0.5039625804929607
X6,dem_whole_c3_d3,dem_whole_c3_d3__2km2__full_grid__climb_tiebreak__native,idrija_whole_c3,dem,full_grid,,climb_tiebreak,native,2km2,2km,0.0,3,height_tiebreak,0,nan,60,18600,idrija_whole,60,15000,process,article_2_HAG_applications,True,ef9e16284540ad240c1f7b7a2233fd1b85afef67,6200,5000,27.80799850000767,6.497784055434438,214,97701,317420,3,main,97701,9171798,611,9171798,2,2.5.3,278.8975626627614,278.8997219625432,True,111.01006401909596,2159.299782086611,12.224146156679845,341167416,Windows-11-10.0.26300-SP0,3.14.7,True,838.2341868082682,20261002T153852Z,1.18.1,0,9171798,397578,750997,402113,100.0,0.0,0.23326179999276064,0.23326179999276064,0.23326179999276064,0.0,1903,1810,1519.2103211866354,2376,1990,35.92397330727294,2026-10-02T15:39:27+00:00,parallel,1,"block mean, streamed in bands, NaN-aware, any void -> void",p02,,,,,,,,,
X6,dem_whole_c3_d3,dem_whole_c3_d3__2km2__hag_cta__shared_border__climb_tiebreak__native,idrija_whole_c3,dem,hag_cta,shared_border,climb_tiebreak,native,2km2,2km,3.335749499994563,3,height_tiebreak,31,6.0,60,18600,idrija_whole,60,15000,process,article_2_HAG_applications,True,ef9e16284540ad240c1f7b7a2233fd1b85afef67,6200,5000,27.80799850000767,6.497784055434438,214,97701,317420,3,main,32,12693,653,9171798,2,2.5.3,405.2501288519959,405.2524638574021,True,101.64851794546999,2335.005409571382,9.059446293086184,341047304,Windows-11-10.0.26300-SP0,3.14.7,True,838.2341868082682,20261002T153852Z,1.18.1,0,12693,12334,20825,12380,0.13839162179542114,99.86160837820458,0.11828319999040104,0.11828319999040104,0.11828319999040104,0.023924200009787455,1903,1810,1519.2103211866354,2376,1990,35.92397330727294,2026-10-02T15:39:27+00:00,parallel,1,"block mean, streamed in bands, NaN-aware, any void -> void",p02,342.03452005112126,263.0437226013957,1.0813715765371776,0.9996479382427307,0.031022843316280076,1.4530429200703272,1.453040042513303,0.09105439999257214,0.5070834572744959
X6,dem_whole_c3_d3,dem_whole_c3_d3__2km2__hag_cta_ring1__shared_border__climb_tiebreak__native,idrija_whole_c3,dem,hag_cta_ring1,shared_border,climb_tiebreak,native,2km2,2km,3.335749499994563,3,height_tiebreak,31,6.0,60,18600,idrija_whole,60,15000,process,article_2_HAG_applications,True,ef9e16284540ad240c1f7b7a2233fd1b85afef67,6200,5000,27.80799850000767,6.497784055434438,214,97701,317420,3,main,223,31164,645,9171798,2,2.5.3,327.08507622612956,327.08736983456777,True,183.76547447755374,2293.608439951712,10.0902434389058,341053032,Windows-11-10.0.26300-SP0,3.14.7,True,838.2341868082682,20261002T153852Z,1.18.1,0,31164,26920,50132,27039,0.3397807060295048,99.6602192939705,0.12044319999404252,0.12044319999404252,0.12044319999404252,0.02460219999193214,1903,1810,1519.2103211866354,2376,1990,35.92397330727294,2026-10-02T15:39:27+00:00,parallel,1,"block mean, streamed in bands, NaN-aware, any void -> void",p02,353.03807452589905,254.55844122715712,1.0622000979110524,0.9996647276538273,0.06770998395283441,1.1727785395587547,1.172777683437405,0.08821640000678599,0.5163434389933564
X6,dem_whole_c3_d3,dem_whole_c3_d3__2km3__full_grid__climb_tiebreak__native,idrija_whole_c3,dem,full_grid,,climb_tiebreak,native,2km3,2km,0.0,3,height_tiebreak,0,nan,60,18600,idrija_whole,60,15000,process,article_2_HAG_applications,True,ef9e16284540ad240c1f7b7a2233fd1b85afef67,6200,5000,27.80799850000767,6.497784055434438,214,97701,317420,3,main,97701,9171798,793,9171798,2,2.5.3,372.3329772949236,372.33580810141154,True,314.4436306423624,2830.8064914856586,10.622736814128894,341243592,Windows-11-10.0.26300-SP0,3.14.7,True,838.2341868082682,20261002T153852Z,1.18.1,0,9171798,781932,1457275,787841,100.0,0.0,0.3471760999818798,0.3471760999818798,0.3471760999818798,0.0,4690,5110,2069.2993983471797,4316,4530,35.92397330727294,2026-10-02T15:39:27+00:00,parallel,1,"block mean, streamed in bands, NaN-aware, any void -> void",p02,,,,,,,,,
X6,dem_whole_c3_d3,dem_whole_c3_d3__2km3__hag_cta__shared_border__climb_tiebreak__native,idrija_whole_c3,dem,hag_cta,shared_border,climb_tiebreak,native,2km3,2km,3.335749499994563,3,height_tiebreak,75,6.0,60,18600,idrija_whole,60,15000,process,article_2_HAG_applications,True,ef9e16284540ad240c1f7b7a2233fd1b85afef67,6200,5000,27.80799850000767,6.497784055434438,214,97701,317420,3,main,76,22696,1829,9171798,2,2.5.3,849.2474195692288,849.2539324757241,True,282.6655635127319,6512.906488934769,9.276190954635965,341121048,Windows-11-10.0.26300-SP0,3.14.7,True,838.2341868082682,20261002T153852Z,1.18.1,0,22696,21837,34728,21882,0.2474542069068682,99.75254579309313,0.12282459999551065,0.12282459999551065,0.12282459999551065,0.026058999996166676,4690,5110,2069.2993983471797,4316,4530,35.92397330727294,2026-10-02T15:39:27+00:00,parallel,1,"block mean, streamed in bands, NaN-aware, any void -> void",p02,157.05963665565278,583.9606151103001,2.300724725806559,0.9996408899599205,0.027926980862786024,2.2808815532247175,2.280881704089058,0.1982924999902025,0.3537818415551106
X6,dem_whole_c3_d3,dem_whole_c3_d3__2km3__hag_cta_ring1__shared_border__climb_tiebreak__native,idrija_whole_c3,dem,hag_cta_ring1,shared_border,climb_tiebreak,native,2km3,2km,3.335749499994563,3,height_tiebreak,75,6.0,60,18600,idrija_whole,60,15000,process,article_2_HAG_applications,True,ef9e16284540ad240c1f7b7a2233fd1b85afef67,6200,5000,27.80799850000767,6.497784055434438,214,97701,317420,3,main,399,116554,1115,9171798,2,2.5.3,459.377037896053,459.3810708042696,True,163.192997048743,4032.9082220383234,13.895030772158954,341095224,Windows-11-10.0.26300-SP0,3.14.7,True,838.2341868082682,20261002T153852Z,1.18.1,0,116554,107157,199051,107496,1.2707868184624214,98.72921318153757,0.1360502999741584,0.1360502999741584,0.1360502999741584,0.022777900012442842,4690,5110,2069.2993983471797,4316,4530,35.92397330727294,2026-10-02T15:39:27+00:00,parallel,1,"block mean, streamed in bands, NaN-aware, any void -> void",p02,165.35224444118003,536.6563145999495,1.4246499130789332,0.9995652138135974,0.13704132840195823,1.2337801535429997,1.2337816046936585,0.18834789999527857,0.3918769177407641
X6,dem_whole_c3_d3,dem_whole_c3_d3__5km1__full_grid__climb_tiebreak__native,idrija_whole_c3,dem,full_grid,,climb_tiebreak,native,5km1,5km,0.0,3,height_tiebreak,0,nan,60,18600,idrija_whole,60,15000,process,article_2_HAG_applications,True,ef9e16284540ad240c1f7b7a2233fd1b85afef67,6200,5000,27.80799850000767,6.497784055434438,214,97701,317420,3,main,97701,9171798,1571,9171798,2,2.5.3,504.8059726291237,504.81156366136725,True,105.4541273581095,5591.032247167574,13.030758144681014,341570656,Windows-11-10.0.26300-SP0,3.14.7,True,838.2341868082682,20261002T153852Z,1.18.1,0,9171798,3926925,7121995,3937224,100.0,0.0,1.5325743000139482,1.5325743000139482,1.5325743000139482,0.0,4330,5143,4230.791888051219,3783,3843,35.92397330727294,2026-10-02T15:39:27+00:00,parallel,1,"block mean, streamed in bands, NaN-aware, any void -> void",p02,,,,,,,,,
X6,dem_whole_c3_d3,dem_whole_c3_d3__5km1__hag_cta__shared_border__climb_tiebreak__native,idrija_whole_c3,dem,hag_cta,shared_border,climb_tiebreak,native,5km1,5km,3.335749499994563,3,height_tiebreak,157,6.0,60,18600,idrija_whole,60,15000,process,article_2_HAG_applications,True,ef9e16284540ad240c1f7b7a2233fd1b85afef67,6200,5000,27.80799850000767,6.497784055434438,214,97701,317420,3,main,158,147534,4408,9171798,2,2.5.3,1597.7693176269534,1597.7850189378464,True,234.52291789524557,15701.310811490093,8.55951398892498,341303376,Windows-11-10.0.26300-SP0,3.14.7,True,838.2341868082682,20261002T153852Z,1.18.1,0,147534,142333,245278,142417,1.6085613747707919,98.39143862522921,0.2225699000118766,0.2225699000118766,0.2225699000118766,0.0276257999939844,4330,5143,4230.791888051219,3783,3843,35.92397330727294,2026-10-02T15:39:27+00:00,parallel,1,"block mean, streamed in bands, NaN-aware, any void -> void",p02,24.285923049406648,1439.856242824262,2.8083026742413093,0.9992174971845357,0.03624540830293423,3.1651157162532617,3.1651117643764137,1.2823786000080872,0.1452261727277111
X6,dem_whole_c3_d3,dem_whole_c3_d3__5km1__hag_cta_ring1__shared_border__climb_tiebreak__native,idrija_whole_c3,dem,hag_cta_ring1,shared_border,climb_tiebreak,native,5km1,5km,3.335749499994563,3,height_tiebreak,157,6.0,60,18600,idrija_whole,60,15000,process,article_2_HAG_applications,True,ef9e16284540ad240c1f7b7a2233fd1b85afef67,6200,5000,27.80799850000767,6.497784055434438,214,97701,317420,3,main,1102,394978,2272,9171798,2,2.5.3,664.1845194498694,664.1927167515827,True,185.14238641809786,8197.301725450885,9.586806846529432,341197552,Windows-11-10.0.26300-SP0,3.14.7,True,838.2341868082682,20261002T153852Z,1.18.1,0,394978,360545,650664,360961,4.306440242142271,95.69355975785773,0.2783482000231743,0.2783482000231743,0.2783482000231743,0.03822869999567047,4330,5143,4230.791888051219,3783,3843,35.92397330727294,2026-10-02T15:39:27+00:00,parallel,1,"block mean, streamed in bands, NaN-aware, any void -> void",p02,25.611689630362402,1412.681492764735,1.4661517521390888,0.9989076813436808,0.09181356914124919,1.3157223873375992,1.315724053415563,1.2159973999951035,0.18162134130830784
X6,dem_whole_c3_d3,dem_whole_c3_d3__5km2__full_grid__climb_tiebreak__native,idrija_whole_c3,dem,full_grid,,climb_tiebreak,native,5km2,5km,0.0,3,height_tiebreak,0,nan,60,18600,idrija_whole,60,15000,process,article_2_HAG_applications,True,ef9e16284540ad240c1f7b7a2233fd1b85afef67,6200,5000,27.80799850000767,6.497784055434438,214,97701,317420,3,main,97701,9171798,1922,9171798,2,2.5.3,595.8903435601126,595.8973280758981,True,406.5775277389512,6984.515795438258,10.997297758337812,341413792,Windows-11-10.0.26300-SP0,3.14.7,True,838.2341868082682,20261002T153852Z,1.18.1,0,9171798,1870785,3649491,1881582,100.0,0.0,0.8885872999962885,0.8885872999962885,0.8885872999962885,0.0,1016,1790,5014.618629566959,2450,2650,35.92397330727294,2026-10-02T15:39:27+00:00,parallel,1,"block mean, streamed in bands, NaN-aware, any void -> void",p02,,,,,,,,,
X6,dem_whole_c3_d3,dem_whole_c3_d3__5km2__hag_cta__shared_border__climb_tiebreak__native,idrija_whole_c3,dem,hag_cta,shared_border,climb_tiebreak,native,5km2,5km,3.335749499994563,3,height_tiebreak,146,6.0,60,18600,idrija_whole,60,15000,process,article_2_HAG_applications,True,ef9e16284540ad240c1f7b7a2233fd1b85afef67,6200,5000,27.80799850000767,6.497784055434438,214,97701,317420,3,main,147,91672,4722,9171798,2,2.5.3,2315.0950080023877,2315.111970671898,True,663.3383291738994,16962.669468079752,8.429783472154007,341320240,Windows-11-10.0.26300-SP0,3.14.7,True,838.2341868082682,20261002T153852Z,1.18.1,0,91672,90972,153879,90974,0.9994986806294687,99.00050131937053,0.13446790000307374,0.13446790000307374,0.13446790000307374,0.02323880000039935,1016,1790,5014.618629566959,2450,2650,35.92397330727294,2026-10-02T15:39:27+00:00,parallel,1,"block mean, streamed in bands, NaN-aware, any void -> void",p02,42.61126646446544,535.5231087450849,2.4286106531763374,0.9997259864651279,0.048627715103552786,3.8851024068807454,3.885085335333182,0.7308805999928154,0.15132773111165937
X6,dem_whole_c3_d3,dem_whole_c3_d3__5km2__hag_cta_ring1__shared_border__climb_tiebreak__native,idrija_whole_c3,dem,hag_cta_ring1,shared_border,climb_tiebreak,native,5km2,5km,3.335749499994563,3,height_tiebreak,146,6.0,60,18600,idrija_whole,60,15000,process,article_2_HAG_applications,True,ef9e16284540ad240c1f7b7a2233fd1b85afef67,6200,5000,27.80799850000767,6.497784055434438,214,97701,317420,3,main,1212,204192,1849,9171798,2,2.5.3,749.4060465494792,749.4126815880048,True,954.7574643735534,6635.038523290734,10.582057498925533,341156872,Windows-11-10.0.26300-SP0,3.14.7,True,838.2341868082682,20261002T153852Z,1.18.1,0,204192,178371,334896,179157,2.2263028470535438,97.77369715294645,0.15481040001031943,0.15481040001031943,0.15481040001031943,0.02592059999005869,1016,1790,5014.618629566959,2450,2650,35.92397330727294,2026-10-02T15:39:27+00:00,parallel,1,"block mean, streamed in bands, NaN-aware, any void -> void",p02,43.99727458833405,390.242232465939,0.9499639943006822,0.9992474820700858,0.09534553676665143,1.2576240824313345,1.2576204763458072,0.7078562999959104,0.17422081095573394
X6,dem_whole_c3_d3,dem_whole_c3_d3__5km3__full_grid__climb_tiebreak__native,idrija_whole_c3,dem,full_grid,,climb_tiebreak,native,5km3,5km,0.0,3,height_tiebreak,0,nan,60,18600,idrija_whole,60,15000,process,article_2_HAG_applications,True,ef9e16284540ad240c1f7b7a2233fd1b85afef67,6200,5000,27.80799850000767,6.497784055434438,214,97701,317420,3,main,97701,9171798,2284,9171798,2,2.5.3,519.3302680121525,519.3384553361656,True,119.11455160222144,8187.3240200274695,11.805949764596225,341585616,Windows-11-10.0.26300-SP0,3.14.7,True,838.2341868082682,20261002T153852Z,1.18.1,0,9171798,2998910,5462614,3010471,100.0,0.0,1.0536579999898095,1.0536579999898095,1.0536579999898095,0.0,4030,5510,5259.3535724459525,3256,3936,35.92397330727294,2026-10-02T15:39:27+00:00,parallel,1,"block mean, streamed in bands, NaN-aware, any void -> void",p02,,,,,,,,,
X6,dem_whole_c3_d3,dem_whole_c3_d3__5km3__hag_cta__shared_border__climb_tiebreak__native,idrija_whole_c3,dem,hag_cta,shared_border,climb_tiebreak,native,5km3,5km,3.335749499994563,3,height_tiebreak,59,6.0,60,18600,idrija_whole,60,15000,process,article_2_HAG_applications,True,ef9e16284540ad240c1f7b7a2233fd1b85afef67,6200,5000,27.80799850000767,6.497784055434438,214,97701,317420,3,main,60,36117,3392,9171798,2,2.5.3,1864.2107476128504,1864.2227684196005,True,138.15202956910315,12020.806701746378,9.620310457512613,341225232,Windows-11-10.0.26300-SP0,3.14.7,True,838.2341868082682,20261002T153852Z,1.18.1,0,36117,35367,58090,35375,0.3937832036859076,99.6062167963141,0.11648510000668466,0.11648510000668466,0.11648510000668466,0.02118400001199916,4030,5510,5259.3535724459525,3256,3936,35.92397330727294,2026-10-02T15:39:27+00:00,parallel,1,"block mean, streamed in bands, NaN-aware, any void -> void",p02,34.00013690229648,1110.802412672929,1.4682216890820021,0.9989449672845709,0.01179328489351131,3.5896439365040576,3.589610492473347,0.9159888999711256,0.11055304473350105
X6,dem_whole_c3_d3,dem_whole_c3_d3__5km3__hag_cta_ring1__shared_border__climb_tiebreak__native,idrija_whole_c3,dem,hag_cta_ring1,shared_border,climb_tiebreak,native,5km3,5km,3.335749499994563,3,height_tiebreak,59,6.0,60,18600,idrija_whole,60,15000,process,article_2_HAG_applications,True,ef9e16284540ad240c1f7b7a2233fd1b85afef67,6200,5000,27.80799850000767,6.497784055434438,214,97701,317420,3,main,365,115526,2788,9171798,2,2.5.3,1289.797620985245,1289.8074271763694,True,85.50361003617826,9806.191119119729,10.60460907734382,341195616,Windows-11-10.0.26300-SP0,3.14.7,True,838.2341868082682,20261002T153852Z,1.18.1,0,115526,103583,188391,103676,1.259578547194345,98.74042145280566,0.1356720000039786,0.1356720000039786,0.1356720000039786,0.023718699987512082,4030,5510,5259.3535724459525,3256,3936,35.92397330727294,2026-10-02T15:39:27+00:00,parallel,1,"block mean, streamed in bands, NaN-aware, any void -> void",p02,34.82599442030452,1128.2752323790503,1.1977284757672053,0.9988582657414942,0.03454021627858122,2.483578756004769,2.483558484690841,0.8942672999983188,0.12876284335646934
X6,dem_whole_c3_d5,dem_whole_c3_d5__10km1__full_grid__climb_tiebreak__native,idrija_whole_c3,dem,full_grid,,climb_tiebreak,native,10km1,10km,0.0,3,height_tiebreak,0,nan,60,18600,idrija_whole,60,15000,process,article_2_HAG_applications,True,ef9e16284540ad240c1f7b7a2233fd1b85afef67,6200,5000,23.506647600006545,5.5450313588850175,138,35875,99464,5,main,35875,9171798,4256,9171798,2,2.5.3,1298.297105577256,1298.312532313597,True,128.90926440332467,15426.73635180951,11.10154668976189,341638992,Windows-11-10.0.26300-SP0,3.14.7,True,838.2341868082682,20261002T153852Z,1.18.1,0,9171798,6379241,11830046,6386025,100.0,0.0,3.2740248999907635,3.2740248999907635,3.2740248999907635,0.0,4343,3790,9873.317578200349,1776,1730,35.92397330727294,2026-10-02T15:41:53+00:00,parallel,1,"block mean, streamed in bands, NaN-aware, any void -> void",p02,,,,,,,,,
X6,dem_whole_c3_d5,dem_whole_c3_d5__10km1__hag_cta__shared_border__climb_tiebreak__native,idrija_whole_c3,dem,hag_cta,shared_border,climb_tiebreak,native,10km1,10km,3.1931634999928065,3,height_tiebreak,142,6.0,60,18600,idrija_whole,60,15000,process,article_2_HAG_applications,True,ef9e16284540ad240c1f7b7a2233fd1b85afef67,6200,5000,23.506647600006545,5.5450313588850175,138,35875,99464,5,main,143,590071,14339,9171798,2,2.5.3,6748.234497070318,6748.285263906006,True,252.99863462095118,50766.835246937226,7.835239973927156,341954808,Windows-11-10.0.26300-SP0,3.14.7,True,838.2341868082682,20261002T153852Z,1.18.1,0,590071,576731,1053471,576797,6.433536804888202,93.5664631951118,0.2829630000051111,0.2829630000051111,0.2829630000051111,0.011971200001426041,4343,3790,9873.317578200349,1776,1730,35.92397330727294,2026-10-02T15:41:53+00:00,parallel,1,"block mean, streamed in bands, NaN-aware, any void -> void",p02,8.962402890298279,1682.5721381266242,3.2908344376406244,1.0009244143888587,0.09040746383464741,5.197758254317205,5.197735595974368,2.9790906999842264,0.08642664874232
X6,dem_whole_c3_d5,dem_whole_c3_d5__10km1__hag_cta_ring1__shared_border__climb_tiebreak__native,idrija_whole_c3,dem,hag_cta_ring1,shared_border,climb_tiebreak,native,10km1,10km,3.1931634999928065,3,height_tiebreak,142,6.0,60,18600,idrija_whole,60,15000,process,article_2_HAG_applications,True,ef9e16284540ad240c1f7b7a2233fd1b85afef67,6200,5000,23.506647600006545,5.5450313588850175,138,35875,99464,5,main,1099,1294310,4722,9171798,2,2.5.3,2168.4473402235258,2168.4642096949915,True,202.80646905259775,16869.471416545806,10.71115863830719,341382160,Windows-11-10.0.26300-SP0,3.14.7,True,838.2341868082682,20261002T153852Z,1.18.1,0,1294310,1229185,2341145,1229616,14.111845899789769,85.88815410021023,0.4678427000180818,0.4678427000180818,0.4678427000180818,0.01353289998951368,4343,3790,9873.317578200349,1776,1730,35.92397330727294,2026-10-02T15:41:53+00:00,parallel,1,"block mean, streamed in bands, NaN-aware, any void -> void",p02,9.560746170369576,574.6546789159556,1.093521729537244,0.9992482356931904,0.19268514859369634,1.670224273710738,1.6702174212481653,2.792649299983168,0.14289527853603118
X6,dem_whole_c3_d5,dem_whole_c3_d5__10km2__full_grid__climb_tiebreak__native,idrija_whole_c3,dem,full_grid,,climb_tiebreak,native,10km2,10km,0.0,3,height_tiebreak,0,nan,60,18600,idrija_whole,60,15000,process,article_2_HAG_applications,True,ef9e16284540ad240c1f7b7a2233fd1b85afef67,6200,5000,23.506647600006545,5.5450313588850175,138,35875,99464,5,main,35875,9171798,3633,9171798,2,2.5.3,1363.5602010091147,1363.5732455348584,True,121.99300130208333,13044.525748029244,11.094262718589158,341636808,Windows-11-10.0.26300-SP0,3.14.7,True,838.2341868082682,20261002T153852Z,1.18.1,0,9171798,7311955,13768545,7324206,100.0,0.0,4.162744500004919,4.162744500004919,4.162744500004919,0.0,1790,1590,9605.7690998691,3863,4030,35.92397330727294,2026-10-02T15:41:53+00:00,parallel,1,"block mean, streamed in bands, NaN-aware, any void -> void",p02,,,,,,,,,
X6,dem_whole_c3_d5,dem_whole_c3_d5__10km2__hag_cta__shared_border__climb_tiebreak__native,idrija_whole_c3,dem,hag_cta,shared_border,climb_tiebreak,native,10km2,10km,3.1931634999928065,3,height_tiebreak,151,6.0,60,18600,idrija_whole,60,15000,process,article_2_HAG_applications,True,ef9e16284540ad240c1f7b7a2233fd1b85afef67,6200,5000,23.506647600006545,5.5450313588850175,138,35875,99464,5,main,152,580214,15139,9171798,2,2.5.3,7301.713914659294,7301.767586007249,True,252.99863462095118,53671.34736590766,9.305106936853047,341987432,Windows-11-10.0.26300-SP0,3.14.7,True,838.2341868082682,20261002T153852Z,1.18.1,0,580214,562930,1017358,563458,6.326066055968524,93.67393394403148,0.2675695999932941,0.2675695999932941,0.2675695999932941,0.009129000012762845,1790,1590,9605.7690998691,3863,4030,35.92397330727294,2026-10-02T15:41:53+00:00,parallel,1,"block mean, streamed in bands, NaN-aware, any void -> void",p02,6.870688557746363,2264.6721617046474,4.114472875644121,1.001026306275523,0.07698761822248633,5.354889288537166,5.354877422182882,3.8860458999988623,0.06427720942108696
X6,dem_whole_c3_d5,dem_whole_c3_d5__10km2__hag_cta_ring1__shared_border__climb_tiebreak__native,idrija_whole_c3,dem,hag_cta_ring1,shared_border,climb_tiebreak,native,10km2,10km,3.1931634999928065,3,height_tiebreak,151,6.0,60,18600,idrija_whole,60,15000,process,article_2_HAG_applications,True,ef9e16284540ad240c1f7b7a2233fd1b85afef67,6200,5000,23.506647600006545,5.5450313588850175,138,35875,99464,5,main,1283,1376081,4802,9171798,2,2.5.3,2438.5604248046893,2438.577596408263,True,276.90324121495775,17171.60345090177,10.397483804827445,341370304,Windows-11-10.0.26300-SP0,3.14.7,True,838.2341868082682,20261002T153852Z,1.18.1,0,1376081,1292798,2450922,1293931,15.003394100044506,84.9966058999555,0.6674917000054847,0.6674917000054847,0.6674917000054847,0.009356700000353158,1790,1590,9605.7690998691,3863,4030,35.92397330727294,2026-10-02T15:41:53+00:00,parallel,1,"block mean, streamed in bands, NaN-aware, any void -> void",p02,7.659382360824348,598.8363716408682,1.316383882602711,0.9992199201205509,0.17680606622989337,1.7883775303796716,1.7883730150863564,3.4858960999990813,0.16034894767255015
X6,dem_whole_c3_d5,dem_whole_c3_d5__10km3__full_grid__climb_tiebreak__native,idrija_whole_c3,dem,full_grid,,climb_tiebreak,native,10km3,10km,0.0,3,height_tiebreak,0,nan,60,18600,idrija_whole,60,15000,process,article_2_HAG_applications,True,ef9e16284540ad240c1f7b7a2233fd1b85afef67,6200,5000,23.506647600006545,5.5450313588850175,138,35875,99464,5,main,35875,9171798,4795,9171798,2,2.5.3,1532.93509250217,1532.9521847015255,True,214.80125144676094,17092.199338607163,10.4683082481386,341809592,Windows-11-10.0.26300-SP0,3.14.7,True,838.2341868082682,20261002T153852Z,1.18.1,0,9171798,8361523,15961634,8367543,100.0,0.0,5.145668800018029,5.145668800018029,5.145668800018029,0.0,2896,4256,11336.966084451342,590,1263,35.92397330727294,2026-10-02T15:41:53+00:00,parallel,1,"block mean, streamed in bands, NaN-aware, any void -> void",p02,,,,,,,,,
X6,dem_whole_c3_d5,dem_whole_c3_d5__10km3__hag_cta__shared_border__climb_tiebreak__native,idrija_whole_c3,dem,hag_cta,shared_border,climb_tiebreak,native,10km3,10km,3.1931634999928065,3,height_tiebreak,224,6.0,60,18600,idrija_whole,60,15000,process,article_2_HAG_applications,True,ef9e16284540ad240c1f7b7a2233fd1b85afef67,6200,5000,23.506647600006545,5.5450313588850175,138,35875,99464,5,main,225,822010,10565,9171798,2,2.5.3,4877.799981011289,4877.837653841154,True,274.3918235281863,37672.82962710512,7.925264013417147,341708824,Windows-11-10.0.26300-SP0,3.14.7,True,838.2341868082682,20261002T153852Z,1.18.1,0,822010,800321,1495335,800464,8.962364849291273,91.03763515070872,0.40323220001300797,0.40323220001300797,0.40323220001300797,0.01299230000586249,2896,4256,11336.966084451342,590,1263,35.92397330727294,2026-10-02T15:41:53+00:00,parallel,1,"block mean, streamed in bands, NaN-aware, any void -> void",p02,5.645443609517528,1305.0,2.204094913754678,0.9997051925915525,0.09571474000609698,3.182000337045832,3.1819894335392442,4.729444299999159,0.0783634189615148
X6,dem_whole_c3_d5,dem_whole_c3_d5__10km3__hag_cta_ring1__shared_border__climb_tiebreak__native,idrija_whole_c3,dem,hag_cta_ring1,shared_border,climb_tiebreak,native,10km3,10km,3.1931634999928065,3,height_tiebreak,224,6.0,60,18600,idrija_whole,60,15000,process,article_2_HAG_applications,True,ef9e16284540ad240c1f7b7a2233fd1b85afef67,6200,5000,23.506647600006545,5.5450313588850175,138,35875,99464,5,main,1796,1557160,4904,9171798,2,2.5.3,2191.6331380208308,2191.650526154188,True,214.80125144676094,17388.13332142918,10.468647828269791,341388384,Windows-11-10.0.26300-SP0,3.14.7,True,838.2341868082682,20261002T153852Z,1.18.1,0,1557160,1469092,2828751,1469752,16.977696194355786,83.02230380564421,0.6444068000128027,0.6444068000128027,0.6444068000128027,0.013533899997128174,2896,4256,11336.966084451342,590,1263,35.92397330727294,2026-10-02T15:41:53+00:00,parallel,1,"block mean, streamed in bands, NaN-aware, any void -> void",p02,5.949516215109193,574.6546789159556,1.0173139791409742,0.9987677115860458,0.17569670023032885,1.4296972838187723,1.4296926858034484,4.487728100008098,0.1252328560304046
X6,dem_whole_c3_d5,dem_whole_c3_d5__1km1__full_grid__climb_tiebreak__native,idrija_whole_c3,dem,full_grid,,climb_tiebreak,native,1km1,1km,0.0,3,height_tiebreak,0,nan,60,18600,idrija_whole,60,15000,process,article_2_HAG_applications,True,ef9e16284540ad240c1f7b7a2233fd1b85afef67,6200,5000,23.506647600006545,5.5450313588850175,138,35875,99464,5,main,35875,9171798,438,9171798,2,2.5.3,145.73576524522502,145.73728003829814,True,463.5110142379924,1514.793072687563,13.32405327992593,341113888,Windows-11-10.0.26300-SP0,3.14.7,True,838.2341868082682,20261002T153852Z,1.18.1,0,9171798,252637,456432,255235,100.0,0.0,0.25839750000159256,0.25839750000159256,0.25839750000159256,0.0,796,1730,973.2420048477151,743,1410,35.92397330727294,2026-10-02T15:41:53+00:00,parallel,1,"block mean, streamed in bands, NaN-aware, any void -> void",p02,,,,,,,,,
X6,dem_whole_c3_d5,dem_whole_c3_d5__1km1__hag_cta__shared_border__climb_tiebreak__native,idrija_whole_c3,dem,hag_cta,shared_border,climb_tiebreak,native,1km1,1km,3.1931634999928065,3,height_tiebreak,21,21.633307652783934,60,18600,idrija_whole,60,15000,process,article_2_HAG_applications,True,ef9e16284540ad240c1f7b7a2233fd1b85afef67,6200,5000,23.506647600006545,5.5450313588850175,138,35875,99464,5,main,22,71688,558,9171798,2,2.5.3,161.98482937282995,161.9867836949079,True,622.625545050036,1954.3220766631973,11.385050378753865,341061264,Windows-11-10.0.26300-SP0,3.14.7,True,838.2341868082682,20261002T153852Z,1.18.1,0,71688,63685,112380,63837,0.7816133761341015,99.2183866238659,0.1765091000124812,0.1765091000124812,0.1765091000124812,0.012285300006624311,796,1730,973.2420048477151,743,1410,35.92397330727294,2026-10-02T15:41:53+00:00,parallel,1,"block mean, streamed in bands, NaN-aware, any void -> void",p02,383.60088999940143,183.17205026968497,1.2901577858392348,0.9998457289431734,0.25208104909415485,1.1114967496157386,1.11149860661829,0.06960309998248704,0.6830913612221223
X6,dem_whole_c3_d5,dem_whole_c3_d5__1km1__hag_cta_ring1__shared_border__climb_tiebreak__native,idrija_whole_c3,dem,hag_cta_ring1,shared_border,climb_tiebreak,native,1km1,1km,3.1931634999928065,3,height_tiebreak,21,6.0,60,18600,idrija_whole,60,15000,process,article_2_HAG_applications,True,ef9e16284540ad240c1f7b7a2233fd1b85afef67,6200,5000,23.506647600006545,5.5450313588850175,138,35875,99464,5,main,299,167081,438,9171798,2,2.5.3,145.73576524522502,145.73728003829814,True,463.5110142379924,1514.793072687563,13.32405327992593,341055696,Windows-11-10.0.26300-SP0,3.14.7,True,838.2341868082682,20261002T153852Z,1.18.1,0,167081,132586,239613,133494,1.8216820736784651,98.17831792632154,0.20400069997413084,0.20400069997413084,0.20400069997413084,0.010835199995199218,796,1730,973.2420048477151,743,1410,35.92397330727294,2026-10-02T15:41:53+00:00,parallel,1,"block mean, streamed in bands, NaN-aware, any void -> void",p02,612.9208082399405,0.0,1.0,0.9998294059490184,0.5248083218214276,1.0,1.0,0.043561600032262504,0.7894840312807729
X6,dem_whole_c3_d5,dem_whole_c3_d5__1km2__full_grid__climb_tiebreak__native,idrija_whole_c3,dem,full_grid,,climb_tiebreak,native,1km2,1km,0.0,3,height_tiebreak,0,nan,60,18600,idrija_whole,60,15000,process,article_2_HAG_applications,True,ef9e16284540ad240c1f7b7a2233fd1b85afef67,6200,5000,23.506647600006545,5.5450313588850175,138,35875,99464,5,main,35875,9171798,400,9171798,2,2.5.3,236.1506517198343,236.15211340230164,True,300.11144567419024,1461.682466356408,9.827753306893102,341090032,Windows-11-10.0.26300-SP0,3.14.7,True,838.2341868082682,20261002T153852Z,1.18.1,0,9171798,231747,420451,233979,100.0,0.0,0.21590520002064295,0.21590520002064295,0.21590520002064295,0.0,1783,676,1094.1663493271944,1670,1023,35.92397330727294,2026-10-02T15:41:53+00:00,parallel,1,"block mean, streamed in bands, NaN-aware, any void -> void",p02,,,,,,,,,
X6,dem_whole_c3_d5,dem_whole_c3_d5__1km2__hag_cta__shared_border__climb_tiebreak__native,idrija_whole_c3,dem,hag_cta,shared_border,climb_tiebreak,native,1km2,1km,3.1931634999928065,3,height_tiebreak,34,6.0,60,18600,idrija_whole,60,15000,process,article_2_HAG_applications,True,ef9e16284540ad240c1f7b7a2233fd1b85afef67,6200,5000,23.506647600006545,5.5450313588850175,138,35875,99464,5,main,35,20417,578,9171798,2,2.5.3,337.5303446451817,337.5324372536205,True,342.4250849971069,2092.608439951712,8.777717210869422,341045344,Windows-11-10.0.26300-SP0,3.14.7,True,838.2341868082682,20261002T153852Z,1.18.1,0,20417,20256,33957,20290,0.2226062981326017,99.7773937018674,0.16077909999876283,0.16077909999876283,0.16077909999876283,0.011022099992260337,1783,676,1094.1663493271944,1670,1023,35.92397330727294,2026-10-02T15:41:53+00:00,parallel,1,"block mean, streamed in bands, NaN-aware, any void -> void",p02,605.3829829962824,211.36697944570244,1.4316436627772087,0.9998689847377304,0.08740566220921954,1.4293009237409295,1.42930093824149,0.04410400002961978,0.744674514478533
X6,dem_whole_c3_d5,dem_whole_c3_d5__1km2__hag_cta_ring1__shared_border__climb_tiebreak__native,idrija_whole_c3,dem,hag_cta_ring1,shared_border,climb_tiebreak,native,1km2,1km,3.1931634999928065,3,height_tiebreak,34,6.0,60,18600,idrija_whole,60,15000,process,article_2_HAG_applications,True,ef9e16284540ad240c1f7b7a2233fd1b85afef67,6200,5000,23.506647600006545,5.5450313588850175,138,35875,99464,5,main,422,48012,505,9171798,2,2.5.3,272.7591179741753,272.76095057547303,True,255.11090313946548,1832.6012972767758,10.358356428196153,341043080,Windows-11-10.0.26300-SP0,3.14.7,True,838.2341868082682,20261002T153852Z,1.18.1,0,48012,43968,78235,44211,0.5234742413646702,99.47652575863532,0.21394560000044294,0.21394560000044294,0.21394560000044294,0.022854200011352077,1783,676,1094.1663493271944,1670,1023,35.92397330727294,2026-10-02T15:41:53+00:00,parallel,1,"block mean, streamed in bands, NaN-aware, any void -> void",p02,inf,158.40454538932903,1.2537615654958025,0.99986234719401,0.18972413882380354,1.1550216609089556,1.1550222720675198,-0.020894599991152063,0.9909237942392649
X6,dem_whole_c3_d5,dem_whole_c3_d5__1km3__full_grid__climb_tiebreak__native,idrija_whole_c3,dem,full_grid,,climb_tiebreak,native,1km3,1km,0.0,3,height_tiebreak,0,nan,60,18600,idrija_whole,60,15000,process,article_2_HAG_applications,True,ef9e16284540ad240c1f7b7a2233fd1b85afef67,6200,5000,23.506647600006545,5.5450313588850175,138,35875,99464,5,main,35875,9171798,427,9171798,2,2.5.3,244.57160101996527,244.57314121715027,True,82.96350002373806,1540.1971849821696,13.082277455969345,341351128,Windows-11-10.0.26300-SP0,3.14.7,True,838.2341868082682,20261002T153852Z,1.18.1,0,9171798,776125,1484513,787584,100.0,0.0,0.6471756999962963,0.6471756999962963,0.6471756999962963,0.0,4636,5696,802.2468448052632,4903,5676,35.92397330727294,2026-10-02T15:41:53+00:00,parallel,1,"block mean, streamed in bands, NaN-aware, any void -> void",p02,,,,,,,,,
X6,dem_whole_c3_d5,dem_whole_c3_d5__1km3__hag_cta__shared_border__climb_tiebreak__native,idrija_whole_c3,dem,hag_cta,shared_border,climb_tiebreak,native,1km3,1km,3.1931634999928065,3,height_tiebreak,48,18.0,60,18600,idrija_whole,60,15000,process,article_2_HAG_applications,True,ef9e16284540ad240c1f7b7a2233fd1b85afef67,6200,5000,23.506647600006545,5.5450313588850175,138,35875,99464,5,main,49,293811,3024,9171798,2,2.5.3,1277.3779839409744,1277.388792637942,True,159.59201388888764,10808.696961967002,9.571421915743503,341227952,Windows-11-10.0.26300-SP0,3.14.7,True,838.2341868082682,20261002T153852Z,1.18.1,0,293811,273827,486876,274029,3.2034176941097043,96.7965823058903,0.21055260000866838,0.21055260000866838,0.21055260000866838,0.013158999994629994,4636,5696,802.2468448052632,4903,5676,35.92397330727294,2026-10-02T15:41:53+00:00,parallel,1,"block mean, streamed in bands, NaN-aware, any void -> void",p02,63.050943634751654,2245.379255270699,7.017735824580234,0.9996391516245406,0.35281301336769205,5.222920317051437,5.22293161988618,0.42346409999299794,0.3253407073378579
X6,dem_whole_c3_d5,dem_whole_c3_d5__1km3__hag_cta_ring1__shared_border__climb_tiebreak__native,idrija_whole_c3,dem,hag_cta_ring1,shared_border,climb_tiebreak,native,1km3,1km,3.1931634999928065,3,height_tiebreak,48,6.0,60,18600,idrija_whole,60,15000,process,article_2_HAG_applications,True,ef9e16284540ad240c1f7b7a2233fd1b85afef67,6200,5000,23.506647600006545,5.5450313588850175,138,35875,99464,5,main,487,586123,427,9171798,2,2.5.3,244.57160101996527,244.57314121715027,True,82.96350002373806,1540.1971849821696,13.082277455969345,341099016,Windows-11-10.0.26300-SP0,3.14.7,True,838.2341868082682,20261002T153852Z,1.18.1,0,586123,270223,519465,270998,6.390491809784733,93.60950819021527,0.31099229998653755,0.31099229998653755,0.31099229998653755,0.011087999999290332,4636,5696,802.2468448052632,4903,5676,35.92397330727294,2026-10-02T15:41:53+00:00,parallel,1,"block mean, streamed in bands, NaN-aware, any void -> void",p02,82.1291568540791,0.0,1.0,0.9992614291287768,0.3481694314704461,1.0,1.0,0.32509540001046844,0.48053766541036275
X6,dem_whole_c3_d5,dem_whole_c3_d5__20km1__full_grid__climb_tiebreak__native,idrija_whole_c3,dem,full_grid,,climb_tiebreak,native,20km1,20km,0.0,3,height_tiebreak,0,nan,60,18600,idrija_whole,60,15000,process,article_2_HAG_applications,True,ef9e16284540ad240c1f7b7a2233fd1b85afef67,6200,5000,23.506647600006545,5.5450313588850175,138,35875,99464,5,main,35875,9171798,7638,9171798,2,2.5.3,2176.295752631292,2176.3234241878704,True,699.4242711231193,27671.556472353986,10.939465731321048,341859392,Windows-11-10.0.26300-SP0,3.14.7,True,838.2341868082682,20261002T153852Z,1.18.1,0,9171798,9094317,17329955,9096479,100.0,0.0,5.305094199982705,5.305094199982705,5.305094199982705,0.0,1043,103,20305.270251833637,4150,6116,35.92397330727294,2026-10-02T15:41:53+00:00,parallel,1,"block mean, streamed in bands, NaN-aware, any void -> void",p02,,,,,,,,,
X6,dem_whole_c3_d5,dem_whole_c3_d5__20km1__hag_cta__shared_border__climb_tiebreak__native,idrija_whole_c3,dem,hag_cta,shared_border,climb_tiebreak,native,20km1,20km,3.1931634999928065,3,height_tiebreak,269,6.0,60,18600,idrija_whole,60,15000,process,article_2_HAG_applications,True,ef9e16284540ad240c1f7b7a2233fd1b85afef67,6200,5000,23.506647600006545,5.5450313588850175,138,35875,99464,5,main,270,669542,16361,9171798,2,2.5.3,7363.564995659726,7363.623422803484,True,550.0987865306721,58427.14324851128,8.48130988232683,342085896,Windows-11-10.0.26300-SP0,3.14.7,True,838.2341868082682,20261002T153852Z,1.18.1,0,669542,667111,1221834,667271,7.3000081336287606,92.69999186637124,0.36361219998798333,0.36361219998798333,0.36361219998798333,0.01001710002310574,1043,103,20305.270251833637,4150,6116,35.92397330727294,2026-10-02T15:41:53+00:00,parallel,1,"block mean, streamed in bands, NaN-aware, any void -> void",p02,5.414174417048579,1885.0530496513884,2.111451276941523,1.0006625648009109,0.07335471151929276,3.3835313912443503,3.383515216977153,4.9314648999716155,0.0685401967017228
X6,dem_whole_c3_d5,dem_whole_c3_d5__20km1__hag_cta_ring1__shared_border__climb_tiebreak__native,idrija_whole_c3,dem,hag_cta_ring1,shared_border,climb_tiebreak,native,20km1,20km,3.1931634999928065,3,height_tiebreak,269,6.0,60,18600,idrija_whole,60,15000,process,article_2_HAG_applications,True,ef9e16284540ad240c1f7b7a2233fd1b85afef67,6200,5000,23.506647600006545,5.5450313588850175,138,35875,99464,5,main,2089,1431457,9483,9171798,2,2.5.3,4265.0985921224,4265.132552962055,True,716.2138372465066,33960.83936943539,9.183509970406543,341680072,Windows-11-10.0.26300-SP0,3.14.7,True,838.2341868082682,20261002T153852Z,1.18.1,0,1431457,1422790,2687791,1423408,15.607157942205006,84.392842057795,0.5582072999968659,0.5582072999968659,0.5582072999968659,0.013419099996099249,1043,103,20305.270251833637,4150,6116,35.92397330727294,2026-10-02T15:41:53+00:00,parallel,1,"block mean, streamed in bands, NaN-aware, any void -> void",p02,5.640644920000772,1540.3123059951185,1.227283308163922,0.9994754568568355,0.15644825224368142,1.9597973239462518,1.959788010163819,4.733467799989739,0.10522099682955409
X6,dem_whole_c3_d5,dem_whole_c3_d5__20km2__full_grid__climb_tiebreak__native,idrija_whole_c3,dem,full_grid,,climb_tiebreak,native,20km2,20km,0.0,3,height_tiebreak,0,nan,60,18600,idrija_whole,60,15000,process,article_2_HAG_applications,True,ef9e16284540ad240c1f7b7a2233fd1b85afef67,6200,5000,23.506647600006545,5.5450313588850175,138,35875,99464,5,main,35875,9171798,6751,9171798,2,2.5.3,1369.5379553900825,1369.5624589491163,True,102.64595589636605,24503.559072009317,10.988599597716245,341751800,Windows-11-10.0.26300-SP0,3.14.7,True,838.2341868082682,20261002T153852Z,1.18.1,0,9171798,6700743,12522245,6710808,100.0,0.0,3.1240488000039477,3.1240488000039477,3.1240488000039477,0.0,4196,5803,18646.179233290663,596,736,35.92397330727294,2026-10-02T15:41:53+00:00,parallel,1,"block mean, streamed in bands, NaN-aware, any void -> void",p02,,,,,,,,,
X6,dem_whole_c3_d5,dem_whole_c3_d5__20km2__hag_cta__shared_border__climb_tiebreak__native,idrija_whole_c3,dem,hag_cta,shared_border,climb_tiebreak,native,20km2,20km,3.1931634999928065,3,height_tiebreak,145,6.0,60,18600,idrija_whole,60,15000,process,article_2_HAG_applications,True,ef9e16284540ad240c1f7b7a2233fd1b85afef67,6200,5000,23.506647600006545,5.5450313588850175,138,35875,99464,5,main,146,551188,13996,9171798,2,2.5.3,6332.824847751199,6332.874929798216,True,226.4879014756957,50082.04671726926,7.788258641718914,341937120,Windows-11-10.0.26300-SP0,3.14.7,True,838.2341868082682,20261002T153852Z,1.18.1,0,551188,521902,958340,522024,6.009595937459591,93.9904040625404,0.3013768000237178,0.3013768000237178,0.3013768000237178,0.008748200023546815,4196,5803,18646.179233290663,596,736,35.92397330727294,2026-10-02T15:41:53+00:00,parallel,1,"block mean, streamed in bands, NaN-aware, any void -> void",p02,9.488462729662531,1885.0339519488766,2.0438682629772966,1.0005422648834623,0.07788718355561465,4.624059393773745,4.624013230223554,2.813923799956683,0.09646993991365851
X6,dem_whole_c3_d5,dem_whole_c3_d5__20km2__hag_cta_ring1__shared_border__climb_tiebreak__native,idrija_whole_c3,dem,hag_cta_ring1,shared_border,climb_tiebreak,native,20km2,20km,3.1931634999928065,3,height_tiebreak,145,6.0,60,18600,idrija_whole,60,15000,process,article_2_HAG_applications,True,ef9e16284540ad240c1f7b7a2233fd1b85afef67,6200,5000,23.506647600006545,5.5450313588850175,138,35875,99464,5,main,1165,1208893,8185,9171798,2,2.5.3,3417.5356055365714,3417.565052298361,True,202.80646905259775,29446.76166656287,10.585868902037396,341597112,Windows-11-10.0.26300-SP0,3.14.7,True,838.2341868082682,20261002T153852Z,1.18.1,0,1208893,1158376,2208958,1158670,13.18054540669125,86.81945459330875,0.42015099999844097,0.42015099999844097,0.42015099999844097,0.01044230000115931,4196,5803,18646.179233290663,596,736,35.92397330727294,2026-10-02T15:41:53+00:00,parallel,1,"block mean, streamed in bands, NaN-aware, any void -> void",p02,9.91284656455481,1539.6548314476204,1.2017340656525373,0.9995473674169383,0.17287276948242905,2.495393130278863,2.495369984747322,2.6934555000043474,0.13448925637714432
X6,dem_whole_c3_d5,dem_whole_c3_d5__20km3__full_grid__climb_tiebreak__native,idrija_whole_c3,dem,full_grid,,climb_tiebreak,native,20km3,20km,0.0,3,height_tiebreak,0,nan,60,18600,idrija_whole,60,15000,process,article_2_HAG_applications,True,ef9e16284540ad240c1f7b7a2233fd1b85afef67,6200,5000,23.506647600006545,5.5450313588850175,138,35875,99464,5,main,35875,9171798,6364,9171798,2,2.5.3,1800.0681389702681,1800.0911646560355,True,190.7183611834474,23025.685696793902,11.16895959735208,341774000,Windows-11-10.0.26300-SP0,3.14.7,True,838.2341868082682,20261002T153852Z,1.18.1,0,9171798,8469027,16154461,8480042,100.0,0.0,4.738794999982929,4.738794999982929,4.738794999982929,0.0,1603,836,17071.39127312124,4496,5736,35.92397330727294,2026-10-02T15:41:53+00:00,parallel,1,"block mean, streamed in bands, NaN-aware, any void -> void",p02,,,,,,,,,
X6,dem_whole_c3_d5,dem_whole_c3_d5__20km3__hag_cta__shared_border__climb_tiebreak__native,idrija_whole_c3,dem,hag_cta,shared_border,climb_tiebreak,native,20km3,20km,3.1931634999928065,3,height_tiebreak,202,6.0,60,18600,idrija_whole,60,15000,process,article_2_HAG_applications,True,ef9e16284540ad240c1f7b7a2233fd1b85afef67,6200,5000,23.506647600006545,5.5450313588850175,138,35875,99464,5,main,203,556201,13839,9171798,2,2.5.3,6267.5198092990495,6267.5693221776355,True,550.0987865306721,49512.878102986855,8.719502012771907,341929432,Windows-11-10.0.26300-SP0,3.14.7,True,838.2341868082682,20261002T153852Z,1.18.1,0,556201,543686,994721,543896,6.064252614372886,93.93574738562711,0.3375217000138946,0.3375217000138946,0.3375217000138946,0.010407299996586516,1603,836,17071.39127312124,4496,5736,35.92397330727294,2026-10-02T15:41:53+00:00,parallel,1,"block mean, streamed in bands, NaN-aware, any void -> void",p02,6.080761995507695,2367.093154060482,2.1503324050792996,1.0004547800593375,0.06419698508459118,3.4818236452340043,3.4818066135974024,4.390865999972448,0.07122521654030413
X6,dem_whole_c3_d5,dem_whole_c3_d5__20km3__hag_cta_ring1__shared_border__climb_tiebreak__native,idrija_whole_c3,dem,hag_cta_ring1,shared_border,climb_tiebreak,native,20km3,20km,3.1931634999928065,3,height_tiebreak,202,6.0,60,18600,idrija_whole,60,15000,process,article_2_HAG_applications,True,ef9e16284540ad240c1f7b7a2233fd1b85afef67,6200,5000,23.506647600006545,5.5450313588850175,138,35875,99464,5,main,1704,1225293,8092,9171798,2,2.5.3,3571.965081108946,3571.994083599664,True,262.02950723266196,29002.49045517601,8.949883072141514,341584352,Windows-11-10.0.26300-SP0,3.14.7,True,838.2341868082682,20261002T153852Z,1.18.1,0,1225293,1202457,2265930,1202919,13.359354403574958,86.64064559642503,0.5739037000166718,0.5739037000166718,0.5739037000166718,0.011170899990247563,1603,836,17071.39127312124,4496,5736,35.92397330727294,2026-10-02T15:41:53+00:00,parallel,1,"block mean, streamed in bands, NaN-aware, any void -> void",p02,6.427926901423977,2311.2094236568005,1.2595711952766868,0.9994451070005325,0.1419828983896261,1.984349927526796,1.9843406565923603,4.1537203999760095,0.12110751784340518
X6,dem_whole_c3_d5,dem_whole_c3_d5__2km1__full_grid__climb_tiebreak__native,idrija_whole_c3,dem,full_grid,,climb_tiebreak,native,2km1,2km,0.0,3,height_tiebreak,0,nan,60,18600,idrija_whole,60,15000,process,article_2_HAG_applications,True,ef9e16284540ad240c1f7b7a2233fd1b85afef67,6200,5000,23.506647600006545,5.5450313588850175,138,35875,99464,5,main,35875,9171798,750,9171798,2,2.5.3,414.5581003824861,414.56081585802485,True,169.59178528787675,2715.475539043971,10.180715910018211,341154592,Windows-11-10.0.26300-SP0,3.14.7,True,838.2341868082682,20261002T153852Z,1.18.1,0,9171798,604862,1121293,608029,100.0,0.0,0.5324353000032715,0.5324353000032715,0.5324353000032715,0.0,1843,930,2008.4820138602188,1316,1343,35.92397330727294,2026-10-02T15:41:53+00:00,parallel,1,"block mean, streamed in bands, NaN-aware, any void -> void",p02,,,,,,,,,
X6,dem_whole_c3_d5,dem_whole_c3_d5__2km1__hag_cta__shared_border__climb_tiebreak__native,idrija_whole_c3,dem,hag_cta,shared_border,climb_tiebreak,native,2km1,2km,3.1931634999928065,3,height_tiebreak,68,16.970562748477143,60,18600,idrija_whole,60,15000,process,article_2_HAG_applications,True,ef9e16284540ad240c1f7b7a2233fd1b85afef67,6200,5000,23.506647600006545,5.5450313588850175,138,35875,99464,5,main,69,239486,6161,9171798,2,2.5.3,2905.4782663981123,2905.500809833221,True,190.01374421296381,22543.435046880062,7.206831413437729,341443368,Windows-11-10.0.26300-SP0,3.14.7,True,838.2341868082682,20261002T153852Z,1.18.1,0,239486,171888,316047,173048,2.6111128919324216,97.38888710806758,0.21457969999755733,0.21457969999755733,0.21457969999755733,0.012757800024701282,1843,930,2008.4820138602188,1316,1343,35.92397330727294,2026-10-02T15:41:53+00:00,parallel,1,"block mean, streamed in bands, NaN-aware, any void -> void",p02,87.51230294568153,4060.065270411302,8.301836905817558,1.0008464666950754,0.28417721728261985,7.0086153514245995,7.008623822344733,0.30509779998101294,0.4030155400970575
X6,dem_whole_c3_d5,dem_whole_c3_d5__2km1__hag_cta_ring1__shared_border__climb_tiebreak__native,idrija_whole_c3,dem,hag_cta_ring1,shared_border,climb_tiebreak,native,2km1,2km,3.1931634999928065,3,height_tiebreak,68,6.0,60,18600,idrija_whole,60,15000,process,article_2_HAG_applications,True,ef9e16284540ad240c1f7b7a2233fd1b85afef67,6200,5000,23.506647600006545,5.5450313588850175,138,35875,99464,5,main,636,506308,1050,9171798,2,2.5.3,483.9503767225465,483.95425315262804,True,251.3197170422361,3876.4300833390207,8.442562298079535,341130064,Windows-11-10.0.26300-SP0,3.14.7,True,838.2341868082682,20261002T153852Z,1.18.1,0,506308,161724,307048,164050,5.520269853304663,94.47973014669535,0.2188216999929864,0.2188216999929864,0.2188216999929864,0.011717099987436086,1843,930,2008.4820138602188,1316,1343,35.92397330727294,2026-10-02T15:41:53+00:00,parallel,1,"block mean, streamed in bands, NaN-aware, any void -> void",p02,88.44028035428889,642.343366121267,1.4275326835401299,0.9999281029756738,0.2673733843422136,1.1673885428267754,1.1673902468350228,0.30189650002284907,0.4109827053007978
X6,dem_whole_c3_d5,dem_whole_c3_d5__2km2__full_grid__climb_tiebreak__native,idrija_whole_c3,dem,full_grid,,climb_tiebreak,native,2km2,2km,0.0,3,height_tiebreak,0,nan,60,18600,idrija_whole,60,15000,process,article_2_HAG_applications,True,ef9e16284540ad240c1f7b7a2233fd1b85afef67,6200,5000,23.506647600006545,5.5450313588850175,138,35875,99464,5,main,35875,9171798,611,9171798,2,2.5.3,278.8975626627614,278.8997219625432,True,111.01006401909596,2159.299782086611,12.224146156679845,341167416,Windows-11-10.0.26300-SP0,3.14.7,True,838.2341868082682,20261002T153852Z,1.18.1,0,9171798,397578,750997,402113,100.0,0.0,0.35036630000104196,0.35036630000104196,0.35036630000104196,0.0,1903,1810,1519.2103211866354,2376,1990,35.92397330727294,2026-10-02T15:41:53+00:00,parallel,1,"block mean, streamed in bands, NaN-aware, any void -> void",p02,,,,,,,,,
X6,dem_whole_c3_d5,dem_whole_c3_d5__2km2__hag_cta__shared_border__climb_tiebreak__native,idrija_whole_c3,dem,hag_cta,shared_border,climb_tiebreak,native,2km2,2km,3.1931634999928065,3,height_tiebreak,21,18.0,60,18600,idrija_whole,60,15000,process,article_2_HAG_applications,True,ef9e16284540ad240c1f7b7a2233fd1b85afef67,6200,5000,23.506647600006545,5.5450313588850175,138,35875,99464,5,main,22,89413,4090,9171798,2,2.5.3,2273.798631456165,2273.813170003436,True,304.46233990604026,14538.547176054053,10.819875711099243,341271600,Windows-11-10.0.26300-SP0,3.14.7,True,838.2341868082682,20261002T153852Z,1.18.1,0,89413,82696,145528,82769,0.9748688316074994,99.0251311683925,0.23133670000243,0.23133670000243,0.23133670000243,0.01424560000305064,1903,1810,1519.2103211866354,2376,1990,35.92397330727294,2026-10-02T15:41:53+00:00,parallel,1,"block mean, streamed in bands, NaN-aware, any void -> void",p02,254.8080918950447,2944.713568413743,6.732991545066948,1.0003053750009936,0.20799943658854364,8.152809259956161,8.15279826743181,0.10478399999556132,0.6602709792629657
X6,dem_whole_c3_d5,dem_whole_c3_d5__2km2__hag_cta_ring1__shared_border__climb_tiebreak__native,idrija_whole_c3,dem,hag_cta_ring1,shared_border,climb_tiebreak,native,2km2,2km,3.1931634999928065,3,height_tiebreak,21,6.0,60,18600,idrija_whole,60,15000,process,article_2_HAG_applications,True,ef9e16284540ad240c1f7b7a2233fd1b85afef67,6200,5000,23.506647600006545,5.5450313588850175,138,35875,99464,5,main,288,241008,2886,9171798,2,2.5.3,1406.7055392795114,1406.7158494769308,True,341.6748046875,10310.197395242889,10.750382364712706,341211408,Windows-11-10.0.26300-SP0,3.14.7,True,838.2341868082682,20261002T153852Z,1.18.1,0,241008,208249,389337,208709,2.627707239082239,97.37229276091777,0.26415269999415614,0.26415269999415614,0.26415269999415614,0.013248100003693253,1903,1810,1519.2103211866354,2376,1990,35.92397330727294,2026-10-02T15:41:53+00:00,parallel,1,"block mean, streamed in bands, NaN-aware, any void -> void",p02,365.923773548199,2884.137652748218,4.7747874013490454,1.00012894549109,0.5237940731126974,5.043807216703711,5.043805133896317,0.07296550000319257,0.7539329552909928
X6,dem_whole_c3_d5,dem_whole_c3_d5__2km3__full_grid__climb_tiebreak__native,idrija_whole_c3,dem,full_grid,,climb_tiebreak,native,2km3,2km,0.0,3,height_tiebreak,0,nan,60,18600,idrija_whole,60,15000,process,article_2_HAG_applications,True,ef9e16284540ad240c1f7b7a2233fd1b85afef67,6200,5000,23.506647600006545,5.5450313588850175,138,35875,99464,5,main,35875,9171798,793,9171798,2,2.5.3,372.3329772949236,372.33580810141154,True,314.4436306423624,2830.8064914856586,10.622736814128894,341243592,Windows-11-10.0.26300-SP0,3.14.7,True,838.2341868082682,20261002T153852Z,1.18.1,0,9171798,781932,1457275,787841,100.0,0.0,0.5676198000146542,0.5676198000146542,0.5676198000146542,0.0,4690,5110,2069.2993983471797,4316,4530,35.92397330727294,2026-10-02T15:41:53+00:00,parallel,1,"block mean, streamed in bands, NaN-aware, any void -> void",p02,,,,,,,,,
X6,dem_whole_c3_d5,dem_whole_c3_d5__2km3__hag_cta__shared_border__climb_tiebreak__native,idrija_whole_c3,dem,hag_cta,shared_border,climb_tiebreak,native,2km3,2km,3.1931634999928065,3,height_tiebreak,51,6.0,60,18600,idrija_whole,60,15000,process,article_2_HAG_applications,True,ef9e16284540ad240c1f7b7a2233fd1b85afef67,6200,5000,23.506647600006545,5.5450313588850175,138,35875,99464,5,main,52,88946,1220,9171798,2,2.5.3,512.5780537923198,512.5823656639549,True,215.57926942791065,4311.8716421118625,9.538602504034664,341096976,Windows-11-10.0.26300-SP0,3.14.7,True,838.2341868082682,20261002T153852Z,1.18.1,0,88946,85620,160172,85663,0.9697771363913597,99.03022286360864,0.216469800012419,0.216469800012419,0.216469800012419,0.01245430001290515,4690,5110,2069.2993983471797,4316,4530,35.92397330727294,2026-10-02T15:41:53+00:00,parallel,1,"block mean, streamed in bands, NaN-aware, any void -> void",p02,78.83126682990212,536.6563145999495,1.5231954763000821,0.9995703479759409,0.10949801261490769,1.3766657402100286,1.376666854250948,0.33869569998933,0.38136407504958497
X6,dem_whole_c3_d5,dem_whole_c3_d5__2km3__hag_cta_ring1__shared_border__climb_tiebreak__native,idrija_whole_c3,dem,hag_cta_ring1,shared_border,climb_tiebreak,native,2km3,2km,3.1931634999928065,3,height_tiebreak,51,6.0,60,18600,idrija_whole,60,15000,process,article_2_HAG_applications,True,ef9e16284540ad240c1f7b7a2233fd1b85afef67,6200,5000,23.506647600006545,5.5450313588850175,138,35875,99464,5,main,427,213623,1108,9171798,2,2.5.3,464.44377644856934,464.4477697171753,True,135.5473418431742,3993.2686117315334,12.979559860461972,341106848,Windows-11-10.0.26300-SP0,3.14.7,True,838.2341868082682,20261002T153852Z,1.18.1,0,213623,194754,364836,195200,2.329128923249291,97.67087107675071,0.25244500002008863,0.25244500002008863,0.25244500002008863,0.013236900005722418,4690,5110,2069.2993983471797,4316,4530,35.92397330727294,2026-10-02T15:41:53+00:00,parallel,1,"block mean, streamed in bands, NaN-aware, any void -> void",p02,88.42815393823012,536.6563145999495,1.4106469741899572,0.9995992774569082,0.24906769386596278,1.247388237869366,1.2473894790980609,0.30193789998884313,0.4447431185691043
X6,dem_whole_c3_d5,dem_whole_c3_d5__5km1__full_grid__climb_tiebreak__native,idrija_whole_c3,dem,full_grid,,climb_tiebreak,native,5km1,5km,0.0,3,height_tiebreak,0,nan,60,18600,idrija_whole,60,15000,process,article_2_HAG_applications,True,ef9e16284540ad240c1f7b7a2233fd1b85afef67,6200,5000,23.506647600006545,5.5450313588850175,138,35875,99464,5,main,35875,9171798,1571,9171798,2,2.5.3,504.8059726291237,504.81156366136725,True,105.4541273581095,5591.032247167574,13.030758144681014,341570600,Windows-11-10.0.26300-SP0,3.14.7,True,838.2341868082682,20261002T153852Z,1.18.1,0,9171798,3926925,7121995,3937224,100.0,0.0,2.6720004999951925,2.6720004999951925,2.6720004999951925,0.0,4330,5143,4230.791888051219,3783,3843,35.92397330727294,2026-10-02T15:41:53+00:00,parallel,1,"block mean, streamed in bands, NaN-aware, any void -> void",p02,,,,,,,,,
X6,dem_whole_c3_d5,dem_whole_c3_d5__5km1__hag_cta__shared_border__climb_tiebreak__native,idrija_whole_c3,dem,hag_cta,shared_border,climb_tiebreak,native,5km1,5km,3.1931634999928065,3,height_tiebreak,91,18.0,60,18600,idrija_whole,60,15000,process,article_2_HAG_applications,True,ef9e16284540ad240c1f7b7a2233fd1b85afef67,6200,5000,23.506647600006545,5.5450313588850175,138,35875,99464,5,main,92,365919,6187,9171798,2,2.5.3,2361.502234564887,2361.5242657457443,True,490.1539565804284,22031.1807204984,9.276576366442557,341434056,Windows-11-10.0.26300-SP0,3.14.7,True,838.2341868082682,20261002T153852Z,1.18.1,0,365919,362687,659152,362794,3.9896103250420474,96.01038967495795,0.31805430000531487,0.31805430000531487,0.31805430000531487,0.011406999983591959,4330,5143,4230.791888051219,3783,3843,35.92397330727294,2026-10-02T15:41:53+00:00,parallel,1,"block mean, streamed in bands, NaN-aware, any void -> void",p02,11.397807601225075,1873.8116234029503,3.940449589010944,0.9996002466254414,0.0923590341042928,4.678039410401076,4.678031241237332,2.3425392000062857,0.1190322756323912
X6,dem_whole_c3_d5,dem_whole_c3_d5__5km1__hag_cta_ring1__shared_border__climb_tiebreak__native,idrija_whole_c3,dem,hag_cta_ring1,shared_border,climb_tiebreak,native,5km1,5km,3.1931634999928065,3,height_tiebreak,91,6.0,60,18600,idrija_whole,60,15000,process,article_2_HAG_applications,True,ef9e16284540ad240c1f7b7a2233fd1b85afef67,6200,5000,23.506647600006545,5.5450313588850175,138,35875,99464,5,main,829,805394,1858,9171798,2,2.5.3,620.6475185818144,620.6541383705445,True,235.39722583911953,6619.788739928677,9.800189264954703,341264912,Windows-11-10.0.26300-SP0,3.14.7,True,838.2341868082682,20261002T153852Z,1.18.1,0,805394,700143,1273329,700624,8.781200807082755,91.21879919291725,0.35782250002375804,0.35782250002375804,0.35782250002375804,0.013169399986509234,4330,5143,4230.791888051219,3783,3843,35.92397330727294,2026-10-02T15:41:53+00:00,parallel,1,"block mean, streamed in bands, NaN-aware, any void -> void",p02,11.603525123797569,1415.6758103464224,1.1840011731791162,0.9991050517813886,0.1782929391317634,1.2294773680061002,1.2294768643352347,2.3010085999849252,0.1339155812375042
X6,dem_whole_c3_d5,dem_whole_c3_d5__5km2__full_grid__climb_tiebreak__native,idrija_whole_c3,dem,full_grid,,climb_tiebreak,native,5km2,5km,0.0,3,height_tiebreak,0,nan,60,18600,idrija_whole,60,15000,process,article_2_HAG_applications,True,ef9e16284540ad240c1f7b7a2233fd1b85afef67,6200,5000,23.506647600006545,5.5450313588850175,138,35875,99464,5,main,35875,9171798,1922,9171798,2,2.5.3,595.8903435601126,595.8973280758981,True,406.5775277389512,6984.515795438258,10.997297758337812,341413792,Windows-11-10.0.26300-SP0,3.14.7,True,838.2341868082682,20261002T153852Z,1.18.1,0,9171798,1870785,3649491,1881582,100.0,0.0,0.8965271000051871,0.8965271000051871,0.8965271000051871,0.0,1016,1790,5014.618629566959,2450,2650,35.92397330727294,2026-10-02T15:41:53+00:00,parallel,1,"block mean, streamed in bands, NaN-aware, any void -> void",p02,,,,,,,,,
X6,dem_whole_c3_d5,dem_whole_c3_d5__5km2__hag_cta__shared_border__climb_tiebreak__native,idrija_whole_c3,dem,hag_cta,shared_border,climb_tiebreak,native,5km2,5km,3.1931634999928065,3,height_tiebreak,99,6.0,60,18600,idrija_whole,60,15000,process,article_2_HAG_applications,True,ef9e16284540ad240c1f7b7a2233fd1b85afef67,6200,5000,23.506647600006545,5.5450313588850175,138,35875,99464,5,main,100,397536,3630,9171798,2,2.5.3,1922.011640760634,1922.0246564041668,True,494.3081098154875,13015.643497035337,9.306715878500917,341292144,Windows-11-10.0.26300-SP0,3.14.7,True,838.2341868082682,20261002T153852Z,1.18.1,0,397536,391488,754678,391503,4.334330084461084,95.66566991553891,0.29463389999000356,0.29463389999000356,0.29463389999000356,0.011597299977438524,1016,1790,5014.618629566959,2450,2650,35.92397330727294,2026-10-02T15:41:53+00:00,parallel,1,"block mean, streamed in bands, NaN-aware, any void -> void",p02,45.231232502702625,1281.8989819794695,1.8634997583563548,0.9996436933631551,0.20926402552939008,3.225445187243153,3.225429223873551,0.590295900037745,0.32863914541824657
X6,dem_whole_c3_d5,dem_whole_c3_d5__5km2__hag_cta_ring1__shared_border__climb_tiebreak__native,idrija_whole_c3,dem,hag_cta_ring1,shared_border,climb_tiebreak,native,5km2,5km,3.1931634999928065,3,height_tiebreak,99,6.0,60,18600,idrija_whole,60,15000,process,article_2_HAG_applications,True,ef9e16284540ad240c1f7b7a2233fd1b85afef67,6200,5000,23.506647600006545,5.5450313588850175,138,35875,99464,5,main,767,616507,2261,9171798,2,2.5.3,872.0938347710506,872.1020090139076,True,477.2288231334459,8174.242850947838,11.295481846141081,341246504,Windows-11-10.0.26300-SP0,3.14.7,True,838.2341868082682,20261002T153852Z,1.18.1,0,616507,552077,1087933,552877,6.721768185474647,93.27823181452534,0.3759299000084866,0.3759299000084866,0.3759299000084866,0.010175200004596263,1016,1790,5014.618629566959,2450,2650,35.92397330727294,2026-10-02T15:41:53+00:00,parallel,1,"block mean, streamed in bands, NaN-aware, any void -> void",p02,52.30928741396799,573.9729958804683,1.1703378001216087,0.9995100139364024,0.2951044614961099,1.4635139572169875,1.4635105208977037,0.5104219999921042,0.41931794365871544
X6,dem_whole_c3_d5,dem_whole_c3_d5__5km3__full_grid__climb_tiebreak__native,idrija_whole_c3,dem,full_grid,,climb_tiebreak,native,5km3,5km,0.0,3,height_tiebreak,0,nan,60,18600,idrija_whole,60,15000,process,article_2_HAG_applications,True,ef9e16284540ad240c1f7b7a2233fd1b85afef67,6200,5000,23.506647600006545,5.5450313588850175,138,35875,99464,5,main,35875,9171798,2284,9171798,2,2.5.3,519.3302680121525,519.3384553361656,True,119.11455160222144,8187.3240200274695,11.805949764596225,341585744,Windows-11-10.0.26300-SP0,3.14.7,True,838.2341868082682,20261002T153852Z,1.18.1,0,9171798,2998910,5462614,3010471,100.0,0.0,1.9941910000052303,1.9941910000052303,1.9941910000052303,0.0,4030,5510,5259.3535724459525,3256,3936,35.92397330727294,2026-10-02T15:41:53+00:00,parallel,1,"block mean, streamed in bands, NaN-aware, any void -> void",p02,,,,,,,,,
X6,dem_whole_c3_d5,dem_whole_c3_d5__5km3__hag_cta__shared_border__climb_tiebreak__native,idrija_whole_c3,dem,hag_cta,shared_border,climb_tiebreak,native,5km3,5km,3.1931634999928065,3,height_tiebreak,37,18.0,60,18600,idrija_whole,60,15000,process,article_2_HAG_applications,True,ef9e16284540ad240c1f7b7a2233fd1b85afef67,6200,5000,23.506647600006545,5.5450313588850175,138,35875,99464,5,main,38,304102,2949,9171798,2,2.5.3,1390.2167019314275,1390.2270967470215,True,252.99863462095118,10394.81557752487,10.070101493732988,341215432,Windows-11-10.0.26300-SP0,3.14.7,True,838.2341868082682,20261002T153852Z,1.18.1,0,304102,231224,407649,231355,3.3156203396542314,96.68437966034577,0.24639400001615286,0.24639400001615286,0.24639400001615286,0.013162899995222688,4030,5510,5259.3535724459525,3256,3936,35.92397330727294,2026-10-02T15:41:53+00:00,parallel,1,"block mean, streamed in bands, NaN-aware, any void -> void",p02,15.392186225379715,1094.412170984954,1.2696230846730303,0.9989159032351186,0.07710268064063276,2.6769414138959755,2.676919227649209,1.7346340999938548,0.12355586802643609
X6,dem_whole_c3_d5,dem_whole_c3_d5__5km3__hag_cta_ring1__shared_border__climb_tiebreak__native,idrija_whole_c3,dem,hag_cta_ring1,shared_border,climb_tiebreak,native,5km3,5km,3.1931634999928065,3,height_tiebreak,37,6.0,60,18600,idrija_whole,60,15000,process,article_2_HAG_applications,True,ef9e16284540ad240c1f7b7a2233fd1b85afef67,6200,5000,23.506647600006545,5.5450313588850175,138,35875,99464,5,main,349,645764,2496,9171798,2,2.5.3,1112.1667073567705,1112.1755331660613,True,104.33856334219738,8825.80930140171,10.334329156988659,341204816,Windows-11-10.0.26300-SP0,3.14.7,True,838.2341868082682,20261002T153852Z,1.18.1,0,645764,515701,981475,515977,7.040756894122613,92.95924310587739,0.3118891000049189,0.3118891000049189,0.3118891000049189,0.015388799976790324,4030,5510,5259.3535724459525,3256,3936,35.92397330727294,2026-10-02T15:41:53+00:00,parallel,1,"block mean, streamed in bands, NaN-aware, any void -> void",p02,16.017518309516316,681.3237116085129,1.077984611310412,0.9988848246547432,0.17196281315544648,2.1415403180982038,2.1415235512381896,1.666913100023521,0.15639881034670242
X6,dem_whole_c5_d1,dem_whole_c5_d1__10km1__full_grid__climb_tiebreak__native,idrija_whole_c5,dem,full_grid,,climb_tiebreak,native,10km1,10km,0.0,5,height_tiebreak,0,nan,60,18600,idrija_whole,60,15000,process,article_2_HAG_applications,True,6f060dbaf1c69bc25c1517ab2245b48bb8526299,3720,3000,66.34795520000625,7.8802549245211955,815,1157676,4561391,1,coarse,1157676,3299720,2382,3299720,8,2.5.3,1286.6143457031258,1286.6288871724275,True,94.79848632812491,14541.469324504751,13.37499121763895,123119192,Windows-11-10.0.26300-SP0,3.14.7,True,838.0365698242186,20261002T123837Z,1.18.1,0,3299720,2320326,4297932,2323790,100.0,0.0,1.8400610999960918,1.8001001999946311,1.2241056999773718,0.0,2606,2274,9873.317578200349,1066,1038,35.15144790566324,2026-10-02T12:38:40+00:00,parallel,3,"block mean, streamed in bands, NaN-aware, any void -> void",p01,,,,,,,,,
X6,dem_whole_c5_d1,dem_whole_c5_d1__10km1__hag_cta__shared_border__climb_tiebreak__native,idrija_whole_c5,dem,hag_cta,shared_border,climb_tiebreak,native,10km1,10km,7.48536179997609,5,height_tiebreak,985,10.0,60,18600,idrija_whole,60,15000,process,article_2_HAG_applications,True,6f060dbaf1c69bc25c1517ab2245b48bb8526299,3720,3000,66.34795520000625,7.8802549245211955,815,1157676,4561391,1,coarse,986,10923,2954,3299720,8,2.5.3,1442.021113281253,1442.0389952382782,True,101.25706958534478,17881.957056857544,8.72898871821129,122951704,Windows-11-10.0.26300-SP0,3.14.7,True,838.0365698242186,20261002T123837Z,1.18.1,0,10923,10921,14958,10921,0.3310280872316439,99.66897191276836,0.1091053000127431,0.10280699998838827,0.08320319998892955,1.3601778000011109,2606,2274,9873.317578200349,1066,1038,35.15144790566324,2026-10-02T12:38:40+00:00,parallel,3,"block mean, streamed in bands, NaN-aware, any void -> void",p01,219.01496341863458,273.1300056749533,1.2297214715932128,0.9986396271996327,0.004706666218453786,1.120787373541369,1.120788604713663,0.33711540000513196,0.05711182076902991
X6,dem_whole_c5_d1,dem_whole_c5_d1__10km1__hag_cta_ring1__shared_border__climb_tiebreak__native,idrija_whole_c5,dem,hag_cta_ring1,shared_border,climb_tiebreak,native,10km1,10km,7.48536179997609,5,height_tiebreak,985,10.0,60,18600,idrija_whole,60,15000,process,article_2_HAG_applications,True,6f060dbaf1c69bc25c1517ab2245b48bb8526299,3720,3000,66.34795520000625,7.8802549245211955,815,1157676,4561391,1,coarse,5929,26910,2617,3299720,8,2.5.3,1311.549064941409,1311.5648704666219,True,86.28190831172506,15805.525240414969,10.759734951152815,122931952,Windows-11-10.0.26300-SP0,3.14.7,True,838.0365698242186,20261002T123837Z,1.18.1,0,26910,26896,45701,26907,0.8155237414083619,99.18447625859163,0.12709339999128133,0.11919580001267605,0.11217349997605197,1.2840542999911122,2606,2274,9873.317578200349,1066,1038,35.15144790566324,2026-10-02T12:38:40+00:00,parallel,3,"block mean, streamed in bands, NaN-aware, any void -> void",p01,186.0483769606862,236.32604596192948,1.0869276610019096,0.9984791972968764,0.011591474646235054,1.0193801035419487,1.019380866963896,0.39685009999084286,0.06621620286083606
X6,dem_whole_c5_d1,dem_whole_c5_d1__10km2__full_grid__climb_tiebreak__native,idrija_whole_c5,dem,full_grid,,climb_tiebreak,native,10km2,10km,0.0,5,height_tiebreak,0,nan,60,18600,idrija_whole,60,15000,process,article_2_HAG_applications,True,6f060dbaf1c69bc25c1517ab2245b48bb8526299,3720,3000,66.34795520000625,7.8802549245211955,815,1157676,4561391,1,coarse,1157676,3299720,1999,3299720,8,2.5.3,1364.9610791015637,1364.9732023013937,True,92.18977165785967,12123.199846221441,11.735379418198816,123119888,Windows-11-10.0.26300-SP0,3.14.7,True,838.0365698242186,20261002T123837Z,1.18.1,0,3299720,2636669,4980460,2644460,100.0,0.0,2.7105701999971643,2.367722800001502,2.170789399999194,0.0,1074,954,9605.7690998691,2318,2418,35.15144790566324,2026-10-02T12:38:40+00:00,parallel,3,"block mean, streamed in bands, NaN-aware, any void -> void",p01,,,,,,,,,
X6,dem_whole_c5_d1,dem_whole_c5_d1__10km2__hag_cta__shared_border__climb_tiebreak__native,idrija_whole_c5,dem,hag_cta,shared_border,climb_tiebreak,native,10km2,10km,7.48536179997609,5,height_tiebreak,1086,10.0,60,18600,idrija_whole,60,15000,process,article_2_HAG_applications,True,6f060dbaf1c69bc25c1517ab2245b48bb8526299,3720,3000,66.34795520000625,7.8802549245211955,815,1157676,4561391,1,coarse,1087,14046,3011,3299720,8,2.5.3,1560.5187500000034,1560.5368568960935,True,101.25706958534478,18106.896090313443,8.63898720068502,122956704,Windows-11-10.0.26300-SP0,3.14.7,True,838.0365698242186,20261002T123837Z,1.18.1,0,14046,13972,19498,13992,0.42567248130144375,99.57432751869855,0.09414959998684935,0.08686909999232739,0.07706909999251366,1.4531866000033915,1074,954,9605.7690998691,2318,2418,35.15144790566324,2026-10-02T12:38:40+00:00,parallel,3,"block mean, streamed in bands, NaN-aware, any void -> void",p01,89.20653847358008,598.5398900658167,1.4935740002633875,0.9986745926864391,0.0052991103547695975,1.1432697780856569,1.1432728893614705,0.8276671000057831,0.036688880975539996
X6,dem_whole_c5_d1,dem_whole_c5_d1__10km2__hag_cta_ring1__shared_border__climb_tiebreak__native,idrija_whole_c5,dem,hag_cta_ring1,shared_border,climb_tiebreak,native,10km2,10km,7.48536179997609,5,height_tiebreak,1086,10.0,60,18600,idrija_whole,60,15000,process,article_2_HAG_applications,True,6f060dbaf1c69bc25c1517ab2245b48bb8526299,3720,3000,66.34795520000625,7.8802549245211955,815,1157676,4561391,1,coarse,6201,31535,2570,3299720,8,2.5.3,1433.4447839355485,1433.4601908464144,True,92.85822580029996,15406.910883277595,10.737580612428168,122931320,Windows-11-10.0.26300-SP0,3.14.7,True,838.0365698242186,20261002T123837Z,1.18.1,0,31535,31289,52472,31328,0.9556871492126605,99.04431285078734,0.12160780001431704,0.10598329998902045,0.09186460002092645,1.356775899999775,1074,954,9605.7690998691,2318,2418,35.15144790566324,2026-10-02T12:38:40+00:00,parallel,3,"block mean, streamed in bands, NaN-aware, any void -> void",p01,81.58705720201968,545.0,1.2708617426676851,0.9984684196593812,0.011866866868765097,1.0501726429291756,1.0501746030101904,0.9049636000127066,0.0447617009849942
X6,dem_whole_c5_d1,dem_whole_c5_d1__10km3__full_grid__climb_tiebreak__native,idrija_whole_c5,dem,full_grid,,climb_tiebreak,native,10km3,10km,0.0,5,height_tiebreak,0,nan,60,18600,idrija_whole,60,15000,process,article_2_HAG_applications,True,6f060dbaf1c69bc25c1517ab2245b48bb8526299,3720,3000,66.34795520000625,7.8802549245211955,815,1157676,4561391,1,coarse,1157676,3299720,2766,3299720,8,2.5.3,1530.8479968261713,1530.8644293005352,True,132.77036132812327,16432.474375138634,9.55597858429274,123232168,Windows-11-10.0.26300-SP0,3.14.7,True,838.0365698242186,20261002T123837Z,1.18.1,0,3299720,3026560,5774584,3030300,100.0,0.0,3.0235337000049185,2.535847899998771,1.9155499000044074,0.0,1738,2554,11336.966084451342,354,758,35.15144790566324,2026-10-02T12:38:40+00:00,parallel,3,"block mean, streamed in bands, NaN-aware, any void -> void",p01,,,,,,,,,
X6,dem_whole_c5_d1,dem_whole_c5_d1__10km3__hag_cta__shared_border__climb_tiebreak__native,idrija_whole_c5,dem,hag_cta,shared_border,climb_tiebreak,native,10km3,10km,7.48536179997609,5,height_tiebreak,1083,10.0,60,18600,idrija_whole,60,15000,process,article_2_HAG_applications,True,6f060dbaf1c69bc25c1517ab2245b48bb8526299,3720,3000,66.34795520000625,7.8802549245211955,815,1157676,4561391,1,coarse,1084,19333,3920,3299720,8,2.5.3,1744.6527343750017,1744.676349317604,True,113.31358547155823,23614.94262283089,8.063441075409802,123014440,Windows-11-10.0.26300-SP0,3.14.7,True,838.0365698242186,20261002T123837Z,1.18.1,0,19333,19330,28800,19331,0.5858981974228117,99.41410180257719,0.09877789998427033,0.08890170001541264,0.08283030000166036,0.8605507999891415,1738,2554,11336.966084451342,354,758,35.15144790566324,2026-10-02T12:38:40+00:00,parallel,3,"block mean, streamed in bands, NaN-aware, any void -> void",p01,46.54156019378996,1017.1037311896953,1.4370898796932803,0.9982331885940691,0.006386788961725523,1.1396642501359382,1.1396674427367557,1.5863953999942169,0.03505797804965185
X6,dem_whole_c5_d1,dem_whole_c5_d1__10km3__hag_cta_ring1__shared_border__climb_tiebreak__native,idrija_whole_c5,dem,hag_cta_ring1,shared_border,climb_tiebreak,native,10km3,10km,7.48536179997609,5,height_tiebreak,1083,10.0,60,18600,idrija_whole,60,15000,process,article_2_HAG_applications,True,6f060dbaf1c69bc25c1517ab2245b48bb8526299,3720,3000,66.34795520000625,7.8802549245211955,815,1157676,4561391,1,coarse,6827,52115,3358,3299720,8,2.5.3,1575.283184814452,1575.303252456914,True,113.02661132812545,20067.642481806783,9.555865848229937,122988632,Windows-11-10.0.26300-SP0,3.14.7,True,838.0365698242186,20261002T123837Z,1.18.1,0,52115,52022,90718,52060,1.5793764319396797,98.42062356806032,0.11857940000481904,0.11130449999473058,0.10120410000672564,1.2029185999999754,1738,2554,11336.966084451342,354,758,35.15144790566324,2026-10-02T12:38:40+00:00,parallel,3,"block mean, streamed in bands, NaN-aware, any void -> void",p01,60.43861994266706,1012.0894229266503,1.2212185471086414,0.9980237627564906,0.01718849122436033,1.0290265186879466,1.0290285816992188,1.221624800004065,0.043892419570899545
X6,dem_whole_c5_d1,dem_whole_c5_d1__1km1__full_grid__climb_tiebreak__native,idrija_whole_c5,dem,full_grid,,climb_tiebreak,native,1km1,1km,0.0,5,height_tiebreak,0,nan,60,18600,idrija_whole,60,15000,process,article_2_HAG_applications,True,6f060dbaf1c69bc25c1517ab2245b48bb8526299,3720,3000,66.34795520000625,7.8802549245211955,815,1157676,4561391,1,coarse,1157676,3299720,286,3299720,8,2.5.3,140.93474609374982,140.9364175508195,True,261.4118182062409,1671.4570696119918,12.656664071700694,122834744,Windows-11-10.0.26300-SP0,3.14.7,True,838.0365698242186,20261002T123837Z,1.18.1,0,3299720,100530,182955,101944,100.0,0.0,0.14883640001062304,0.12394409999251366,0.12365870000212453,0.0,478,1038,973.2420048477151,446,846,35.15144790566324,2026-10-02T12:38:40+00:00,parallel,3,"block mean, streamed in bands, NaN-aware, any void -> void",p01,,,,,,,,,
X6,dem_whole_c5_d1,dem_whole_c5_d1__1km1__hag_cta__shared_border__climb_tiebreak__native,idrija_whole_c5,dem,hag_cta,shared_border,climb_tiebreak,native,1km1,1km,7.48536179997609,5,height_tiebreak,95,10.0,60,18600,idrija_whole,60,15000,process,article_2_HAG_applications,True,6f060dbaf1c69bc25c1517ab2245b48bb8526299,3720,3000,66.34795520000625,7.8802549245211955,815,1157676,4561391,1,coarse,96,5464,427,3299720,8,2.5.3,166.00914550781238,166.0116400157464,True,261.4118182062409,2494.507934888324,10.234293181101622,122789712,Windows-11-10.0.26300-SP0,3.14.7,True,838.0365698242186,20261002T123837Z,1.18.1,0,5464,5464,8595,5464,0.1655898076200405,99.83441019237996,0.13912649999838322,0.08718010000302456,0.0855835999827832,0.985928000009153,478,1038,973.2420048477151,446,846,35.15144790566324,2026-10-02T12:38:40+00:00,parallel,3,"block mean, streamed in bands, NaN-aware, any void -> void",p01,inf,248.2438317461282,1.4924151988345076,0.9996333936268065,0.054351934745847014,1.177914957872653,1.1779186877365118,-0.949164000019664,0.7033824119767728
X6,dem_whole_c5_d1,dem_whole_c5_d1__1km1__hag_cta_ring1__shared_border__climb_tiebreak__native,idrija_whole_c5,dem,hag_cta_ring1,shared_border,climb_tiebreak,native,1km1,1km,7.48536179997609,5,height_tiebreak,95,10.0,60,18600,idrija_whole,60,15000,process,article_2_HAG_applications,True,6f060dbaf1c69bc25c1517ab2245b48bb8526299,3720,3000,66.34795520000625,7.8802549245211955,815,1157676,4561391,1,coarse,563,12407,410,3299720,8,2.5.3,148.76388183593656,148.7662519935831,True,261.4118182062409,2370.1576464628797,9.187528128053867,122791480,Windows-11-10.0.26300-SP0,3.14.7,True,838.0365698242186,20261002T123837Z,1.18.1,0,12407,12379,21015,12386,0.3760016001357691,99.62399839986423,0.11428440001327544,0.10299679997842759,0.09257439998327754,0.9993044000002556,478,1038,973.2420048477151,446,846,35.15144790566324,2026-10-02T12:38:40+00:00,parallel,3,"block mean, streamed in bands, NaN-aware, any void -> void",p01,inf,308.58548248418947,1.4180188588469596,0.9996477869486178,0.12313737192877748,1.0555514942850133,1.0555557930223414,-0.9783570999861695,0.8309939721588094
X6,dem_whole_c5_d1,dem_whole_c5_d1__1km2__full_grid__climb_tiebreak__native,idrija_whole_c5,dem,full_grid,,climb_tiebreak,native,1km2,1km,0.0,5,height_tiebreak,0,nan,60,18600,idrija_whole,60,15000,process,article_2_HAG_applications,True,6f060dbaf1c69bc25c1517ab2245b48bb8526299,3720,3000,66.34795520000625,7.8802549245211955,815,1157676,4561391,1,coarse,1157676,3299720,232,3299720,8,2.5.3,199.6638745117193,199.66528425305987,True,135.2399723872422,1409.7413408594539,10.3566734595618,122809312,Windows-11-10.0.26300-SP0,3.14.7,True,838.0365698242186,20261002T123837Z,1.18.1,0,3299720,69354,125419,70427,100.0,0.0,0.1145437000086531,0.11437070000101812,0.10814309999113902,0.0,1070,406,1094.1663493271944,1002,614,35.15144790566324,2026-10-02T12:38:40+00:00,parallel,3,"block mean, streamed in bands, NaN-aware, any void -> void",p01,,,,,,,,,
X6,dem_whole_c5_d1,dem_whole_c5_d1__1km2__hag_cta__shared_border__climb_tiebreak__native,idrija_whole_c5,dem,hag_cta,shared_border,climb_tiebreak,native,1km2,1km,7.48536179997609,5,height_tiebreak,112,10.0,60,18600,idrija_whole,60,15000,process,article_2_HAG_applications,True,6f060dbaf1c69bc25c1517ab2245b48bb8526299,3720,3000,66.34795520000625,7.8802549245211955,815,1157676,4561391,1,coarse,113,544,263,3299720,8,2.5.3,215.78419677734325,215.7858422903285,True,135.2399723872422,1645.5129855222071,11.276066656379324,122776360,Windows-11-10.0.26300-SP0,3.14.7,True,838.0365698242186,20261002T123837Z,1.18.1,0,544,542,635,543,0.016486247317954252,99.98351375268204,0.06965990000753663,0.0625401999859605,0.054857200011610985,0.8298114000062924,1070,406,1094.1663493271944,1002,614,35.15144790566324,2026-10-02T12:38:40+00:00,parallel,3,"block mean, streamed in bands, NaN-aware, any void -> void",p01,inf,111.01801655587259,1.1672446127734426,0.9997316815845365,0.007814978227643684,1.080737300651139,1.08073791143801,-0.7779808999912348,0.5468201207599829
X6,dem_whole_c5_d1,dem_whole_c5_d1__1km2__hag_cta_ring1__shared_border__climb_tiebreak__native,idrija_whole_c5,dem,hag_cta_ring1,shared_border,climb_tiebreak,native,1km2,1km,7.48536179997609,5,height_tiebreak,112,10.0,60,18600,idrija_whole,60,15000,process,article_2_HAG_applications,True,6f060dbaf1c69bc25c1517ab2245b48bb8526299,3720,3000,66.34795520000625,7.8802549245211955,815,1157676,4561391,1,coarse,620,2127,244,3299720,8,2.5.3,205.59647216796907,205.5979957570727,True,135.2399723872422,1523.5891039679564,10.650780526869434,122776840,Windows-11-10.0.26300-SP0,3.14.7,True,838.0365698242186,20261002T123837Z,1.18.1,0,2127,2096,3462,2115,0.06446001478913363,99.93553998521087,0.07808050001040101,0.0729535999998916,0.06487630002084188,0.8552199999976438,1070,406,1094.1663493271944,1002,614,35.15144790566324,2026-10-02T12:38:40+00:00,parallel,3,"block mean, streamed in bands, NaN-aware, any void -> void",p01,inf,75.0,1.0807579091346606,0.999735590082941,0.03022176082129365,1.0297129246377594,1.0297132850420487,-0.8138028999965172,0.6378696641643548
X6,dem_whole_c5_d1,dem_whole_c5_d1__1km3__full_grid__climb_tiebreak__native,idrija_whole_c5,dem,full_grid,,climb_tiebreak,native,1km3,1km,0.0,5,height_tiebreak,0,nan,60,18600,idrija_whole,60,15000,process,article_2_HAG_applications,True,6f060dbaf1c69bc25c1517ab2245b48bb8526299,3720,3000,66.34795520000625,7.8802549245211955,815,1157676,4561391,1,coarse,1157676,3299720,252,3299720,8,2.5.3,243.6930676269531,243.69458565256446,True,57.81916856075161,1518.0256121069156,14.831406691064872,122963048,Windows-11-10.0.26300-SP0,3.14.7,True,838.0365698242186,20261002T123837Z,1.18.1,0,3299720,280920,544442,287810,100.0,0.0,0.2174241000029724,0.20785269999760203,0.1853289999999106,0.0,2782,3418,802.2468448052632,2942,3406,35.15144790566324,2026-10-02T12:38:40+00:00,parallel,3,"block mean, streamed in bands, NaN-aware, any void -> void",p01,,,,,,,,,
X6,dem_whole_c5_d1,dem_whole_c5_d1__1km3__hag_cta__shared_border__climb_tiebreak__native,idrija_whole_c5,dem,hag_cta,shared_border,climb_tiebreak,native,1km3,1km,7.48536179997609,5,height_tiebreak,187,10.0,60,18600,idrija_whole,60,15000,process,article_2_HAG_applications,True,6f060dbaf1c69bc25c1517ab2245b48bb8526299,3720,3000,66.34795520000625,7.8802549245211955,815,1157676,4561391,1,coarse,188,881,339,3299720,8,2.5.3,273.2873010253899,273.28932653837427,True,63.26767578124873,2025.5129855222071,9.289809712574577,122781744,Windows-11-10.0.26300-SP0,3.14.7,True,838.0365698242186,20261002T123837Z,1.18.1,0,881,881,1085,881,0.02669923508661341,99.97330076491339,0.11271879999549128,0.09735830000136048,0.08884989999933168,1.0707293000014033,2782,3418,802.2468448052632,2942,3406,35.15144790566324,2026-10-02T12:38:40+00:00,parallel,3,"block mean, streamed in bands, NaN-aware, any void -> void",p01,inf,365.54753452868476,1.3343075171906578,0.9985255407787224,0.0031361241634629074,1.1214406043086127,1.1214419303020668,-0.9602349000051618,0.4684004586059439
X6,dem_whole_c5_d1,dem_whole_c5_d1__1km3__hag_cta_ring1__shared_border__climb_tiebreak__native,idrija_whole_c5,dem,hag_cta_ring1,shared_border,climb_tiebreak,native,1km3,1km,7.48536179997609,5,height_tiebreak,187,10.0,60,18600,idrija_whole,60,15000,process,article_2_HAG_applications,True,6f060dbaf1c69bc25c1517ab2245b48bb8526299,3720,3000,66.34795520000625,7.8802549245211955,815,1157676,4561391,1,coarse,850,2568,210,3299720,8,2.5.3,255.05555786132805,255.0568161813124,True,67.5562499085584,1258.3199846221444,12.489942924468291,122773816,Windows-11-10.0.26300-SP0,3.14.7,True,838.0365698242186,20261002T123837Z,1.18.1,0,2568,2550,3920,2558,0.07782478513328403,99.92217521486671,0.11390870000468567,0.11107849999098107,0.08377900000778027,1.017987200000789,2782,3418,802.2468448052632,2942,3406,35.15144790566324,2026-10-02T12:38:40+00:00,parallel,3,"block mean, streamed in bands, NaN-aware, any void -> void",p01,inf,395.0,0.8289188104512166,0.9984610661245157,0.009077317385732593,1.0466262349808355,1.0466248788348014,-0.9212129999941681,0.5344097045275937
X6,dem_whole_c5_d1,dem_whole_c5_d1__20km1__full_grid__climb_tiebreak__native,idrija_whole_c5,dem,full_grid,,climb_tiebreak,native,20km1,20km,0.0,5,height_tiebreak,0,nan,60,18600,idrija_whole,60,15000,process,article_2_HAG_applications,True,6f060dbaf1c69bc25c1517ab2245b48bb8526299,3720,3000,66.34795520000625,7.8802549245211955,815,1157676,4561391,1,coarse,1157676,3299720,4403,3299720,8,2.5.3,2141.042852783203,2141.0695309700764,True,783.6662129438467,26678.18684794478,10.973478543424328,123259504,Windows-11-10.0.26300-SP0,3.14.7,True,838.0365698242186,20261002T123837Z,1.18.1,0,3299720,3272018,6217914,3273398,100.0,0.0,2.5859857999894302,2.5813779000018258,2.5794243999989703,0.0,626,62,20305.270251833637,2490,3670,35.15144790566324,2026-10-02T12:38:40+00:00,parallel,3,"block mean, streamed in bands, NaN-aware, any void -> void",p01,,,,,,,,,
X6,dem_whole_c5_d1,dem_whole_c5_d1__20km1__hag_cta__shared_border__climb_tiebreak__native,idrija_whole_c5,dem,hag_cta,shared_border,climb_tiebreak,native,20km1,20km,7.48536179997609,5,height_tiebreak,1483,10.0,60,18600,idrija_whole,60,15000,process,article_2_HAG_applications,True,6f060dbaf1c69bc25c1517ab2245b48bb8526299,3720,3000,66.34795520000625,7.8802549245211955,815,1157676,4561391,1,coarse,1484,26555,5558,3299720,8,2.5.3,2387.627039794924,2387.660716982892,True,704.1055479368092,33677.18792475728,8.609744813189723,123120488,Windows-11-10.0.26300-SP0,3.14.7,True,838.0365698242186,20261002T123837Z,1.18.1,0,26555,26554,38959,26554,0.8047652528093293,99.19523474719068,0.11337560001993552,0.10572429999592714,0.09925889997975901,1.1525729999993928,626,62,20305.270251833637,2490,3670,35.15144790566324,2026-10-02T12:38:40+00:00,parallel,3,"block mean, streamed in bands, NaN-aware, any void -> void",p01,55.80409613716601,871.9661690685024,1.2623492037410213,0.9988721681047816,0.008115481027304862,1.1151701315511637,1.1151719654340653,1.3230806000065058,0.04095653720280644
X6,dem_whole_c5_d1,dem_whole_c5_d1__20km1__hag_cta_ring1__shared_border__climb_tiebreak__native,idrija_whole_c5,dem,hag_cta_ring1,shared_border,climb_tiebreak,native,20km1,20km,7.48536179997609,5,height_tiebreak,1483,10.0,60,18600,idrija_whole,60,15000,process,article_2_HAG_applications,True,6f060dbaf1c69bc25c1517ab2245b48bb8526299,3720,3000,66.34795520000625,7.8802549245211955,815,1157676,4561391,1,coarse,9677,70709,4936,3299720,8,2.5.3,2200.939405517579,2200.9693431009173,True,704.1055479368092,29937.583309950176,10.583656338611657,123089416,Windows-11-10.0.26300-SP0,3.14.7,True,838.0365698242186,20261002T123837Z,1.18.1,0,70709,70684,123459,70696,2.142878789715491,97.85712121028452,0.09930540001369081,0.09630330000072718,0.08645669999532402,1.0331546000088565,626,62,20305.270251833637,2490,3670,35.15144790566324,2026-10-02T12:38:40+00:00,parallel,3,"block mean, streamed in bands, NaN-aware, any void -> void",p01,50.852193647292445,858.6617494683223,1.1221745870730526,0.9986200820668563,0.021602570646005004,1.0279754105138599,1.0279765842558608,1.451919999992242,0.037306935958760265
X6,dem_whole_c5_d1,dem_whole_c5_d1__20km2__full_grid__climb_tiebreak__native,idrija_whole_c5,dem,full_grid,,climb_tiebreak,native,20km2,20km,0.0,5,height_tiebreak,0,nan,60,18600,idrija_whole,60,15000,process,article_2_HAG_applications,True,6f060dbaf1c69bc25c1517ab2245b48bb8526299,3720,3000,66.34795520000625,7.8802549245211955,815,1157676,4561391,1,coarse,1157676,3299720,3851,3299720,8,2.5.3,1374.5346026611332,1374.5581273450439,True,92.18977165785967,23524.683963690346,10.974392467664385,123192912,Windows-11-10.0.26300-SP0,3.14.7,True,838.0365698242186,20261002T123837Z,1.18.1,0,3299720,2428142,4555800,2433842,100.0,0.0,1.3178274999954738,1.2230039999994915,1.1845496000023559,0.0,2518,3482,18646.179233290663,358,442,35.15144790566324,2026-10-02T12:38:40+00:00,parallel,3,"block mean, streamed in bands, NaN-aware, any void -> void",p01,,,,,,,,,
X6,dem_whole_c5_d1,dem_whole_c5_d1__20km2__hag_cta__shared_border__climb_tiebreak__native,idrija_whole_c5,dem,hag_cta,shared_border,climb_tiebreak,native,20km2,20km,7.48536179997609,5,height_tiebreak,1022,10.0,60,18600,idrija_whole,60,15000,process,article_2_HAG_applications,True,6f060dbaf1c69bc25c1517ab2245b48bb8526299,3720,3000,66.34795520000625,7.8802549245211955,815,1157676,4561391,1,coarse,1023,23771,4398,3299720,8,2.5.3,1522.4592535400413,1522.4859792142065,True,101.25706958534478,26725.674221360077,8.14781859041694,123046136,Windows-11-10.0.26300-SP0,3.14.7,True,838.0365698242186,20261002T123837Z,1.18.1,0,23771,23769,35308,23771,0.7203944577115634,99.27960554228844,0.08338100000401028,0.08308529999339953,0.07898420002311468,0.8700892000051681,2518,3482,18646.179233290663,358,442,35.15144790566324,2026-10-02T12:38:40+00:00,parallel,3,"block mean, streamed in bands, NaN-aware, any void -> void",p01,273.6295216043077,229.83689869122406,1.1360694265908253,0.998808567817603,0.009788966213672841,1.1076179898218075,1.1076184767499684,0.26982950000092387,0.06793542784278227
X6,dem_whole_c5_d1,dem_whole_c5_d1__20km2__hag_cta_ring1__shared_border__climb_tiebreak__native,idrija_whole_c5,dem,hag_cta_ring1,shared_border,climb_tiebreak,native,20km2,20km,7.48536179997609,5,height_tiebreak,1022,10.0,60,18600,idrija_whole,60,15000,process,article_2_HAG_applications,True,6f060dbaf1c69bc25c1517ab2245b48bb8526299,3720,3000,66.34795520000625,7.8802549245211955,815,1157676,4561391,1,coarse,7401,60808,4032,3299720,8,2.5.3,1390.073673706056,1390.0981800194716,True,88.76237537100394,24506.313472729373,10.78531827528864,123034328,Windows-11-10.0.26300-SP0,3.14.7,True,838.0365698242186,20261002T123837Z,1.18.1,0,60808,60789,106709,60799,1.842823027408386,98.15717697259161,0.09797079997952096,0.08194839998031966,0.07990459998836741,0.7424848999944516,2518,3482,18646.179233290663,358,442,35.15144790566324,2026-10-02T12:38:40+00:00,parallel,3,"block mean, streamed in bands, NaN-aware, any void -> void",p01,185.24521997076812,208.62646045025065,1.0417276385329615,0.9987127181472908,0.025035191516805853,1.0113049689799287,1.0113054896444744,0.3985707000247203,0.06700583152659659
X6,dem_whole_c5_d1,dem_whole_c5_d1__20km3__full_grid__climb_tiebreak__native,idrija_whole_c5,dem,full_grid,,climb_tiebreak,native,20km3,20km,0.0,5,height_tiebreak,0,nan,60,18600,idrija_whole,60,15000,process,article_2_HAG_applications,True,6f060dbaf1c69bc25c1517ab2245b48bb8526299,3720,3000,66.34795520000625,7.8802549245211955,815,1157676,4561391,1,coarse,1157676,3299720,3591,3299720,8,2.5.3,1790.8003295898443,1790.8221442024,True,118.15060326991399,21814.61253694098,9.903786313403808,123206256,Windows-11-10.0.26300-SP0,3.14.7,True,838.0365698242186,20261002T123837Z,1.18.1,0,3299720,3060359,5840472,3066687,100.0,0.0,2.0440804999961983,2.0142648000037298,1.5478182999941055,0.0,962,502,17071.39127312124,2698,3442,35.15144790566324,2026-10-02T12:38:40+00:00,parallel,3,"block mean, streamed in bands, NaN-aware, any void -> void",p01,,,,,,,,,
X6,dem_whole_c5_d1,dem_whole_c5_d1__20km3__hag_cta__shared_border__climb_tiebreak__native,idrija_whole_c5,dem,hag_cta,shared_border,climb_tiebreak,native,20km3,20km,7.48536179997609,5,height_tiebreak,1299,10.0,60,18600,idrija_whole,60,15000,process,article_2_HAG_applications,True,6f060dbaf1c69bc25c1517ab2245b48bb8526299,3720,3000,66.34795520000625,7.8802549245211955,815,1157676,4561391,1,coarse,1300,21370,4438,3299720,8,2.5.3,1977.9113757324228,1977.938243416788,True,285.6060912997681,26867.684322627843,8.736795049931331,123047080,Windows-11-10.0.26300-SP0,3.14.7,True,838.0365698242186,20261002T123837Z,1.18.1,0,21370,21370,30762,21370,0.6476307080600778,99.35236929193992,0.10134619998279959,0.09531189998961054,0.0940130999952089,1.098228199989535,962,502,17071.39127312124,2698,3442,35.15144790566324,2026-10-02T12:38:40+00:00,parallel,3,"block mean, streamed in bands, NaN-aware, any void -> void",p01,89.9611245985051,642.7480066091221,1.2316370174867863,0.9987080526170684,0.006982840901998752,1.1044845944301527,1.1044861433169992,0.8207247000245843,0.0473184558402818
X6,dem_whole_c5_d1,dem_whole_c5_d1__20km3__hag_cta_ring1__shared_border__climb_tiebreak__native,idrija_whole_c5,dem,hag_cta_ring1,shared_border,climb_tiebreak,native,20km3,20km,7.48536179997609,5,height_tiebreak,1299,10.0,60,18600,idrija_whole,60,15000,process,article_2_HAG_applications,True,6f060dbaf1c69bc25c1517ab2245b48bb8526299,3720,3000,66.34795520000625,7.8802549245211955,815,1157676,4561391,1,coarse,8505,54356,3977,3299720,8,2.5.3,1830.1268505859393,1830.1508727215908,True,279.2430419921868,24022.135623730956,10.692173765139678,123025424,Windows-11-10.0.26300-SP0,3.14.7,True,838.0365698242186,20261002T123837Z,1.18.1,0,54356,54343,93214,54352,1.6472912853211787,98.35270871467881,0.12115409999387339,0.11721319999196567,0.10518860002048314,1.2042544999858364,962,502,17071.39127312124,2698,3442,35.15144790566324,2026-10-02T12:38:40+00:00,parallel,3,"block mean, streamed in bands, NaN-aware, any void -> void",p01,106.57278588091545,635.4919354327009,1.101194696126358,0.9985322823217678,0.01775706706304718,1.021960304756646,1.0219612699376728,0.6927971000259276,0.058191554552186296
X6,dem_whole_c5_d1,dem_whole_c5_d1__2km1__full_grid__climb_tiebreak__native,idrija_whole_c5,dem,full_grid,,climb_tiebreak,native,2km1,2km,0.0,5,height_tiebreak,0,nan,60,18600,idrija_whole,60,15000,process,article_2_HAG_applications,True,6f060dbaf1c69bc25c1517ab2245b48bb8526299,3720,3000,66.34795520000625,7.8802549245211955,815,1157676,4561391,1,coarse,1157676,3299720,432,3299720,8,2.5.3,391.22158569335835,391.2241735465295,True,101.08661127583667,2587.8531726798847,10.864292925064198,122848552,Windows-11-10.0.26300-SP0,3.14.7,True,838.0365698242186,20261002T123837Z,1.18.1,0,3299720,221592,413176,223496,100.0,0.0,0.18806149999727495,0.18079620000207797,0.16753639999660663,0.0,1106,558,2008.4820138602188,790,806,35.15144790566324,2026-10-02T12:38:40+00:00,parallel,3,"block mean, streamed in bands, NaN-aware, any void -> void",p01,,,,,,,,,
X6,dem_whole_c5_d1,dem_whole_c5_d1__2km1__hag_cta__shared_border__climb_tiebreak__native,idrija_whole_c5,dem,hag_cta,shared_border,climb_tiebreak,native,2km1,2km,7.48536179997609,5,height_tiebreak,241,10.0,60,18600,idrija_whole,60,15000,process,article_2_HAG_applications,True,6f060dbaf1c69bc25c1517ab2245b48bb8526299,3720,3000,66.34795520000625,7.8802549245211955,815,1157676,4561391,1,coarse,242,2618,480,3299720,8,2.5.3,418.2615380859357,418.26450262958105,True,109.421459960937,2964.543648263006,10.26985348358404,122793464,Windows-11-10.0.26300-SP0,3.14.7,True,838.0365698242186,20261002T123837Z,1.18.1,0,2618,2331,3468,2417,0.07934006521765483,99.92065993478234,0.08139010000741109,0.0802931000071112,0.0802253000147175,0.8501265000086278,1106,558,2008.4820138602188,790,806,35.15144790566324,2026-10-02T12:38:40+00:00,parallel,3,"block mean, streamed in bands, NaN-aware, any void -> void",p01,inf,218.28879952943075,1.145560992238611,0.9995515779461528,0.010519332827899925,1.069116718967985,1.0691172246283385,-0.749623400013661,0.4441083385944415
X6,dem_whole_c5_d1,dem_whole_c5_d1__2km1__hag_cta_ring1__shared_border__climb_tiebreak__native,idrija_whole_c5,dem,hag_cta_ring1,shared_border,climb_tiebreak,native,2km1,2km,7.48536179997609,5,height_tiebreak,241,10.0,60,18600,idrija_whole,60,15000,process,article_2_HAG_applications,True,6f060dbaf1c69bc25c1517ab2245b48bb8526299,3720,3000,66.34795520000625,7.8802549245211955,815,1157676,4561391,1,coarse,1220,8533,421,3299720,8,2.5.3,396.2748425292956,396.27736502712725,True,101.08661127583667,2522.4978336205577,12.044651348006928,122791872,Windows-11-10.0.26300-SP0,3.14.7,True,838.0365698242186,20261002T123837Z,1.18.1,0,8533,5049,8203,5249,0.2585976991987199,99.74140230080128,0.12923390002106316,0.10829559998819605,0.09777260001283139,1.0900044000009075,1106,558,2008.4820138602188,790,806,35.15144790566324,2026-10-02T12:38:40+00:00,parallel,3,"block mean, streamed in bands, NaN-aware, any void -> void",p01,inf,204.02205763103166,0.9747453450028436,0.999538618900449,0.022785118596339218,1.012916610485542,1.012916357991863,-1.0175037999870256,0.5989926778712792
X6,dem_whole_c5_d1,dem_whole_c5_d1__2km2__full_grid__climb_tiebreak__native,idrija_whole_c5,dem,full_grid,,climb_tiebreak,native,2km2,2km,0.0,5,height_tiebreak,0,nan,60,18600,idrija_whole,60,15000,process,article_2_HAG_applications,True,6f060dbaf1c69bc25c1517ab2245b48bb8526299,3720,3000,66.34795520000625,7.8802549245211955,815,1157676,4561391,1,coarse,1157676,3299720,350,3299720,8,2.5.3,252.71064208984296,252.7127743795227,True,117.50424804687555,2132.2896808188443,10.214860477868639,122846376,Windows-11-10.0.26300-SP0,3.14.7,True,838.0365698242186,20261002T123837Z,1.18.1,0,3299720,128051,242331,130379,100.0,0.0,0.23147620001691394,0.14913210002123378,0.14285109998309053,0.0,1142,1086,1519.2103211866354,1426,1194,35.15144790566324,2026-10-02T12:38:40+00:00,parallel,3,"block mean, streamed in bands, NaN-aware, any void -> void",p01,,,,,,,,,
X6,dem_whole_c5_d1,dem_whole_c5_d1__2km2__hag_cta__shared_border__climb_tiebreak__native,idrija_whole_c5,dem,hag_cta,shared_border,climb_tiebreak,native,2km2,2km,7.48536179997609,5,height_tiebreak,147,10.0,60,18600,idrija_whole,60,15000,process,article_2_HAG_applications,True,6f060dbaf1c69bc25c1517ab2245b48bb8526299,3720,3000,66.34795520000625,7.8802549245211955,815,1157676,4561391,1,coarse,148,967,371,3299720,8,2.5.3,268.934738769531,268.9369532774641,True,97.51401367187555,2214.5079348883237,11.498680186006158,122783664,Windows-11-10.0.26300-SP0,3.14.7,True,838.0365698242186,20261002T123837Z,1.18.1,0,967,966,1163,966,0.029305516831731177,99.97069448316826,0.13116740001714788,0.09052779999910854,0.07436280002002604,0.9976990999712143,1142,1086,1519.2103211866354,1426,1194,35.15144790566324,2026-10-02T12:38:40+00:00,parallel,3,"block mean, streamed in bands, NaN-aware, any void -> void",p01,inf,35.0,1.038558669963598,0.9994895087503436,0.007543869239599847,1.0642002906783803,1.0642000743246007,-0.9390947999490891,0.6070309476378256
X6,dem_whole_c5_d1,dem_whole_c5_d1__2km2__hag_cta_ring1__shared_border__climb_tiebreak__native,idrija_whole_c5,dem,hag_cta_ring1,shared_border,climb_tiebreak,native,2km2,2km,7.48536179997609,5,height_tiebreak,147,10.0,60,18600,idrija_whole,60,15000,process,article_2_HAG_applications,True,6f060dbaf1c69bc25c1517ab2245b48bb8526299,3720,3000,66.34795520000625,7.8802549245211955,815,1157676,4561391,1,coarse,839,3445,343,3299720,8,2.5.3,254.0737622070302,254.07584914137092,True,81.93964843749882,2086.9343417595164,13.209223817098398,122782704,Windows-11-10.0.26300-SP0,3.14.7,True,838.0365698242186,20261002T123837Z,1.18.1,0,3445,3400,5363,3431,0.10440279781314778,99.89559720218685,0.09573930001351982,0.08876260000397451,0.08184280002024025,1.377850299992133,1142,1086,1519.2103211866354,1426,1194,35.15144790566324,2026-10-02T12:38:40+00:00,parallel,3,"block mean, streamed in bands, NaN-aware, any void -> void",p01,inf,30.0,0.9787292789214689,0.9994816941120022,0.02655192071908849,1.005393995701624,1.0053937707153702,-1.3174807999748737,0.5951944617646789
X6,dem_whole_c5_d1,dem_whole_c5_d1__2km3__full_grid__climb_tiebreak__native,idrija_whole_c5,dem,full_grid,,climb_tiebreak,native,2km3,2km,0.0,5,height_tiebreak,0,nan,60,18600,idrija_whole,60,15000,process,article_2_HAG_applications,True,6f060dbaf1c69bc25c1517ab2245b48bb8526299,3720,3000,66.34795520000625,7.8802549245211955,815,1157676,4561391,1,coarse,1157676,3299720,469,3299720,8,2.5.3,350.49073486328206,350.4935967723668,True,295.1249984410174,2861.9090885901005,10.629399631864658,122884640,Windows-11-10.0.26300-SP0,3.14.7,True,838.0365698242186,20261002T123837Z,1.18.1,0,3299720,271997,505103,274938,100.0,0.0,0.23394389997702092,0.22366769998916425,0.22050890000537038,0.0,2814,3066,2069.2993983471797,2590,2718,35.15144790566324,2026-10-02T12:38:40+00:00,parallel,3,"block mean, streamed in bands, NaN-aware, any void -> void",p01,,,,,,,,,
X6,dem_whole_c5_d1,dem_whole_c5_d1__2km3__hag_cta__shared_border__climb_tiebreak__native,idrija_whole_c5,dem,hag_cta,shared_border,climb_tiebreak,native,2km3,2km,7.48536179997609,5,height_tiebreak,200,10.0,60,18600,idrija_whole,60,15000,process,article_2_HAG_applications,True,6f060dbaf1c69bc25c1517ab2245b48bb8526299,3720,3000,66.34795520000625,7.8802549245211955,815,1157676,4561391,1,coarse,201,1354,590,3299720,8,2.5.3,410.77282226562517,410.77641550984447,True,170.02931528133507,3593.244225113894,9.454843641907614,122797272,Windows-11-10.0.26300-SP0,3.14.7,True,838.0365698242186,20261002T123837Z,1.18.1,0,1354,1346,1545,1353,0.04103378468476113,99.95896621531524,0.09046909998869523,0.0859708999923896,0.07105769999907352,1.4388822999899276,2814,3066,2069.2993983471797,2590,2718,35.15144790566324,2026-10-02T12:38:40+00:00,parallel,3,"block mean, streamed in bands, NaN-aware, any void -> void",p01,inf,395.37956446938426,1.2555410091255137,0.9992890242425742,0.004948583991735203,1.171993383579334,1.171994065776412,-1.301185499993153,0.38436886504647083
X6,dem_whole_c5_d1,dem_whole_c5_d1__2km3__hag_cta_ring1__shared_border__climb_tiebreak__native,idrija_whole_c5,dem,hag_cta_ring1,shared_border,climb_tiebreak,native,2km3,2km,7.48536179997609,5,height_tiebreak,200,10.0,60,18600,idrija_whole,60,15000,process,article_2_HAG_applications,True,6f060dbaf1c69bc25c1517ab2245b48bb8526299,3720,3000,66.34795520000625,7.8802549245211955,815,1157676,4561391,1,coarse,1032,5495,499,3299720,8,2.5.3,369.4308325195315,369.43383614434435,True,214.02021484374927,3003.624817342638,10.631697270740352,122792976,Windows-11-10.0.26300-SP0,3.14.7,True,838.0365698242186,20261002T123837Z,1.18.1,0,5495,5358,8925,5383,0.1665292812723504,99.83347071872764,0.07160429999930784,0.0695492000086233,0.054526399995666,0.9132247999950778,2814,3066,2069.2993983471797,2590,2718,35.15144790566324,2026-10-02T12:38:40+00:00,parallel,3,"block mean, streamed in bands, NaN-aware, any void -> void",p01,inf,400.24992192379,1.0495179002427197,0.9992540646251639,0.01969874667735306,1.054038796956038,1.0540387600412529,-0.7591063000145368,0.31094878702643547
X6,dem_whole_c5_d1,dem_whole_c5_d1__5km1__full_grid__climb_tiebreak__native,idrija_whole_c5,dem,full_grid,,climb_tiebreak,native,5km1,5km,0.0,5,height_tiebreak,0,nan,60,18600,idrija_whole,60,15000,process,article_2_HAG_applications,True,6f060dbaf1c69bc25c1517ab2245b48bb8526299,3720,3000,66.34795520000625,7.8802549245211955,815,1157676,4561391,1,coarse,1157676,3299720,944,3299720,8,2.5.3,502.7790209960936,502.7845913470959,True,91.76728515624973,5570.351006300442,15.794728786531632,123091536,Windows-11-10.0.26300-SP0,3.14.7,True,838.0365698242186,20261002T123837Z,1.18.1,0,3299720,1433348,2604740,1439087,100.0,0.0,0.9741195999959018,0.9408440999977756,0.8431362000119407,0.0,2598,3086,4230.791888051219,2270,2306,35.15144790566324,2026-10-02T12:38:40+00:00,parallel,3,"block mean, streamed in bands, NaN-aware, any void -> void",p01,,,,,,,,,
X6,dem_whole_c5_d1,dem_whole_c5_d1__5km1__hag_cta__shared_border__climb_tiebreak__native,idrija_whole_c5,dem,hag_cta,shared_border,climb_tiebreak,native,5km1,5km,7.48536179997609,5,height_tiebreak,382,10.0,60,18600,idrija_whole,60,15000,process,article_2_HAG_applications,True,6f060dbaf1c69bc25c1517ab2245b48bb8526299,3720,3000,66.34795520000625,7.8802549245211955,815,1157676,4561391,1,coarse,383,5968,1612,3299720,8,2.5.3,618.8725024414032,618.8822453616548,True,98.95299942768231,9742.920266670364,8.638404387237408,122866040,Windows-11-10.0.26300-SP0,3.14.7,True,838.0365698242186,20261002T123837Z,1.18.1,0,5968,5962,7809,5968,0.1808638308704981,99.8191361691295,0.1582539000082761,0.15533539999159984,0.08576200000243261,1.220338899991475,2598,3086,4230.791888051219,2270,2306,35.15144790566324,2026-10-02T12:38:40+00:00,parallel,3,"block mean, streamed in bands, NaN-aware, any void -> void",p01,inf,1215.0,1.7490675642612943,0.9981680625059387,0.004159492321473919,1.230903591035497,1.2309093317746709,-0.43483019998529926,0.16510216728995494
X6,dem_whole_c5_d1,dem_whole_c5_d1__5km1__hag_cta_ring1__shared_border__climb_tiebreak__native,idrija_whole_c5,dem,hag_cta_ring1,shared_border,climb_tiebreak,native,5km1,5km,7.48536179997609,5,height_tiebreak,382,10.0,60,18600,idrija_whole,60,15000,process,article_2_HAG_applications,True,6f060dbaf1c69bc25c1517ab2245b48bb8526299,3720,3000,66.34795520000625,7.8802549245211955,815,1157676,4561391,1,coarse,2705,19967,1338,3299720,8,2.5.3,541.4051611328109,541.4131571187256,True,98.95299942768231,7995.985924910847,11.063542044774431,122851272,Windows-11-10.0.26300-SP0,3.14.7,True,838.0365698242186,20261002T123837Z,1.18.1,0,19967,19858,32835,19873,0.6051119488926333,99.39488805110737,0.11686479998752475,0.112875199993141,0.10918249998940155,1.3693296999845188,2598,3086,4230.791888051219,2270,2306,35.15144790566324,2026-10-02T12:38:40+00:00,parallel,3,"block mean, streamed in bands, NaN-aware, any void -> void",p01,inf,1102.5538535599974,1.4354545908986431,0.9980480867506601,0.013854276839957916,1.0768252821292983,1.0768292553837686,-0.5413607999798842,0.11997226744941894
X6,dem_whole_c5_d1,dem_whole_c5_d1__5km2__full_grid__climb_tiebreak__native,idrija_whole_c5,dem,full_grid,,climb_tiebreak,native,5km2,5km,0.0,5,height_tiebreak,0,nan,60,18600,idrija_whole,60,15000,process,article_2_HAG_applications,True,6f060dbaf1c69bc25c1517ab2245b48bb8526299,3720,3000,66.34795520000625,7.8802549245211955,815,1157676,4561391,1,coarse,1157676,3299720,1132,3299720,8,2.5.3,581.6305615234372,581.6374115295508,True,486.2170670701055,6850.006127446379,12.05641873813896,123005736,Windows-11-10.0.26300-SP0,3.14.7,True,838.0365698242186,20261002T123837Z,1.18.1,0,3299720,681236,1329102,687453,100.0,0.0,0.6659842999943066,0.6125144999823533,0.59746640000958,0.0,610,1074,5014.618629566959,1470,1590,35.15144790566324,2026-10-02T12:38:40+00:00,parallel,3,"block mean, streamed in bands, NaN-aware, any void -> void",p01,,,,,,,,,
X6,dem_whole_c5_d1,dem_whole_c5_d1__5km2__hag_cta__shared_border__climb_tiebreak__native,idrija_whole_c5,dem,hag_cta,shared_border,climb_tiebreak,native,5km2,5km,7.48536179997609,5,height_tiebreak,375,10.0,60,18600,idrija_whole,60,15000,process,article_2_HAG_applications,True,6f060dbaf1c69bc25c1517ab2245b48bb8526299,3720,3000,66.34795520000625,7.8802549245211955,815,1157676,4561391,1,coarse,376,8245,1407,3299720,8,2.5.3,685.1665307617185,685.175035361992,True,271.7255472057077,8504.600282048217,8.75492599401199,122852448,Windows-11-10.0.26300-SP0,3.14.7,True,838.0365698242186,20261002T123837Z,1.18.1,0,8245,8245,12137,8245,0.2498696859127441,99.75013031408726,0.14139710000017658,0.11243639999884181,0.08209060001536272,1.0007801000028849,610,1074,5014.618629566959,1470,1590,35.15144790566324,2026-10-02T12:38:40+00:00,parallel,3,"block mean, streamed in bands, NaN-aware, any void -> void",p01,inf,217.83020910791964,1.241546375845164,0.9987538142123714,0.012103001015800691,1.1780098503886978,1.17801059866518,-0.5007020000193734,0.18356528702925584
X6,dem_whole_c5_d1,dem_whole_c5_d1__5km2__hag_cta_ring1__shared_border__climb_tiebreak__native,idrija_whole_c5,dem,hag_cta_ring1,shared_border,climb_tiebreak,native,5km2,5km,7.48536179997609,5,height_tiebreak,375,10.0,60,18600,idrija_whole,60,15000,process,article_2_HAG_applications,True,6f060dbaf1c69bc25c1517ab2245b48bb8526299,3720,3000,66.34795520000625,7.8802549245211955,815,1157676,4561391,1,coarse,2443,20185,1160,3299720,8,2.5.3,596.8341589355472,596.8411572259332,True,361.02517089843786,6998.290398693842,13.75905951013962,122840840,Windows-11-10.0.26300-SP0,3.14.7,True,838.0365698242186,20261002T123837Z,1.18.1,0,20185,20170,34702,20178,0.61171857006049,99.38828142993951,0.10361849999753758,0.10022969997953624,0.08534370001871139,0.9171516999776941,610,1074,5014.618629566959,1470,1590,35.15144790566324,2026-10-02T12:38:40+00:00,parallel,3,"block mean, streamed in bands, NaN-aware, any void -> void",p01,inf,170.0,1.0216473195043319,0.9986594446294764,0.029607947906452388,1.026139612355114,1.0261395594489024,-0.404866899974877,0.16363645265936377
X6,dem_whole_c5_d1,dem_whole_c5_d1__5km3__full_grid__climb_tiebreak__native,idrija_whole_c5,dem,full_grid,,climb_tiebreak,native,5km3,5km,0.0,5,height_tiebreak,0,nan,60,18600,idrija_whole,60,15000,process,article_2_HAG_applications,True,6f060dbaf1c69bc25c1517ab2245b48bb8526299,3720,3000,66.34795520000625,7.8802549245211955,815,1157676,4561391,1,coarse,1157676,3299720,1357,3299720,8,2.5.3,516.847468261718,516.8556234507324,True,115.02387695312336,8155.189027078677,10.859776861978412,123076096,Windows-11-10.0.26300-SP0,3.14.7,True,838.0365698242186,20261002T123837Z,1.18.1,0,3299720,1097357,2010954,1104449,100.0,0.0,0.917167600011453,0.8239529999846127,0.7161814999999478,0.0,2418,3306,5259.3535724459525,1954,2362,35.15144790566324,2026-10-02T12:38:40+00:00,parallel,3,"block mean, streamed in bands, NaN-aware, any void -> void",p01,,,,,,,,,
X6,dem_whole_c5_d1,dem_whole_c5_d1__5km3__hag_cta__shared_border__climb_tiebreak__native,idrija_whole_c5,dem,hag_cta,shared_border,climb_tiebreak,native,5km3,5km,7.48536179997609,5,height_tiebreak,363,10.0,60,18600,idrija_whole,60,15000,process,article_2_HAG_applications,True,6f060dbaf1c69bc25c1517ab2245b48bb8526299,3720,3000,66.34795520000625,7.8802549245211955,815,1157676,4561391,1,coarse,364,6822,1745,3299720,8,2.5.3,580.3035449218735,580.3139880502722,True,91.042333984376,10443.128419472077,8.470345459756002,122873200,Windows-11-10.0.26300-SP0,3.14.7,True,838.0365698242186,20261002T123837Z,1.18.1,0,6822,6822,9541,6822,0.2067448147115513,99.79325518528846,0.07558079998125322,0.07380460001877509,0.06766639999113977,0.869486700015841,2418,3306,5259.3535724459525,1954,2362,35.15144790566324,2026-10-02T12:38:40+00:00,parallel,3,"block mean, streamed in bands, NaN-aware, any void -> void",p01,inf,692.1885581256021,1.2805501362134555,0.998351458921804,0.006216755349444165,1.1227752490953928,1.1227777385411164,-0.11933830005000345,0.08957379852995667
X6,dem_whole_c5_d1,dem_whole_c5_d1__5km3__hag_cta_ring1__shared_border__climb_tiebreak__native,idrija_whole_c5,dem,hag_cta_ring1,shared_border,climb_tiebreak,native,5km3,5km,7.48536179997609,5,height_tiebreak,363,10.0,60,18600,idrija_whole,60,15000,process,article_2_HAG_applications,True,6f060dbaf1c69bc25c1517ab2245b48bb8526299,3720,3000,66.34795520000625,7.8802549245211955,815,1157676,4561391,1,coarse,2843,18824,1600,3299720,8,2.5.3,527.2473046874992,527.2568384908666,True,74.30514909858522,9533.80338421605,10.756928265545367,122868024,Windows-11-10.0.26300-SP0,3.14.7,True,838.0365698242186,20261002T123837Z,1.18.1,0,18824,18817,31912,18823,0.5704726461639169,99.42952735383608,0.08012769999913871,0.0778866000182461,0.07148670000606216,0.7760773000190966,2418,3306,5259.3535724459525,1954,2362,35.15144790566324,2026-10-02T12:38:40+00:00,parallel,3,"block mean, streamed in bands, NaN-aware, any void -> void",p01,inf,653.2419153728579,1.1690475049149431,0.9983094036391924,0.01714756455738652,1.0201216743128458,1.0201240241340348,-0.030010900052729994,0.09452796460441389
X6,dem_whole_c5_d2,dem_whole_c5_d2__10km1__full_grid__climb_tiebreak__native,idrija_whole_c5,dem,full_grid,,climb_tiebreak,native,10km1,10km,0.0,5,height_tiebreak,0,nan,60,18600,idrija_whole,60,15000,process,article_2_HAG_applications,True,6f060dbaf1c69bc25c1517ab2245b48bb8526299,3720,3000,34.67014569998719,7.632553202894666,450,466375,1779816,2,coarse,466375,3299720,2382,3299720,8,2.5.3,1286.6143457031258,1286.6288871724275,True,94.79848632812491,14541.469324504751,13.37499121763895,123119128,Windows-11-10.0.26300-SP0,3.14.7,True,838.0365698242186,20261002T093029Z,1.18.1,0,3299720,2320326,4297932,2323790,100.0,0.0,1.8513189000077546,1.7446454000019003,1.4169251999992412,0.0,2606,2274,9873.317578200349,1066,1038,35.15144790566324,2026-10-02T09:32:35+00:00,parallel,3,"block mean, streamed in bands, NaN-aware, any void -> void",p05,,,,,,,,,
X6,dem_whole_c5_d2,dem_whole_c5_d2__10km1__hag_cta__shared_border__climb_tiebreak__native,idrija_whole_c5,dem,hag_cta,shared_border,climb_tiebreak,native,10km1,10km,5.846248000016203,5,height_tiebreak,486,10.0,60,18600,idrija_whole,60,15000,process,article_2_HAG_applications,True,6f060dbaf1c69bc25c1517ab2245b48bb8526299,3720,3000,34.67014569998719,7.632553202894666,450,466375,1779816,2,coarse,487,18344,3009,3299720,8,2.5.3,1688.497490234377,1688.5155332826923,True,88.96430664062336,18043.048327204942,8.887713837194559,122956304,Windows-11-10.0.26300-SP0,3.14.7,True,838.0365698242186,20261002T093029Z,1.18.1,0,18344,18340,29151,18344,0.5559259573539573,99.44407404264605,0.13988839997909963,0.12039670001831837,0.10867730001336895,0.39920680000795983,2606,2274,9873.317578200349,1066,1038,35.15144790566324,2026-10-02T09:32:35+00:00,parallel,3,"block mean, streamed in bands, NaN-aware, any void -> void",p05,33.073475854833745,231.1384866265244,1.240799531640139,0.998677508502172,0.00790406175683934,1.31235711452574,1.3123563057825283,1.225041899975622,0.06900926687921066
X6,dem_whole_c5_d2,dem_whole_c5_d2__10km1__hag_cta_ring1__shared_border__climb_tiebreak__native,idrija_whole_c5,dem,hag_cta_ring1,shared_border,climb_tiebreak,native,10km1,10km,5.846248000016203,5,height_tiebreak,486,10.0,60,18600,idrija_whole,60,15000,process,article_2_HAG_applications,True,6f060dbaf1c69bc25c1517ab2245b48bb8526299,3720,3000,34.67014569998719,7.632553202894666,450,466375,1779816,2,coarse,3414,40616,2561,3299720,8,2.5.3,1348.1300830078137,1348.1455256903164,True,74.7903873164953,15442.682527940346,10.097472177456384,122929344,Windows-11-10.0.26300-SP0,3.14.7,True,838.0365698242186,20261002T093029Z,1.18.1,0,40616,40574,71244,40592,1.2308923181360842,98.76910768186391,0.13217170001007617,0.1197593999968376,0.11851180001394823,0.44162579998373985,2606,2274,9873.317578200349,1066,1038,35.15144790566324,2026-10-02T09:32:35+00:00,parallel,3,"block mean, streamed in bands, NaN-aware, any void -> void",p05,34.24132215321133,204.08331631958552,1.061975387997202,0.9984585335919534,0.017486335971755692,1.0478121027564558,1.0478122628297903,1.1832602000213228,0.06864397773708465
X6,dem_whole_c5_d2,dem_whole_c5_d2__10km2__full_grid__climb_tiebreak__native,idrija_whole_c5,dem,full_grid,,climb_tiebreak,native,10km2,10km,0.0,5,height_tiebreak,0,nan,60,18600,idrija_whole,60,15000,process,article_2_HAG_applications,True,6f060dbaf1c69bc25c1517ab2245b48bb8526299,3720,3000,34.67014569998719,7.632553202894666,450,466375,1779816,2,coarse,466375,3299720,1999,3299720,8,2.5.3,1364.9610791015637,1364.9732023013937,True,92.18977165785967,12123.199846221441,11.735379418198816,123119760,Windows-11-10.0.26300-SP0,3.14.7,True,838.0365698242186,20261002T093029Z,1.18.1,0,3299720,2636669,4980460,2644460,100.0,0.0,2.2368098000006285,2.19373510000878,1.2511243000044487,0.0,1074,954,9605.7690998691,2318,2418,35.15144790566324,2026-10-02T09:32:35+00:00,parallel,3,"block mean, streamed in bands, NaN-aware, any void -> void",p05,,,,,,,,,
X6,dem_whole_c5_d2,dem_whole_c5_d2__10km2__hag_cta__shared_border__climb_tiebreak__native,idrija_whole_c5,dem,hag_cta,shared_border,climb_tiebreak,native,10km2,10km,5.846248000016203,5,height_tiebreak,509,10.0,60,18600,idrija_whole,60,15000,process,article_2_HAG_applications,True,6f060dbaf1c69bc25c1517ab2245b48bb8526299,3720,3000,34.67014569998719,7.632553202894666,450,466375,1779816,2,coarse,510,15698,2700,3299720,8,2.5.3,1758.4764453124994,1758.4926389138739,True,126.99779349573501,16193.601358860717,8.924282563815254,122936088,Windows-11-10.0.26300-SP0,3.14.7,True,838.0365698242186,20261002T093029Z,1.18.1,0,15698,15616,24102,15661,0.4757373352890548,99.52426266471095,0.07049000001279637,0.06769530000747181,0.0620379000029061,0.1981753000000026,1074,954,9605.7690998691,2318,2418,35.15144790566324,2026-10-02T09:32:35+00:00,parallel,3,"block mean, streamed in bands, NaN-aware, any void -> void",p05,21.016204043373353,1115.941306700312,1.3357530655495988,0.99850818422648,0.005922624341546095,1.2882978659508395,1.288298287430839,1.9278645000013057,0.030858466004943293
X6,dem_whole_c5_d2,dem_whole_c5_d2__10km2__hag_cta_ring1__shared_border__climb_tiebreak__native,idrija_whole_c5,dem,hag_cta_ring1,shared_border,climb_tiebreak,native,10km2,10km,5.846248000016203,5,height_tiebreak,509,10.0,60,18600,idrija_whole,60,15000,process,article_2_HAG_applications,True,6f060dbaf1c69bc25c1517ab2245b48bb8526299,3720,3000,34.67014569998719,7.632553202894666,450,466375,1779816,2,coarse,3389,35897,2319,3299720,8,2.5.3,1443.1192358398466,1443.133178572869,True,172.05599794485323,13942.733034279181,10.693667860709688,122914784,Windows-11-10.0.26300-SP0,3.14.7,True,838.0365698242186,20261002T093029Z,1.18.1,0,35897,35584,60818,35659,1.0878801837731686,98.91211981622683,0.07293240001308732,0.07101940002758056,0.06621520000044256,0.21376459999009967,1074,954,9605.7690998691,2318,2418,35.15144790566324,2026-10-02T09:32:35+00:00,parallel,3,"block mean, streamed in bands, NaN-aware, any void -> void",p05,21.224427226130775,1118.257573191436,1.1500868756712652,0.9983351494512335,0.013495816122539462,1.0572603555771185,1.0572611800288054,1.9089510999911,0.03237373556510825
X6,dem_whole_c5_d2,dem_whole_c5_d2__10km3__full_grid__climb_tiebreak__native,idrija_whole_c5,dem,full_grid,,climb_tiebreak,native,10km3,10km,0.0,5,height_tiebreak,0,nan,60,18600,idrija_whole,60,15000,process,article_2_HAG_applications,True,6f060dbaf1c69bc25c1517ab2245b48bb8526299,3720,3000,34.67014569998719,7.632553202894666,450,466375,1779816,2,coarse,466375,3299720,2766,3299720,8,2.5.3,1530.8479968261713,1530.8644293005352,True,132.77036132812327,16432.474375138634,9.55597858429274,123231912,Windows-11-10.0.26300-SP0,3.14.7,True,838.0365698242186,20261002T093029Z,1.18.1,0,3299720,3026560,5774584,3030300,100.0,0.0,2.238514500000747,1.3601684999885038,1.3597246000135783,0.0,1738,2554,11336.966084451342,354,758,35.15144790566324,2026-10-02T09:32:35+00:00,parallel,3,"block mean, streamed in bands, NaN-aware, any void -> void",p05,,,,,,,,,
X6,dem_whole_c5_d2,dem_whole_c5_d2__10km3__hag_cta__shared_border__climb_tiebreak__native,idrija_whole_c5,dem,hag_cta,shared_border,climb_tiebreak,native,10km3,10km,5.846248000016203,5,height_tiebreak,581,10.0,60,18600,idrija_whole,60,15000,process,article_2_HAG_applications,True,6f060dbaf1c69bc25c1517ab2245b48bb8526299,3720,3000,34.67014569998719,7.632553202894666,450,466375,1779816,2,coarse,582,35450,4454,3299720,8,2.5.3,2237.6063208007813,2237.632783855218,True,156.28344726562545,26463.05445465132,8.480626139514719,123051992,Windows-11-10.0.26300-SP0,3.14.7,True,838.0365698242186,20261002T093029Z,1.18.1,0,35450,34391,54691,34429,1.0743335798188938,98.9256664201811,0.07743740000296384,0.07302670000353828,0.0723602999933064,0.22207679998246022,1738,2554,11336.966084451342,354,758,35.15144790566324,2026-10-02T09:32:35+00:00,parallel,3,"block mean, streamed in bands, NaN-aware, any void -> void",p05,38.04124039369248,740.0,1.6104120323283975,0.998539988570493,0.011363065658701628,1.4616776619493874,1.461679258481178,1.0650650000025053,0.053689450979165824
X6,dem_whole_c5_d2,dem_whole_c5_d2__10km3__hag_cta_ring1__shared_border__climb_tiebreak__native,idrija_whole_c5,dem,hag_cta_ring1,shared_border,climb_tiebreak,native,10km3,10km,5.846248000016203,5,height_tiebreak,581,10.0,60,18600,idrija_whole,60,15000,process,article_2_HAG_applications,True,6f060dbaf1c69bc25c1517ab2245b48bb8526299,3720,3000,34.67014569998719,7.632553202894666,450,466375,1779816,2,coarse,4061,86712,3487,3299720,8,2.5.3,1686.0775561523456,1686.0983992720874,True,133.19851229685068,20843.119753954306,9.555973212507599,123004176,Windows-11-10.0.26300-SP0,3.14.7,True,838.0365698242186,20261002T093029Z,1.18.1,0,86712,83759,150867,83810,2.6278593335192078,97.37214066648079,0.0871503000089433,0.08691149999503978,0.08583409999846481,0.21937679999973625,1738,2554,11336.966084451342,354,758,35.15144790566324,2026-10-02T09:32:35+00:00,parallel,3,"block mean, streamed in bands, NaN-aware, any void -> void",p05,38.44497097511133,665.0,1.2684103001242903,0.9981519721936961,0.027674653732290125,1.1014010271744834,1.1014028198711756,1.0538801999937277,0.06389759797831986
X6,dem_whole_c5_d2,dem_whole_c5_d2__1km1__full_grid__climb_tiebreak__native,idrija_whole_c5,dem,full_grid,,climb_tiebreak,native,1km1,1km,0.0,5,height_tiebreak,0,nan,60,18600,idrija_whole,60,15000,process,article_2_HAG_applications,True,6f060dbaf1c69bc25c1517ab2245b48bb8526299,3720,3000,34.67014569998719,7.632553202894666,450,466375,1779816,2,coarse,466375,3299720,286,3299720,8,2.5.3,140.93474609374982,140.9364175508195,True,261.4118182062409,1671.4570696119918,12.656664071700694,122834584,Windows-11-10.0.26300-SP0,3.14.7,True,838.0365698242186,20261002T093029Z,1.18.1,0,3299720,100530,182955,101944,100.0,0.0,0.15349940001033247,0.14568149999831803,0.14140039999620058,0.0,478,1038,973.2420048477151,446,846,35.15144790566324,2026-10-02T09:32:35+00:00,parallel,3,"block mean, streamed in bands, NaN-aware, any void -> void",p05,,,,,,,,,
X6,dem_whole_c5_d2,dem_whole_c5_d2__1km1__hag_cta__shared_border__climb_tiebreak__native,idrija_whole_c5,dem,hag_cta,shared_border,climb_tiebreak,native,1km1,1km,5.846248000016203,5,height_tiebreak,49,10.0,60,18600,idrija_whole,60,15000,process,article_2_HAG_applications,True,6f060dbaf1c69bc25c1517ab2245b48bb8526299,3720,3000,34.67014569998719,7.632553202894666,450,466375,1779816,2,coarse,50,12122,385,3299720,8,2.5.3,182.15170410156327,182.15399689376866,True,261.4118182062409,2292.792206135786,10.752028857474256,122788736,Windows-11-10.0.26300-SP0,3.14.7,True,838.0365698242186,20261002T093029Z,1.18.1,0,12122,11292,18997,11341,0.36736450365485557,99.63263549634515,0.16255989999626763,0.10773730001528747,0.08393630001228303,0.37928950000787154,478,1038,973.2420048477151,446,846,35.15144790566324,2026-10-02T09:32:35+00:00,parallel,3,"block mean, streamed in bands, NaN-aware, any void -> void",p05,inf,91.92388155425118,1.3717326324558425,0.9996267500690197,0.11232467920023874,1.2924541970678822,1.2924551372826456,-0.341345300024841,0.7395400240698466
X6,dem_whole_c5_d2,dem_whole_c5_d2__1km1__hag_cta_ring1__shared_border__climb_tiebreak__native,idrija_whole_c5,dem,hag_cta_ring1,shared_border,climb_tiebreak,native,1km1,1km,5.846248000016203,5,height_tiebreak,49,10.0,60,18600,idrija_whole,60,15000,process,article_2_HAG_applications,True,6f060dbaf1c69bc25c1517ab2245b48bb8526299,3720,3000,34.67014569998719,7.632553202894666,450,466375,1779816,2,coarse,334,24033,293,3299720,8,2.5.3,142.17187499999966,142.17357524386588,True,261.4118182062409,1700.2438661763952,12.630043575672815,122787104,Windows-11-10.0.26300-SP0,3.14.7,True,838.0365698242186,20261002T093029Z,1.18.1,0,24033,22144,38765,22344,0.7283345253536664,99.27166547464633,0.13732099998742342,0.0960641999845393,0.09469610001542605,0.4191988999955356,478,1038,973.2420048477151,446,846,35.15144790566324,2026-10-02T09:32:35+00:00,parallel,3,"block mean, streamed in bands, NaN-aware, any void -> void",p05,inf,46.09772228646444,1.0172225760911022,0.9996134639085031,0.22027255545608276,1.008778026289038,1.008778126438472,-0.3695815999817569,0.6594124853577731
X6,dem_whole_c5_d2,dem_whole_c5_d2__1km2__full_grid__climb_tiebreak__native,idrija_whole_c5,dem,full_grid,,climb_tiebreak,native,1km2,1km,0.0,5,height_tiebreak,0,nan,60,18600,idrija_whole,60,15000,process,article_2_HAG_applications,True,6f060dbaf1c69bc25c1517ab2245b48bb8526299,3720,3000,34.67014569998719,7.632553202894666,450,466375,1779816,2,coarse,466375,3299720,232,3299720,8,2.5.3,199.6638745117193,199.66528425305987,True,135.2399723872422,1409.7413408594539,10.3566734595618,122809432,Windows-11-10.0.26300-SP0,3.14.7,True,838.0365698242186,20261002T093029Z,1.18.1,0,3299720,69354,125419,70427,100.0,0.0,0.14555809999001212,0.1281944999936968,0.10882950000814162,0.0,1070,406,1094.1663493271944,1002,614,35.15144790566324,2026-10-02T09:32:35+00:00,parallel,3,"block mean, streamed in bands, NaN-aware, any void -> void",p05,,,,,,,,,
X6,dem_whole_c5_d2,dem_whole_c5_d2__1km2__hag_cta__shared_border__climb_tiebreak__native,idrija_whole_c5,dem,hag_cta,shared_border,climb_tiebreak,native,1km2,1km,5.846248000016203,5,height_tiebreak,67,10.0,60,18600,idrija_whole,60,15000,process,article_2_HAG_applications,True,6f060dbaf1c69bc25c1517ab2245b48bb8526299,3720,3000,34.67014569998719,7.632553202894666,450,466375,1779816,2,coarse,68,1307,297,3299720,8,2.5.3,239.5693261718742,239.57115411126603,True,137.10346679687518,1827.9393923934,9.898597985949682,122779360,Windows-11-10.0.26300-SP0,3.14.7,True,838.0365698242186,20261002T093029Z,1.18.1,0,1307,1292,1880,1292,0.03960942140545259,99.96039057859456,0.12503429999924265,0.12486740000895225,0.1031160999846179,0.40304679999826476,1070,406,1094.1663493271944,1002,614,35.15144790566324,2026-10-02T09:32:35+00:00,parallel,3,"block mean, streamed in bands, NaN-aware, any void -> void",p05,inf,194.74342094150447,1.2966487818814978,0.9997551328142288,0.018629062490988262,1.1998631538015787,1.1998638371587353,-0.3997197000135202,0.9740464685699608
X6,dem_whole_c5_d2,dem_whole_c5_d2__1km2__hag_cta_ring1__shared_border__climb_tiebreak__native,idrija_whole_c5,dem,hag_cta_ring1,shared_border,climb_tiebreak,native,1km2,1km,5.846248000016203,5,height_tiebreak,67,10.0,60,18600,idrija_whole,60,15000,process,article_2_HAG_applications,True,6f060dbaf1c69bc25c1517ab2245b48bb8526299,3720,3000,34.67014569998719,7.632553202894666,450,466375,1779816,2,coarse,374,3992,263,3299720,8,2.5.3,208.960903320312,208.96252812261892,True,242.43486328124845,1624.8023074035523,15.732208862141908,122778968,Windows-11-10.0.26300-SP0,3.14.7,True,838.0365698242186,20261002T093029Z,1.18.1,0,3992,3922,6763,3932,0.12097996193616428,99.87902003806384,0.10174330000882037,0.09551980000105686,0.09073940000962466,0.3545472999976482,1070,406,1094.1663493271944,1002,614,35.15144790566324,2026-10-02T09:32:35+00:00,parallel,3,"block mean, streamed in bands, NaN-aware, any void -> void",p05,inf,161.24515496597098,1.1525534935458341,0.9997519408769842,0.05655045130778326,1.0465633997703827,1.0465641481158814,-0.3218726000050083,0.7451162101787009
X6,dem_whole_c5_d2,dem_whole_c5_d2__1km3__full_grid__climb_tiebreak__native,idrija_whole_c5,dem,full_grid,,climb_tiebreak,native,1km3,1km,0.0,5,height_tiebreak,0,nan,60,18600,idrija_whole,60,15000,process,article_2_HAG_applications,True,6f060dbaf1c69bc25c1517ab2245b48bb8526299,3720,3000,34.67014569998719,7.632553202894666,450,466375,1779816,2,coarse,466375,3299720,252,3299720,8,2.5.3,243.6930676269531,243.69458565256446,True,57.81916856075161,1518.0256121069156,14.831406691064872,122963048,Windows-11-10.0.26300-SP0,3.14.7,True,838.0365698242186,20261002T093029Z,1.18.1,0,3299720,280920,544442,287810,100.0,0.0,0.3409246999945026,0.30596040000091307,0.25210470001911744,0.0,2782,3418,802.2468448052632,2942,3406,35.15144790566324,2026-10-02T09:32:35+00:00,parallel,3,"block mean, streamed in bands, NaN-aware, any void -> void",p05,,,,,,,,,
X6,dem_whole_c5_d2,dem_whole_c5_d2__1km3__hag_cta__shared_border__climb_tiebreak__native,idrija_whole_c5,dem,hag_cta,shared_border,climb_tiebreak,native,1km3,1km,5.846248000016203,5,height_tiebreak,95,10.0,60,18600,idrija_whole,60,15000,process,article_2_HAG_applications,True,6f060dbaf1c69bc25c1517ab2245b48bb8526299,3720,3000,34.67014569998719,7.632553202894666,450,466375,1779816,2,coarse,96,1163,478,3299720,8,2.5.3,378.3463146972642,378.3491325504328,True,84.19340820312527,2817.8531726798847,7.909194789297323,122790568,Windows-11-10.0.26300-SP0,3.14.7,True,838.0365698242186,20261002T093029Z,1.18.1,0,1163,1128,1308,1129,0.03524541476246469,99.96475458523754,0.16971290000947192,0.13604780001332983,0.10729250000440516,0.42945440000039525,2782,3418,802.2468448052632,2942,3406,35.15144790566324,2026-10-02T09:32:35+00:00,parallel,3,"block mean, streamed in bands, NaN-aware, any void -> void",p05,inf,218.68927728629038,1.8562619432809817,0.9985973021748777,0.004015378043571123,1.552552636730886,1.5525545286009983,-0.259541800012812,0.4446581976390534
X6,dem_whole_c5_d2,dem_whole_c5_d2__1km3__hag_cta_ring1__shared_border__climb_tiebreak__native,idrija_whole_c5,dem,hag_cta_ring1,shared_border,climb_tiebreak,native,1km3,1km,5.846248000016203,5,height_tiebreak,95,10.0,60,18600,idrija_whole,60,15000,process,article_2_HAG_applications,True,6f060dbaf1c69bc25c1517ab2245b48bb8526299,3720,3000,34.67014569998719,7.632553202894666,450,466375,1779816,2,coarse,573,4324,258,3299720,8,2.5.3,260.1050109863277,260.10659214902387,True,71.75732045092516,1581.1626970967632,14.298668784755467,122777720,Windows-11-10.0.26300-SP0,3.14.7,True,838.0365698242186,20261002T093029Z,1.18.1,0,4324,4039,6892,4067,0.13104142169638636,99.86895857830362,0.1264346999814734,0.12036930001340806,0.07727579999482259,0.3746275000157766,2782,3418,802.2468448052632,2942,3406,35.15144790566324,2026-10-02T09:32:35+00:00,parallel,3,"block mean, streamed in bands, NaN-aware, any void -> void",p05,inf,222.76669409945464,1.0415915808575968,0.9984928155001492,0.014377758792538801,1.0673467797799572,1.0673466193453227,-0.1890364000282716,0.3934146380154061
X6,dem_whole_c5_d2,dem_whole_c5_d2__20km1__full_grid__climb_tiebreak__native,idrija_whole_c5,dem,full_grid,,climb_tiebreak,native,20km1,20km,0.0,5,height_tiebreak,0,nan,60,18600,idrija_whole,60,15000,process,article_2_HAG_applications,True,6f060dbaf1c69bc25c1517ab2245b48bb8526299,3720,3000,34.67014569998719,7.632553202894666,450,466375,1779816,2,coarse,466375,3299720,4403,3299720,8,2.5.3,2141.042852783203,2141.0695309700764,True,783.6662129438467,26678.18684794478,10.973478543424328,123259504,Windows-11-10.0.26300-SP0,3.14.7,True,838.0365698242186,20261002T093029Z,1.18.1,0,3299720,3272018,6217914,3273398,100.0,0.0,1.5343464000034146,1.476377799990587,1.4739766000129748,0.0,626,62,20305.270251833637,2490,3670,35.15144790566324,2026-10-02T09:32:35+00:00,parallel,3,"block mean, streamed in bands, NaN-aware, any void -> void",p05,,,,,,,,,
X6,dem_whole_c5_d2,dem_whole_c5_d2__20km1__hag_cta__shared_border__climb_tiebreak__native,idrija_whole_c5,dem,hag_cta,shared_border,climb_tiebreak,native,20km1,20km,5.846248000016203,5,height_tiebreak,809,10.0,60,18600,idrija_whole,60,15000,process,article_2_HAG_applications,True,6f060dbaf1c69bc25c1517ab2245b48bb8526299,3720,3000,34.67014569998719,7.632553202894666,450,466375,1779816,2,coarse,810,55674,6037,3299720,8,2.5.3,2920.4782666015635,2920.5148544854233,True,704.1055479368092,36587.883809911786,8.67179622577714,123159216,Windows-11-10.0.26300-SP0,3.14.7,True,838.0365698242186,20261002T093029Z,1.18.1,0,55674,55673,92334,55673,1.687234068345193,98.31276593165481,0.19777259998954833,0.13639639999018982,0.13378569998894818,0.23981679999269545,626,62,20305.270251833637,2490,3670,35.15144790566324,2026-10-02T09:32:35+00:00,parallel,3,"block mean, streamed in bands, NaN-aware, any void -> void",p05,36.82757443724308,1455.5497243309828,1.371453165781033,0.9991863670001463,0.017014881947470948,1.364044751745697,1.3640448440561366,1.1001646000077017,0.09238583781946562
X6,dem_whole_c5_d2,dem_whole_c5_d2__20km1__hag_cta_ring1__shared_border__climb_tiebreak__native,idrija_whole_c5,dem,hag_cta_ring1,shared_border,climb_tiebreak,native,20km1,20km,5.846248000016203,5,height_tiebreak,809,10.0,60,18600,idrija_whole,60,15000,process,article_2_HAG_applications,True,6f060dbaf1c69bc25c1517ab2245b48bb8526299,3720,3000,34.67014569998719,7.632553202894666,450,466375,1779816,2,coarse,6192,116795,5164,3299720,8,2.5.3,2297.1261193847654,2297.1574703490596,True,704.1055479368092,31350.96426111642,10.914107614965403,123110856,Windows-11-10.0.26300-SP0,3.14.7,True,838.0365698242186,20261002T093029Z,1.18.1,0,116795,116684,212520,116709,3.53954274908174,96.46045725091827,0.1912667999858968,0.17140210000798106,0.14705649999086745,0.3846470999997109,626,62,20305.270251833637,2490,3670,35.15144790566324,2026-10-02T09:32:35+00:00,parallel,3,"block mean, streamed in bands, NaN-aware, any void -> void",p05,44.023834205257145,1399.3033981235092,1.1751534854975205,0.9987940240291734,0.035661173013106895,1.0729005803871068,1.0729018544802993,0.920328599982895,0.11609636775158357
X6,dem_whole_c5_d2,dem_whole_c5_d2__20km2__full_grid__climb_tiebreak__native,idrija_whole_c5,dem,full_grid,,climb_tiebreak,native,20km2,20km,0.0,5,height_tiebreak,0,nan,60,18600,idrija_whole,60,15000,process,article_2_HAG_applications,True,6f060dbaf1c69bc25c1517ab2245b48bb8526299,3720,3000,34.67014569998719,7.632553202894666,450,466375,1779816,2,coarse,466375,3299720,3851,3299720,8,2.5.3,1374.5346026611332,1374.5581273450439,True,92.18977165785967,23524.683963690346,10.974392467664385,123192656,Windows-11-10.0.26300-SP0,3.14.7,True,838.0365698242186,20261002T093029Z,1.18.1,0,3299720,2428142,4555800,2433842,100.0,0.0,1.8120749999943655,1.7667488000006415,1.7012922000139952,0.0,2518,3482,18646.179233290663,358,442,35.15144790566324,2026-10-02T09:32:35+00:00,parallel,3,"block mean, streamed in bands, NaN-aware, any void -> void",p05,,,,,,,,,
X6,dem_whole_c5_d2,dem_whole_c5_d2__20km2__hag_cta__shared_border__climb_tiebreak__native,idrija_whole_c5,dem,hag_cta,shared_border,climb_tiebreak,native,20km2,20km,5.846248000016203,5,height_tiebreak,542,10.0,60,18600,idrija_whole,60,15000,process,article_2_HAG_applications,True,6f060dbaf1c69bc25c1517ab2245b48bb8526299,3720,3000,34.67014569998719,7.632553202894666,450,466375,1779816,2,coarse,543,46765,4604,3299720,8,2.5.3,1782.2810137939457,1782.3088523108534,True,98.95027181851648,27838.51693383469,8.781949666162989,123061704,Windows-11-10.0.26300-SP0,3.14.7,True,838.0365698242186,20261002T093029Z,1.18.1,0,46765,46717,78058,46727,1.4172414629120047,98.582758537088,0.13141709999763407,0.11635430000023916,0.09797910001361743,0.39214540002285503,2518,3482,18646.179233290663,358,442,35.15144790566324,2026-10-02T09:32:35+00:00,parallel,3,"block mean, streamed in bands, NaN-aware, any void -> void",p05,32.20061409201595,362.2154055254967,1.1833747470020264,0.9989370145571015,0.01923981381649014,1.2966432495358102,1.2966413110178026,1.2582490999775473,0.06585786275909564
X6,dem_whole_c5_d2,dem_whole_c5_d2__20km2__hag_cta_ring1__shared_border__climb_tiebreak__native,idrija_whole_c5,dem,hag_cta_ring1,shared_border,climb_tiebreak,native,20km2,20km,5.846248000016203,5,height_tiebreak,542,10.0,60,18600,idrija_whole,60,15000,process,article_2_HAG_applications,True,6f060dbaf1c69bc25c1517ab2245b48bb8526299,3720,3000,34.67014569998719,7.632553202894666,450,466375,1779816,2,coarse,4633,90067,4084,3299720,8,2.5.3,1415.9689630126966,1415.9937417525214,True,97.90007323632186,24778.739879600562,10.711319883941863,123043560,Windows-11-10.0.26300-SP0,3.14.7,True,838.0365698242186,20261002T093029Z,1.18.1,0,90067,89669,162802,89724,2.729534627180488,97.27046537281952,0.13103200000477955,0.1197192000108771,0.11063680000370368,0.4159112999914214,2518,3482,18646.179233290663,358,442,35.15144790566324,2026-10-02T09:32:35+00:00,parallel,3,"block mean, streamed in bands, NaN-aware, any void -> void",p05,32.91023592132285,325.0,1.0533080877025092,0.9987897330503208,0.03692905933837477,1.0301442832150935,1.030144679648805,1.231118299998343,0.06776243459785207
X6,dem_whole_c5_d2,dem_whole_c5_d2__20km3__full_grid__climb_tiebreak__native,idrija_whole_c5,dem,full_grid,,climb_tiebreak,native,20km3,20km,0.0,5,height_tiebreak,0,nan,60,18600,idrija_whole,60,15000,process,article_2_HAG_applications,True,6f060dbaf1c69bc25c1517ab2245b48bb8526299,3720,3000,34.67014569998719,7.632553202894666,450,466375,1779816,2,coarse,466375,3299720,3591,3299720,8,2.5.3,1790.8003295898443,1790.8221442024,True,118.15060326991399,21814.61253694098,9.903786313403808,123206000,Windows-11-10.0.26300-SP0,3.14.7,True,838.0365698242186,20261002T093029Z,1.18.1,0,3299720,3060359,5840472,3066687,100.0,0.0,2.161759600014193,2.1354680999938864,2.1278139000060037,0.0,962,502,17071.39127312124,2698,3442,35.15144790566324,2026-10-02T09:32:35+00:00,parallel,3,"block mean, streamed in bands, NaN-aware, any void -> void",p05,,,,,,,,,
X6,dem_whole_c5_d2,dem_whole_c5_d2__20km3__hag_cta__shared_border__climb_tiebreak__native,idrija_whole_c5,dem,hag_cta,shared_border,climb_tiebreak,native,20km3,20km,5.846248000016203,5,height_tiebreak,713,10.0,60,18600,idrija_whole,60,15000,process,article_2_HAG_applications,True,6f060dbaf1c69bc25c1517ab2245b48bb8526299,3720,3000,34.67014569998719,7.632553202894666,450,466375,1779816,2,coarse,714,43472,4813,3299720,8,2.5.3,2364.200533447266,2364.229472883088,True,186.16581657897652,28939.435764755064,7.469497641193956,123076720,Windows-11-10.0.26300-SP0,3.14.7,True,838.0365698242186,20261002T093029Z,1.18.1,0,43472,43471,70946,43471,1.317445116555344,98.68255488344465,0.15069690000382252,0.13459319999674335,0.1086152000061702,0.35116540000308305,962,502,17071.39127312124,2698,3442,35.15144790566324,2026-10-02T09:32:35+00:00,parallel,3,"block mean, streamed in bands, NaN-aware, any void -> void",p05,24.559714119455137,550.1136246267674,1.3266078283879152,0.9989507004529,0.014204542669667187,1.3201921478251852,1.3201922259767864,1.64970949999406,0.06302749265939804
X6,dem_whole_c5_d2,dem_whole_c5_d2__20km3__hag_cta_ring1__shared_border__climb_tiebreak__native,idrija_whole_c5,dem,hag_cta_ring1,shared_border,climb_tiebreak,native,20km3,20km,5.846248000016203,5,height_tiebreak,713,10.0,60,18600,idrija_whole,60,15000,process,article_2_HAG_applications,True,6f060dbaf1c69bc25c1517ab2245b48bb8526299,3720,3000,34.67014569998719,7.632553202894666,450,466375,1779816,2,coarse,5413,90627,4062,3299720,8,2.5.3,1875.5338671875006,1875.5583702419858,True,203.2776855468751,24503.05445465132,9.629741459104546,123037176,Windows-11-10.0.26300-SP0,3.14.7,True,838.0365698242186,20261002T093029Z,1.18.1,0,90627,90508,162237,90556,2.746505764125441,97.25349423587456,0.09147980000125244,0.08779730001697317,0.08412320000934415,0.35999250001623295,962,502,17071.39127312124,2698,3442,35.15144790566324,2026-10-02T09:32:35+00:00,parallel,3,"block mean, streamed in bands, NaN-aware, any void -> void",p05,24.00717820508052,526.9013190342191,1.1232404157148206,0.9986297420580167,0.029574308112218207,1.047316016307113,1.0473169411680052,1.6876782999606803,0.04111384291679399
X6,dem_whole_c5_d2,dem_whole_c5_d2__2km1__full_grid__climb_tiebreak__native,idrija_whole_c5,dem,full_grid,,climb_tiebreak,native,2km1,2km,0.0,5,height_tiebreak,0,nan,60,18600,idrija_whole,60,15000,process,article_2_HAG_applications,True,6f060dbaf1c69bc25c1517ab2245b48bb8526299,3720,3000,34.67014569998719,7.632553202894666,450,466375,1779816,2,coarse,466375,3299720,432,3299720,8,2.5.3,391.22158569335835,391.2241735465295,True,101.08661127583667,2587.8531726798847,10.864292925064198,122848360,Windows-11-10.0.26300-SP0,3.14.7,True,838.0365698242186,20261002T093029Z,1.18.1,0,3299720,221592,413176,223496,100.0,0.0,0.25438499997835606,0.2031874000094831,0.20312690001446754,0.0,1106,558,2008.4820138602188,790,806,35.15144790566324,2026-10-02T09:32:35+00:00,parallel,3,"block mean, streamed in bands, NaN-aware, any void -> void",p05,,,,,,,,,
X6,dem_whole_c5_d2,dem_whole_c5_d2__2km1__hag_cta__shared_border__climb_tiebreak__native,idrija_whole_c5,dem,hag_cta,shared_border,climb_tiebreak,native,2km1,2km,5.846248000016203,5,height_tiebreak,136,10.0,60,18600,idrija_whole,60,15000,process,article_2_HAG_applications,True,6f060dbaf1c69bc25c1517ab2245b48bb8526299,3720,3000,34.67014569998719,7.632553202894666,450,466375,1779816,2,coarse,137,6429,658,3299720,8,2.5.3,510.303831787109,510.30775674705757,True,105.55586794724822,3924.959953866432,7.710126653352498,122805480,Windows-11-10.0.26300-SP0,3.14.7,True,838.0365698242186,20261002T093029Z,1.18.1,0,6429,3342,5058,3503,0.19483471324839682,99.8051652867516,0.11363410000922158,0.09389449999434873,0.08964759999071248,0.3736048999999184,1106,558,2008.4820138602188,790,806,35.15144790566324,2026-10-02T09:32:35+00:00,parallel,3,"block mean, streamed in bands, NaN-aware, any void -> void",p05,inf,287.14108030722457,1.5166857205433681,0.9996509517912978,0.015081771905122929,1.3043856741255786,1.3043870784389684,-0.26431199998478405,0.4621078865616988
X6,dem_whole_c5_d2,dem_whole_c5_d2__2km1__hag_cta_ring1__shared_border__climb_tiebreak__native,idrija_whole_c5,dem,hag_cta_ring1,shared_border,climb_tiebreak,native,2km1,2km,5.846248000016203,5,height_tiebreak,136,10.0,60,18600,idrija_whole,60,15000,process,article_2_HAG_applications,True,6f060dbaf1c69bc25c1517ab2245b48bb8526299,3720,3000,34.67014569998719,7.632553202894666,450,466375,1779816,2,coarse,808,20456,463,3299720,8,2.5.3,413.71266479492135,413.7154304298377,True,101.08661127583667,2765.6349186104044,9.608200080996255,122799424,Windows-11-10.0.26300-SP0,3.14.7,True,838.0365698242186,20261002T093029Z,1.18.1,0,20456,8608,15191,8991,0.6199313881177797,99.38006861188222,0.07254339999053627,0.06614889999036677,0.06064509999123402,0.4691445000062231,1106,558,2008.4820138602188,790,806,35.15144790566324,2026-10-02T09:32:35+00:00,parallel,3,"block mean, streamed in bands, NaN-aware, any void -> void",p05,inf,267.0674072214728,1.0686985443406805,0.9996016552439121,0.038846167731687066,1.0574893613339413,1.0574894354799709,-0.33210599998710677,0.3255561121766384
X6,dem_whole_c5_d2,dem_whole_c5_d2__2km2__full_grid__climb_tiebreak__native,idrija_whole_c5,dem,full_grid,,climb_tiebreak,native,2km2,2km,0.0,5,height_tiebreak,0,nan,60,18600,idrija_whole,60,15000,process,article_2_HAG_applications,True,6f060dbaf1c69bc25c1517ab2245b48bb8526299,3720,3000,34.67014569998719,7.632553202894666,450,466375,1779816,2,coarse,466375,3299720,350,3299720,8,2.5.3,252.71064208984296,252.7127743795227,True,117.50424804687555,2132.2896808188443,10.214860477868639,122846184,Windows-11-10.0.26300-SP0,3.14.7,True,838.0365698242186,20261002T093029Z,1.18.1,0,3299720,128051,242331,130379,100.0,0.0,0.11020010002539493,0.10989920000429265,0.10860259999753907,0.0,1142,1086,1519.2103211866354,1426,1194,35.15144790566324,2026-10-02T09:32:35+00:00,parallel,3,"block mean, streamed in bands, NaN-aware, any void -> void",p05,,,,,,,,,
X6,dem_whole_c5_d2,dem_whole_c5_d2__2km2__hag_cta__shared_border__climb_tiebreak__native,idrija_whole_c5,dem,hag_cta,shared_border,climb_tiebreak,native,2km2,2km,5.846248000016203,5,height_tiebreak,80,10.0,60,18600,idrija_whole,60,15000,process,article_2_HAG_applications,True,6f060dbaf1c69bc25c1517ab2245b48bb8526299,3720,3000,34.67014569998719,7.632553202894666,450,466375,1779816,2,coarse,81,2825,562,3299720,8,2.5.3,327.47351074218693,327.4769432757303,True,165.10463867187582,3432.5335469952392,8.903278605131508,122796680,Windows-11-10.0.26300-SP0,3.14.7,True,838.0365698242186,20261002T093029Z,1.18.1,0,2825,2783,3838,2807,0.08561332476694992,99.91438667523305,0.0731519999972079,0.06478859999333508,0.06365660001756623,0.25893640000140294,1142,1086,1519.2103211866354,1426,1194,35.15144790566324,2026-10-02T09:32:35+00:00,parallel,3,"block mean, streamed in bands, NaN-aware, any void -> void",p05,inf,456.31677593531447,1.6097876277659768,0.9995970245197034,0.021733528047418606,1.2958437683275899,1.2958464172607562,-0.21382579999044538,0.5895274942020001
X6,dem_whole_c5_d2,dem_whole_c5_d2__2km2__hag_cta_ring1__shared_border__climb_tiebreak__native,idrija_whole_c5,dem,hag_cta_ring1,shared_border,climb_tiebreak,native,2km2,2km,5.846248000016203,5,height_tiebreak,80,10.0,60,18600,idrija_whole,60,15000,process,article_2_HAG_applications,True,6f060dbaf1c69bc25c1517ab2245b48bb8526299,3720,3000,34.67014569998719,7.632553202894666,450,466375,1779816,2,coarse,570,9923,498,3299720,8,2.5.3,280.3427148437494,280.3457486767175,True,110.88770512229364,3033.8329701443513,9.5393729447137,122794232,Windows-11-10.0.26300-SP0,3.14.7,True,838.0365698242186,20261002T093029Z,1.18.1,0,9923,9537,15945,9639,0.300722485544228,99.69927751445577,0.08748619997641072,0.08622060000197962,0.07855800000834279,0.23228019999805838,1142,1086,1519.2103211866354,1426,1194,35.15144790566324,2026-10-02T09:32:35+00:00,parallel,3,"block mean, streamed in bands, NaN-aware, any void -> void",p05,inf,437.3213921133975,1.4228052583264836,0.9995770971607877,0.07447813761704321,1.1093427349374656,1.1093453798093156,-0.20860159999574535,0.7845425626265874
X6,dem_whole_c5_d2,dem_whole_c5_d2__2km3__full_grid__climb_tiebreak__native,idrija_whole_c5,dem,full_grid,,climb_tiebreak,native,2km3,2km,0.0,5,height_tiebreak,0,nan,60,18600,idrija_whole,60,15000,process,article_2_HAG_applications,True,6f060dbaf1c69bc25c1517ab2245b48bb8526299,3720,3000,34.67014569998719,7.632553202894666,450,466375,1779816,2,coarse,466375,3299720,469,3299720,8,2.5.3,350.49073486328206,350.4935967723668,True,295.1249984410174,2861.9090885901005,10.629399631864658,122884384,Windows-11-10.0.26300-SP0,3.14.7,True,838.0365698242186,20261002T093029Z,1.18.1,0,3299720,271997,505103,274938,100.0,0.0,0.27625940000871196,0.2737793000123929,0.24223400000482798,0.0,2814,3066,2069.2993983471797,2590,2718,35.15144790566324,2026-10-02T09:32:35+00:00,parallel,3,"block mean, streamed in bands, NaN-aware, any void -> void",p05,,,,,,,,,
X6,dem_whole_c5_d2,dem_whole_c5_d2__2km3__hag_cta__shared_border__climb_tiebreak__native,idrija_whole_c5,dem,hag_cta,shared_border,climb_tiebreak,native,2km3,2km,5.846248000016203,5,height_tiebreak,120,10.0,60,18600,idrija_whole,60,15000,process,article_2_HAG_applications,True,6f060dbaf1c69bc25c1517ab2245b48bb8526299,3720,3000,34.67014569998719,7.632553202894666,450,466375,1779816,2,coarse,121,3283,752,3299720,8,2.5.3,536.801181640626,536.8056428747416,True,116.04796187013474,4461.234123846127,8.333252790069206,122808760,Windows-11-10.0.26300-SP0,3.14.7,True,838.0365698242186,20261002T093029Z,1.18.1,0,3283,3245,4588,3256,0.0994932903397864,99.9005067096602,0.15398669999558479,0.15070279999054037,0.08517020000726916,0.24523430000408553,2814,3066,2069.2993983471797,2590,2718,35.15144790566324,2026-10-02T09:32:35+00:00,parallel,3,"block mean, streamed in bands, NaN-aware, any void -> void",p05,inf,523.2829062753723,1.5588315301950848,0.9993845922684529,0.011930278642779148,1.531570247784208,1.5315704703825954,-0.12215779998223297,0.5504535952269534
X6,dem_whole_c5_d2,dem_whole_c5_d2__2km3__hag_cta_ring1__shared_border__climb_tiebreak__native,idrija_whole_c5,dem,hag_cta_ring1,shared_border,climb_tiebreak,native,2km3,2km,5.846248000016203,5,height_tiebreak,120,10.0,60,18600,idrija_whole,60,15000,process,article_2_HAG_applications,True,6f060dbaf1c69bc25c1517ab2245b48bb8526299,3720,3000,34.67014569998719,7.632553202894666,450,466375,1779816,2,coarse,736,12071,587,3299720,8,2.5.3,410.881726074219,410.8853063895059,True,154.17500000000018,3580.315292925759,10.630320925179799,122799952,Windows-11-10.0.26300-SP0,3.14.7,True,838.0365698242186,20261002T093029Z,1.18.1,0,12071,11755,20238,11811,0.36581891796879734,99.6341810820312,0.12739070001407526,0.11248179999529384,0.08906319999368861,0.5250099999830127,2814,3066,2069.2993983471797,2590,2718,35.15144790566324,2026-10-02T09:32:35+00:00,parallel,3,"block mean, streamed in bands, NaN-aware, any void -> void",p05,inf,516.5510623355642,1.2510234190176797,0.9993129151381839,0.04321738842707824,1.1723041016604732,1.172304744432639,-0.3637124999659136,0.4108484461396542
X6,dem_whole_c5_d2,dem_whole_c5_d2__5km1__full_grid__climb_tiebreak__native,idrija_whole_c5,dem,full_grid,,climb_tiebreak,native,5km1,5km,0.0,5,height_tiebreak,0,nan,60,18600,idrija_whole,60,15000,process,article_2_HAG_applications,True,6f060dbaf1c69bc25c1517ab2245b48bb8526299,3720,3000,34.67014569998719,7.632553202894666,450,466375,1779816,2,coarse,466375,3299720,944,3299720,8,2.5.3,502.7790209960936,502.7845913470959,True,91.76728515624973,5570.351006300442,15.794728786531632,123091224,Windows-11-10.0.26300-SP0,3.14.7,True,838.0365698242186,20261002T093029Z,1.18.1,0,3299720,1433348,2604740,1439087,100.0,0.0,1.3037762999883853,1.0745748000044841,1.057860000000801,0.0,2598,3086,4230.791888051219,2270,2306,35.15144790566324,2026-10-02T09:32:35+00:00,parallel,3,"block mean, streamed in bands, NaN-aware, any void -> void",p05,,,,,,,,,
X6,dem_whole_c5_d2,dem_whole_c5_d2__5km1__hag_cta__shared_border__climb_tiebreak__native,idrija_whole_c5,dem,hag_cta,shared_border,climb_tiebreak,native,5km1,5km,5.846248000016203,5,height_tiebreak,209,10.0,60,18600,idrija_whole,60,15000,process,article_2_HAG_applications,True,6f060dbaf1c69bc25c1517ab2245b48bb8526299,3720,3000,34.67014569998719,7.632553202894666,450,466375,1779816,2,coarse,210,16471,1555,3299720,8,2.5.3,771.8771533203133,771.8864600526098,True,156.13564453125036,9306.732316404185,8.943920514177115,122863168,Windows-11-10.0.26300-SP0,3.14.7,True,838.0365698242186,20261002T093029Z,1.18.1,0,16471,16469,26000,16471,0.4991635653934273,99.50083643460658,0.0888746999844443,0.0879148000094574,0.08634300000267103,0.35006569998222403,2598,3086,4230.791888051219,2270,2306,35.15144790566324,2026-10-02T09:32:35+00:00,parallel,3,"block mean, streamed in bands, NaN-aware, any void -> void",p05,63.645548977093505,1395.725617734374,1.6707622743840815,0.9981472602790918,0.011489882429110027,1.535221481180915,1.5352229828374755,0.6365943000128027,0.08181356943145375
X6,dem_whole_c5_d2,dem_whole_c5_d2__5km1__hag_cta_ring1__shared_border__climb_tiebreak__native,idrija_whole_c5,dem,hag_cta_ring1,shared_border,climb_tiebreak,native,5km1,5km,5.846248000016203,5,height_tiebreak,209,10.0,60,18600,idrija_whole,60,15000,process,article_2_HAG_applications,True,6f060dbaf1c69bc25c1517ab2245b48bb8526299,3720,3000,34.67014569998719,7.632553202894666,450,466375,1779816,2,coarse,1389,41967,1041,3299720,8,2.5.3,535.6775512695319,535.6836294022733,True,79.60061239697013,6078.132752230963,10.575712782832461,122835840,Windows-11-10.0.26300-SP0,3.14.7,True,838.0365698242186,20261002T093029Z,1.18.1,0,41967,40125,68945,40342,1.271835186015783,98.72816481398422,0.13533449999522418,0.1008326000010129,0.09351499998592772,0.3252470000006724,2598,3086,4230.791888051219,2270,2306,35.15144790566324,2026-10-02T09:32:35+00:00,parallel,3,"block mean, streamed in bands, NaN-aware, any void -> void",p05,62.47755372719571,1285.0,1.091157944150411,0.9979252460760322,0.027993899597306447,1.0654333790782688,1.0654336640807387,0.6484952000027988,0.09383488241171498
X6,dem_whole_c5_d2,dem_whole_c5_d2__5km2__full_grid__climb_tiebreak__native,idrija_whole_c5,dem,full_grid,,climb_tiebreak,native,5km2,5km,0.0,5,height_tiebreak,0,nan,60,18600,idrija_whole,60,15000,process,article_2_HAG_applications,True,6f060dbaf1c69bc25c1517ab2245b48bb8526299,3720,3000,34.67014569998719,7.632553202894666,450,466375,1779816,2,coarse,466375,3299720,1132,3299720,8,2.5.3,581.6305615234372,581.6374115295508,True,486.2170670701055,6850.006127446379,12.05641873813896,123005480,Windows-11-10.0.26300-SP0,3.14.7,True,838.0365698242186,20261002T093029Z,1.18.1,0,3299720,681236,1329102,687453,100.0,0.0,0.5873947000072803,0.5618441000115126,0.4981508999771904,0.0,610,1074,5014.618629566959,1470,1590,35.15144790566324,2026-10-02T09:32:35+00:00,parallel,3,"block mean, streamed in bands, NaN-aware, any void -> void",p05,,,,,,,,,
X6,dem_whole_c5_d2,dem_whole_c5_d2__5km2__hag_cta__shared_border__climb_tiebreak__native,idrija_whole_c5,dem,hag_cta,shared_border,climb_tiebreak,native,5km2,5km,5.846248000016203,5,height_tiebreak,196,10.0,60,18600,idrija_whole,60,15000,process,article_2_HAG_applications,True,6f060dbaf1c69bc25c1517ab2245b48bb8526299,3720,3000,34.67014569998719,7.632553202894666,450,466375,1779816,2,coarse,197,16981,1345,3299720,8,2.5.3,674.3916088867197,674.3997289285509,True,351.0438175273289,8120.041840821061,9.314562102282824,122849856,Windows-11-10.0.26300-SP0,3.14.7,True,838.0365698242186,20261002T093029Z,1.18.1,0,16981,16981,28368,16981,0.5146194222540095,99.48538057774599,0.10199490000377409,0.09864109999034554,0.0973433000035584,0.3549267999769654,610,1074,5014.618629566959,1470,1590,35.15144790566324,2026-10-02T09:32:35+00:00,parallel,3,"block mean, streamed in bands, NaN-aware, any void -> void",p05,374.1948247487753,215.0,1.1854065076359486,0.9987348205949849,0.02492675078827308,1.1594844794955717,1.1594847847820862,0.10827620004420169,0.17556667407973903
X6,dem_whole_c5_d2,dem_whole_c5_d2__5km2__hag_cta_ring1__shared_border__climb_tiebreak__native,idrija_whole_c5,dem,hag_cta_ring1,shared_border,climb_tiebreak,native,5km2,5km,5.846248000016203,5,height_tiebreak,196,10.0,60,18600,idrija_whole,60,15000,process,article_2_HAG_applications,True,6f060dbaf1c69bc25c1517ab2245b48bb8526299,3720,3000,34.67014569998719,7.632553202894666,450,466375,1779816,2,coarse,1591,33605,1095,3299720,8,2.5.3,589.8639953613285,589.8707080020026,True,498.15355088967885,6712.640687119285,13.795406075608597,122840544,Windows-11-10.0.26300-SP0,3.14.7,True,838.0365698242186,20261002T093029Z,1.18.1,0,33605,33569,59062,33589,1.0184197447056114,98.98158025529439,0.1393318000191357,0.11896379999234341,0.09571280001546256,0.4726727999805007,610,1074,5014.618629566959,1470,1590,35.15144790566324,2026-10-02T09:32:35+00:00,parallel,3,"block mean, streamed in bands, NaN-aware, any void -> void",p05,inf,230.4886114323222,0.9799466689851996,0.9986591166507378,0.04927660898719387,1.014155779256726,1.0141553763723699,-0.029792499961331487,0.2117380960125874
X6,dem_whole_c5_d2,dem_whole_c5_d2__5km3__full_grid__climb_tiebreak__native,idrija_whole_c5,dem,full_grid,,climb_tiebreak,native,5km3,5km,0.0,5,height_tiebreak,0,nan,60,18600,idrija_whole,60,15000,process,article_2_HAG_applications,True,6f060dbaf1c69bc25c1517ab2245b48bb8526299,3720,3000,34.67014569998719,7.632553202894666,450,466375,1779816,2,coarse,466375,3299720,1357,3299720,8,2.5.3,516.847468261718,516.8556234507324,True,115.02387695312336,8155.189027078677,10.859776861978412,123076160,Windows-11-10.0.26300-SP0,3.14.7,True,838.0365698242186,20261002T093029Z,1.18.1,0,3299720,1097357,2010954,1104449,100.0,0.0,0.8529235000023618,0.8104363000020385,0.670143299998017,0.0,2418,3306,5259.3535724459525,1954,2362,35.15144790566324,2026-10-02T09:32:35+00:00,parallel,3,"block mean, streamed in bands, NaN-aware, any void -> void",p05,,,,,,,,,
X6,dem_whole_c5_d2,dem_whole_c5_d2__5km3__hag_cta__shared_border__climb_tiebreak__native,idrija_whole_c5,dem,hag_cta,shared_border,climb_tiebreak,native,5km3,5km,5.846248000016203,5,height_tiebreak,209,10.0,60,18600,idrija_whole,60,15000,process,article_2_HAG_applications,True,6f060dbaf1c69bc25c1517ab2245b48bb8526299,3720,3000,34.67014569998719,7.632553202894666,450,466375,1779816,2,coarse,210,16111,1861,3299720,8,2.5.3,704.705529785156,704.7166854618862,True,78.95674126372072,11155.676759431466,8.679978622578624,122882848,Windows-11-10.0.26300-SP0,3.14.7,True,838.0365698242186,20261002T093029Z,1.18.1,0,16111,16109,26086,16109,0.4882535487859576,99.51174645121405,0.12719339999603108,0.09849250002298504,0.08854040000005625,0.3900805000157561,2418,3306,5259.3535724459525,1954,2362,35.15144790566324,2026-10-02T09:32:35+00:00,parallel,3,"block mean, streamed in bands, NaN-aware, any void -> void",p05,125.88075032047317,662.7216610312356,1.3679237504354467,0.9984293302618477,0.01467981705133334,1.3634690562677028,1.3634691265559211,0.3218632999632973,0.12153021776386042
X6,dem_whole_c5_d2,dem_whole_c5_d2__5km3__hag_cta_ring1__shared_border__climb_tiebreak__native,idrija_whole_c5,dem,hag_cta_ring1,shared_border,climb_tiebreak,native,5km3,5km,5.846248000016203,5,height_tiebreak,209,10.0,60,18600,idrija_whole,60,15000,process,article_2_HAG_applications,True,6f060dbaf1c69bc25c1517ab2245b48bb8526299,3720,3000,34.67014569998719,7.632553202894666,450,466375,1779816,2,coarse,1817,31937,1613,3299720,8,2.5.3,536.0386328124996,536.0482419712054,True,87.00196260477512,9609.158723275377,11.446228777577296,122871872,Windows-11-10.0.26300-SP0,3.14.7,True,838.0365698242186,20261002T093029Z,1.18.1,0,31937,31896,56097,31912,0.9678700010910016,99.032129998909,0.18896230001701042,0.18285409998497926,0.14607879999675788,0.41524760000174865,2418,3306,5259.3535724459525,1954,2362,35.15144790566324,2026-10-02T09:32:35+00:00,parallel,3,"block mean, streamed in bands, NaN-aware, any void -> void",p05,190.81390266627258,582.494635168428,1.178287675658885,0.9983401497089281,0.029066201792124168,1.03713119581552,1.0371334230482692,0.21233460001531057,0.2256242717466127
X6,dem_whole_c5_d3,dem_whole_c5_d3__10km1__full_grid__climb_tiebreak__native,idrija_whole_c5,dem,full_grid,,climb_tiebreak,native,10km1,10km,0.0,5,height_tiebreak,0,nan,60,18600,idrija_whole,60,15000,process,article_2_HAG_applications,True,6f060dbaf1c69bc25c1517ab2245b48bb8526299,3720,3000,35.39405230002012,7.1249416429701755,299,164933,587569,3,coarse,164933,3299720,2382,3299720,8,2.5.3,1286.6143457031258,1286.6288871724275,True,94.79848632812491,14541.469324504751,13.37499121763895,123118936,Windows-11-10.0.26300-SP0,3.14.7,True,838.0365698242186,20261002T123837Z,1.18.1,0,3299720,2320326,4297932,2323790,100.0,0.0,1.6502680999983568,1.4495395999983884,1.372035300009884,0.0,2606,2274,9873.317578200349,1066,1038,35.15144790566324,2026-10-02T12:38:40+00:00,parallel,3,"block mean, streamed in bands, NaN-aware, any void -> void",p02,,,,,,,,,
X6,dem_whole_c5_d3,dem_whole_c5_d3__10km1__hag_cta__shared_border__climb_tiebreak__native,idrija_whole_c5,dem,hag_cta,shared_border,climb_tiebreak,native,10km1,10km,3.7360916000034194,5,height_tiebreak,277,10.0,60,18600,idrija_whole,60,15000,process,article_2_HAG_applications,True,6f060dbaf1c69bc25c1517ab2245b48bb8526299,3720,3000,35.39405230002012,7.1249416429701755,299,164933,587569,3,coarse,278,21207,3559,3299720,8,2.5.3,2610.4415551757784,2610.4626754528394,True,246.61826171874964,21120.277041479683,8.541662228373099,122992032,Windows-11-10.0.26300-SP0,3.14.7,True,838.0365698242186,20261002T123837Z,1.18.1,0,21207,21201,32778,21201,0.6426908949850291,99.35730910501496,0.13579150001169182,0.1208790999953635,0.10488090000580996,0.09037560000433587,2606,2274,9873.317578200349,1066,1038,35.15144790566324,2026-10-02T12:38:40+00:00,parallel,3,"block mean, streamed in bands, NaN-aware, any void -> void",p02,31.60027542939833,521.5841255253077,1.4524169855303801,0.9989692568493282,0.009137078151949338,2.0289230909742346,2.028916575306923,1.238284899998689,0.08339137474788401
X6,dem_whole_c5_d3,dem_whole_c5_d3__10km1__hag_cta_ring1__shared_border__climb_tiebreak__native,idrija_whole_c5,dem,hag_cta_ring1,shared_border,climb_tiebreak,native,10km1,10km,3.7360916000034194,5,height_tiebreak,277,10.0,60,18600,idrija_whole,60,15000,process,article_2_HAG_applications,True,6f060dbaf1c69bc25c1517ab2245b48bb8526299,3720,3000,35.39405230002012,7.1249416429701755,299,164933,587569,3,coarse,1837,61723,2680,3299720,8,2.5.3,1750.411257324218,1750.427396489058,True,136.97901312722345,16139.164850721758,10.871094754563002,122940216,Windows-11-10.0.26300-SP0,3.14.7,True,838.0365698242186,20261002T123837Z,1.18.1,0,61723,61653,110415,61662,1.8705526529523717,98.12944734704763,0.12818699999479577,0.11597660000552423,0.10910349999903701,0.11637629999313504,2606,2274,9873.317578200349,1066,1038,35.15144790566324,2026-10-02T12:38:40+00:00,parallel,3,"block mean, streamed in bands, NaN-aware, any void -> void",p02,32.14802125264123,481.27435003332556,1.1098716705006302,0.9985483955124499,0.026570835305039033,1.3604785794360394,1.360475747078788,1.2171866999997292,0.0800092663944146
X6,dem_whole_c5_d3,dem_whole_c5_d3__10km2__full_grid__climb_tiebreak__native,idrija_whole_c5,dem,full_grid,,climb_tiebreak,native,10km2,10km,0.0,5,height_tiebreak,0,nan,60,18600,idrija_whole,60,15000,process,article_2_HAG_applications,True,6f060dbaf1c69bc25c1517ab2245b48bb8526299,3720,3000,35.39405230002012,7.1249416429701755,299,164933,587569,3,coarse,164933,3299720,1999,3299720,8,2.5.3,1364.9610791015637,1364.9732023013937,True,92.18977165785967,12123.199846221441,11.735379418198816,123119888,Windows-11-10.0.26300-SP0,3.14.7,True,838.0365698242186,20261002T123837Z,1.18.1,0,3299720,2636669,4980460,2644460,100.0,0.0,2.0569123000022955,2.019714699999895,1.9996703999931924,0.0,1074,954,9605.7690998691,2318,2418,35.15144790566324,2026-10-02T12:38:40+00:00,parallel,3,"block mean, streamed in bands, NaN-aware, any void -> void",p02,,,,,,,,,
X6,dem_whole_c5_d3,dem_whole_c5_d3__10km2__hag_cta__shared_border__climb_tiebreak__native,idrija_whole_c5,dem,hag_cta,shared_border,climb_tiebreak,native,10km2,10km,3.7360916000034194,5,height_tiebreak,284,10.0,60,18600,idrija_whole,60,15000,process,article_2_HAG_applications,True,6f060dbaf1c69bc25c1517ab2245b48bb8526299,3720,3000,35.39405230002012,7.1249416429701755,299,164933,587569,3,coarse,285,11100,3062,3299720,8,2.5.3,2610.345893554688,2610.363888871837,True,141.92810458826048,17995.317087613254,8.844604474852954,122959352,Windows-11-10.0.26300-SP0,3.14.7,True,838.0365698242186,20261002T123837Z,1.18.1,0,11100,10950,15454,11005,0.3363921787303165,99.66360782126968,0.08602709998376667,0.08461989997886121,0.07719079998787493,0.08542379998834804,1074,954,9605.7690998691,2318,2418,35.15144790566324,2026-10-02T12:38:40+00:00,parallel,3,"block mean, streamed in bands, NaN-aware, any void -> void",p02,21.155191328258955,1127.3530946424905,1.4843702418402378,0.9986961001783887,0.004152967247690173,1.9123958430176293,1.9123920414486306,1.8496710000326857,0.04189695702015023
X6,dem_whole_c5_d3,dem_whole_c5_d3__10km2__hag_cta_ring1__shared_border__climb_tiebreak__native,idrija_whole_c5,dem,hag_cta_ring1,shared_border,climb_tiebreak,native,10km2,10km,3.7360916000034194,5,height_tiebreak,284,10.0,60,18600,idrija_whole,60,15000,process,article_2_HAG_applications,True,6f060dbaf1c69bc25c1517ab2245b48bb8526299,3720,3000,35.39405230002012,7.1249416429701755,299,164933,587569,3,coarse,1746,42052,2490,3299720,8,2.5.3,1932.7024511718769,1932.7173503872575,True,145.56699218749827,14899.215357060588,10.689201010701844,122925864,Windows-11-10.0.26300-SP0,3.14.7,True,838.0365698242186,20261002T123837Z,1.18.1,0,42052,41651,72260,41729,1.2744111621592136,98.72558883784079,0.09852430000319146,0.09404380002524704,0.09400330000789836,0.09935990002122708,1074,954,9605.7690998691,2318,2418,35.15144790566324,2026-10-02T12:38:40+00:00,parallel,3,"block mean, streamed in bands, NaN-aware, any void -> void",p02,21.425783396706002,1106.2662428186084,1.2289837292176928,0.9984241051291405,0.015796825464250538,1.4159396049915274,1.415937944516879,1.8263109999534208,0.046562913081363386
X6,dem_whole_c5_d3,dem_whole_c5_d3__10km3__full_grid__climb_tiebreak__native,idrija_whole_c5,dem,full_grid,,climb_tiebreak,native,10km3,10km,0.0,5,height_tiebreak,0,nan,60,18600,idrija_whole,60,15000,process,article_2_HAG_applications,True,6f060dbaf1c69bc25c1517ab2245b48bb8526299,3720,3000,35.39405230002012,7.1249416429701755,299,164933,587569,3,coarse,164933,3299720,2766,3299720,8,2.5.3,1530.8479968261713,1530.8644293005352,True,132.77036132812327,16432.474375138634,9.55597858429274,123232168,Windows-11-10.0.26300-SP0,3.14.7,True,838.0365698242186,20261002T123837Z,1.18.1,0,3299720,3026560,5774584,3030300,100.0,0.0,2.464019199978793,2.3443377000221517,1.8315575000015087,0.0,1738,2554,11336.966084451342,354,758,35.15144790566324,2026-10-02T12:38:40+00:00,parallel,3,"block mean, streamed in bands, NaN-aware, any void -> void",p02,,,,,,,,,
X6,dem_whole_c5_d3,dem_whole_c5_d3__10km3__hag_cta__shared_border__climb_tiebreak__native,idrija_whole_c5,dem,hag_cta,shared_border,climb_tiebreak,native,10km3,10km,3.7360916000034194,5,height_tiebreak,353,10.0,60,18600,idrija_whole,60,15000,process,article_2_HAG_applications,True,6f060dbaf1c69bc25c1517ab2245b48bb8526299,3720,3000,35.39405230002012,7.1249416429701755,299,164933,587569,3,coarse,354,65702,6240,3299720,8,2.5.3,3754.538975830079,3754.575959464612,True,236.20587832582177,36983.634534164004,8.46349569830712,123171784,Windows-11-10.0.26300-SP0,3.14.7,True,838.0365698242186,20261002T123837Z,1.18.1,0,65702,63443,103774,63473,1.9911386420665995,98.0088613579334,0.10500469998805784,0.09839140000985935,0.07900959998369217,0.07174079999094829,1738,2554,11336.966084451342,354,758,35.15144790566324,2026-10-02T12:38:40+00:00,parallel,3,"block mean, streamed in bands, NaN-aware, any void -> void",p02,17.997444997558603,1110.1801655587258,2.250643067493114,0.9995099980712828,0.02096208236413618,2.4525877053856244,2.4525855376887353,2.174205500021344,0.041969806657517664
X6,dem_whole_c5_d3,dem_whole_c5_d3__10km3__hag_cta_ring1__shared_border__climb_tiebreak__native,idrija_whole_c5,dem,hag_cta_ring1,shared_border,climb_tiebreak,native,10km3,10km,3.7360916000034194,5,height_tiebreak,353,10.0,60,18600,idrija_whole,60,15000,process,article_2_HAG_applications,True,6f060dbaf1c69bc25c1517ab2245b48bb8526299,3720,3000,35.39405230002012,7.1249416429701755,299,164933,587569,3,coarse,2546,164288,3699,3299720,8,2.5.3,1987.1421801757833,1987.164319397249,True,124.88089256955739,22139.22148450697,9.556217841179603,123028224,Windows-11-10.0.26300-SP0,3.14.7,True,838.0365698242186,20261002T123837Z,1.18.1,0,164288,158553,288869,158618,4.978846690022183,95.02115330997782,0.13885660000960343,0.13614810002036393,0.13206889998400584,0.06056490002083592,1738,2554,11336.966084451342,354,758,35.15144790566324,2026-10-02T12:38:40+00:00,parallel,3,"block mean, streamed in bands, NaN-aware, any void -> void",p02,18.220196433934944,1055.0118482747007,1.3472847106947148,0.9983450425054601,0.05238719866779446,1.2980662902493412,1.2980668185655089,2.147624699980952,0.05807529351214096
X6,dem_whole_c5_d3,dem_whole_c5_d3__1km1__full_grid__climb_tiebreak__native,idrija_whole_c5,dem,full_grid,,climb_tiebreak,native,1km1,1km,0.0,5,height_tiebreak,0,nan,60,18600,idrija_whole,60,15000,process,article_2_HAG_applications,True,6f060dbaf1c69bc25c1517ab2245b48bb8526299,3720,3000,35.39405230002012,7.1249416429701755,299,164933,587569,3,coarse,164933,3299720,286,3299720,8,2.5.3,140.93474609374982,140.9364175508195,True,261.4118182062409,1671.4570696119918,12.656664071700694,122834744,Windows-11-10.0.26300-SP0,3.14.7,True,838.0365698242186,20261002T123837Z,1.18.1,0,3299720,100530,182955,101944,100.0,0.0,0.13345910000498407,0.11728159998892806,0.11329569999361411,0.0,478,1038,973.2420048477151,446,846,35.15144790566324,2026-10-02T12:38:40+00:00,parallel,3,"block mean, streamed in bands, NaN-aware, any void -> void",p02,,,,,,,,,
X6,dem_whole_c5_d3,dem_whole_c5_d3__1km1__hag_cta__shared_border__climb_tiebreak__native,idrija_whole_c5,dem,hag_cta,shared_border,climb_tiebreak,native,1km1,1km,3.7360916000034194,5,height_tiebreak,35,10.0,60,18600,idrija_whole,60,15000,process,article_2_HAG_applications,True,6f060dbaf1c69bc25c1517ab2245b48bb8526299,3720,3000,35.39405230002012,7.1249416429701755,299,164933,587569,3,coarse,36,28054,413,3299720,8,2.5.3,169.09990722656187,169.10233173449603,True,253.47270507812482,2424.5079348883237,10.49269316277563,122795088,Windows-11-10.0.26300-SP0,3.14.7,True,838.0365698242186,20261002T123837Z,1.18.1,0,28054,26546,48316,26622,0.8501933497387657,99.14980665026123,0.09096459997817874,0.09066050002002157,0.08821529999841005,0.09837770002195612,478,1038,973.2420048477151,446,846,35.15144790566324,2026-10-02T12:38:40+00:00,parallel,3,"block mean, streamed in bands, NaN-aware, any void -> void",p02,inf,468.0010683748489,1.4505355710099952,0.9996771597456172,0.264060479458868,1.1998454030213144,1.1998483761198226,-0.07175660005304962,0.7730155457342017
X6,dem_whole_c5_d3,dem_whole_c5_d3__1km1__hag_cta_ring1__shared_border__climb_tiebreak__native,idrija_whole_c5,dem,hag_cta_ring1,shared_border,climb_tiebreak,native,1km1,1km,3.7360916000034194,5,height_tiebreak,35,10.0,60,18600,idrija_whole,60,15000,process,article_2_HAG_applications,True,6f060dbaf1c69bc25c1517ab2245b48bb8526299,3720,3000,35.39405230002012,7.1249416429701755,299,164933,587569,3,coarse,308,47368,271,3299720,8,2.5.3,146.17512695312473,146.17673790766895,True,283.5305533581548,1610.9545442950503,12.891278453451365,122793136,Windows-11-10.0.26300-SP0,3.14.7,True,838.0365698242186,20261002T123837Z,1.18.1,0,47368,42882,75767,43152,1.4355157407295165,98.56448425927049,0.09500840000691824,0.0948355000000447,0.08069719999912195,0.09471979999216273,478,1038,973.2420048477151,446,846,35.15144790566324,2026-10-02T12:38:40+00:00,parallel,3,"block mean, streamed in bands, NaN-aware, any void -> void",p02,inf,305.16389039334257,0.9638025251040481,0.9996612684762871,0.42655923604894064,1.0371830297681808,1.037182159500825,-0.07227370000327937,0.8086136274487867
X6,dem_whole_c5_d3,dem_whole_c5_d3__1km2__full_grid__climb_tiebreak__native,idrija_whole_c5,dem,full_grid,,climb_tiebreak,native,1km2,1km,0.0,5,height_tiebreak,0,nan,60,18600,idrija_whole,60,15000,process,article_2_HAG_applications,True,6f060dbaf1c69bc25c1517ab2245b48bb8526299,3720,3000,35.39405230002012,7.1249416429701755,299,164933,587569,3,coarse,164933,3299720,232,3299720,8,2.5.3,199.6638745117193,199.66528425305987,True,135.2399723872422,1409.7413408594539,10.3566734595618,122809504,Windows-11-10.0.26300-SP0,3.14.7,True,838.0365698242186,20261002T123837Z,1.18.1,0,3299720,69354,125419,70427,100.0,0.0,0.12930100000812672,0.123219600005541,0.11018780001904815,0.0,1070,406,1094.1663493271944,1002,614,35.15144790566324,2026-10-02T12:38:40+00:00,parallel,3,"block mean, streamed in bands, NaN-aware, any void -> void",p02,,,,,,,,,
X6,dem_whole_c5_d3,dem_whole_c5_d3__1km2__hag_cta__shared_border__climb_tiebreak__native,idrija_whole_c5,dem,hag_cta,shared_border,climb_tiebreak,native,1km2,1km,3.7360916000034194,5,height_tiebreak,53,10.0,60,18600,idrija_whole,60,15000,process,article_2_HAG_applications,True,6f060dbaf1c69bc25c1517ab2245b48bb8526299,3720,3000,35.39405230002012,7.1249416429701755,299,164933,587569,3,coarse,54,2220,333,3299720,8,2.5.3,261.6049389648439,261.6069758991847,True,167.1112223211037,2036.9343417595167,10.713506038405539,122782856,Windows-11-10.0.26300-SP0,3.14.7,True,838.0365698242186,20261002T123837Z,1.18.1,0,2220,2204,3427,2208,0.0672784357460633,99.93272156425394,0.10088879999238998,0.08770720000029542,0.07873020000988618,0.1004077999969013,1070,406,1094.1663493271944,1002,614,35.15144790566324,2026-10-02T12:38:40+00:00,parallel,3,"block mean, streamed in bands, NaN-aware, any void -> void",p02,inf,216.91011963483862,1.4448993462287858,0.9997830135361511,0.03177898895521527,1.310226697766946,1.3102276486262814,-0.06489539999165572,0.7117958506305113
X6,dem_whole_c5_d3,dem_whole_c5_d3__1km2__hag_cta_ring1__shared_border__climb_tiebreak__native,idrija_whole_c5,dem,hag_cta_ring1,shared_border,climb_tiebreak,native,1km2,1km,3.7360916000034194,5,height_tiebreak,53,10.0,60,18600,idrija_whole,60,15000,process,article_2_HAG_applications,True,6f060dbaf1c69bc25c1517ab2245b48bb8526299,3720,3000,35.39405230002012,7.1249416429701755,299,164933,587569,3,coarse,307,6066,256,3299720,8,2.5.3,207.2577758789057,207.25936775228055,True,215.46708984374845,1591.873375215418,14.460679049111734,122780040,Windows-11-10.0.26300-SP0,3.14.7,True,838.0365698242186,20261002T123837Z,1.18.1,0,6066,5899,10328,5929,0.18383377983586485,99.81616622016413,0.080268799996702,0.07660299999406561,0.06163610002840869,0.09892600000603124,1070,406,1094.1663493271944,1002,614,35.15144790566324,2026-10-02T12:38:40+00:00,parallel,3,"block mean, streamed in bands, NaN-aware, any void -> void",p02,inf,153.05227865013967,1.1291953559685826,0.9997600837146936,0.08505637742595958,1.0380334268567981,1.0380340705076991,-0.05230939999455586,0.6216786938978937
X6,dem_whole_c5_d3,dem_whole_c5_d3__1km3__full_grid__climb_tiebreak__native,idrija_whole_c5,dem,full_grid,,climb_tiebreak,native,1km3,1km,0.0,5,height_tiebreak,0,nan,60,18600,idrija_whole,60,15000,process,article_2_HAG_applications,True,6f060dbaf1c69bc25c1517ab2245b48bb8526299,3720,3000,35.39405230002012,7.1249416429701755,299,164933,587569,3,coarse,164933,3299720,252,3299720,8,2.5.3,243.6930676269531,243.69458565256446,True,57.81916856075161,1518.0256121069156,14.831406691064872,122963048,Windows-11-10.0.26300-SP0,3.14.7,True,838.0365698242186,20261002T123837Z,1.18.1,0,3299720,280920,544442,287810,100.0,0.0,0.22897709999233484,0.22662089997902513,0.22221609999542125,0.0,2782,3418,802.2468448052632,2942,3406,35.15144790566324,2026-10-02T12:38:40+00:00,parallel,3,"block mean, streamed in bands, NaN-aware, any void -> void",p02,,,,,,,,,
X6,dem_whole_c5_d3,dem_whole_c5_d3__1km3__hag_cta__shared_border__climb_tiebreak__native,idrija_whole_c5,dem,hag_cta,shared_border,climb_tiebreak,native,1km3,1km,3.7360916000034194,5,height_tiebreak,69,10.0,60,18600,idrija_whole,60,15000,process,article_2_HAG_applications,True,6f060dbaf1c69bc25c1517ab2245b48bb8526299,3720,3000,35.39405230002012,7.1249416429701755,299,164933,587569,3,coarse,70,7878,681,3299720,8,2.5.3,504.31550170898464,504.31958930349015,True,100.92233324532442,4087.594513539338,9.288511429738957,122807408,Windows-11-10.0.26300-SP0,3.14.7,True,838.0365698242186,20261002T123837Z,1.18.1,0,7878,7685,11858,7694,0.23874753009346247,99.76125246990654,0.09811320001608692,0.09261329998844303,0.08392960001947358,0.08680200000526384,2782,3418,802.2468448052632,2942,3406,35.15144790566324,2026-10-02T12:38:40+00:00,parallel,3,"block mean, streamed in bands, NaN-aware, any void -> void",p02,828.9301250740099,817.3891362135907,2.6927045768786715,0.9987342538873955,0.027356542787982344,2.069470037124708,2.069473919385714,0.04720559998531826,0.40867060362488566
X6,dem_whole_c5_d3,dem_whole_c5_d3__1km3__hag_cta_ring1__shared_border__climb_tiebreak__native,idrija_whole_c5,dem,hag_cta_ring1,shared_border,climb_tiebreak,native,1km3,1km,3.7360916000034194,5,height_tiebreak,69,10.0,60,18600,idrija_whole,60,15000,process,article_2_HAG_applications,True,6f060dbaf1c69bc25c1517ab2245b48bb8526299,3720,3000,35.39405230002012,7.1249416429701755,299,164933,587569,3,coarse,445,21267,418,3299720,8,2.5.3,327.8583117675774,327.8607840572556,True,144.294580078124,2472.289680818844,9.901731650817439,122798328,Windows-11-10.0.26300-SP0,3.14.7,True,838.0365698242186,20261002T123837Z,1.18.1,0,21267,20543,36430,20652,0.644509231086274,99.35549076891373,0.09252499998547137,0.09030770001118071,0.07843019999563694,0.08184349999646656,2782,3418,802.2468448052632,2942,3406,35.15144790566324,2026-10-02T12:38:40+00:00,parallel,3,"block mean, streamed in bands, NaN-aware, any void -> void",p02,718.3836870881468,581.0550748423078,1.6286218500539495,0.9986604105649691,0.0731275808059234,1.3453739778493206,1.3453757422607944,0.05446969997137785,0.39849678480466333
X6,dem_whole_c5_d3,dem_whole_c5_d3__20km1__full_grid__climb_tiebreak__native,idrija_whole_c5,dem,full_grid,,climb_tiebreak,native,20km1,20km,0.0,5,height_tiebreak,0,nan,60,18600,idrija_whole,60,15000,process,article_2_HAG_applications,True,6f060dbaf1c69bc25c1517ab2245b48bb8526299,3720,3000,35.39405230002012,7.1249416429701755,299,164933,587569,3,coarse,164933,3299720,4403,3299720,8,2.5.3,2141.042852783203,2141.0695309700764,True,783.6662129438467,26678.18684794478,10.973478543424328,123259504,Windows-11-10.0.26300-SP0,3.14.7,True,838.0365698242186,20261002T123837Z,1.18.1,0,3299720,3272018,6217914,3273398,100.0,0.0,2.351940199994715,2.165066100016702,2.0602490000019316,0.0,626,62,20305.270251833637,2490,3670,35.15144790566324,2026-10-02T12:38:40+00:00,parallel,3,"block mean, streamed in bands, NaN-aware, any void -> void",p02,,,,,,,,,
X6,dem_whole_c5_d3,dem_whole_c5_d3__20km1__hag_cta__shared_border__climb_tiebreak__native,idrija_whole_c5,dem,hag_cta,shared_border,climb_tiebreak,native,20km1,20km,3.7360916000034194,5,height_tiebreak,523,10.0,60,18600,idrija_whole,60,15000,process,article_2_HAG_applications,True,6f060dbaf1c69bc25c1517ab2245b48bb8526299,3720,3000,35.39405230002012,7.1249416429701755,299,164933,587569,3,coarse,524,64864,6943,3299720,8,2.5.3,4366.677841796871,4366.719634848838,True,705.196557076394,41793.05191657993,8.438946558858765,123216800,Windows-11-10.0.26300-SP0,3.14.7,True,838.0365698242186,20261002T123837Z,1.18.1,0,64864,64862,105959,64862,1.965742547852545,98.03425745214746,0.1676032999821473,0.14280450000660494,0.1216376000083983,0.09463370000594296,626,62,20305.270251833637,2490,3670,35.15144790566324,2026-10-02T12:38:40+00:00,parallel,3,"block mean, streamed in bands, NaN-aware, any void -> void",p02,20.299635577976026,1666.0807303369186,1.5665626811441107,0.9996535439571459,0.019823240581194848,2.0395097819366392,2.0395038889140436,1.927627900004154,0.06595849429516415
X6,dem_whole_c5_d3,dem_whole_c5_d3__20km1__hag_cta_ring1__shared_border__climb_tiebreak__native,idrija_whole_c5,dem,hag_cta_ring1,shared_border,climb_tiebreak,native,20km1,20km,3.7360916000034194,5,height_tiebreak,523,10.0,60,18600,idrija_whole,60,15000,process,article_2_HAG_applications,True,6f060dbaf1c69bc25c1517ab2245b48bb8526299,3720,3000,35.39405230002012,7.1249416429701755,299,164933,587569,3,coarse,3715,167303,5479,3299720,8,2.5.3,2800.861875000001,2800.8953539394165,True,727.7958002885504,33478.9393668845,9.436306238362993,123134840,Windows-11-10.0.26300-SP0,3.14.7,True,838.0365698242186,20261002T123837Z,1.18.1,0,167303,167133,307028,167203,5.070218079109742,94.92978192089025,0.17055229999823496,0.1521190000057686,0.1496890999842435,0.11297230000491254,626,62,20305.270251833637,2490,3670,35.15144790566324,2026-10-02T12:38:40+00:00,parallel,3,"block mean, streamed in bands, NaN-aware, any void -> void",p02,20.59508573476845,1637.4141198853758,1.2549180931111004,0.9989886053735865,0.051079486726540016,1.3081764670702785,1.3081758034594917,1.8999748000060208,0.07026067241300167
X6,dem_whole_c5_d3,dem_whole_c5_d3__20km2__full_grid__climb_tiebreak__native,idrija_whole_c5,dem,full_grid,,climb_tiebreak,native,20km2,20km,0.0,5,height_tiebreak,0,nan,60,18600,idrija_whole,60,15000,process,article_2_HAG_applications,True,6f060dbaf1c69bc25c1517ab2245b48bb8526299,3720,3000,35.39405230002012,7.1249416429701755,299,164933,587569,3,coarse,164933,3299720,3851,3299720,8,2.5.3,1374.5346026611332,1374.5581273450439,True,92.18977165785967,23524.683963690346,10.974392467664385,123192912,Windows-11-10.0.26300-SP0,3.14.7,True,838.0365698242186,20261002T123837Z,1.18.1,0,3299720,2428142,4555800,2433842,100.0,0.0,1.7622632999846246,1.624216800002614,1.608188699989114,0.0,2518,3482,18646.179233290663,358,442,35.15144790566324,2026-10-02T12:38:40+00:00,parallel,3,"block mean, streamed in bands, NaN-aware, any void -> void",p02,,,,,,,,,
X6,dem_whole_c5_d3,dem_whole_c5_d3__20km2__hag_cta__shared_border__climb_tiebreak__native,idrija_whole_c5,dem,hag_cta,shared_border,climb_tiebreak,native,20km2,20km,3.7360916000034194,5,height_tiebreak,339,10.0,60,18600,idrija_whole,60,15000,process,article_2_HAG_applications,True,6f060dbaf1c69bc25c1517ab2245b48bb8526299,3720,3000,35.39405230002012,7.1249416429701755,299,164933,587569,3,coarse,340,51101,4993,3299720,8,2.5.3,2801.9766802978475,2802.0068386780727,True,115.24835806420268,30158.380207782342,8.489704251273672,123090752,Windows-11-10.0.26300-SP0,3.14.7,True,838.0365698242186,20261002T123837Z,1.18.1,0,51101,50918,85529,50972,1.54864655182864,98.45135344817136,0.1337133999913931,0.1318308999761939,0.11717270000372082,0.14214460001676343,2518,3482,18646.179233290663,358,442,35.15144790566324,2026-10-02T12:38:40+00:00,parallel,3,"block mean, streamed in bands, NaN-aware, any void -> void",p02,28.98011185092893,972.5481993197046,1.2819887508087637,0.9991707315109168,0.020969943273498833,2.0384911917627617,2.038478244707005,1.3502413000096567,0.08116582710878359
X6,dem_whole_c5_d3,dem_whole_c5_d3__20km2__hag_cta_ring1__shared_border__climb_tiebreak__native,idrija_whole_c5,dem,hag_cta_ring1,shared_border,climb_tiebreak,native,20km2,20km,3.7360916000034194,5,height_tiebreak,339,10.0,60,18600,idrija_whole,60,15000,process,article_2_HAG_applications,True,6f060dbaf1c69bc25c1517ab2245b48bb8526299,3720,3000,35.39405230002012,7.1249416429701755,299,164933,587569,3,coarse,2558,122352,4212,3299720,8,2.5.3,1851.4904876709002,1851.5162129288021,True,95.85604090690659,25725.257915756647,9.297054519152287,123061112,Windows-11-10.0.26300-SP0,3.14.7,True,838.0365698242186,20261002T123837Z,1.18.1,0,122352,120670,223522,120878,3.7079509776587103,96.29204902234129,0.13833849999355152,0.13318670002627186,0.13010599999688566,0.11462800001027063,2518,3482,18646.179233290663,358,442,35.15144790566324,2026-10-02T12:38:40+00:00,parallel,3,"block mean, streamed in bands, NaN-aware, any void -> void",p02,28.42929686098859,862.0469824783333,1.0935431887400835,0.998930133253121,0.049696434557781215,1.3469944547677217,1.346990117111309,1.3764020999660715,0.08200056792052485
X6,dem_whole_c5_d3,dem_whole_c5_d3__20km3__full_grid__climb_tiebreak__native,idrija_whole_c5,dem,full_grid,,climb_tiebreak,native,20km3,20km,0.0,5,height_tiebreak,0,nan,60,18600,idrija_whole,60,15000,process,article_2_HAG_applications,True,6f060dbaf1c69bc25c1517ab2245b48bb8526299,3720,3000,35.39405230002012,7.1249416429701755,299,164933,587569,3,coarse,164933,3299720,3591,3299720,8,2.5.3,1790.8003295898443,1790.8221442024,True,118.15060326991399,21814.61253694098,9.903786313403808,123206064,Windows-11-10.0.26300-SP0,3.14.7,True,838.0365698242186,20261002T123837Z,1.18.1,0,3299720,3060359,5840472,3066687,100.0,0.0,2.176334499992663,2.067653699981747,1.7612755999725778,0.0,962,502,17071.39127312124,2698,3442,35.15144790566324,2026-10-02T12:38:40+00:00,parallel,3,"block mean, streamed in bands, NaN-aware, any void -> void",p02,,,,,,,,,
X6,dem_whole_c5_d3,dem_whole_c5_d3__20km3__hag_cta__shared_border__climb_tiebreak__native,idrija_whole_c5,dem,hag_cta,shared_border,climb_tiebreak,native,20km3,20km,3.7360916000034194,5,height_tiebreak,455,10.0,60,18600,idrija_whole,60,15000,process,article_2_HAG_applications,True,6f060dbaf1c69bc25c1517ab2245b48bb8526299,3720,3000,35.39405230002012,7.1249416429701755,299,164933,587569,3,coarse,456,38310,5370,3299720,8,2.5.3,3680.823776855463,3680.855975565839,True,323.9309814453111,32198.71029367226,8.564610359665645,123110952,Windows-11-10.0.26300-SP0,3.14.7,True,838.0365698242186,20261002T123837Z,1.18.1,0,38310,37746,59279,37776,1.1610076006449033,98.83899239935509,0.13677580002695322,0.11133069999050349,0.0877496000030078,0.09408310000435449,962,502,17071.39127312124,2698,3442,35.15144790566324,2026-10-02T12:38:40+00:00,parallel,3,"block mean, streamed in bands, NaN-aware, any void -> void",p02,21.01240763894009,1569.593896522282,1.4760156862353981,0.9992280250101976,0.012333847107479874,2.055407136148171,2.055400078384236,1.8622398999868892,0.05384397783414423
X6,dem_whole_c5_d3,dem_whole_c5_d3__20km3__hag_cta_ring1__shared_border__climb_tiebreak__native,idrija_whole_c5,dem,hag_cta_ring1,shared_border,climb_tiebreak,native,20km3,20km,3.7360916000034194,5,height_tiebreak,455,10.0,60,18600,idrija_whole,60,15000,process,article_2_HAG_applications,True,6f060dbaf1c69bc25c1517ab2245b48bb8526299,3720,3000,35.39405230002012,7.1249416429701755,299,164933,587569,3,coarse,3057,104778,4249,3299720,8,2.5.3,2559.6407958984373,2559.6666088162283,True,160.7770019531256,25812.917728598968,9.33992875288399,123043552,Windows-11-10.0.26300-SP0,3.14.7,True,838.0365698242186,20261002T123837Z,1.18.1,0,104778,103327,186028,103463,3.1753603336040634,96.82463966639594,0.08594399999128655,0.08566099999006838,0.07614329998614267,0.06071869999868795,962,502,17071.39127312124,2698,3442,35.15144790566324,2026-10-02T12:38:40+00:00,parallel,3,"block mean, streamed in bands, NaN-aware, any void -> void",p02,20.3667690814357,1478.0054127099806,1.1832856386922865,0.9986809740143959,0.03376303237626697,1.4293278561572993,1.429324859033535,1.9212739999929909,0.04142908456615563
X6,dem_whole_c5_d3,dem_whole_c5_d3__2km1__full_grid__climb_tiebreak__native,idrija_whole_c5,dem,full_grid,,climb_tiebreak,native,2km1,2km,0.0,5,height_tiebreak,0,nan,60,18600,idrija_whole,60,15000,process,article_2_HAG_applications,True,6f060dbaf1c69bc25c1517ab2245b48bb8526299,3720,3000,35.39405230002012,7.1249416429701755,299,164933,587569,3,coarse,164933,3299720,432,3299720,8,2.5.3,391.22158569335835,391.2241735465295,True,101.08661127583667,2587.8531726798847,10.864292925064198,122848424,Windows-11-10.0.26300-SP0,3.14.7,True,838.0365698242186,20261002T123837Z,1.18.1,0,3299720,221592,413176,223496,100.0,0.0,0.17862560000503436,0.17246840000734664,0.16423959998064674,0.0,1106,558,2008.4820138602188,790,806,35.15144790566324,2026-10-02T12:38:40+00:00,parallel,3,"block mean, streamed in bands, NaN-aware, any void -> void",p02,,,,,,,,,
X6,dem_whole_c5_d3,dem_whole_c5_d3__2km1__hag_cta__shared_border__climb_tiebreak__native,idrija_whole_c5,dem,hag_cta,shared_border,climb_tiebreak,native,2km1,2km,3.7360916000034194,5,height_tiebreak,90,10.0,60,18600,idrija_whole,60,15000,process,article_2_HAG_applications,True,6f060dbaf1c69bc25c1517ab2245b48bb8526299,3720,3000,35.39405230002012,7.1249416429701755,299,164933,587569,3,coarse,91,13236,893,3299720,8,2.5.3,712.6826086425779,712.6878639326119,True,109.37586732047613,5255.290039756344,8.67770694845892,122821968,Windows-11-10.0.26300-SP0,3.14.7,True,838.0365698242186,20261002T123837Z,1.18.1,0,13236,5903,9332,6079,0.4011249439346369,99.59887505606537,0.08960390000720508,0.08860980000463314,0.0818548999959603,0.0983731999876909,1106,558,2008.4820138602188,790,806,35.15144790566324,2026-10-02T12:38:40+00:00,parallel,3,"block mean, streamed in bands, NaN-aware, any void -> void",p02,inf,601.4149981501957,2.030752785836826,0.9997846451819358,0.026639048341095345,1.8216852921842162,1.8216866751150531,-0.014514599984977394,0.513774117466496
X6,dem_whole_c5_d3,dem_whole_c5_d3__2km1__hag_cta_ring1__shared_border__climb_tiebreak__native,idrija_whole_c5,dem,hag_cta_ring1,shared_border,climb_tiebreak,native,2km1,2km,3.7360916000034194,5,height_tiebreak,90,10.0,60,18600,idrija_whole,60,15000,process,article_2_HAG_applications,True,6f060dbaf1c69bc25c1517ab2245b48bb8526299,3720,3000,35.39405230002012,7.1249416429701755,299,164933,587569,3,coarse,660,40119,643,3299720,8,2.5.3,468.20601928710846,468.20984232317545,True,101.08661127583667,3823.0360723121803,9.458457137628208,122811440,Windows-11-10.0.26300-SP0,3.14.7,True,838.0365698242186,20261002T123837Z,1.18.1,0,40119,14558,26461,14962,1.2158304340974386,98.78416956590256,0.17384569998830557,0.16487579999375157,0.14171229998464696,0.13965110000572167,1106,558,2008.4820138602188,790,806,35.15144790566324,2026-10-02T12:38:40+00:00,parallel,3,"block mean, streamed in bands, NaN-aware, any void -> void",p02,inf,452.76925690687085,1.4773002242446336,0.9996989460768336,0.06569731759269287,1.1967796164859137,1.1967814720617969,-0.1320584999921266,0.9559768629309969
X6,dem_whole_c5_d3,dem_whole_c5_d3__2km2__full_grid__climb_tiebreak__native,idrija_whole_c5,dem,full_grid,,climb_tiebreak,native,2km2,2km,0.0,5,height_tiebreak,0,nan,60,18600,idrija_whole,60,15000,process,article_2_HAG_applications,True,6f060dbaf1c69bc25c1517ab2245b48bb8526299,3720,3000,35.39405230002012,7.1249416429701755,299,164933,587569,3,coarse,164933,3299720,350,3299720,8,2.5.3,252.71064208984296,252.7127743795227,True,117.50424804687555,2132.2896808188443,10.214860477868639,122846440,Windows-11-10.0.26300-SP0,3.14.7,True,838.0365698242186,20261002T123837Z,1.18.1,0,3299720,128051,242331,130379,100.0,0.0,0.18189899998833425,0.1806485999841243,0.16585180000402033,0.0,1142,1086,1519.2103211866354,1426,1194,35.15144790566324,2026-10-02T12:38:40+00:00,parallel,3,"block mean, streamed in bands, NaN-aware, any void -> void",p02,,,,,,,,,
X6,dem_whole_c5_d3,dem_whole_c5_d3__2km2__hag_cta__shared_border__climb_tiebreak__native,idrija_whole_c5,dem,hag_cta,shared_border,climb_tiebreak,native,2km2,2km,3.7360916000034194,5,height_tiebreak,52,10.0,60,18600,idrija_whole,60,15000,process,article_2_HAG_applications,True,6f060dbaf1c69bc25c1517ab2245b48bb8526299,3720,3000,35.39405230002012,7.1249416429701755,299,164933,587569,3,coarse,53,6868,717,3299720,8,2.5.3,437.5046191406258,437.50894886716526,True,127.89648892578907,4329.726547895303,9.835622452254757,122810912,Windows-11-10.0.26300-SP0,3.14.7,True,838.0365698242186,20261002T123837Z,1.18.1,0,6868,6812,10567,6821,0.20813887238917242,99.79186112761083,0.14414340001530945,0.11186999999335967,0.11077460000524297,0.09281709999777377,1142,1086,1519.2103211866354,1426,1194,35.15144790566324,2026-10-02T12:38:40+00:00,parallel,3,"block mean, streamed in bands, NaN-aware, any void -> void",p02,inf,774.3545699484184,2.0305526903045354,0.9997107934100492,0.05319755409953846,1.7312473092648206,1.7312498346843228,-0.024038500007009134,0.619268568940977
X6,dem_whole_c5_d3,dem_whole_c5_d3__2km2__hag_cta_ring1__shared_border__climb_tiebreak__native,idrija_whole_c5,dem,hag_cta_ring1,shared_border,climb_tiebreak,native,2km2,2km,3.7360916000034194,5,height_tiebreak,52,10.0,60,18600,idrija_whole,60,15000,process,article_2_HAG_applications,True,6f060dbaf1c69bc25c1517ab2245b48bb8526299,3720,3000,35.39405230002012,7.1249416429701755,299,164933,587569,3,coarse,422,20142,562,3299720,8,2.5.3,309.8317578124994,309.8351447825514,True,106.65034702001259,3386.9700551341984,9.78605384890205,122801960,Windows-11-10.0.26300-SP0,3.14.7,True,838.0365698242186,20261002T123837Z,1.18.1,0,20142,19421,33703,19512,0.6104154291879311,99.38958457081208,0.128202699997928,0.12139489999390207,0.10289109998848289,0.11201270000310615,1142,1086,1519.2103211866354,1426,1194,35.15144790566324,2026-10-02T12:38:40+00:00,parallel,3,"block mean, streamed in bands, NaN-aware, any void -> void",p02,inf,774.3545699484184,1.588419287305058,0.9996379219454793,0.1516661330251228,1.2260336772930556,1.2260367349584103,-0.052759000012883916,0.6719946902692324
X6,dem_whole_c5_d3,dem_whole_c5_d3__2km3__full_grid__climb_tiebreak__native,idrija_whole_c5,dem,full_grid,,climb_tiebreak,native,2km3,2km,0.0,5,height_tiebreak,0,nan,60,18600,idrija_whole,60,15000,process,article_2_HAG_applications,True,6f060dbaf1c69bc25c1517ab2245b48bb8526299,3720,3000,35.39405230002012,7.1249416429701755,299,164933,587569,3,coarse,164933,3299720,469,3299720,8,2.5.3,350.49073486328206,350.4935967723668,True,295.1249984410174,2861.9090885901005,10.629399631864658,122884640,Windows-11-10.0.26300-SP0,3.14.7,True,838.0365698242186,20261002T123837Z,1.18.1,0,3299720,271997,505103,274938,100.0,0.0,0.24129970002104528,0.2327540000260342,0.22720910000498407,0.0,2814,3066,2069.2993983471797,2590,2718,35.15144790566324,2026-10-02T12:38:40+00:00,parallel,3,"block mean, streamed in bands, NaN-aware, any void -> void",p02,,,,,,,,,
X6,dem_whole_c5_d3,dem_whole_c5_d3__2km3__hag_cta__shared_border__climb_tiebreak__native,idrija_whole_c5,dem,hag_cta,shared_border,climb_tiebreak,native,2km3,2km,3.7360916000034194,5,height_tiebreak,80,10.0,60,18600,idrija_whole,60,15000,process,article_2_HAG_applications,True,6f060dbaf1c69bc25c1517ab2245b48bb8526299,3720,3000,35.39405230002012,7.1249416429701755,299,164933,587569,3,coarse,81,7448,873,3299720,8,2.5.3,687.5845654296891,687.5897704253459,True,126.95424804687491,5204.9956672411145,9.272054589986965,122818080,Windows-11-10.0.26300-SP0,3.14.7,True,838.0365698242186,20261002T123837Z,1.18.1,0,7448,7361,11365,7372,0.22571612136787364,99.77428387863213,0.1098117999790702,0.10594790001050569,0.09342869999818504,0.08529240000643767,2814,3066,2069.2993983471797,2590,2718,35.15144790566324,2026-10-02T12:38:40+00:00,parallel,3,"block mean, streamed in bands, NaN-aware, any void -> void",p02,942.5838672885018,540.2314318882233,1.81871453848498,0.99945835378612,0.027062798486748016,1.9617767234215169,1.961775555266167,0.041513700009090826,0.4551926067807862
X6,dem_whole_c5_d3,dem_whole_c5_d3__2km3__hag_cta_ring1__shared_border__climb_tiebreak__native,idrija_whole_c5,dem,hag_cta_ring1,shared_border,climb_tiebreak,native,2km3,2km,3.7360916000034194,5,height_tiebreak,80,10.0,60,18600,idrija_whole,60,15000,process,article_2_HAG_applications,True,6f060dbaf1c69bc25c1517ab2245b48bb8526299,3720,3000,35.39405230002012,7.1249416429701755,299,164933,587569,3,coarse,501,25304,694,3299720,8,2.5.3,478.71428466796914,478.7184600442208,True,86.2607779723666,4175.376259469858,14.97522496131736,122811128,Windows-11-10.0.26300-SP0,3.14.7,True,838.0365698242186,20261002T123837Z,1.18.1,0,25304,24811,45342,24865,0.766852945098372,99.23314705490162,0.11567130000912584,0.10718169997562654,0.10314039999502711,0.14191349997418,2814,3066,2069.2993983471797,2590,2718,35.15144790566324,2026-10-02T12:38:40+00:00,parallel,3,"block mean, streamed in bands, NaN-aware, any void -> void",p02,inf,534.7195526628889,1.4589479016354179,0.9994017804015213,0.09121791784468211,1.3658400552434118,1.3658408155032045,-0.016341199923772365,0.4604934822329067
X6,dem_whole_c5_d3,dem_whole_c5_d3__5km1__full_grid__climb_tiebreak__native,idrija_whole_c5,dem,full_grid,,climb_tiebreak,native,5km1,5km,0.0,5,height_tiebreak,0,nan,60,18600,idrija_whole,60,15000,process,article_2_HAG_applications,True,6f060dbaf1c69bc25c1517ab2245b48bb8526299,3720,3000,35.39405230002012,7.1249416429701755,299,164933,587569,3,coarse,164933,3299720,944,3299720,8,2.5.3,502.7790209960936,502.7845913470959,True,91.76728515624973,5570.351006300442,15.794728786531632,123091480,Windows-11-10.0.26300-SP0,3.14.7,True,838.0365698242186,20261002T123837Z,1.18.1,0,3299720,1433348,2604740,1439087,100.0,0.0,1.363847300002817,1.3614401999802794,1.253024000005098,0.0,2598,3086,4230.791888051219,2270,2306,35.15144790566324,2026-10-02T12:38:40+00:00,parallel,3,"block mean, streamed in bands, NaN-aware, any void -> void",p02,,,,,,,,,
X6,dem_whole_c5_d3,dem_whole_c5_d3__5km1__hag_cta__shared_border__climb_tiebreak__native,idrija_whole_c5,dem,hag_cta,shared_border,climb_tiebreak,native,5km1,5km,3.7360916000034194,5,height_tiebreak,147,10.0,60,18600,idrija_whole,60,15000,process,article_2_HAG_applications,True,6f060dbaf1c69bc25c1517ab2245b48bb8526299,3720,3000,35.39405230002012,7.1249416429701755,299,164933,587569,3,coarse,148,28512,1298,3299720,8,2.5.3,710.3684057617181,710.3762141740347,True,186.81740442929637,7808.412331782039,10.159431683932908,122851096,Windows-11-10.0.26300-SP0,3.14.7,True,838.0365698242186,20261002T123837Z,1.18.1,0,28512,27604,46018,27635,0.8640733153116021,99.1359266846884,0.11366840000846423,0.10298850000253879,0.09416099998634309,0.1373355999821797,2598,3086,4230.791888051219,2270,2306,35.15144790566324,2026-10-02T12:38:40+00:00,parallel,3,"block mean, streamed in bands, NaN-aware, any void -> void",p02,34.90284717183035,1395.0,1.4017810229463454,0.9980471109779491,0.01925840758838747,1.4128839432368387,1.4128838202275544,1.121116099995561,0.07564673057548219
X6,dem_whole_c5_d3,dem_whole_c5_d3__5km1__hag_cta_ring1__shared_border__climb_tiebreak__native,idrija_whole_c5,dem,hag_cta_ring1,shared_border,climb_tiebreak,native,5km1,5km,3.7360916000034194,5,height_tiebreak,147,10.0,60,18600,idrija_whole,60,15000,process,article_2_HAG_applications,True,6f060dbaf1c69bc25c1517ab2245b48bb8526299,3720,3000,35.39405230002012,7.1249416429701755,299,164933,587569,3,coarse,1018,68300,994,3299720,8,2.5.3,540.1806176757818,540.1865332958985,True,127.64989924652905,5915.620125646254,10.950936351845275,122838408,Windows-11-10.0.26300-SP0,3.14.7,True,838.0365698242186,20261002T123837Z,1.18.1,0,68300,63033,107652,63276,2.069872595250506,97.93012740474948,0.1272537999902852,0.12623610001173802,0.1030146999983117,0.13606769999023527,2598,3086,4230.791888051219,2270,2306,35.15144790566324,2026-10-02T12:38:40+00:00,parallel,3,"block mean, streamed in bands, NaN-aware, any void -> void",p02,35.60080796232011,1169.700816448377,1.0619833685445117,0.9979440331694769,0.0439760616402995,1.0743897321045517,1.0743895946544277,1.0991363999783061,0.09272247140459534
X6,dem_whole_c5_d3,dem_whole_c5_d3__5km2__full_grid__climb_tiebreak__native,idrija_whole_c5,dem,full_grid,,climb_tiebreak,native,5km2,5km,0.0,5,height_tiebreak,0,nan,60,18600,idrija_whole,60,15000,process,article_2_HAG_applications,True,6f060dbaf1c69bc25c1517ab2245b48bb8526299,3720,3000,35.39405230002012,7.1249416429701755,299,164933,587569,3,coarse,164933,3299720,1132,3299720,8,2.5.3,581.6305615234372,581.6374115295508,True,486.2170670701055,6850.006127446379,12.05641873813896,123005736,Windows-11-10.0.26300-SP0,3.14.7,True,838.0365698242186,20261002T123837Z,1.18.1,0,3299720,681236,1329102,687453,100.0,0.0,0.5241335000027902,0.5152132000075653,0.5073471000068821,0.0,610,1074,5014.618629566959,1470,1590,35.15144790566324,2026-10-02T12:38:40+00:00,parallel,3,"block mean, streamed in bands, NaN-aware, any void -> void",p02,,,,,,,,,
X6,dem_whole_c5_d3,dem_whole_c5_d3__5km2__hag_cta__shared_border__climb_tiebreak__native,idrija_whole_c5,dem,hag_cta,shared_border,climb_tiebreak,native,5km2,5km,3.7360916000034194,5,height_tiebreak,123,10.0,60,18600,idrija_whole,60,15000,process,article_2_HAG_applications,True,6f060dbaf1c69bc25c1517ab2245b48bb8526299,3720,3000,35.39405230002012,7.1249416429701755,299,164933,587569,3,coarse,124,12241,1358,3299720,8,2.5.3,957.6912207031244,957.699399531759,True,396.310356073992,8178.828637385466,8.950219182619643,122849752,Windows-11-10.0.26300-SP0,3.14.7,True,838.0365698242186,20261002T123837Z,1.18.1,0,12241,12200,19596,12211,0.37097087025565806,99.62902912974434,0.08740879999822937,0.08150759999989532,0.07547710000653751,0.17631809998420067,610,1074,5014.618629566959,1470,1590,35.15144790566324,2026-10-02T12:38:40+00:00,parallel,3,"block mean, streamed in bands, NaN-aware, any void -> void",p02,152.02814393261343,317.6476034853718,1.1939885140561852,0.9987318965352965,0.017908624911190836,1.646562756597056,1.6465574265817353,0.25738750002346933,0.15820169203486725
X6,dem_whole_c5_d3,dem_whole_c5_d3__5km2__hag_cta_ring1__shared_border__climb_tiebreak__native,idrija_whole_c5,dem,hag_cta_ring1,shared_border,climb_tiebreak,native,5km2,5km,3.7360916000034194,5,height_tiebreak,123,10.0,60,18600,idrija_whole,60,15000,process,article_2_HAG_applications,True,6f060dbaf1c69bc25c1517ab2245b48bb8526299,3720,3000,35.39405230002012,7.1249416429701755,299,164933,587569,3,coarse,891,29727,1238,3299720,8,2.5.3,759.2159155273447,759.2233618076361,True,271.7255472057077,7446.280297426074,10.69687007373503,122844376,Windows-11-10.0.26300-SP0,3.14.7,True,838.0365698242186,20261002T123837Z,1.18.1,0,29727,29561,53288,29603,0.9008946213618125,99.09910537863819,0.12887280000722967,0.12593060001381673,0.12011550000170246,0.09650320000946522,610,1074,5014.618629566959,1470,1590,35.15144790566324,2026-10-02T12:38:40+00:00,parallel,3,"block mean, streamed in bands, NaN-aware, any void -> void",p02,133.65060486538354,319.06112267087633,1.0870472462193228,0.9986881912563818,0.04339318532784527,1.3053232855212535,1.3053207148609678,0.2927793999842834,0.2444242500230343
X6,dem_whole_c5_d3,dem_whole_c5_d3__5km3__full_grid__climb_tiebreak__native,idrija_whole_c5,dem,full_grid,,climb_tiebreak,native,5km3,5km,0.0,5,height_tiebreak,0,nan,60,18600,idrija_whole,60,15000,process,article_2_HAG_applications,True,6f060dbaf1c69bc25c1517ab2245b48bb8526299,3720,3000,35.39405230002012,7.1249416429701755,299,164933,587569,3,coarse,164933,3299720,1357,3299720,8,2.5.3,516.847468261718,516.8556234507324,True,115.02387695312336,8155.189027078677,10.859776861978412,123076096,Windows-11-10.0.26300-SP0,3.14.7,True,838.0365698242186,20261002T123837Z,1.18.1,0,3299720,1097357,2010954,1104449,100.0,0.0,0.7944737000216264,0.7866034000180662,0.784863899985794,0.0,2418,3306,5259.3535724459525,1954,2362,35.15144790566324,2026-10-02T12:38:40+00:00,parallel,3,"block mean, streamed in bands, NaN-aware, any void -> void",p02,,,,,,,,,
X6,dem_whole_c5_d3,dem_whole_c5_d3__5km3__hag_cta__shared_border__climb_tiebreak__native,idrija_whole_c5,dem,hag_cta,shared_border,climb_tiebreak,native,5km3,5km,3.7360916000034194,5,height_tiebreak,141,10.0,60,18600,idrija_whole,60,15000,process,article_2_HAG_applications,True,6f060dbaf1c69bc25c1517ab2245b48bb8526299,3720,3000,35.39405230002012,7.1249416429701755,299,164933,587569,3,coarse,142,6819,1766,3299720,8,2.5.3,1486.69298828125,1486.7034183588064,True,97.6998874395778,10430.077554195745,9.424050768554341,122879368,Windows-11-10.0.26300-SP0,3.14.7,True,838.0365698242186,20261002T123837Z,1.18.1,0,6819,6800,10224,6803,0.20665389790648903,99.79334610209352,0.10475170001154765,0.08761170000070706,0.08431189999100752,0.0991924999980256,2418,3306,5259.3535724459525,1954,2362,35.15144790566324,2026-10-02T12:38:40+00:00,parallel,3,"block mean, streamed in bands, NaN-aware, any void -> void",p02,65.23873972949988,763.2168761236874,1.2789498219555029,0.998401574258579,0.0061967071791586515,2.8764637142972864,2.876438507978276,0.5997992000193335,0.11137976265891408
X6,dem_whole_c5_d3,dem_whole_c5_d3__5km3__hag_cta_ring1__shared_border__climb_tiebreak__native,idrija_whole_c5,dem,hag_cta_ring1,shared_border,climb_tiebreak,native,5km3,5km,3.7360916000034194,5,height_tiebreak,141,10.0,60,18600,idrija_whole,60,15000,process,article_2_HAG_applications,True,6f060dbaf1c69bc25c1517ab2245b48bb8526299,3720,3000,35.39405230002012,7.1249416429701755,299,164933,587569,3,coarse,951,20512,1570,3299720,8,2.5.3,1196.519833984376,1196.5291183764934,True,59.82796639454973,9284.392129246506,10.031435508482797,122869928,Windows-11-10.0.26300-SP0,3.14.7,True,838.0365698242186,20261002T123837Z,1.18.1,0,20512,20024,34532,20057,0.621628501812275,99.37837149818772,0.10664640000322834,0.08861959999194369,0.08813040002132766,0.10170980001566932,2418,3306,5259.3535724459525,1954,2362,35.15144790566324,2026-10-02T12:38:40+00:00,parallel,3,"block mean, streamed in bands, NaN-aware, any void -> void",p02,65.62443423549837,751.4153312250156,1.138464368933497,0.9983248737431516,0.01824748008168718,2.315034720027863,2.315016155552284,0.5962740000104532,0.11266109451078947
X6,dem_whole_c5_d5,dem_whole_c5_d5__10km1__full_grid__climb_tiebreak__native,idrija_whole_c5,dem,full_grid,,climb_tiebreak,native,10km1,10km,0.0,5,height_tiebreak,0,nan,60,18600,idrija_whole,60,15000,process,article_2_HAG_applications,True,6f060dbaf1c69bc25c1517ab2245b48bb8526299,3720,3000,21.9529174999916,6.205742561364672,131,30718,95314,5,coarse,30718,3299720,2382,3299720,8,2.5.3,1286.6143457031258,1286.6288871724275,True,94.79848632812491,14541.469324504751,13.37499121763895,123119064,Windows-11-10.0.26300-SP0,3.14.7,True,838.0365698242186,20261002T123837Z,1.18.1,0,3299720,2320326,4297932,2323790,100.0,0.0,1.8803131000022404,1.8400872999918647,1.5485910999996122,0.0,2606,2274,9873.317578200349,1066,1038,35.15144790566324,2026-10-02T12:38:40+00:00,parallel,3,"block mean, streamed in bands, NaN-aware, any void -> void",p04,,,,,,,,,
X6,dem_whole_c5_d5,dem_whole_c5_d5__10km1__hag_cta__shared_border__climb_tiebreak__native,idrija_whole_c5,dem,hag_cta,shared_border,climb_tiebreak,native,10km1,10km,1.5205108000081964,5,height_tiebreak,123,10.0,60,18600,idrija_whole,60,15000,process,article_2_HAG_applications,True,6f060dbaf1c69bc25c1517ab2245b48bb8526299,3720,3000,21.9529174999916,6.205742561364672,131,30718,95314,5,coarse,124,126285,5395,3299720,8,2.5.3,4469.348666992182,4469.380864367437,True,229.7470034015144,32197.37515714846,8.563602715229312,123130912,Windows-11-10.0.26300-SP0,3.14.7,True,838.0365698242186,20261002T123837Z,1.18.1,0,126285,123315,212640,123371,3.827142909095317,96.17285709090469,0.3101870999962557,0.2607533000118565,0.20093999998061918,0.017005500005325302,2606,2274,9873.317578200349,1066,1038,35.15144790566324,2026-10-02T12:38:40+00:00,parallel,3,"block mean, streamed in bands, NaN-aware, any void -> void",p04,15.02464321708282,1376.3720427268204,2.214176190771219,1.000096232050627,0.05314554937538949,3.473728302438377,3.4737140669906887,1.562328499974683,0.14170702662477444
X6,dem_whole_c5_d5,dem_whole_c5_d5__10km1__hag_cta_ring1__shared_border__climb_tiebreak__native,idrija_whole_c5,dem,hag_cta_ring1,shared_border,climb_tiebreak,native,10km1,10km,1.5205108000081964,5,height_tiebreak,123,10.0,60,18600,idrija_whole,60,15000,process,article_2_HAG_applications,True,6f060dbaf1c69bc25c1517ab2245b48bb8526299,3720,3000,21.9529174999916,6.205742561364672,131,30718,95314,5,coarse,1025,297179,3125,3299720,8,2.5.3,2205.8409619140593,2205.8594648404774,True,355.9156037108731,18502.926394116745,9.500191304734663,122990368,Windows-11-10.0.26300-SP0,3.14.7,True,838.0365698242186,20261002T123837Z,1.18.1,0,297179,292010,541238,292058,9.00618840386457,90.99381159613543,0.24069440001039766,0.23256239999318495,0.21921139999176376,0.016055400017648935,2606,2274,9873.317578200349,1066,1038,35.15144790566324,2026-10-02T12:38:40+00:00,parallel,3,"block mean, streamed in bands, NaN-aware, any void -> void",p04,14.74953073262138,1085.4146673046205,1.2724248135596787,0.9989547029044991,0.1258486953988362,1.7144538837771024,1.7144488879681583,1.5914694999810308,0.12638661219726538
X6,dem_whole_c5_d5,dem_whole_c5_d5__10km2__full_grid__climb_tiebreak__native,idrija_whole_c5,dem,full_grid,,climb_tiebreak,native,10km2,10km,0.0,5,height_tiebreak,0,nan,60,18600,idrija_whole,60,15000,process,article_2_HAG_applications,True,6f060dbaf1c69bc25c1517ab2245b48bb8526299,3720,3000,21.9529174999916,6.205742561364672,131,30718,95314,5,coarse,30718,3299720,1999,3299720,8,2.5.3,1364.9610791015637,1364.9732023013937,True,92.18977165785967,12123.199846221441,11.735379418198816,123119888,Windows-11-10.0.26300-SP0,3.14.7,True,838.0365698242186,20261002T123837Z,1.18.1,0,3299720,2636669,4980460,2644460,100.0,0.0,1.9493864999967627,1.8849678999977186,1.8722223000077065,0.0,1074,954,9605.7690998691,2318,2418,35.15144790566324,2026-10-02T12:38:40+00:00,parallel,3,"block mean, streamed in bands, NaN-aware, any void -> void",p04,,,,,,,,,
X6,dem_whole_c5_d5,dem_whole_c5_d5__10km2__hag_cta__shared_border__climb_tiebreak__native,idrija_whole_c5,dem,hag_cta,shared_border,climb_tiebreak,native,10km2,10km,1.5205108000081964,5,height_tiebreak,128,10.0,60,18600,idrija_whole,60,15000,process,article_2_HAG_applications,True,6f060dbaf1c69bc25c1517ab2245b48bb8526299,3720,3000,21.9529174999916,6.205742561364672,131,30718,95314,5,coarse,129,144138,6700,3299720,8,2.5.3,5918.390761718746,5918.430496846214,True,229.7470034015144,39735.127317150684,8.007743450602057,123213704,Windows-11-10.0.26300-SP0,3.14.7,True,838.0365698242186,20261002T123837Z,1.18.1,0,144138,142402,248196,142578,4.368188816020753,95.63181118397924,0.1663651000126265,0.1628428999974858,0.1547407000034582,0.015592099982313812,1074,954,9605.7690998691,2318,2418,35.15144790566324,2026-10-02T12:38:40+00:00,parallel,3,"block mean, streamed in bands, NaN-aware, any void -> void",p04,13.755039999377287,1376.3720427268204,3.2776105171222865,1.000761988997261,0.05400829607356858,4.3359410406151015,4.335931640905131,1.706532900017919,0.08639027752020759
X6,dem_whole_c5_d5,dem_whole_c5_d5__10km2__hag_cta_ring1__shared_border__climb_tiebreak__native,idrija_whole_c5,dem,hag_cta_ring1,shared_border,climb_tiebreak,native,10km2,10km,1.5205108000081964,5,height_tiebreak,128,10.0,60,18600,idrija_whole,60,15000,process,article_2_HAG_applications,True,6f060dbaf1c69bc25c1517ab2245b48bb8526299,3720,3000,21.9529174999916,6.205742561364672,131,30718,95314,5,coarse,1156,325428,3402,3299720,8,2.5.3,2561.604851074215,2561.625064158314,True,450.7024902343733,20213.084040579626,10.607066469528885,123011832,Windows-11-10.0.26300-SP0,3.14.7,True,838.0365698242186,20261002T123837Z,1.18.1,0,325428,316250,581599,316887,9.862291345932382,90.13770865406762,0.24964679998811334,0.23632270001689903,0.22796540000126697,0.01656279998132959,1074,954,9605.7690998691,2318,2418,35.15144790566324,2026-10-02T12:38:40+00:00,parallel,3,"block mean, streamed in bands, NaN-aware, any void -> void",p04,14.382501949660833,972.1368216460068,1.6673060163138067,0.9991223513783574,0.11994300384310659,1.8766871014082678,1.876685241761027,1.63208239999949,0.12537226762173778
X6,dem_whole_c5_d5,dem_whole_c5_d5__10km3__full_grid__climb_tiebreak__native,idrija_whole_c5,dem,full_grid,,climb_tiebreak,native,10km3,10km,0.0,5,height_tiebreak,0,nan,60,18600,idrija_whole,60,15000,process,article_2_HAG_applications,True,6f060dbaf1c69bc25c1517ab2245b48bb8526299,3720,3000,21.9529174999916,6.205742561364672,131,30718,95314,5,coarse,30718,3299720,2766,3299720,8,2.5.3,1530.8479968261713,1530.8644293005352,True,132.77036132812327,16432.474375138634,9.55597858429274,123232168,Windows-11-10.0.26300-SP0,3.14.7,True,838.0365698242186,20261002T123837Z,1.18.1,0,3299720,3026560,5774584,3030300,100.0,0.0,2.397124100010842,2.1401309999928344,2.0695180000038818,0.0,1738,2554,11336.966084451342,354,758,35.15144790566324,2026-10-02T12:38:40+00:00,parallel,3,"block mean, streamed in bands, NaN-aware, any void -> void",p04,,,,,,,,,
X6,dem_whole_c5_d5,dem_whole_c5_d5__10km3__hag_cta__shared_border__climb_tiebreak__native,idrija_whole_c5,dem,hag_cta,shared_border,climb_tiebreak,native,10km3,10km,1.5205108000081964,5,height_tiebreak,199,10.0,60,18600,idrija_whole,60,15000,process,article_2_HAG_applications,True,6f060dbaf1c69bc25c1517ab2245b48bb8526299,3720,3000,21.9529174999916,6.205742561364672,131,30718,95314,5,coarse,200,174112,5985,3299720,8,2.5.3,4803.81841796875,4803.853996126087,True,723.3081063602472,35578.15726201648,8.417057550452004,123169872,Windows-11-10.0.26300-SP0,3.14.7,True,838.0365698242186,20261002T123837Z,1.18.1,0,174112,171375,297884,171498,5.276568920999358,94.72343107900065,0.18474240001523867,0.17835589998867363,0.15825369997764938,0.01569190001464449,1738,2554,11336.966084451342,354,758,35.15144790566324,2026-10-02T12:38:40+00:00,parallel,3,"block mean, streamed in bands, NaN-aware, any void -> void",p04,12.0618832227349,1884.840842087204,2.1651125965450544,0.9994944826419024,0.056623691583844366,3.1380113688153624,3.138000925608421,1.9460831999895163,0.0833387769203244
X6,dem_whole_c5_d5,dem_whole_c5_d5__10km3__hag_cta_ring1__shared_border__climb_tiebreak__native,idrija_whole_c5,dem,hag_cta_ring1,shared_border,climb_tiebreak,native,10km3,10km,1.5205108000081964,5,height_tiebreak,199,10.0,60,18600,idrija_whole,60,15000,process,article_2_HAG_applications,True,6f060dbaf1c69bc25c1517ab2245b48bb8526299,3720,3000,21.9529174999916,6.205742561364672,131,30718,95314,5,coarse,1586,385860,3069,3299720,8,2.5.3,2166.712822265625,2166.730879506599,True,675.3707723299273,18057.240969167506,9.55582066765588,122985984,Windows-11-10.0.26300-SP0,3.14.7,True,838.0365698242186,20261002T123837Z,1.18.1,0,385860,365601,681851,365893,11.6937194671063,88.3062805328937,0.35340999998152256,0.30089819998829626,0.28740030000335537,0.017804000002797693,1738,2554,11336.966084451342,354,758,35.15144790566324,2026-10-02T12:38:40+00:00,parallel,3,"block mean, streamed in bands, NaN-aware, any void -> void",p04,12.887370782748887,1087.0372578711367,1.0988753462769458,0.9980022748605705,0.12079753912032141,1.4153677091113943,1.4153643118460835,1.8214288000017405,0.140598028807257
X6,dem_whole_c5_d5,dem_whole_c5_d5__1km1__full_grid__climb_tiebreak__native,idrija_whole_c5,dem,full_grid,,climb_tiebreak,native,1km1,1km,0.0,5,height_tiebreak,0,nan,60,18600,idrija_whole,60,15000,process,article_2_HAG_applications,True,6f060dbaf1c69bc25c1517ab2245b48bb8526299,3720,3000,21.9529174999916,6.205742561364672,131,30718,95314,5,coarse,30718,3299720,286,3299720,8,2.5.3,140.93474609374982,140.9364175508195,True,261.4118182062409,1671.4570696119918,12.656664071700694,122834744,Windows-11-10.0.26300-SP0,3.14.7,True,838.0365698242186,20261002T123837Z,1.18.1,0,3299720,100530,182955,101944,100.0,0.0,0.08371269999770448,0.08198049999191426,0.0778576000011526,0.0,478,1038,973.2420048477151,446,846,35.15144790566324,2026-10-02T12:38:40+00:00,parallel,3,"block mean, streamed in bands, NaN-aware, any void -> void",p04,,,,,,,,,
X6,dem_whole_c5_d5,dem_whole_c5_d5__1km1__hag_cta__shared_border__climb_tiebreak__native,idrija_whole_c5,dem,hag_cta,shared_border,climb_tiebreak,native,1km1,1km,1.5205108000081964,5,height_tiebreak,32,10.0,60,18600,idrija_whole,60,15000,process,article_2_HAG_applications,True,6f060dbaf1c69bc25c1517ab2245b48bb8526299,3720,3000,21.9529174999916,6.205742561364672,131,30718,95314,5,coarse,33,42908,409,3299720,8,2.5.3,174.3572656250002,174.3597322649688,True,234.08359123470754,2466.6399692442883,12.318608442265173,122799112,Windows-11-10.0.26300-SP0,3.14.7,True,838.0365698242186,20261002T123837Z,1.18.1,0,42908,40956,72288,41037,1.3003527572036415,98.69964724279636,0.08984229998895898,0.0824166999955196,0.07999610001570545,0.008281699992949143,478,1038,973.2420048477151,446,846,35.15144790566324,2026-10-02T12:38:40+00:00,parallel,3,"block mean, streamed in bands, NaN-aware, any void -> void",p04,inf,521.5841255253077,1.4757423412716717,0.9997099192065724,0.40740077588779466,1.2371488966178554,1.2371517262534177,-0.008717899996554479,1.0053207775464696
X6,dem_whole_c5_d5,dem_whole_c5_d5__1km1__hag_cta_ring1__shared_border__climb_tiebreak__native,idrija_whole_c5,dem,hag_cta_ring1,shared_border,climb_tiebreak,native,1km1,1km,1.5205108000081964,5,height_tiebreak,32,10.0,60,18600,idrija_whole,60,15000,process,article_2_HAG_applications,True,6f060dbaf1c69bc25c1517ab2245b48bb8526299,3720,3000,21.9529174999916,6.205742561364672,131,30718,95314,5,coarse,333,69489,260,3299720,8,2.5.3,143.16654296874992,143.16807614154828,True,444.3271972656248,1533.1727983645296,12.892593562778202,122800552,Windows-11-10.0.26300-SP0,3.14.7,True,838.0365698242186,20261002T123837Z,1.18.1,0,69489,60346,106305,60765,2.105905955656844,97.89409404434316,0.11661259998800233,0.11195540000335313,0.10913510000682436,0.014005200006067753,478,1038,973.2420048477151,446,846,35.15144790566324,2026-10-02T12:38:40+00:00,parallel,3,"block mean, streamed in bands, NaN-aware, any void -> void",p04,inf,305.16389039334257,0.9172672312310342,0.999721642274111,0.6002785238237343,1.0158356752813498,1.0158345062937624,-0.04398010001750663,1.3656345108214185
X6,dem_whole_c5_d5,dem_whole_c5_d5__1km2__full_grid__climb_tiebreak__native,idrija_whole_c5,dem,full_grid,,climb_tiebreak,native,1km2,1km,0.0,5,height_tiebreak,0,nan,60,18600,idrija_whole,60,15000,process,article_2_HAG_applications,True,6f060dbaf1c69bc25c1517ab2245b48bb8526299,3720,3000,21.9529174999916,6.205742561364672,131,30718,95314,5,coarse,30718,3299720,232,3299720,8,2.5.3,199.6638745117193,199.66528425305987,True,135.2399723872422,1409.7413408594539,10.3566734595618,122809504,Windows-11-10.0.26300-SP0,3.14.7,True,838.0365698242186,20261002T123837Z,1.18.1,0,3299720,69354,125419,70427,100.0,0.0,0.1325399000197649,0.1317146000219509,0.1257834999996703,0.0,1070,406,1094.1663493271944,1002,614,35.15144790566324,2026-10-02T12:38:40+00:00,parallel,3,"block mean, streamed in bands, NaN-aware, any void -> void",p04,,,,,,,,,
X6,dem_whole_c5_d5,dem_whole_c5_d5__1km2__hag_cta__shared_border__climb_tiebreak__native,idrija_whole_c5,dem,hag_cta,shared_border,climb_tiebreak,native,1km2,1km,1.5205108000081964,5,height_tiebreak,32,10.0,60,18600,idrija_whole,60,15000,process,article_2_HAG_applications,True,6f060dbaf1c69bc25c1517ab2245b48bb8526299,3720,3000,21.9529174999916,6.205742561364672,131,30718,95314,5,coarse,33,3906,286,3299720,8,2.5.3,232.6063232421876,232.60810239478306,True,137.10346679687518,1779.1525958289963,12.495264823474821,122779456,Windows-11-10.0.26300-SP0,3.14.7,True,838.0365698242186,20261002T123837Z,1.18.1,0,3906,3870,6056,3873,0.11837368019104651,99.88162631980896,0.12349990001530387,0.10838079999666661,0.09041209999122657,0.01896149999811314,1070,406,1094.1663493271944,1002,614,35.15144790566324,2026-10-02T12:38:40+00:00,parallel,3,"block mean, streamed in bands, NaN-aware, any void -> void",p04,5368.668241915447,194.74342094150447,1.2620418684354744,0.9997553283824027,0.05580067479885803,1.1649895295833035,1.1649902148235785,0.00437230002717115,0.822845758773928
X6,dem_whole_c5_d5,dem_whole_c5_d5__1km2__hag_cta_ring1__shared_border__climb_tiebreak__native,idrija_whole_c5,dem,hag_cta_ring1,shared_border,climb_tiebreak,native,1km2,1km,1.5205108000081964,5,height_tiebreak,32,10.0,60,18600,idrija_whole,60,15000,process,article_2_HAG_applications,True,6f060dbaf1c69bc25c1517ab2245b48bb8526299,3720,3000,21.9529174999916,6.205742561364672,131,30718,95314,5,coarse,235,13186,262,3299720,8,2.5.3,207.09433105468713,207.09595292806188,True,141.3625572701051,1621.873375215418,15.547117828786293,122782008,Windows-11-10.0.26300-SP0,3.14.7,True,838.0365698242186,20261002T123837Z,1.18.1,0,13186,12089,21345,12201,0.3996096638502661,99.60039033614973,0.2022698000073433,0.1447537999774795,0.11140789999626577,0.014491400012047961,1070,406,1094.1663493271944,1002,614,35.15144790566324,2026-10-02T12:38:40+00:00,parallel,3,"block mean, streamed in bands, NaN-aware, any void -> void",p04,inf,161.24515496597098,1.150475855540022,0.9997761085330985,0.17430861954609683,1.0372148269742791,1.0372156266563808,-0.027530599967576563,1.0989958588748365
X6,dem_whole_c5_d5,dem_whole_c5_d5__1km3__full_grid__climb_tiebreak__native,idrija_whole_c5,dem,full_grid,,climb_tiebreak,native,1km3,1km,0.0,5,height_tiebreak,0,nan,60,18600,idrija_whole,60,15000,process,article_2_HAG_applications,True,6f060dbaf1c69bc25c1517ab2245b48bb8526299,3720,3000,21.9529174999916,6.205742561364672,131,30718,95314,5,coarse,30718,3299720,252,3299720,8,2.5.3,243.6930676269531,243.69458565256446,True,57.81916856075161,1518.0256121069156,14.831406691064872,122963048,Windows-11-10.0.26300-SP0,3.14.7,True,838.0365698242186,20261002T123837Z,1.18.1,0,3299720,280920,544442,287810,100.0,0.0,0.29893239997909404,0.27860220000729896,0.2595773999928497,0.0,2782,3418,802.2468448052632,2942,3406,35.15144790566324,2026-10-02T12:38:40+00:00,parallel,3,"block mean, streamed in bands, NaN-aware, any void -> void",p04,,,,,,,,,
X6,dem_whole_c5_d5,dem_whole_c5_d5__1km3__hag_cta__shared_border__climb_tiebreak__native,idrija_whole_c5,dem,hag_cta,shared_border,climb_tiebreak,native,1km3,1km,1.5205108000081964,5,height_tiebreak,47,14.142135623730951,60,18600,idrija_whole,60,15000,process,article_2_HAG_applications,True,6f060dbaf1c69bc25c1517ab2245b48bb8526299,3720,3000,21.9529174999916,6.205742561364672,131,30718,95314,5,coarse,48,58949,1873,3299720,8,2.5.3,1252.2381530761702,1252.249397747867,True,166.98525390625036,11244.671708797585,9.319668396915542,122894784,Windows-11-10.0.26300-SP0,3.14.7,True,838.0365698242186,20261002T123837Z,1.18.1,0,58949,56475,95765,56621,1.78648491387148,98.21351508612852,0.1410735000099521,0.13106600000173785,0.11689609999302775,0.0196060000162106,2782,3418,802.2468448052632,2942,3406,35.15144790566324,2026-10-02T12:38:40+00:00,parallel,3,"block mean, streamed in bands, NaN-aware, any void -> void",p04,183.48621593614197,2250.622136210341,7.407432140219789,0.9994448413477844,0.20103588210166595,5.138587507926587,5.138601641044254,0.1279301999893505,0.470441367650019
X6,dem_whole_c5_d5,dem_whole_c5_d5__1km3__hag_cta_ring1__shared_border__climb_tiebreak__native,idrija_whole_c5,dem,hag_cta_ring1,shared_border,climb_tiebreak,native,1km3,1km,1.5205108000081964,5,height_tiebreak,47,10.0,60,18600,idrija_whole,60,15000,process,article_2_HAG_applications,True,6f060dbaf1c69bc25c1517ab2245b48bb8526299,3720,3000,21.9529174999916,6.205742561364672,131,30718,95314,5,coarse,324,134473,494,3299720,8,2.5.3,392.84598022460904,392.8488780777772,True,108.92517306421414,2897.8531726798847,10.717233551042234,122821208,Windows-11-10.0.26300-SP0,3.14.7,True,838.0365698242186,20261002T123837Z,1.18.1,0,134473,112694,208911,113384,4.075285175711879,95.92471482428813,0.2394446000107564,0.22091769997496158,0.177347999997437,0.014332399994600564,2782,3418,802.2468448052632,2942,3406,35.15144790566324,2026-10-02T12:38:40+00:00,parallel,3,"block mean, streamed in bands, NaN-aware, any void -> void",p04,541.4600049263315,464.86557196677836,1.908961976377897,0.9988464827254445,0.40116047273245053,1.612052341291793,1.612054190805298,0.04335210003773682,0.7929503068144252
X6,dem_whole_c5_d5,dem_whole_c5_d5__20km1__full_grid__climb_tiebreak__native,idrija_whole_c5,dem,full_grid,,climb_tiebreak,native,20km1,20km,0.0,5,height_tiebreak,0,nan,60,18600,idrija_whole,60,15000,process,article_2_HAG_applications,True,6f060dbaf1c69bc25c1517ab2245b48bb8526299,3720,3000,21.9529174999916,6.205742561364672,131,30718,95314,5,coarse,30718,3299720,4403,3299720,8,2.5.3,2141.042852783203,2141.0695309700764,True,783.6662129438467,26678.18684794478,10.973478543424328,123259504,Windows-11-10.0.26300-SP0,3.14.7,True,838.0365698242186,20261002T123837Z,1.18.1,0,3299720,3272018,6217914,3273398,100.0,0.0,2.401089299994055,2.1567321000038646,2.0367340999946464,0.0,626,62,20305.270251833637,2490,3670,35.15144790566324,2026-10-02T12:38:40+00:00,parallel,3,"block mean, streamed in bands, NaN-aware, any void -> void",p04,,,,,,,,,
X6,dem_whole_c5_d5,dem_whole_c5_d5__20km1__hag_cta__shared_border__climb_tiebreak__native,idrija_whole_c5,dem,hag_cta,shared_border,climb_tiebreak,native,20km1,20km,1.5205108000081964,5,height_tiebreak,221,10.0,60,18600,idrija_whole,60,15000,process,article_2_HAG_applications,True,6f060dbaf1c69bc25c1517ab2245b48bb8526299,3720,3000,21.9529174999916,6.205742561364672,131,30718,95314,5,coarse,222,139565,7737,3299720,8,2.5.3,5866.634919433591,5866.681212679012,True,783.6662129438467,46293.245276417496,8.450398719381244,123279168,Windows-11-10.0.26300-SP0,3.14.7,True,838.0365698242186,20261002T123837Z,1.18.1,0,139565,139465,242195,139466,4.229601299504201,95.77039870049579,0.146681800018996,0.13988979998975992,0.12581359999603592,0.015544800000498071,626,62,20305.270251833637,2490,3670,35.15144790566324,2026-10-02T12:38:40+00:00,parallel,3,"block mean, streamed in bands, NaN-aware, any void -> void",p04,11.72910489312069,1998.9122041750609,1.7352470593399345,1.0001595333370805,0.04262354302451881,2.740082904836483,2.740070384365768,2.0012975000136066,0.06486192698180236
X6,dem_whole_c5_d5,dem_whole_c5_d5__20km1__hag_cta_ring1__shared_border__climb_tiebreak__native,idrija_whole_c5,dem,hag_cta_ring1,shared_border,climb_tiebreak,native,20km1,20km,1.5205108000081964,5,height_tiebreak,221,10.0,60,18600,idrija_whole,60,15000,process,article_2_HAG_applications,True,6f060dbaf1c69bc25c1517ab2245b48bb8526299,3720,3000,21.9529174999916,6.205742561364672,131,30718,95314,5,coarse,1594,350878,6039,3299720,8,2.5.3,4153.289448242189,4153.3255780648215,True,783.6662129438467,36129.82248443019,10.019850777870705,123183120,Windows-11-10.0.26300-SP0,3.14.7,True,838.0365698242186,20261002T123837Z,1.18.1,0,350878,349665,645505,349834,10.633568908877116,89.36643109112288,0.1954762999957893,0.18769640001119114,0.17294019999098964,0.013482300011673942,626,62,20305.270251833637,2490,3670,35.15144790566324,2026-10-02T12:38:40+00:00,parallel,3,"block mean, streamed in bands, NaN-aware, any void -> void",p04,12.003470884624203,1998.9122041750609,1.354283283581303,0.9993802993073865,0.10686524340636268,1.9398441478381474,1.939836851623885,1.9555533999809995,0.08702814782181562
X6,dem_whole_c5_d5,dem_whole_c5_d5__20km2__full_grid__climb_tiebreak__native,idrija_whole_c5,dem,full_grid,,climb_tiebreak,native,20km2,20km,0.0,5,height_tiebreak,0,nan,60,18600,idrija_whole,60,15000,process,article_2_HAG_applications,True,6f060dbaf1c69bc25c1517ab2245b48bb8526299,3720,3000,21.9529174999916,6.205742561364672,131,30718,95314,5,coarse,30718,3299720,3851,3299720,8,2.5.3,1374.5346026611332,1374.5581273450439,True,92.18977165785967,23524.683963690346,10.974392467664385,123192912,Windows-11-10.0.26300-SP0,3.14.7,True,838.0365698242186,20261002T123837Z,1.18.1,0,3299720,2428142,4555800,2433842,100.0,0.0,1.3248168999853078,1.2521817999950144,1.1447966999839991,0.0,2518,3482,18646.179233290663,358,442,35.15144790566324,2026-10-02T12:38:40+00:00,parallel,3,"block mean, streamed in bands, NaN-aware, any void -> void",p04,,,,,,,,,
X6,dem_whole_c5_d5,dem_whole_c5_d5__20km2__hag_cta__shared_border__climb_tiebreak__native,idrija_whole_c5,dem,hag_cta,shared_border,climb_tiebreak,native,20km2,20km,1.5205108000081964,5,height_tiebreak,144,10.0,60,18600,idrija_whole,60,15000,process,article_2_HAG_applications,True,6f060dbaf1c69bc25c1517ab2245b48bb8526299,3720,3000,21.9529174999916,6.205742561364672,131,30718,95314,5,coarse,145,148440,6779,3299720,8,2.5.3,4641.2174151611325,4641.258305370385,True,229.7470034015144,40890.20920410531,8.495880480288495,123220992,Windows-11-10.0.26300-SP0,3.14.7,True,838.0365698242186,20261002T123837Z,1.18.1,0,148440,142765,249671,142820,4.498563514480017,95.50143648551999,0.2285668000113219,0.1659417999908328,0.16575000001466833,0.015095700015081093,2518,3482,18646.179233290663,358,442,35.15144790566324,2026-10-02T12:38:40+00:00,parallel,3,"block mean, streamed in bands, NaN-aware, any void -> void",p04,21.91434739487355,1780.2036400367235,1.738183146996497,1.0002279351915961,0.058795984748832644,3.376573718970494,3.376545678963003,1.0711442999891005,0.13252213056562034
X6,dem_whole_c5_d5,dem_whole_c5_d5__20km2__hag_cta_ring1__shared_border__climb_tiebreak__native,idrija_whole_c5,dem,hag_cta_ring1,shared_border,climb_tiebreak,native,20km2,20km,1.5205108000081964,5,height_tiebreak,144,10.0,60,18600,idrija_whole,60,15000,process,article_2_HAG_applications,True,6f060dbaf1c69bc25c1517ab2245b48bb8526299,3720,3000,21.9529174999916,6.205742561364672,131,30718,95314,5,coarse,1157,353094,5128,3299720,8,2.5.3,2879.513378295899,2879.544226173604,True,355.9156037108731,30847.877682465405,9.890871321200533,123138728,Windows-11-10.0.26300-SP0,3.14.7,True,838.0365698242186,20261002T123837Z,1.18.1,0,353094,330495,621485,331172,10.70072612221643,89.29927387778356,0.24890799997956492,0.24887999999918975,0.23752880000392906,0.01674230000935495,2518,3482,18646.179233290663,358,442,35.15144790566324,2026-10-02T12:38:40+00:00,parallel,3,"block mean, streamed in bands, NaN-aware, any void -> void",p04,23.793221088359825,1780.2036400367235,1.3112982826922646,0.9995601695006608,0.1361102439643151,2.094900610520164,2.0948871996671667,0.9865594999864697,0.19875708143991605
X6,dem_whole_c5_d5,dem_whole_c5_d5__20km3__full_grid__climb_tiebreak__native,idrija_whole_c5,dem,full_grid,,climb_tiebreak,native,20km3,20km,0.0,5,height_tiebreak,0,nan,60,18600,idrija_whole,60,15000,process,article_2_HAG_applications,True,6f060dbaf1c69bc25c1517ab2245b48bb8526299,3720,3000,21.9529174999916,6.205742561364672,131,30718,95314,5,coarse,30718,3299720,3591,3299720,8,2.5.3,1790.8003295898443,1790.8221442024,True,118.15060326991399,21814.61253694098,9.903786313403808,123206192,Windows-11-10.0.26300-SP0,3.14.7,True,838.0365698242186,20261002T123837Z,1.18.1,0,3299720,3060359,5840472,3066687,100.0,0.0,1.9757787000271492,1.9055615999968722,1.894893199991202,0.0,962,502,17071.39127312124,2698,3442,35.15144790566324,2026-10-02T12:38:40+00:00,parallel,3,"block mean, streamed in bands, NaN-aware, any void -> void",p04,,,,,,,,,
X6,dem_whole_c5_d5,dem_whole_c5_d5__20km3__hag_cta__shared_border__climb_tiebreak__native,idrija_whole_c5,dem,hag_cta,shared_border,climb_tiebreak,native,20km3,20km,1.5205108000081964,5,height_tiebreak,190,10.0,60,18600,idrija_whole,60,15000,process,article_2_HAG_applications,True,6f060dbaf1c69bc25c1517ab2245b48bb8526299,3720,3000,21.9529174999916,6.205742561364672,131,30718,95314,5,coarse,191,134708,6835,3299720,8,2.5.3,5119.546223144531,5119.5873395061535,True,314.7245793682084,41116.361440996814,8.567078573597163,123221264,Windows-11-10.0.26300-SP0,3.14.7,True,838.0365698242186,20261002T123837Z,1.18.1,0,134708,129525,225179,129697,4.082406992108421,95.91759300789158,0.1407535999896936,0.14019310000003316,0.13095930000417866,0.015432700020028278,962,502,17071.39127312124,2698,3442,35.15144790566324,2026-10-02T12:38:40+00:00,parallel,3,"block mean, streamed in bands, NaN-aware, any void -> void",p04,13.413879697935691,2360.005296604226,1.8848082390356535,1.0001223315139876,0.042323465972456176,2.858803484985445,2.8587916204187467,1.7499357999768108,0.07357048966575694
X6,dem_whole_c5_d5,dem_whole_c5_d5__20km3__hag_cta_ring1__shared_border__climb_tiebreak__native,idrija_whole_c5,dem,hag_cta_ring1,shared_border,climb_tiebreak,native,20km3,20km,1.5205108000081964,5,height_tiebreak,190,10.0,60,18600,idrija_whole,60,15000,process,article_2_HAG_applications,True,6f060dbaf1c69bc25c1517ab2245b48bb8526299,3720,3000,21.9529174999916,6.205742561364672,131,30718,95314,5,coarse,1401,315792,5254,3299720,8,2.5.3,3584.4805078125005,3584.5120395380927,True,355.9156037108731,31531.725445573906,9.76722117809296,123133336,Windows-11-10.0.26300-SP0,3.14.7,True,838.0365698242186,20261002T123837Z,1.18.1,0,315792,307307,566153,307539,9.570266568072443,90.42973343192756,0.2588666999945417,0.22389739999198355,0.22218519999296404,0.013849499984644353,962,502,17071.39127312124,2698,3442,35.15144790566324,2026-10-02T12:38:40+00:00,parallel,3,"block mean, streamed in bands, NaN-aware, any void -> void",p04,14.074362277604862,2250.0,1.445440545514064,0.9994086660839254,0.10041534342866311,2.0016081349691683,2.001601360102999,1.6678147000202443,0.11749680513731545
X6,dem_whole_c5_d5,dem_whole_c5_d5__2km1__full_grid__climb_tiebreak__native,idrija_whole_c5,dem,full_grid,,climb_tiebreak,native,2km1,2km,0.0,5,height_tiebreak,0,nan,60,18600,idrija_whole,60,15000,process,article_2_HAG_applications,True,6f060dbaf1c69bc25c1517ab2245b48bb8526299,3720,3000,21.9529174999916,6.205742561364672,131,30718,95314,5,coarse,30718,3299720,432,3299720,8,2.5.3,391.22158569335835,391.2241735465295,True,101.08661127583667,2587.8531726798847,10.864292925064198,122848232,Windows-11-10.0.26300-SP0,3.14.7,True,838.0365698242186,20261002T123837Z,1.18.1,0,3299720,221592,413176,223496,100.0,0.0,0.24176800000714138,0.22339309999370016,0.22035390001838095,0.0,1106,558,2008.4820138602188,790,806,35.15144790566324,2026-10-02T12:38:40+00:00,parallel,3,"block mean, streamed in bands, NaN-aware, any void -> void",p04,,,,,,,,,
X6,dem_whole_c5_d5,dem_whole_c5_d5__2km1__hag_cta__shared_border__climb_tiebreak__native,idrija_whole_c5,dem,hag_cta,shared_border,climb_tiebreak,native,2km1,2km,1.5205108000081964,5,height_tiebreak,60,14.142135623730951,60,18600,idrija_whole,60,15000,process,article_2_HAG_applications,True,6f060dbaf1c69bc25c1517ab2245b48bb8526299,3720,3000,21.9529174999916,6.205742561364672,131,30718,95314,5,coarse,61,56006,1260,3299720,8,2.5.3,771.9488208007808,771.956538624357,True,135.05663561926823,7717.823586751583,9.480923008277134,122859960,Windows-11-10.0.26300-SP0,3.14.7,True,838.0365698242186,20261002T123837Z,1.18.1,0,56006,32607,56554,33031,1.697295528105415,98.30270447189459,0.19646509998710826,0.1147493000025861,0.10416250000707805,0.019175800000084564,1106,558,2008.4820138602188,790,806,35.15144790566324,2026-10-02T12:38:40+00:00,parallel,3,"block mean, streamed in bands, NaN-aware, any void -> void",p04,262.3667490315348,1241.7930584441194,2.9823266900259613,1.0000954673893883,0.14714881403660782,1.9731754305751386,1.9731821058663332,0.0894679999910295,0.5136653728598695
X6,dem_whole_c5_d5,dem_whole_c5_d5__2km1__hag_cta_ring1__shared_border__climb_tiebreak__native,idrija_whole_c5,dem,hag_cta_ring1,shared_border,climb_tiebreak,native,2km1,2km,1.5205108000081964,5,height_tiebreak,60,10.0,60,18600,idrija_whole,60,15000,process,article_2_HAG_applications,True,6f060dbaf1c69bc25c1517ab2245b48bb8526299,3720,3000,21.9529174999916,6.205742561364672,131,30718,95314,5,coarse,484,136315,1027,3299720,8,2.5.3,525.700175781249,525.7064407264021,True,109.2111231795368,6264.945160902282,10.594689532340235,122862752,Windows-11-10.0.26300-SP0,3.14.7,True,838.0365698242186,20261002T123837Z,1.18.1,0,136315,59588,112003,60701,4.131108094020099,95.86889190597991,0.12409500000649132,0.12309000000823289,0.12046400000690483,0.013425699988147244,1106,558,2008.4820138602188,790,806,35.15144790566324,2026-10-02T12:38:40+00:00,parallel,3,"block mean, streamed in bands, NaN-aware, any void -> void",p04,270.1902715864413,1241.4709017935136,2.4209044110545643,1.0001181946191948,0.26890862486010325,1.3437402101664597,1.3437473353467975,0.08687739999732003,0.5510017991231785
X6,dem_whole_c5_d5,dem_whole_c5_d5__2km2__full_grid__climb_tiebreak__native,idrija_whole_c5,dem,full_grid,,climb_tiebreak,native,2km2,2km,0.0,5,height_tiebreak,0,nan,60,18600,idrija_whole,60,15000,process,article_2_HAG_applications,True,6f060dbaf1c69bc25c1517ab2245b48bb8526299,3720,3000,21.9529174999916,6.205742561364672,131,30718,95314,5,coarse,30718,3299720,350,3299720,8,2.5.3,252.71064208984296,252.7127743795227,True,117.50424804687555,2132.2896808188443,10.214860477868639,122846440,Windows-11-10.0.26300-SP0,3.14.7,True,838.0365698242186,20261002T123837Z,1.18.1,0,3299720,128051,242331,130379,100.0,0.0,0.19140720000723377,0.16660520000732504,0.15197880001505837,0.0,1142,1086,1519.2103211866354,1426,1194,35.15144790566324,2026-10-02T12:38:40+00:00,parallel,3,"block mean, streamed in bands, NaN-aware, any void -> void",p04,,,,,,,,,
X6,dem_whole_c5_d5,dem_whole_c5_d5__2km2__hag_cta__shared_border__climb_tiebreak__native,idrija_whole_c5,dem,hag_cta,shared_border,climb_tiebreak,native,2km2,2km,1.5205108000081964,5,height_tiebreak,19,10.0,60,18600,idrija_whole,60,15000,process,article_2_HAG_applications,True,6f060dbaf1c69bc25c1517ab2245b48bb8526299,3720,3000,21.9529174999916,6.205742561364672,131,30718,95314,5,coarse,20,9326,430,3299720,8,2.5.3,472.0091552734382,472.0117331266051,True,173.12228596845623,2577.8531726798847,8.860785681859516,122791496,Windows-11-10.0.26300-SP0,3.14.7,True,838.0365698242186,20261002T123837Z,1.18.1,0,9326,7066,12084,7132,0.2826300413368407,99.71736995866316,0.1574599000159651,0.12962990000960417,0.10333370001171716,0.018443500011926517,1142,1086,1519.2103211866354,1426,1194,35.15144790566324,2026-10-02T12:38:40+00:00,parallel,3,"block mean, streamed in bands, NaN-aware, any void -> void",p04,1266.6566829986011,304.05591591021545,1.2089601126287561,0.9995527424319337,0.05518113876502331,1.867785034180044,1.8677794752778916,0.01853179998579435,0.7780663508936384
X6,dem_whole_c5_d5,dem_whole_c5_d5__2km2__hag_cta_ring1__shared_border__climb_tiebreak__native,idrija_whole_c5,dem,hag_cta_ring1,shared_border,climb_tiebreak,native,2km2,2km,1.5205108000081964,5,height_tiebreak,19,10.0,60,18600,idrija_whole,60,15000,process,article_2_HAG_applications,True,6f060dbaf1c69bc25c1517ab2245b48bb8526299,3720,3000,21.9529174999916,6.205742561364672,131,30718,95314,5,coarse,151,27942,370,3299720,8,2.5.3,290.75009521484424,290.7522902253018,True,100.76796875000127,2195.010460205265,11.4640876722188,122791256,Windows-11-10.0.26300-SP0,3.14.7,True,838.0365698242186,20261002T123837Z,1.18.1,0,27942,15058,27796,15268,0.8467991223497752,99.15320087765022,0.1482456999947317,0.11574360000668094,0.07891789998393506,0.017699899995932356,1142,1086,1519.2103211866354,1426,1194,35.15144790566324,2026-10-02T12:38:40+00:00,parallel,3,"block mean, streamed in bands, NaN-aware, any void -> void",p04,707.8475559656048,275.77164466275354,1.0294147553921167,0.9995507887733661,0.11759377123177484,1.1505257270150009,1.1505247051288812,0.03316170000471175,0.6947178119385956
X6,dem_whole_c5_d5,dem_whole_c5_d5__2km3__full_grid__climb_tiebreak__native,idrija_whole_c5,dem,full_grid,,climb_tiebreak,native,2km3,2km,0.0,5,height_tiebreak,0,nan,60,18600,idrija_whole,60,15000,process,article_2_HAG_applications,True,6f060dbaf1c69bc25c1517ab2245b48bb8526299,3720,3000,21.9529174999916,6.205742561364672,131,30718,95314,5,coarse,30718,3299720,469,3299720,8,2.5.3,350.49073486328206,350.4935967723668,True,295.1249984410174,2861.9090885901005,10.629399631864658,122884640,Windows-11-10.0.26300-SP0,3.14.7,True,838.0365698242186,20261002T123837Z,1.18.1,0,3299720,271997,505103,274938,100.0,0.0,0.2527868000033777,0.21113599999807775,0.20467890001600608,0.0,2814,3066,2069.2993983471797,2590,2718,35.15144790566324,2026-10-02T12:38:40+00:00,parallel,3,"block mean, streamed in bands, NaN-aware, any void -> void",p04,,,,,,,,,
X6,dem_whole_c5_d5,dem_whole_c5_d5__2km3__hag_cta__shared_border__climb_tiebreak__native,idrija_whole_c5,dem,hag_cta,shared_border,climb_tiebreak,native,2km3,2km,1.5205108000081964,5,height_tiebreak,48,10.0,60,18600,idrija_whole,60,15000,process,article_2_HAG_applications,True,6f060dbaf1c69bc25c1517ab2245b48bb8526299,3720,3000,21.9529174999916,6.205742561364672,131,30718,95314,5,coarse,49,28851,788,3299720,8,2.5.3,526.0214599609385,526.0260597736982,True,166.67770509724716,4599.812767608818,9.44089105260561,122820040,Windows-11-10.0.26300-SP0,3.14.7,True,838.0365698242186,20261002T123837Z,1.18.1,0,28851,27601,49177,27613,0.8743469142836362,99.12565308571637,0.1089800999907311,0.09955929999705404,0.08988770001451485,0.014894399995682761,2814,3066,2069.2993983471797,2590,2718,35.15144790566324,2026-10-02T12:38:40+00:00,parallel,3,"block mean, streamed in bands, NaN-aware, any void -> void",p04,242.78930371643074,536.7727638395972,1.6072532792699168,0.9994743037046778,0.10147538391967559,1.5008141660752508,1.50081503518974,0.09668230000534095,0.47154109198791516
X6,dem_whole_c5_d5,dem_whole_c5_d5__2km3__hag_cta_ring1__shared_border__climb_tiebreak__native,idrija_whole_c5,dem,hag_cta_ring1,shared_border,climb_tiebreak,native,2km3,2km,1.5205108000081964,5,height_tiebreak,48,10.0,60,18600,idrija_whole,60,15000,process,article_2_HAG_applications,True,6f060dbaf1c69bc25c1517ab2245b48bb8526299,3720,3000,21.9529174999916,6.205742561364672,131,30718,95314,5,coarse,337,82000,610,3299720,8,2.5.3,418.09572021484286,418.09944659614666,True,175.08119272321323,3726.3813101037413,8.814355501449239,122819384,Windows-11-10.0.26300-SP0,3.14.7,True,838.0365698242186,20261002T123837Z,1.18.1,0,82000,78920,146227,79145,2.485059338368104,97.5149406616319,0.14239389999420382,0.14049389999127015,0.1389185999869369,0.0150322999979835,2814,3066,2069.2993983471797,2590,2718,35.15144790566324,2026-10-02T12:38:40+00:00,parallel,3,"block mean, streamed in bands, NaN-aware, any void -> void",p04,422.1095615570468,465.7520799738848,1.3020613844654014,0.9994689653645891,0.2901502590102097,1.1928866547012487,1.1928875461530541,0.055609800008824095,0.6654189716227894
X6,dem_whole_c5_d5,dem_whole_c5_d5__5km1__full_grid__climb_tiebreak__native,idrija_whole_c5,dem,full_grid,,climb_tiebreak,native,5km1,5km,0.0,5,height_tiebreak,0,nan,60,18600,idrija_whole,60,15000,process,article_2_HAG_applications,True,6f060dbaf1c69bc25c1517ab2245b48bb8526299,3720,3000,21.9529174999916,6.205742561364672,131,30718,95314,5,coarse,30718,3299720,944,3299720,8,2.5.3,502.7790209960936,502.7845913470959,True,91.76728515624973,5570.351006300442,15.794728786531632,123091480,Windows-11-10.0.26300-SP0,3.14.7,True,838.0365698242186,20261002T123837Z,1.18.1,0,3299720,1433348,2604740,1439087,100.0,0.0,1.1224951000185683,1.09467599997879,1.0194199999968987,0.0,2598,3086,4230.791888051219,2270,2306,35.15144790566324,2026-10-02T12:38:40+00:00,parallel,3,"block mean, streamed in bands, NaN-aware, any void -> void",p04,,,,,,,,,
X6,dem_whole_c5_d5,dem_whole_c5_d5__5km1__hag_cta__shared_border__climb_tiebreak__native,idrija_whole_c5,dem,hag_cta,shared_border,climb_tiebreak,native,5km1,5km,1.5205108000081964,5,height_tiebreak,90,10.0,60,18600,idrija_whole,60,15000,process,article_2_HAG_applications,True,6f060dbaf1c69bc25c1517ab2245b48bb8526299,3720,3000,21.9529174999916,6.205742561364672,131,30718,95314,5,coarse,91,90987,3278,3299720,8,2.5.3,2230.729406738282,2230.7490992336247,True,133.3588888104538,19692.495295549164,9.337300025576143,122982616,Windows-11-10.0.26300-SP0,3.14.7,True,838.0365698242186,20261002T123837Z,1.18.1,0,90987,89909,155607,89963,2.7574157807329107,97.24258421926709,0.13972079998347908,0.11713229998713359,0.11404690000927076,0.015872999996645376,2598,3086,4230.791888051219,2270,2306,35.15144790566324,2026-10-02T12:38:40+00:00,parallel,3,"block mean, streamed in bands, NaN-aware, any void -> void",p04,24.409008510004067,1637.9407803702795,3.5352341842148953,0.9991155846042309,0.06272656744907726,4.436798898885667,4.436788910449392,0.9616706999950111,0.10700179778254305
X6,dem_whole_c5_d5,dem_whole_c5_d5__5km1__hag_cta_ring1__shared_border__climb_tiebreak__native,idrija_whole_c5,dem,hag_cta_ring1,shared_border,climb_tiebreak,native,5km1,5km,1.5205108000081964,5,height_tiebreak,90,10.0,60,18600,idrija_whole,60,15000,process,article_2_HAG_applications,True,6f060dbaf1c69bc25c1517ab2245b48bb8526299,3720,3000,21.9529174999916,6.205742561364672,131,30718,95314,5,coarse,729,225762,1418,3299720,8,2.5.3,949.144338378907,949.1527509333531,True,224.67143554687482,8412.554467405771,10.916370298704846,122881480,Windows-11-10.0.26300-SP0,3.14.7,True,838.0365698242186,20261002T123837Z,1.18.1,0,225762,205086,363218,205403,6.841853248154389,93.15814675184562,0.1625830999983009,0.15933890000451356,0.14288830000441521,0.009521700005279854,2598,3086,4230.791888051219,2270,2306,35.15144790566324,2026-10-02T12:38:40+00:00,parallel,3,"block mean, streamed in bands, NaN-aware, any void -> void",p04,25.354329060400016,1551.2333802494065,1.5102377674029168,0.9982939517828529,0.143081791721201,1.8877962260606762,1.8877920430900959,0.9258153999689966,0.14555804640606065
X6,dem_whole_c5_d5,dem_whole_c5_d5__5km2__full_grid__climb_tiebreak__native,idrija_whole_c5,dem,full_grid,,climb_tiebreak,native,5km2,5km,0.0,5,height_tiebreak,0,nan,60,18600,idrija_whole,60,15000,process,article_2_HAG_applications,True,6f060dbaf1c69bc25c1517ab2245b48bb8526299,3720,3000,21.9529174999916,6.205742561364672,131,30718,95314,5,coarse,30718,3299720,1132,3299720,8,2.5.3,581.6305615234372,581.6374115295508,True,486.2170670701055,6850.006127446379,12.05641873813896,123005480,Windows-11-10.0.26300-SP0,3.14.7,True,838.0365698242186,20261002T123837Z,1.18.1,0,3299720,681236,1329102,687453,100.0,0.0,0.5003444999747444,0.4881889000243973,0.4870643000176642,0.0,610,1074,5014.618629566959,1470,1590,35.15144790566324,2026-10-02T12:38:40+00:00,parallel,3,"block mean, streamed in bands, NaN-aware, any void -> void",p04,,,,,,,,,
X6,dem_whole_c5_d5,dem_whole_c5_d5__5km2__hag_cta__shared_border__climb_tiebreak__native,idrija_whole_c5,dem,hag_cta,shared_border,climb_tiebreak,native,5km2,5km,1.5205108000081964,5,height_tiebreak,85,10.0,60,18600,idrija_whole,60,15000,process,article_2_HAG_applications,True,6f060dbaf1c69bc25c1517ab2245b48bb8526299,3720,3000,21.9529174999916,6.205742561364672,131,30718,95314,5,coarse,86,46354,1821,3299720,8,2.5.3,1679.1694360351553,1679.1803875697865,True,723.3081063602472,10951.534623807736,8.93349077990993,122886112,Windows-11-10.0.26300-SP0,3.14.7,True,838.0365698242186,20261002T123837Z,1.18.1,0,46354,44057,72391,44108,1.4047858606184767,98.59521413938153,0.10324559998116456,0.09940750000532717,0.08399719998124056,0.015417899994645268,610,1074,5014.618629566959,1470,1590,35.15144790566324,2026-10-02T12:38:40+00:00,parallel,3,"block mean, streamed in bands, NaN-aware, any void -> void",p04,62.87017423627162,465.02688094345683,1.5987627485364557,0.9990295716906271,0.06467215473051924,2.8870034470626624,2.8869882753139815,0.37336350002442487,0.20362507218078751
X6,dem_whole_c5_d5,dem_whole_c5_d5__5km2__hag_cta_ring1__shared_border__climb_tiebreak__native,idrija_whole_c5,dem,hag_cta_ring1,shared_border,climb_tiebreak,native,5km2,5km,1.5205108000081964,5,height_tiebreak,85,10.0,60,18600,idrija_whole,60,15000,process,article_2_HAG_applications,True,6f060dbaf1c69bc25c1517ab2245b48bb8526299,3720,3000,21.9529174999916,6.205742561364672,131,30718,95314,5,coarse,661,114263,1079,3299720,8,2.5.3,742.1251513671876,742.1315976117666,True,486.2170670701055,6446.244584051392,12.142140929884675,122863472,Windows-11-10.0.26300-SP0,3.14.7,True,838.0365698242186,20261002T123837Z,1.18.1,0,114263,110231,209717,110350,3.462808965609203,96.5371910343908,0.14241800000309013,0.1312976999906823,0.12684419998549856,0.012749700021231547,610,1074,5014.618629566959,1470,1590,35.15144790566324,2026-10-02T12:38:40+00:00,parallel,3,"block mean, streamed in bands, NaN-aware, any void -> void",p04,68.20865341479687,367.18523935474315,0.9410567617192037,0.9988455148502327,0.16181029775290795,1.2759390590194823,1.2759351150748006,0.34414150001248345,0.2689485565610375
X6,dem_whole_c5_d5,dem_whole_c5_d5__5km3__full_grid__climb_tiebreak__native,idrija_whole_c5,dem,full_grid,,climb_tiebreak,native,5km3,5km,0.0,5,height_tiebreak,0,nan,60,18600,idrija_whole,60,15000,process,article_2_HAG_applications,True,6f060dbaf1c69bc25c1517ab2245b48bb8526299,3720,3000,21.9529174999916,6.205742561364672,131,30718,95314,5,coarse,30718,3299720,1357,3299720,8,2.5.3,516.847468261718,516.8556234507324,True,115.02387695312336,8155.189027078677,10.859776861978412,123076160,Windows-11-10.0.26300-SP0,3.14.7,True,838.0365698242186,20261002T123837Z,1.18.1,0,3299720,1097357,2010954,1104449,100.0,0.0,0.8558905999816488,0.8001777999743354,0.7170566999993753,0.0,2418,3306,5259.3535724459525,1954,2362,35.15144790566324,2026-10-02T12:38:40+00:00,parallel,3,"block mean, streamed in bands, NaN-aware, any void -> void",p04,,,,,,,,,
X6,dem_whole_c5_d5,dem_whole_c5_d5__5km3__hag_cta__shared_border__climb_tiebreak__native,idrija_whole_c5,dem,hag_cta,shared_border,climb_tiebreak,native,5km3,5km,1.5205108000081964,5,height_tiebreak,33,10.0,60,18600,idrija_whole,60,15000,process,article_2_HAG_applications,True,6f060dbaf1c69bc25c1517ab2245b48bb8526299,3720,3000,21.9529174999916,6.205742561364672,131,30718,95314,5,coarse,34,39084,1900,3299720,8,2.5.3,1607.1339550781254,1607.1451669933444,True,185.1914550781271,11211.91521603648,10.498658297638945,122893416,Windows-11-10.0.26300-SP0,3.14.7,True,838.0365698242186,20261002T123837Z,1.18.1,0,39084,36424,59492,36437,1.1844641363509631,98.81553586364905,0.1210006000183057,0.09949180000694469,0.09730339999077842,0.016588700003921986,2418,3306,5259.3535724459525,1954,2362,35.15144790566324,2026-10-02T12:38:40+00:00,parallel,3,"block mean, streamed in bands, NaN-aware, any void -> void",p04,34.31299655948546,1121.984848382544,1.374819783920174,0.9985151957942139,0.03319247974906981,3.109493716750326,3.109466346256249,0.6840972999634687,0.124337116088619
X6,dem_whole_c5_d5,dem_whole_c5_d5__5km3__hag_cta_ring1__shared_border__climb_tiebreak__native,idrija_whole_c5,dem,hag_cta_ring1,shared_border,climb_tiebreak,native,5km3,5km,1.5205108000081964,5,height_tiebreak,33,10.0,60,18600,idrija_whole,60,15000,process,article_2_HAG_applications,True,6f060dbaf1c69bc25c1517ab2245b48bb8526299,3720,3000,21.9529174999916,6.205742561364672,131,30718,95314,5,coarse,271,108605,1634,3299720,8,2.5.3,1265.1424267578127,1265.1519897285773,True,116.69754717195373,9562.970773009198,10.983111898259855,122891048,Windows-11-10.0.26300-SP0,3.14.7,True,838.0365698242186,20261002T123837Z,1.18.1,0,108605,92657,162336,92708,3.291339871261804,96.7086601287382,0.20130759998573922,0.1758918999985326,0.13706870001624338,0.013652800000272691,2418,3306,5259.3535724459525,1954,2362,35.15144790566324,2026-10-02T12:38:40+00:00,parallel,3,"block mean, streamed in bands, NaN-aware, any void -> void",p04,38.44113314679543,1121.8845751680517,1.1726240484746693,0.9984959556749252,0.08443651427930929,2.4478061796699717,2.447786059251755,0.6106330999755301,0.2198160208945738
